,URL,tweet_text,Sentiment,Related to CovidSafe
0,https://twitter.com/i/web/status/1256948253561458690,"Let's unite and show 'em who's boss. Don't download the app and if you have already, uninstal it. Then we can retain all current strict restructions. It's the sensible approach #auspol #covidsafeapp @COVID_Australia",-1,y
1,https://twitter.com/i/web/status/1256949069093597184,"Can’t let my engine seize; loving this social freeze! MAYDAY! #MAYDAY 
#coronavirus #Covid_19 #LOCKDOWN2020 #Quarantine #pandemic #coronavirusaustralia #COVID19  #StayHomeSaveLives #covidsafe #skynews @ScottMorrisonMP @SkyNewsAust @GretaThunberg @abcnews @DanielAndrewsMP #dashcam https://t.co/9QfYRHIaoV",1,n
2,https://twitter.com/i/web/status/1257058052047429633,"I agree with PMO on this 100%. Although I am a big fan of @ABCNews this was not their finest hour, with potentially serious consequences. #auspol
PM’s complaint on ABC’s app attack https://t.co/q5RSOBbvqJ",0,n
3,https://twitter.com/i/web/status/1257059001453252609,"If your only point is to complain not enough people have downloaded #CovidSafeApp, thanks to govts’ failings to instill trust..YOU guilting people is also part of the problem..

Am I downloading:
ABSOLUTELY NOT

Paying the price for  government’s deceit.
https://t.co/XHCs4zwZgp",-1,y
4,https://twitter.com/i/web/status/1257060119273078784,"@ScottMorrisonMP 
Other than back-end not working yet, 1 of the reasons the #COVIDSafeApp won't work, is because a majority of the elderly do not have smart phones, &amp; they are the most vulnerable.

We won't know which elderly an infected person has been in contact with

#AusPol",-1,y
5,https://twitter.com/i/web/status/1257070864245243904,"@ScottMorrisonMP is withholding our freedom until we download the #covidsafeapp.  He is using coercion, blackmail and psychological abusive tactics. Sounds like bullying to me https://t.co/6NE8O0Jx5m",-1,y
6,https://twitter.com/i/web/status/1257072468738662401,#coronavirus Australia: The truth behind COVIDSafe - tech experts ‘dissect’ AUS government app https://t.co/5R7vRFh537 via @angusleddo,0,y
7,https://twitter.com/i/web/status/1257083077492273152,"Perhaps this is a really important issue: @MatthewBevan @LindaMottram @MsLindaLopresti @PhillipAdams_1 @abcnews @FriendsoftheABC 
Australia's leading coronavirus expert @WHO REFUSES to download the COVIDSafe app: Despite @ScottMorrisonMP 's propaganda

https://t.co/acJe3rtLBD",-1,y
8,https://twitter.com/i/web/status/1257087256994516992,The office of Prime Minister Scott Morrison has made an official written complaint to the ABC over some of its reporting on the ­government’s much-discussed COVIDSafe app. | By Nick Tabakoff https://t.co/eZVouqLEs7,0,y
9,https://twitter.com/i/web/status/1257096349763297282,"Just got this text message from Vodafone: Coronavirus Aus Gov msg: Help us to keep you safe and ease restrictions by downloading the COVIDSafe app now: https://t.co/Dei3QELgeW When I politely replied no thanks, it wouldn’t send.",-1,y
10,https://twitter.com/i/web/status/1257099875264544769,"hey does anyone in Aus know if CovidSafe requires a SIM to work? would a functioning iPad or iPod Touch with Bluetooth still detect/handshake? asking for a friend with tech-phobic, nonsmartphone parents… 😬",0,y
11,https://twitter.com/i/web/status/1257105192505405440,"@VTeagueAus Though I've been in the press gallery and other parts of #auspol, I can't say what the best model is.

I can, however, thank you for your work promoting a better understanding of the #covidsafeapp, its strength and its weaknesses. (I have downloaded it.) 1/2",1,Y
12,https://twitter.com/i/web/status/1257107901576998912,"On #WorldPressFreedomDay @ScottMorrisonMP complains about @abcnews reporting. Given Aus govt allegiance to US law ahead of its own (and International) Law in the case of #Assange, the reporting is justified.  Aus D-Notice? https://t.co/o5CpXJtVNY",-1,N
13,https://twitter.com/i/web/status/1257109000040169478,"Because of the fantastic behaviour of Australian people... we could get an early mark -https://t.co/H0yCENEwsQ
#NSWpol #Auspol #CovidSafeAPP 
@SkyNewsAust @SkyNewsBiz @BusinessAU https://t.co/ln8R6ba4Xt",1,Y
14,https://twitter.com/i/web/status/1257109507764678656,I hate people too lol...#covidsafeapp https://t.co/sfEKoLSLes,0,N
15,https://twitter.com/i/web/status/1257113229056110593,RACGP helping Australians understand and download COVIDSafe https://t.co/98rNazUPBa https://t.co/uoTRv46VfE,1,Y
16,https://twitter.com/i/web/status/1257114388344913922,"@mcuban @realDonaldTrump @SenSchumer @senatemajldr @SpeakerPelosi @ChrisCuomo @TuckerCarlson @IngrahamAngle @AliVelshi @maddow 💯 They don’t see the investment for taxpayers to feel/be safe, stay alive and generate needed Tax $ Revenue.  $’s snowball. See the CovidSafe app AUS has. Understand Constitutional Rights will be an issue for some but many already voted to throw 228yrs of it out the window.",-1,Y
17,https://twitter.com/i/web/status/1257130467205148673,"I don't buy the story of the CovidSafeApp for many reasons, a few good ones are here https://t.co/QXcE44wEHF #scottyfrommarketting",-1,Y
18,https://twitter.com/i/web/status/1257144019903102977,"I just downloaded it, you should too 🤷🏻‍♀️ #CovidSafeApp #StayHomeSaveLifes 

https://t.co/9vpdMK9uVm",1,Y
19,https://twitter.com/i/web/status/1257146797618679808,"@gsiemens There has been significant dinner table discussion surrounding this app, here in Australia. I don't think peeps are dowloading it without thought. https://t.co/touJcsIvRN",1,Y
20,https://twitter.com/i/web/status/1257147067304034304,"Stay informed with the latest guidance &amp; advice on Australia’s response to #COVID_19
Search “Coronavirus Australia” &amp; “COVIDSafe” on the Apple App Store or Google Play
Message +61 400 253 787 or go to https://t.co/b0iYVwWmOQ
 #StopTheSpread &amp; #stayhealthy
Source: @healthgovau https://t.co/P5IH7bl8lj",1,Y
21,https://twitter.com/i/web/status/1257152491180810243,Shoshana Zuboff on surveillance capitalism | VPRO Documentary https://t.co/uTmIXDoeva via @YouTube #covidsafe #covidsafeapp #covidapp,0,Y
22,https://twitter.com/i/web/status/1257153091255721985,@riseupmelbourne @becjuddloves Soon we will be called covidsafeapp deniers.,nan,nan
23,https://twitter.com/i/web/status/1257156359469989889,"@bengrubb Thanks Ben. 
I'm been taken to task by some people for what they say is questionable standards or wavering principles. 
If there is one point I wanted to make in my #COVIDsafeapp oped it's this: We need to pick the right moment for ideological arguments.",0,Y
24,https://twitter.com/i/web/status/1257156548335292418,"Yeah, right! 

Coronavirus Aus Gov msg: Help us to keep you safe and ease restrictions by downloading the COVIDSafe app now: https://t.co/siV1xdfFsT",Sarcasm,Y
25,https://twitter.com/i/web/status/1257156621349748737,"Undisguised Blackmail
Download the App and we'll ease restrictions
Assure me you are deleting records that are 3 weeks old and I'll install it

""Coronavirus Aus Gov msg: Help us to keep you safe and ease restrictions by downloading the COVIDSafe app now: https://t.co/vKGTiZURoF""",-1,Y
26,https://twitter.com/i/web/status/1257159984233672706,Just a friendly reminder to the Aus Gov that their #COVIDsafe tracing app is not compatible with all phones. My 2017 device is apparently unable to download the app from the Play store. If we want high uptake maybe this is worth addressing? #auspol @RNBreakfast @RNDrive https://t.co/XOwE1vFrol,-1,Y
27,https://twitter.com/i/web/status/1257161538835628036,@stilgherrian Coronavirus Aus Gov msg: The COVIDsafe app has detected that you have been in contact with an individual infected with COVID-19. Please click this link to confirm if you are experiencing symptoms or not....,0,Y
28,https://twitter.com/i/web/status/1257162675659829248,"I got a text message today from Optus on behalf of the Australian Government. 

""Coronavirus Aus Gov msg: Help us to keep you safe and ease restrictions by downloading the COVIDSafe app now:""

I don't really appreciate Home Affairs attempting to coerce me into giving them my data",-1,Y
29,https://twitter.com/i/web/status/1257163970093264896,"They’re blatantly tying app downloads to easing restrictions. Note they don’t say anything like ‘using the app’. 

It’s a metric. 

“Coronavirus Aus Gov msg: Help us to keep you safe and ease restrictions by downloading the COVIDSafe app now” https://t.co/jCC7F21CyM",-1,Y
30,https://twitter.com/i/web/status/1257165327189684225,"Today is World Press Freedom Day.

Today @ScottMorrisonMP attacks &amp; complains about @abcnews coverage of his unlegislated, unproven &amp; still not working COVIDsafe app.

It is both telling &amp; damning.
#auspol",-1,Y
31,https://twitter.com/i/web/status/1257165466964918273,"Is everyone receiving this text?

Coronavirus Aus Gov msg: Help us to keep you safe and ease restrictions by downloading the COVIDSafe app now: https://t.co/nn39UBYDJf",0,Y
32,https://twitter.com/i/web/status/1257170382286548993,"If the #covidsafe app did what it's promoted to do, then why does the government feel the need to beg us to download it? Would it not be easier to supply evidence of security and national health benefits and convince the people based on merit, not advertising?",-1,Y
33,https://twitter.com/i/web/status/1257184762130649089,Be aware of this spyware app being sent to vulnerable Australian by the untrustworthy Organisation of https://t.co/y5rHfIsyKO.  Here it is.       Coronavirus Aus Gov msg: Help us to keep you safe and ease restrictions by downloading the COVIDSafe app now: https://t.co/yf0otPSNdV,-1,Y
34,https://twitter.com/i/web/status/1257185279615488000,Got a text message from the government: Coronavirus Aus Gov msg: Help us to keep you safe and ease restrictions by downloading the COVIDSafe app now: https://t.co/pWHiIjuHBn https://t.co/x9RoROnGGE,0,Y
35,https://twitter.com/i/web/status/1257188904110714880,"""Coronavirus Aus Gov msg: Help us to keep you safe and ease restrictions by downloading the COVIDSafe app now: https://t.co/QATnipyupY"" https://t.co/mRNazKMEjn",0,Y
36,https://twitter.com/i/web/status/1257189927185309696,"@troyhunt Yeah but I guess 1 is a reason to hope that they may not be sharing who is registered with other teams, and 2 it did come from a SMS service called @AusGov which I've only received 2 other obviously Aus Gov't SMS on, including the #CovidSafe verification PIN",0,Y
37,https://twitter.com/i/web/status/1257190439246942208,Hey @ScottMorrisonMP I will not download the #covidsafeapp doesn't matter how many    text messages you send. It's a half baked effort with to many unanswered questions,-1,Y
38,https://twitter.com/i/web/status/1257191956385415172,"I'll download #CovidSafeApp when govt:

• Implements Federal ICAC or NIC
• Drops charges against Bernard Collaery WitnessK
• Sets up enquiry RE: abusive behaviour of taxpayers by @ATO_gov_au
• Compensate Robodebt victims

#Auspol @OZloop @LouiseBeaston
https://t.co/Ev7FZiTRnZ",-1,Y
39,https://twitter.com/i/web/status/1257194109153865728,"Nahh I'm good rather not have my bluetooth turned on 24/7...
#covidsafeapp #COVIDー19 #Victoria #covid19 https://t.co/I3ArhxhFgZ",-1,Y
40,https://twitter.com/i/web/status/1257197968567996416,“Coronavirus Aus Gov msg: Help us to keep you safe and ease restrictions by downloading the COVIDSafe app now: https://t.co/FunrNwNMcK” https://t.co/nxZrfLkf9Z,0,Y
41,https://twitter.com/i/web/status/1257201104900648962,Hey @Telstra why am I getting spam from the Australian government? And why are you allowing this spam to be sent to my phone?  #covidsafe #covidsafeapp #covid19australia #COVID19au,-1,Y
42,https://twitter.com/i/web/status/1257202567915937792,@AnuCyber is providing independent thought leadership &amp; commentary on gov overreach &amp; methods regarding large scale data collection. @SalingerPrivacy recently published a detailed balanced analysis of the pros &amp; cons of the #COVIDSafe app. https://t.co/XHQzAxEkDl https://t.co/aFuv0Cr9k3,0,Y
43,https://twitter.com/i/web/status/1257204992261275650,The Senate committee investigating the govs response to the #COVID19 pandemic will turn its attention to the contact tracing app. The Labor-led Select Committee on COVID-19 will hold a public hearing with a focus on #COVIDSafe. https://t.co/cWZGXKaYd8 https://t.co/NzZcQCaWfY,0,Y
44,https://twitter.com/i/web/status/1257206003210149888,"@Scamwatch_gov @Dehler45 Yes , I get the following spyware app from an unsolicited source Coronavirus Aus Gov msg: Help us to keep you safe and ease restrictions by downloading the COVIDSafe app now: https://t.co/yf0otPSNdV. Be warned this is a dangerous piece of spyware",-1,Y
45,https://twitter.com/i/web/status/1257206151713718272,"@naomirwolf Got this text message today ""Coronavirus Aus Gov msg: Help us to keep you safe and ease restrictions by downloading the COVIDSafe app now: https://t.co/3eeicLytL1""
So we may download the app, or stay under house arrest. Our choice. #Tyranny",-1,Y
46,https://twitter.com/i/web/status/1257206650986885121,"Hi @abcnews and @GregHuntMP can I ask why everyone keeps talking about Covidsafe in terms of ""total downloads""?  Daily/weekly active users is a more accurate metric. It tells us how many people are actually using the app. That's how other apps report their performance. #auspol",0,Y
47,https://twitter.com/i/web/status/1257208250157559809,Msg from @Optus titled Coronavirus Aus Gov pops up on phone urging me to download COVIDsafe app. Why? How?Well they can stick it! @Optus doing gov's dirty work #COVID19Aus,-1,Y
48,https://twitter.com/i/web/status/1257209916403695616,"This text message is being sent to mobile phones across Australia. 

If you haven’t already downloaded the COVIDSafe app, please do it tonight ➡️ https://t.co/C88I52bomA https://t.co/jE4MTGue0b",0,Y
49,https://twitter.com/i/web/status/1257212122896855040,"*Australian government servers crash every time there’s an influx of traffic to website*

Also Australian Government:

“Develops app to keep us safe”

#covidsafeapp",-1,Y
50,https://twitter.com/i/web/status/1257213691084193792,@ausgov Aus governments website says the Biosecurity Declaration prohibits pressuring anyone to install or use the Covid app. Yet downloading the app is the carrot offered for reopening the economy and being able to earn a livelihood. Seems a bit pressure-y... https://t.co/Kuue7Cv6Al https://t.co/2ZXvtE5XXE,-1,Y
51,https://twitter.com/i/web/status/1257215476779806720,"@lynda1sherer @MRobertsQLD @PaulineHansonOz This one?
Coronavirus Aus Gov msg: Help us to keep you safe and ease restrictions by downloading the COVIDSafe app now: https://t.co/h4xycUqcK0",0,Y
52,https://twitter.com/i/web/status/1257217176840241153,we know #MSM and @abcnews are offering no serious criticism of Morrison: failure to prepare in January; goining to the footy in March; Ruby Princess; partisan politics against state leaders; #Jobkeeper #Jobseeker failure; CovidSafe Ap failure ... to name a few,-1,Y
53,https://twitter.com/i/web/status/1257217518105587713,"Today I reached out to our 8,000+ @CCI_WA members to encourage them to download the #COVIDSafe app so we can reboot the WA economy. 

There’s only 15 active cases in WA as of today and the app will help protect people as we get the economy going again.

https://t.co/q6R96ujDV7 https://t.co/9BE3pet1GX",1,Y
54,https://twitter.com/i/web/status/1257220851272781824,"Many thanks for your entitled concern @becjuddloves. Now, if only the #covidsafe app actually worked, perhaps we might get out of this earlier. https://t.co/CbcWDtroth",-1,Y
55,https://twitter.com/i/web/status/1257221278408163328,"Are you trying to ruin my appetite just before dinner @ScottMorrison? 🥗
Or do you think I’m gullible enough to swallow your shitty message with my wine⁉️🍷
Better still..how do you fuckers at #auspol know I don’t already have it⁉️🤬

#CovidSafeApp
#Intrusion
#Coronavirus https://t.co/9f0Uvxxv3B",-1,Y
56,https://twitter.com/i/web/status/1257222250115153921,Please somebody tell me why our govt. gave the control of covidsafe to Amazon? &amp; how much $ is the contract? &amp; why an Aus. company couldn't do a better job?,-1,Y
57,https://twitter.com/i/web/status/1257228628737191938,"Have you received this text message? It is being sent to mobile phones across Australia. If you haven’t already downloaded the COVIDSafe app, please do it today ➡️ https://t.co/ckpU20Tjmq https://t.co/vONiy3bvcP",0,Y
58,https://twitter.com/i/web/status/1257235612538507265,@peacenicsta Coronavirus Aus Gov msg: Help us to keep you safe and ease restrictions by downloading the COVIDSafe app now: https://t.co/I3khiMwC3h,0,Y
59,https://twitter.com/i/web/status/1257236253319163904,@billbowtell Don’t appreciate corrupt Aust LNP Govt harassing me through my Mobile to download dodgy #COVIDSafeapp. I don’t trust pathocratic Aust Govt or Bezos/Amazon. My number was also used by LNP day before &amp; day of Election to harass me to vote for Christensen. Fuck Off. I #StayHome. https://t.co/zbkvTYflUi,-1,Y
60,https://twitter.com/i/web/status/1257239980780462081,"For #Australia:  legislation re CovidSafe app. We CAN NOT be coerced into downloading it. 
Some good news!
#qanon
#COVID19

https://t.co/zBogbdnTun https://t.co/JmKj6xIb8I",0,Y
61,https://twitter.com/i/web/status/1257242466345836546,"@PlainJa04397437 @bruce_haigh Mine have come from my telco, not the govt.
Are you sure yours haven't come from your telco?
#COVIDSafe",0,Y
62,https://twitter.com/i/web/status/1257243151271518209,"The Federal Government has released the exposure draft of its COVIDSafe app privacy laws, including 5 years jail for anyone who accesses and uses the app data for uses other than for coronavirus tracing - here’s how it spells out some of the offences @abcnews @politicsabc #auspol https://t.co/F7iACSIwap",0,Y
63,https://twitter.com/i/web/status/1257244109275754497,"@PlainJa04397437 @bruce_haigh I don't believe anyone's under instruction. Govt realises it needs all the help it can get. So it's requesting. And not just telcos. NGOs too.
#COVIDSafe #auspol",0,Y
64,https://twitter.com/i/web/status/1257255583897378816,"@nikkiricks @samfloreani @bengrubb I've read numerous reports and I can't find a major privacy threat to me in #COVIDsafeapp. It seems to be if I ever test positive, I will go through much more intrusive privacy exposures in the contact tracing interview.",1,Y
65,https://twitter.com/i/web/status/1257256012584595457,"@VOANews ICYMI: #Australia's #coronavirus app tracing capability not yet operational, despite 4 million downloads  https://t.co/fzCf9nCMut #privacy #Covid19 #Covid19nz #Covid19Aus #CovidSafe via @abcnews",-1,Y
66,https://twitter.com/i/web/status/1257257373342633986,"btw australian friends please download COVIDSafe app to help with contact tracing if you haven’t already!! operates via bluetooth, doesn’t geolocate. doctor approved!   https://t.co/09K4Ke2cKk",1,Y
67,https://twitter.com/i/web/status/1257257813782351872,"@wyatt10701 here in AUS they are trying to force us to use an app called COVIDsafe, this is a tracking software developed originally by the singapore government..",nan,nan
68,https://twitter.com/i/web/status/1257259646802223104,@abcnews Covidsafe isn’t even active.  Too many bugs.  That arbitrary 15 minute flag is useless.    One second can be enough to contract the China virus.,-1,Y
69,https://twitter.com/i/web/status/1257263946467348483,"Should you download #CovidSafe? We've answered all your questions.
8 things you might not know about Australia's contact tracing app.
https://t.co/95AbpoLVNE
#covid19_australia #covid19aus #coronavirus_australia #covidsafeapp #coronavirusapp https://t.co/ZmEOR71L1e",0,Y
70,https://twitter.com/i/web/status/1257274760708284417,"Just got this SMS from #ausgov

Coronavirus Aus Gov msg: Help us to keep you safe and ease restrictions by downloading the COVIDSafe app now: https://t.co/itxkjxJtyp

What's next, install this or else?

#covid @mpesce",-1,Y
71,https://twitter.com/i/web/status/1257280124904325130,@9NewsAUS I have downloaded #covidsafe. I don't really trust the government but moving towards easing restrictions is the way we must head,0,y
72,https://twitter.com/i/web/status/1257282786815164416,"National COVIDSafe App legislation: Prison time for hackers who mis-use personal data 
#covid19au #coronavirusaus #auspol #covidSafeApp
https://t.co/qa2TkfMIQ4",0,y
73,https://twitter.com/i/web/status/1257345817922461697,"@ScottMorrisonMP  So if the #CovidSafe app does not track location,  why does it require the “access you location” privilege?

@normanswan  @abcnews  @choiceaustralia  @acccgovau",-1,y
74,https://twitter.com/i/web/status/1257415076199510016,If @Barnaby_Joyce they can send this to my phone Then I don't need to do this :Coronavirus Aus Gov msg: Help us to keep you safe and ease restrictions by downloading the COVIDSafe app now: https://t.co/7eHRQaY81f,-1,y
75,https://twitter.com/i/web/status/1257428951288418304,@POTRM This was sent to me on 4/5/20  😩Coronavirus Aus Gov msg: Help us to keep you safe and ease restrictions by downloading the COVIDSafe app now: https://t.co/aADYWcWOPP.,0,y
76,https://twitter.com/i/web/status/1257467598188486659,"Full recording https://t.co/ANpmMg9wnT of recent Tele-Town Hall with @Dom_Perrottet, NSW Treasurer. 
#nswpol #SME #CovidSafeAPP
@BusinessAU, @BorgerDavid @JohnBarilaroMP, @PolicyLabAU https://t.co/eeBLQobi6t",0,y
77,https://twitter.com/i/web/status/1257470813604847616,"@ashk4n @CT_Bergstrom @kjw_chiu @ryancalo A blog post from an IOS dev I'm aquainted with: goes into some of the functionality issues and links to others who've looked into the Aus app:
https://t.co/74OOtkMoL7
#auspol #covidsafe",-1,y
78,https://twitter.com/i/web/status/1257472035837448193,@Lizzie_OShea I wish they'd spent 5% of their marketing budget on fixing their coding bugs.  The Singaporeans have already patched the most serious of the Bluetooth errors that @jim_mussared identified.  Could we pay Ms Judd a little extra to port that patch to #Covidsafeapp? #auspol,-1,y
79,https://twitter.com/i/web/status/1257473372616683525,"@arielbogle I'm keen to see the #Covidsafeapp cloud code. The Singaporean equivalent is already open; the Australian one still secret. This would let us understand how they're encrypting the IDs that everyone broadcasts, and allow us to identify mistakes and hopefully get them fixed. #Auspol",-1,y
80,https://twitter.com/i/web/status/1257474296298930177,"@darrenadam If your #TracingApp is similar to ours (#Australia’s) #CovidSafeApp, the #govt don’t get any data - only the health services do. And it’s hardly sensitive info anyway (name, mobile no, postcode, age range). What do people have to hide? 🤷🏻‍♀️ #Coronavirus #Covid19",1,y
81,https://twitter.com/i/web/status/1257474390188589061,"Have you downloaded the COVIDSafe app yet? By downloading the COVIDSafe app, you will keep yourself and your community safe by helping health workers to notify you quickly if you have come in contact with someone who has coronavirus. #COVID19 #COVIDSafeApp https://t.co/Chu6yVBUwP",1,y
82,https://twitter.com/i/web/status/1257483400916529152,"NZ PM Jacinda Ardern laughs off suggestions NZ would adopt Aust's #COVIDsafe app. Points to her previous statements that NZ is looking at Singapore's app, &amp; that Aust's app is based on Singapore app, then says to draw conclusion NZ wld adopt Aus app is ""generous.""
#auspol #nzpol",0,y
83,https://twitter.com/i/web/status/1257484445755400197,"I will only run #CovidSafeApp if the tech community has had a genuine chance to examine the encryption code on the server side. This is critically important for finding bugs, and also necessary for genuine consent, since it makes the 'encrypted' messages we broadcast. #Auspol",-1,y
84,https://twitter.com/i/web/status/1257489261575593989,"Lols unless it says it overrules the Patriot Act, this govt privacy offerings are fake, fraudulent and beyond a joke. #auspol. #5Eyes is real and vacuuming all your data up for sale and control. #covidsafeapp",-1,y
85,https://twitter.com/i/web/status/1257503464914993153,"Who else got this SMS: 

""Coronavirus Aus Gov msg: Help us to keep you safe and ease restrictions by downloading the COVIDSafe app now: https://t.co/aTjug1Yq7m""

Govt pls, the last thing we need is a false sense of security.",-1,y
86,https://twitter.com/i/web/status/1257506094680813569,"Thanks Australia. The changes to stop coronavirus aren't easy, but they're working, so keep going!

Help stop the spread, download the COVIDSafe app today at https://t.co/C88I52bomA 

#coronavirusaustralia #covid19 https://t.co/2y8zesiKi1",1,y
87,https://twitter.com/i/web/status/1257522519432519686,What are your thoughts on the Aussie GOVTs #covidsafe app? Have you downloaded it? I was hesitant at first and then I thought ‘I’ve got nothing to hide’ AND it means lifting restrictions so I’m in! You? #coronavirus #covidsafeapp #coronavirusaustralia #isotips #StayHomeSaveLives,1,y
88,https://twitter.com/i/web/status/1257526653485330432,"Read this #auspol. Read this anyone in fact who is interested in the epic crap-fest that is the #covidsafeapp
The magic toilet brush of failure by @JohnBirmingham https://t.co/uJM7K5PUl2",-1,y
89,https://twitter.com/i/web/status/1257528439583563783,"@RossFloate As far as we can tell, these prominent tech voices spent no time considering whether:

1) Do we have a contact tracing problem in Aus?
2) Does digital contact tracing work?

They leap to 3) Does the specific client implementation look okay / safe etc?

https://t.co/gpLCJGjRdn",0,y
90,https://twitter.com/i/web/status/1257533605112188930,Lots of great tweets on #COVIDsafe  #covidsafeapp including from @grahamgreenleaf @Katharine_Kemp @DrMoniqueMann @MalcomC @VTeagueAus. This thread contains my thoughts on the new Bill.,0,y
91,https://twitter.com/i/web/status/1257534091227918339,"@ScottMorrisonMP please show the ‘expert Medical advice re: Schools? &amp; NO the CovidSafeApp does NOT keep U safe, it keeps U ‘informed’. No fear mongering U tool. 4 chats to ppl over 70 today, all scared shitless unable to get App on their mobile phones, as not smartphone #auspol",-1,y
92,https://twitter.com/i/web/status/1257545272202162181,"@ScottMorrisonMP needs to encourage bars, restaurants and other close-contact businesses to reopen on the basis that customers prove they have the #CovidSafeApp. Non-complying customers being barred entry. People choose freedom over privacy with the App. #coronavirusaustralia",1,y
93,https://twitter.com/i/web/status/1257558520355934209,"@AusRob @steve_evil @ososalsosal @MadFckingWitch @abcnews I didn't see any daily upload of #Covidsafeapp data.  (But happy to be set straight if someone can show me where). The app needs to ask the server for a new ID every 2  hours, but it's not uploading data, it's just revealing that it's still live.",0,y
94,https://twitter.com/i/web/status/1257558555030216704,@joshgnosis Has anyone asked AG about whether other agencies will be able to access 'deidentified' data from COVIDSafe? It's not protected by this legislation. But we know that 'deidentified' data can easily be reidentified from (in Aus context) @VTeagueAus @chrisculnane @Kobotic @bipr,0,y
95,https://twitter.com/i/web/status/1257561352866082819,"Many thanks to Australians for helping to protect our nurses and doctors, and taking care of ourselves and our families by helping us get to 5️⃣ million registrations of the #COVIDSafeApp.

If you haven’t downloaded the App, please consider doing so...
https://t.co/vn3NoeQpal https://t.co/xm7rJvRN3A",1,y
96,https://twitter.com/i/web/status/1257563376609136642,"Superb analysis by @Jim_mussared of Bluetooth-related bugs in #CovidSafeApp
https://t.co/x6h8fWYMUQ
He's found important things that, if fixed, will substantially improve both privacy and effectiveness.
@Chrisculnane #Covid_19australia",-1,y
97,https://twitter.com/i/web/status/1257580089748811777,"""who are ‘counteract’? Do you know anything about them? Why believe them?""

Well, this journo friend might not know about us but we do pretty well for a tiny org.

This blog has been viewed 5000 times (sessions)

https://t.co/dfqu4jjeSW

#CovidSafe
#CovidSafeApp
#ContactTracing",0,y
98,https://twitter.com/i/web/status/1257586217178161152,"@becjuddloves
 Hi Bec, hoping you approve use of helpful podcast you made a few days ago. I'm creating a broadcast on #COVIDSafeApp as part of journalism studies at Melb. Uni. I would like to use 38 seconds of the piece for my 2 minute 30 second broadcast. It won't be published. https://t.co/3ZK1xDpENe",0,y
99,https://twitter.com/i/web/status/1257588730925215745,Anyone else's bluetooth headphones keep cutting out with the app running? #covidsafeapp #covidsafe,0,y
100,https://twitter.com/i/web/status/1257590881562931200,Coronavirus Aus Gov msg: Help us to keep you safe and ease restrictions by downloading the COVIDSafe app now: https://t.co/Yuf9HKRf3j,1,y
101,https://twitter.com/i/web/status/1257593129990885376,"WA press conference claims that 0 positive #covid19 is due to #covidsafe app...

#abcfactcheck please!
@abcnews 
#auspol",0,y
102,https://twitter.com/i/web/status/1257593349508235265,"With the National Cabinet set to meet on Friday, the pressure is on employers large and small to start considering what a “COVID-safe” workplace looks like for their own company. @GlendaKorporaal #coronavirus #jobs #ausecon #ausbiz https://t.co/USqoW7v8Ye",0,n
103,https://twitter.com/i/web/status/1257605083182673922,@JudgeTread @JamesCranley @MedCrisis Same issues with the covidsafe app in Aus,nan,nan
104,https://twitter.com/i/web/status/1257612457536704512,"@ScottMorrisonMP BREAKING: Government with trust problem considers standover tactics. 
""I wanted a direct mafia-style message to ensure obedience"", said #ScottyFromMarketing, ""like 'DOWNLOAD #COVIDSafeApp OR WE'LL KEEP YOU LOCKED UP'. But our comms people told me to soften it. #covid19australia",-1,y
105,https://twitter.com/i/web/status/1257632921445216256,"Australia
18,000,000 smartphones
16,000,000 on #Facebook
9,000,000 on #Instagram
6,400,000 on #Snapchat
5,300,000 on #Twitter
They collect your data, location etc VOLUNTARILY &amp; involuntarily, yet #CovidSafeApp which doesn't do this has less than 5,000,000 users due to 'privacy'",0,y
106,https://twitter.com/i/web/status/1257645401659727875,"@sovereignAK @jimmicbreeze @DatrenDean @CaldronPool @matthewhayden Anything designed to take away privacy and freedom is always marketed to keep you ""safe"" and uses mass emotional appeals like fear. Post 911 changes and ""CovidSafe"". Aus still has no constitutional protection for mission creep.",-1,y
107,https://twitter.com/i/web/status/1257646686656032770,"Please download #CovidsafeApp #coronavirus 

Almost five million Australians download the COVIDSafe App https://t.co/gXGtejsPQS",1,y
108,https://twitter.com/i/web/status/1257649259781840896,"@VTeagueAus Something I don’t understand about the #covidsafeapp, if it doesn’t identify people, how can you use it to notify the people who have come in contact with an infected person?",0,y
109,https://twitter.com/i/web/status/1257654516264038405,"@dorko57 We don't know how #Covidsafeapp's IDs work, but Tracetogether's IDs are encrypted with a key known only to the authorities.  So they don't identify one user to another, but when an infected user uploads their list of received IDs, the authorities can decrypt the ID.",0,y
110,https://twitter.com/i/web/status/1257655248656543751,"Gone are the images of bodies piling up in NYC, numbers of dead in UK, Europe. Now @abcnews, @smh, etc full of govt promos of #COVIDsafe, businesses, sport, economy, jobs. 
#COVID19 hasn't disappeared, people still dying here and overseas but govt wants that news buried. #auspol",-1,n
111,https://twitter.com/i/web/status/1257762009308938254,"As the Chief Nursing &amp; Midwifery Officer Alison McMillan says,
please consider downloading the #COVIDSafeApp.

Together we’ve flattened the curve, &amp; this will help us protect our nurses &amp; health workers, &amp; give the National Cabinet confidence to help ease restrictions going fwd. https://t.co/LR7LEAwzWV",1,y
112,https://twitter.com/i/web/status/1257794962306953216,"There is a design flaw in #Covidsafeapp.The fact that your phone must be in low power mode,locked and the app in the foreground to operate correctly.

#Covidsafe is from #Singapore.Was it properly adapted to #Australian conditions?",-1,y
113,https://twitter.com/i/web/status/1257796771046014976,@lukeredpath @Paul_Cal @MikeHaydon The other reason bg fetch might be used by COVIDSafe is to download the tempID that is broadcast. In Aus thisnusmeamt to rotate every 2 hours and it only downloads one at a time. So you need to be online and the up needs to fetch it. Maybe it's just that and not BLE related,0,y
114,https://twitter.com/i/web/status/1257801665316483072,We've a COVID Update. Including: information for providers on COVID-19 preparedness; news of how to access the COVIDSafe app; and a mental health support guide to help you through the pandemic. More here: https://t.co/cPUevj3wVB @MHFAus #covidsafeapp #COVID19Aus https://t.co/DYdy8XfU0J,0,y
115,https://twitter.com/i/web/status/1257805350910087169,"@SmashinSecurity @gcluley so much noise over here in Aus about the COVIDSafe app. My latest podcast covers that, UK is just about to release the Covid app, maybe that? WFH and gaps in security? Boring?",nan,nan
116,https://twitter.com/i/web/status/1257806309828685826,"@winnietigger7 @noplaceforsheep @giddyupbill @BelindaJones68 @YaThinkN @MrNixonsWife @Qantas Not just corporations, non government organisations too. Keen to maintain their govt support, no doubt!
#covidsafe #auspol",0,n
117,https://twitter.com/i/web/status/1257817117371457537,"""Controversial proposal that diners who do not have the Covidsafe app give their name and details labelled ‘ill-advised’""

Umm do they not realise we already give those details when making a restaurant booking...
 https://t.co/4Rlo1aTYPo",0,y
118,https://twitter.com/i/web/status/1257821256474189824,"@GregHuntMP Can you release the modelling that demonstrates how downloading #covidsafeapp translates to few infections within the community?
Can you also explain the false and misleading advert running that states data is covered by law? Is it the law not yet passed by parliament?
#auspol",-1,y
119,https://twitter.com/i/web/status/1257822526555803649,#QUT Professor Raja Jurdak says an Australian and New Zealand #COVIDsafe app could work well together but there would be challenges for privacy in trusting both governments (1:40): https://t.co/sVemZsugmA @abcnews @SabraLane @LindaMottram @QUTSciEng https://t.co/TfptL5rRyD,0,y
120,https://twitter.com/i/web/status/1257830207584473089,"This text message is being sent to mobile phones across Australia. 

If you haven’t already downloaded the COVIDSafe app, please do it tonight ➡️ https://t.co/qacKIpyA2r https://t.co/fjNDJQ2KdR",0,y
121,https://twitter.com/i/web/status/1257841187194462208,"Telstra now concedes that it ""missed the mark"" by charging an elderly customer $30 to help him download the #COVIDSafeApp.

But what a champ 79yo Garry Allen is for making the effort to head to his local store after struggling to download the app
https://t.co/ggdT2AVWte",1,y
122,https://twitter.com/i/web/status/1257844815800135680,#coronasafeapp #covidsafeapp #Singapore only had 20% uptake - even #Singaporeans didnt trust this spying App #Scomo #GregHunt - anyways lockdown artificially any longer &amp; you would have screwed our #economy for decades-1million unemployed will come for you #auspol,-1,y
123,https://twitter.com/i/web/status/1257845341589655552,#strathfield council - run by communists #covidsafeapp - you cannot force your workers you karnts #auspol,-1,y
124,https://twitter.com/i/web/status/1257851790923575298,"@GregHuntMP The #COVIDSafeApp does not keep you safe from #COVID.

It has been decried as next to useless.
Congrats on being consistent. 

#auspol",-1,y
125,https://twitter.com/i/web/status/1257882783520882694,"Can we trust the COVIDSafe app? Will Aussies hang up on Zoom? Vertical Hold ep 276
#covidsafe #COVIDSafeApp 

https://t.co/FVbipZ85uB https://t.co/ZCjYEOTCBS",0,y
126,https://twitter.com/i/web/status/1257890739091996677,"@joshgnosis on @GuardianAus liveblog: govt agency has told the COVID c'ttee that they can't give 100% guarantee that Covidsafe data can't be accessed by US law enforcement, and they refuse to waive privilege on relevant legal advice by Aus Govt Solicitor.
https://t.co/Xbsb56hyOD",0,y
127,https://twitter.com/i/web/status/1257901039841206274,"@abcnews What use will #covidsafe be in WA/SA if there's zero active cases and zero transmissions?
Stopping transmissions will lift states out of lockdown, not a silly app",-1,y
128,https://twitter.com/i/web/status/1257901581682348032,"It was always unlikely that reporters will understand the nuances of Bluetooth signalling in the #CovidSafeApp as it is now.
When it is changed and updated to newer APIs is when it can be checked for correct operation.
#auspol
If you go out, keep a diary of your contacts.",0,y
129,https://twitter.com/i/web/status/1257902925613076480,The #COVIDSafe bill doesn’t go far enough to protect our privacy. Here’s what needs to change https://t.co/a7Haytk9uy via @ConversationEDU https://t.co/ynxWSwPcWR,-1,y
130,https://twitter.com/i/web/status/1257904322748137472,"@sethlazar @arielbogle Right! The A/G API isn't just making Bluetooth work more reliably (that's a nice side-effect), it's about a completely decentralised architecture - is Aus gov committing to porting #CovidSafeApp to that? Then we wouldn't have to worry whether their server-side encryption is OK.",0,y
131,https://twitter.com/i/web/status/1257905653953126400,"@thkukutai @ranginui @mahelona @nicgaston @Microsoft I can't speak for the legal issues @Thkukutai, but if we used a decentralised system based on the Apple-Google APIs, like Germany, Switzerland etc do, there wouldn't be a central database for anyone to assert power over (or crack into without legal niceties).
#CovidSafeApp",0,y
132,https://twitter.com/i/web/status/1257911862743543809,"Deputy Chief Medical Officer Paul Kelly has provided an update on #COVID19Aus:

- 5.1 million downloads of #COVIDSafe. He says it's the fastest Aus has ever reached this many downloads of an app.
- 6,875 cases, 26 new
- 67 in hospital, 27 in ICU, 18 ventilated
- 688,000 tests",1,y
133,https://twitter.com/i/web/status/1257913400526397442,The Uncuckables Ep. 66 Bubble Bursting #CovidsafeApp #DanielAndrews #Lockdown #OneBeltOneRoad - https://t.co/7OoA5uDsld https://t.co/SgI1NB3jVl,0,y
134,https://twitter.com/i/web/status/1257916758670770181,"@Jansant @CmdrKelvan @abcnews Lawyers need to read the legislation to find the loop holes. Then if they release the source code it needs to be gone over and tested to try and find back doors, intentional or unintentional.
This on top of all the other issues...the whole CovidSafe campaign is a fucking scam.",nan,nan
135,https://twitter.com/i/web/status/1257923166585778178,@sethlazar @arielbogle There's an irony that a foreign corporation is inhibiting a democratically elected govt trying to implement #CovidSafeApp in an unnecessarily centralised and risky way. They're preventing *this* app from doing what Aus gov wants it to do. Who says what constitutes 'working well'?,0,y
136,https://twitter.com/i/web/status/1259805542907695106,"This evening, I am back in Canberra.
I caught up with Health Min @GregHuntMP to get an update on the #Coronavirus situation &amp; about the importance of the #COVIDSafeApp. I've downloaded it. Have you?

https://t.co/gSzKWVnw7Q",0,y
137,https://twitter.com/i/web/status/1259859441815519233,@davidicke If we cannot trust the test then the Australian #covidsafeapp is completely useless @ScottMorrisonMP #deletetheapp,-1,y
138,https://twitter.com/i/web/status/1259963242492735488,"#Stage3Resrictions  have eased on #COVID19Aus  but other measures are still in place.

#Covidsafeapp and #socialdistancing at supermarkets,
hairdressers,auctions  etc to stop the spread.

A vaccine should be readily available when #TGA approves it.",1,y
139,https://twitter.com/i/web/status/1259965376730988544,"The source code for the #COVIDSafe contact #tracingapp has been publicly released, but a group of devs scrutinising it say it's not been properly open sourced &amp; feedback's been blocked. The @DTA released the code 2 weeks after launch with 5m downloads. https://t.co/3HWjBlgVz0 https://t.co/7H6PmtSHFU",-1,y
