,URL,tweet_text,Sentiment,If related to CovidSafe APP: Yes (Y) or No (N)
0,https://twitter.com/i/web/status/1257930144313794561,Private contractors including AWS and Boston Consulting Group were paid nearly $2 million for their work on the federal government's COVID-19 contact tracing app. My story for @Innov_Aus: https://t.co/tVAd2mTrrJ,0,Y
1,https://twitter.com/i/web/status/1257936845960179714,"Apr-6 new cases

NSW 7 (+9, -2)
VIC 17
QLD 0
WA 0
SA 0
TAS 0 
ACT 0
NT 0 

AUS 24 🇦🇺

Basically we have a meatworks cluster in VIC (49 cases) &amp; not a whole lot else; must be all that Vitamin D 😎☀️

#covidsafe #covid19australia #COVID19Aus #COVID19 https://t.co/DZOq6OKYh2",0,Y
2,https://twitter.com/i/web/status/1257938394635579398,"#covidsafe 

A UK parallel. Why is UK Gov largely duplicating Aus App implementation and how many other Gov's are coordinating with similar implementation and info sharing? https://t.co/ddoGOFdvl8",0,Y
3,https://twitter.com/i/web/status/1257949894007943168,@raywilton4 @ladywhitepeace1 Yep...#COVIDSafeApp nothing but #Morrison's weapon of mass distraction...from #Dutton &amp; #RubyPrincess. #NotMyPM #NotMyGovernment,-1,Y
4,https://twitter.com/i/web/status/1257951409745477633,"With @ScottMorrionMP total Failure as PM handling #MorrsionFires &amp; #ClimateChange Now Fired up #ScottyFromMarketting desperate to show Leadership FLOGS #COVIDSafeAPP as our savior to normal. Shame #Google #Apple still working on a solution to make it work, #Scomo your full of BS https://t.co/2cl9aejVa2",-1,y
5,https://twitter.com/i/web/status/1257961172239708161,"People just shouldn't be allowed to have i-phones, it's as simple as that #covidsafe @GregJennett @abcnews",-1,Y
6,https://twitter.com/i/web/status/1257983433847926784,Looks like the #covidsafeapp has been removed from Google play store. Can't find it anywhere https://t.co/aQMWCHu8dr,0,Y
7,https://twitter.com/i/web/status/1257984785638584322,"Ah-hahahahaha
COVIDSafe app not on iPhones, Amazon still paid to store the data in Australia, and the US can still get to the data, giving it to Aus.Intelligence.
Ah-hahahahaha

https://t.co/uDTVUB9z52",-1,Y
8,https://twitter.com/i/web/status/1257993467881377795,Why would an app be released when it doesn’t work &amp; is not operational? Then pressure unleashed to install it ? Almost 2 weeks later still no change .. 🤷‍♀️🤷‍♀️ #covidsafeapp,-1,Y
9,https://twitter.com/i/web/status/1257998272410431490,"Only the aus govt could spend $2m skinning an open source app that doesn’t work on half the smart phones out there, then assert they’ll switch to a completely different protocol that invalidates the entire centralized approach in the space of a week. https://t.co/zFz2W4n77a",-1,Y
10,https://twitter.com/i/web/status/1258004725963698176,@abcnews Hey @abcnews stop scare mongering with fake news @ScottyFromMktg  has said the covidsafe app is like sunscreen we are all saved helluva.,nan,nan
11,https://twitter.com/i/web/status/1258013058728787968,"The #CovidSafeApp advertising is a straight out lie. It’s not even a grey area. “ With your privacy protected by law”
What Law? There is no law? Is this like  #ScottyFomMarketing Surplus? It’s in the mail. #Auspol",-1,Y
12,https://twitter.com/i/web/status/1258017132983410689,"@1Br0wn @bricksilk @1Br0wn I truly wish your faith in @Ausgov's improved technical understanding after a fortnight of #CovidSafeApp was justified. Unfortunately though, they said they'll use the A/G APIs, but expressed no intention of shifting to a decentralised model. No idea how that will work.",-1,Y
13,https://twitter.com/i/web/status/1258017803405332481,Eine Tracing-App steht im Gegensatz zu anderen Ländern #COVIDSafeApp #Australien #Österreich #Südkorea ebenfalls noch nicht zur Verfügung und ein Impfstoff oder wirksame Medikamente sind nirgendwo in greifbarer Nähe.,German,Y
14,https://twitter.com/i/web/status/1258021350842613763,@GeoffreyHuntley @9NewsAUS @wabzqem With a little Android development know how you can get some exercise and gather the data to show that less than 1 in 10 phones COVIDSafe Android will exchange data with is an iPhone. That's not iOSs market share and I seriously doubt it's representative of the iOS download share.,-1,Y
15,https://twitter.com/i/web/status/1258022051786272771,@fransi1803 @Fi_Willan @9NewsAUS It is a hack. Denial driven by politics rather than reality - government is in damage control - right now data integrity and security is a big red button with public that already has trust issues. Bad look for covidsafe app.,-1,Y
16,https://twitter.com/i/web/status/1258046996025233409,.@Telstra gets caught this time as it tries to charge elderly man $30 to install COVIDSafe app https://t.co/mUCO8sYrm0 #CovidSafeApp and I wonder if the gentleman hasn’t spoken up they would have gotten away with it. #TelstraRipsOffOldMan,-1,N
17,https://twitter.com/i/web/status/1258103548019122177,"@linucifer was ist von der australischen COVIDsafe-App #CoronaApp zu halten?  Die sieht so ähnlich aus, wie das was hier geplant ist: https://t.co/QevcRibOx5
 #digitalvscorona",German,Y
18,https://twitter.com/i/web/status/1258122036947439618,AUS COVIDSafe downloads reach 5 million as experts question technical flaws https://t.co/PvhveKs60o via @smh,Mixed,Y
19,https://twitter.com/i/web/status/1258139376980090880,"@themarkjacka @MeducaSea All true. Nevertheless:
(a) what specific personal information from #COVIDSafeApp are you actually worried about falling into enemy hands? And
(b) are your concerns proportionate in the circumstances of an epidemic notifiable disease? #COVID19 #COVID19Aus",0,Y
20,https://twitter.com/i/web/status/1258146515752816642,"Aus will be “1 of the first adopters” of @Apple’s contact tracing #Bluetooth fix, with gov confirming that the app has issues on the iPhone. The performance of the #COVIDSafe app on iPhones has seen Apple shuttering the performance of apps using Bluetooth. https://t.co/Q8V5T5JHrI https://t.co/glz20IEaOk",0,Y
21,https://twitter.com/i/web/status/1258151373084000258,"It is “inconceivable” that the USA would be accessing data from the #COVIDSafe app, but the gov's legal advice won't be made public, a Senate hearing has heard. Officials were probed on the potential for the US gov to access data from the app held by #AWS. https://t.co/9oUMKtQZPm https://t.co/q7CtbtJPt5",difficult to say,Y
22,https://twitter.com/i/web/status/1258154551435071488,"Useful story on the teething problems, technical issues and problems with equitable access associated with the #COVIDSafe app in Australia from @jekearsley  @9NewsAUS https://t.co/l0K7M7jAa5 via @YouTube",Not entirely neutral,Y
23,https://twitter.com/i/web/status/1258155486605479936,"Privacy!!! Not ready yet, stored on Amazon AUS servers for ASIO, CIA, NSA they are above any law. Not operational for many! Home Affairs leaks migrant worker data. Appalling!!!
Problems remain with our ticket out of lockdown https://t.co/zidG95TM5i via @newscomauHQ",-1,Y
24,https://twitter.com/i/web/status/1258156099368181760,"@davrosz @independentaus @YaThinkN Yes, it’s personal choice and very private reasons to either go with the #CovidSafeApp or not. 
A thoughtful compassionate article. 
Not safe for everyone.

Pity this #LNP had such an overreach and abuse of position-then perhaps the App itself wouldn’t have caused such anxiety!",Mixed,Y
25,https://twitter.com/i/web/status/1258157762418110465,"@psylenced @IGsAreGR8 @murpharoo @joshgnosis DTA chief explains that AWS was chosen over Aus service because it provides more than just hosting, but not what or why they need more than hosting...

(But also AWS was a done deal because DHA already chose it for them)

https://t.co/tLwZUrTiwE",0,Y
26,https://twitter.com/i/web/status/1258158161833406464,"Got questions about the government's CovidSafe app? Here's some answers https://t.co/xYtKBwJqdh via @abcnews ht @CarttCa 

🇦🇺😷📱

#COVIDSafe #COVID19 #COVID #tracingapp #ContactTracingApp #ContactTracing #Australia #technology #tech #privacy #surveillance #explainer https://t.co/KsX9u9TPQC",0,Y
27,https://twitter.com/i/web/status/1258161327672983552,"@themarkjacka 3. One of the #COVIDSafeApp privacy critiques said there's a risk in the app if you regard the government as an adversary. Ok, but to take that risk to its logical conclusion would mean avoiding Medicare, education, and much of the road system. -/4",0,Y
28,https://twitter.com/i/web/status/1258162275388702721,"@themarkjacka 4/4: I have concluded that the practical privacy risks in #COVIDsafeapp are tiny for most people, indeed academic. The protests are disproportionate in the context of using the app to help the public health system (even if the app is of marginal benefit). https://t.co/GdZVnWFfTT",1,Y
29,https://twitter.com/i/web/status/1258162985425502208,"Interesting that the Greens, those advocating for the strongest role of government in private lives have not downloaded #CovidSafe

Here are the MPs who have (and haven't) downloaded the coronavirus app https://t.co/yJhP5ZrmfY via @ABCNews",0,Y
30,https://twitter.com/i/web/status/1258170438150090752,"@ScottMorrisonMP @GregHuntMP 

I just heard the Government Ad for #COVIDSafeApp on @BreakfastNews , which said the data security was preotected by Law. 

There hasn't been an Act of Parliament passed to enact the Law. This is False and Misleading Advertising.

@AlboMP @Bowenchris",-1,Y
31,https://twitter.com/i/web/status/1258189606542995464,Great decision-making guide by @HCQconsumerorg  about the #COVIDSafeapp. https://t.co/00YbEpV4g9 https://t.co/L7N3NaKv2D,0,Y
32,https://twitter.com/i/web/status/1258211414289739776,"@abcnews The plan has fallen over already. 

These guys probably would not have a vaccine for COVIDSafe-19 if it was available. 

No shot, no game.",-1,Y
33,https://twitter.com/i/web/status/1258215071454543873,"The COVIDSafe App is an important part of our fight against coronavirus (COVID-19).  

Deputy Chief Medical Officer Dr Nick Coatsworth explains how the app works and how to install it.

Download the app at https://t.co/vw683vRCpb

#coronavirusaustralia #covid19 https://t.co/8o4Mrku3HO",1,Y
34,https://twitter.com/i/web/status/1258219496755441665,"@abcnews @politicsabc @SkyNewsAust @7NewsMelbourne @theprojecttv @SBSNews Aust Govt Public Health uses susceptibility based testing for Bowel, Breast, Uterine, Testicular &amp; Skin cancers. WHY NOT #Covid_19 &amp; #CovidSafe App. A Macabre ""Honeypot"" install focused on aged care...",0,N
35,https://twitter.com/i/web/status/1258232354146889735,"@CyberLifeSkills oh, #CovidSafeApp for @neuralink - is it part of the @elonmusk vision of our shared future?",0,N
36,https://twitter.com/i/web/status/1258248203448627201,"@crushthecurve_ @themarkjacka I agree with you about DV etc, and said so in the blog.

But most critics of #COVIDSafeApp are not in that category. The app presents little or no practical difficulties for privacy professionals — just ideological problems.

I’m over theoretical debates in a time of crisis. https://t.co/mQmpDwBh3p",1,Y
37,https://twitter.com/i/web/status/1258249869891743748,"Twenty new cases in Aus today; NSW has three - all had known sources. Victoria has 14 (13 of which are linked to an outbreak at the Cedar Meats abattoir), Queensland has two and Tasmania has one.
Plus 25 yesterday. Halp. https://t.co/kWKRCTD90o",0,N
38,https://twitter.com/i/web/status/1258250013219491840,"#auspol 

TELSTRA -a money-grubbing provider that once was a ""service"" has done nothing but become lethally opportunistic after changes were enshrined by John Howard:

Telstra tries to charge elderly man $30 to install #COVIDSafeApp.

https://t.co/AqvzA3XzYD…",-1,N
39,https://twitter.com/i/web/status/1258259782885978112,Ep. 69 Rebuilding Australia without CovidSafe #Bluetooth #CovidsafeApp #MurrayDarlingBasin #WaterRights - https://t.co/u1aEi4MrXm https://t.co/SPPcymOw01,0,Y
40,https://twitter.com/i/web/status/1258260268687200256,The Law Council of Australia has applauded the COVIDSafe exposure draft bill released by the government in response to data privacy concerns regarding the new contact tracking app. https://t.co/LwJluxzKoA,1,Y
41,https://twitter.com/i/web/status/1258273831765995524,"$3M+ #COVIDSafe app aside, a review of ALL #MyGov systems, internal comms &amp; project management seems imperative. 1)#Centrelink, down 
2)@Centrelink Express App, down
3)Aus Bus Regstr - consistent redirect challenges, rendering useless.
No wonder folks lining up outdoors! #Auspol https://t.co/dHlWG6Itgx",-1,N
42,https://twitter.com/i/web/status/1258279589102514182,"#auspol

PEDESTRIAN NEWS Asked Most LNP MPs &amp; Senators Whether They Downloaded #COVIDSafeApp.

Most of them have replied with “Sent from my iPhone” in their email footer.

This is significant because the app reportedly doesn’t always work on iPhones!

https://t.co/NL3ud9oroL https://t.co/ulyVgPhhw1",0,Y
43,https://twitter.com/i/web/status/1258288715547340801,"@MorpheusBeing @stoker_aj @billshortenmp #COVIDSafeApp does NOT make people safe from #virus. It simply helps with tracking AFTER infection diagnosed, and ONLY if those spreading it have phone &amp; app...and have been in contact for at least 15mins. This is just a #WeaponOfMassDistraction from #Dutton &amp; #RubyPrincess etc👎",-1,Y
44,https://twitter.com/i/web/status/1258288751995842561,@timhatfield87 @7NewsAdelaide @7NewsAustralia @COVID19_AUS Any idea if he had #COVIDSafe on his phone?,0,Y
45,https://twitter.com/i/web/status/1258290612501016576,Does it ask for you details every morning?  #covidsafeapp,0,Y
46,https://twitter.com/i/web/status/1258336087128170497,@a_rigby @thomas_violence @CUhlmann @9NewsAUS It's a feature of the CovidSafe app. The only feature that works,-1,Y
47,https://twitter.com/i/web/status/1258339964657586178,New post: COVIDSafe App https://t.co/xdE3MZgvo2 #CovidLife #COVIDSafeApp #lockdown,0,Y
48,https://twitter.com/i/web/status/1258363329015279618,"@MsLods @SalingerPrivacy @abcnews I love that they asked who downloaded #CovidSafeApp but not who plans to run it. I hope those MPs are decompiling it, examining it carefully and thinking about whether it adequately addresses their privacy needs. And I hope some of them have the server source code - we don't.",-1,Y
49,https://twitter.com/i/web/status/1258368975668314112,"So apparently its more important to some people to get some more ""battery life"" than help the government to be able to track and trace #Covid_19australia you would think getting life somewhat back to normal would be first priority?  #COVIDSafeApp https://t.co/6jc2W0pv95",1,Y
50,https://twitter.com/i/web/status/1258484156880711680,"@DanielAndrewsMP
Would have been a great idea if the #covidsafeapp had a way to advise which testing facilities had capacity. Most shopping centres were overbooked yesterday while hospitals had zero queues. The process for getting testing /advice line numbers needs advertising.",0,Y
51,https://twitter.com/i/web/status/1258505445192302592,"App is not fit for purpose on iPhones
Still doesn’t explain that until you or someone in your Covid Safe contact list are tested then approved sharing that data it does nothing #ScottyFromMarketing ⁦@abcnews⁩ report the facts  https://t.co/yF4zPpEvYP",-1,Y
52,https://twitter.com/i/web/status/1258514866031063041,"@GladysB on @KIIS1065 this morning was asked if you can use other apps while COVIDSafe app open on your phone. She said yes as long as Bluetooth one. Um, I thought there is an issue with doing this on iPhones?? @abcnews @normanswan",nan,nan
53,https://twitter.com/i/web/status/1258532818793058304,About to delete the Aus Gov  #covidsafeapp just because of the number of stupid notifications it sends. @ScottMorrisonMP #CODIV_19 #covid19australia #coronavirus @AnnastaciaMP,-1,Y
54,https://twitter.com/i/web/status/1258560348006703104,"In the state of Victoria 106,000 #cotonavirus tests were done and 70% of those who were tested will be told  positive/negative.I was there.

This method sounds more accurate thsn the #Covidsafeapp .",-1,Y
55,https://twitter.com/i/web/status/1258562316922236928,"To speed up how we notify you if you've possibly been exposed to COVID19, we’ve released the new COVIDSafe app. 

Learn more about the COVIDSafe app at https://t.co/vw683vRCpb

#coronavirusaustralia #covid19 https://t.co/rJeBAcWQvH",0,Y
56,https://twitter.com/i/web/status/1258567802241204225,"The COVIDSafe App by @ausgov is an important part of our fight against coronavirus (COVID-19).  

Samir Sinha, CEO of Robonomics AI, explains how the app works.

Download the app at https://t.co/1DyIUSzXEf

#coronavirusaustralia #covid19 #COVIDSafe #COVIDSafeApp",1,Y
57,https://twitter.com/i/web/status/1258579040576798721,"Threats, Opportunities and COVIDSafe App with Brian Smith

#mikehouse #briansmith #thriveandadapt #thrive #adapt #covid19 #practical #decisionmaking #recovery #leadership #covidsafeapp #cybersecurity

https://t.co/GPeJkms48M via @LinkedIn",0,Y
58,https://twitter.com/i/web/status/1258587377968152576,#BREAKING: National Cabinet has agreed under a new #COVIDsafe roadmap to begin lifting restrictions in Australia. The lifting of restrictions will be eased out in 3 steps. Step 1: Restaurants and cafes re-opening and gatherings of up to 10 people. #auspol @abcnews,0,N
59,https://twitter.com/i/web/status/1258589191967059969,#QUT's Prof Raja Jurdak says an Australian and New Zealand #COVIDsafe app could work well together but there would be challenges for privacy in trusting both governments. Listen at 1:40 https://t.co/euKNPfg3iz @abcnews @QUTmedia #qutstem https://t.co/SBfDEmvo34,1,Y
60,https://twitter.com/i/web/status/1258590108745269250,@abcnews The PM says he hopes Australia will be able to move through all 3 steps by July - however timeframes on the #COVIDsafe roadmap will depend on individual states and territories. #auspol #COVID19 https://t.co/w8q3UJcERY,0,N
61,https://twitter.com/i/web/status/1258592673008513024,“Outbreaks are not a reason to slow things down. Outbreaks are gonna happen (...) it’s a reason to download the COVIDSafe app” ha dichiarato @ScottMorrisonMP sottolineando che nuovi focolai potrebbero verificarsi anche in AUS trattandosi di un virus molto contagioso #COVID19,Non-english,Y
62,https://twitter.com/i/web/status/1258596441699708928,@marq_au @Angelic_Wings @JadeMacmillan1 @abcnews 100% chance that this is one of the #COVIDIOTS who haven’t installed the #covidsafe app.,1,Y
63,https://twitter.com/i/web/status/1258605705424039942,"@chelsea_hetho @abcnews Where’s the “Authorised by...”? 🤔

Didn’t Morrison say during the bushfires they all need one...?

#auspol #covidsafe",0,N
64,https://twitter.com/i/web/status/1258608431319015424,@Fi_Willan @9NewsAUS Is this the app or is it just named COVIDSAFE so it's confusing and we can never tell which one anyone is talking about?,-1,N
65,https://twitter.com/i/web/status/1258611322331119616,@Thefinnigans 3 steps for a covidsafe Aus looks very like a colour coded spreadsheet,0,N
66,https://twitter.com/i/web/status/1258611884216836096,"@_k3tan Here it is. Say what you want, it seems trustworthy 🤷‍♂️

https://t.co/jAIxtUSs9g",1,N
67,https://twitter.com/i/web/status/1258618856890761216,"Now weI have this from another BASTARD LNP 

""Help stop the spread and save lives in our community. Download the COVIDSafe app https://t.co/8Ip7q4pbcw""

Authorised by B Archer, Liberal Party, Launceston

GOING TO FIND THEIR ADDRESS AND FLOOD it WITH SHIT LIKE HAVE BEEN DOING",-1,y
68,https://twitter.com/i/web/status/1258619608560361474,"It would be more rational for @Gladysb to close #NewmarchHouse TODAY &amp; relocate terrified residents than   grandstand  by not following PM @ScottMorrisonMP cautious ""3step roadmap to a #COVIDSafe Australia"" set by NATIONAL Cabinet @JodiMcKayMP @abcnews @SkyNewsAust @smh @auspol",0,N
69,https://twitter.com/i/web/status/1258619940048793600,"Our athletes have downloaded the #COVIDsafe app - have you? https://t.co/7p0va0RWQ4

""Downloading the app will help us all to speed up a return to normal training activities &amp; help us train for our goals ahead"" @CurtisMcGrath 

#coronavirusaustralia #covid19 #strongertogether https://t.co/jFSOxgQ8h1",1,y
70,https://twitter.com/i/web/status/1258622982609494017,"#auspol

PM #SCUMMO WANTS US 

TO UPLOAD HIS #CovidSafeApp...

I HAVE TWEAKED THE NAME FOR YOU!

#CovidSafeCrap https://t.co/k1jBwInQ35",-1,y
71,https://twitter.com/i/web/status/1258623493437972480,"03 6334 7033
THIS IS THE NUMBER FOR;
 Bridget Archer, Liberal Party, Launceston
GOT NOTHING TO DO EXCEPT BELOW;

""Help stop the spread and save lives in our community. Download the COVIDSafe app https://t.co/8Ip7q4pbcw ""

IF YOU HAVE MSM FROM HER. 
SEND HER SOMETHING BACK https://t.co/9oNxVmGTvY",-1,n
72,https://twitter.com/i/web/status/1258625362180759553,"#Libraries, #communitycentres and #playgrounds are captured in the first step of the RoadMap to a #COVIDSafe Aus. State Govs will have more detail on the timing of these steps. #councils must now prepare a COVIDSafe return to #servicedelivery - protecting staff and community! https://t.co/eqyTwBclMT",1,n
73,https://twitter.com/i/web/status/1258626528021303297,Can Australia's coronavirus contact tracing app COVIDSafe lift the country out of lockdown? - ABC News https://t.co/JkgFaaGT9o via @abcnews,0,y
74,https://twitter.com/i/web/status/1258627935990239232,@chelsea_hetho @COVID_Australia @abcnews yeay 🙌🙌🙌#Australia kangaroos 🦘 🇦🇺 🦘 coming out of #StayHome take it easy #Sydney #AFL #NRL this weekend #covidsafe 👍 #coronavirusaustralia #COVID19Aus https://t.co/YRWNHfnp7l,0,n
75,https://twitter.com/i/web/status/1258658725302120450,@hubert3 @VTeagueAus Yeah the Framework API would also have to change. Interesting to see whether Aus Government can/wants to go toe to toe on this. There is a genuine public health benefit to what COVIDSafe does compared to A/G approach. I'm not happy that this decision being made by Apple not us...,-1,y
76,https://twitter.com/i/web/status/1258670767065063424,@abcmelbourne @MJA_Editor @Raf_Epstein Calling a McDonald's Place Mat (ie. A chart that pretends the economy is stronger than corona) &amp; a broken Pokémon App 'A Covidsafe Aus' is absolutely meaningless. I'm no Dan Fan but it's clear he shdn't bother attending #ScottyFromMarketing's classes anymore. I doubt PM can read.,-1,n
77,https://twitter.com/i/web/status/1258680207109615617,@Peter_Fitz @smh At least #FluVaccine works for viruses its supposed to #stop...unlike #COVIDSafeApp which sometimes does not work at all and definitely does not #STOP anything!!!,-1,y
78,https://twitter.com/i/web/status/1258681391350333441,I would like to hear some scientists speak on the “#covidsafe “ 3 step plan in Aus #COVID19 #covid19australia @WHO,0,n
79,https://twitter.com/i/web/status/1258687762607116290,"While you are giving all your poops and farts information to google and Facebook, why there is such a fuss giving your location information to the government to protect 'YOU' from COVID19?? #COVID19Aus #CovidSafeApp #Australia",1,y
80,https://twitter.com/i/web/status/1258690107395076099,@SimonChapman6 @LRussellWolpe @MCHP_AUS @JillHennessyMP @ldp_smith Looking forward to receiving advice on the legalities of possession of a category R firearm (flame thrower) whilst affected by alcohol #covidsafe  #firearmfactsmatter @abcperth,0,n
81,https://twitter.com/i/web/status/1258694639118200832,"@sethlazar @hubert3 I don't see that ""There is a genuine public health benefit to what #COVIDSafeApp does compared to A/G approach."" At best, you're assuming equal rates of adoption and working use. The decentralised system might earn greater trust, get more downloads and work better. (Plus privacy)",-1,y
82,https://twitter.com/i/web/status/1258699372860080128,@VTeagueAus @sethlazar @hubert3 Which country is the GitHub source code for #COVIDsafeapp instance based?,0,y
83,https://twitter.com/i/web/status/1258699778126303232,"Audio: the Covid Safe App raises safety concerns for people in abusive relationships, says anti-violence advocate Lyn Vestjens. Podcast @3CR https://t.co/Lnp3DyDcab #CovidSafeApp #COVID19Aus #DomesticViolence #lgbtiqa  #3CR #inyaface3cr #auspol #springst https://t.co/XkAZtddq7L",-1,y
84,https://twitter.com/i/web/status/1258702532274040837,"@sethlazar @hubert3 Key question: can I participate in such a way that I get and receive notifications of possible exposure, without a centralised authority finding out? The A-G API has that option; #COVIDSafeApp doesn't.",0,y
85,https://twitter.com/i/web/status/1258707048386027521,"@grahamgreenleaf @apf_oz @Katharine_Kemp Surely not because they're afraid that we might find some bugs and help get them fixed? 

I really hope they have the sense to release the server code for review - #COVIDSafeApp encryption is done on the server, so hidden weaknesses there would undermine everyone's privacy.",-1,y
86,https://twitter.com/i/web/status/1258710276452438016,"And why would I agree to (4) ""to stop all access and use of the App Code if requested by the DTA,"" given that we've had the Android app code for days?
Does that mean that if the DTA gets annoyed at me they can tell me to stop using the #COVIDSafeApp? Surely running counts as use?",-1,y
87,https://twitter.com/i/web/status/1258720068927582208,@ozcrimenews cough-covidsafeapp-coughcough,nan,nan
88,https://twitter.com/i/web/status/1258745850647293953,"1/11: A comparison on the state of CovidApp transparency in Aus, the UK and Singapore.

Singapore released app and server code weeks ago.

Aus &amp; the UK released app code, and no server code, within the last 24 hours.

#CovidSafeApp @chrisculnane @rgmerk @noneuclideangrl @1Br0wn",0,y
89,https://twitter.com/i/web/status/1258745855579840512,"3/11: Singapore rotates encrypted IDs every 15 mins.
Aus #CovidsafeApp rotates them every 2 hours.
The UK's app keeps the same one all day. The explanation is that this can helpfully nudge people about how much close contact they've had. https://t.co/0QdFAsQ53U",0,y
90,https://twitter.com/i/web/status/1258745875095928834,"11/11 : We need to see the server code, and read some justification of the design decisions, so that we can identify and fix other bugs in #CovidSafeApp and have a genuine public debate about how it should change. #Auspol",-1,y
91,https://twitter.com/i/web/status/1258830516121305088,Please explain to nsw voters @GladysB what info you are concealing from us that prevents NSW following the #covidsafe reopening strategy proposed for states by @ScottMorrisonMP #fedup @smh @abcnews @SkyNewsAust #auspol,-1,n
92,https://twitter.com/i/web/status/1258895974144946177,@billbowtell @ScottMorrisonMP @abcnews Use your platform to promote the COVIDSafe app,nan,nan
93,https://twitter.com/i/web/status/1258898605806477314,A balanced appraisal by the Chief Scientist of the #COVIDSafeapp and why the benefits outweigh the risks https://t.co/AW70ohHm7o,1,y
94,https://twitter.com/i/web/status/1258917098237030401,"The COVIDSafe App by @ausgov is an important part of our fight against coronavirus (COVID-19).  

Samir Sinha, CEO of Robonomics AI, explains how the app works.

Download the app at https://t.co/1DyIUSzXEf

#coronavirusaustralia #covid19 #COVIDSafe #COVIDSafeApp",1,y
95,https://twitter.com/i/web/status/1258930037723553794,"@vmainard @BK6785 @kelliekelly23 Android #COVIDSafe v1.0.11 downloaded about a week ago nagged to turn on location/gps! @healthgovau misled. I trusted it wasnt tracking so turned on gps. Now auto-upgraded itself to v1.0.16 =no gps nag =better.

Doubt it will help #ContactTracing: any so far? #COVID19 @abcnews",-1,y
96,https://twitter.com/i/web/status/1258948023935045632,"@GCTitans WTH does a (fake) 'FLU vaccine' have to do w ANYTHING?! Are u going to make your players play w the (fake) 'CovidsafeApp' running in their jocks too?!

You sports ppl are an absolute embarrassment. Treat your players like cattle &amp; dogs then wonder why they all behave like animals",-1,y
97,https://twitter.com/i/web/status/1259016052257591296,"Riddle me this AUS Govt: where's Tas.

COVIDSafe source code was released yesterday. You can find it here: https://t.co/pCDtZJ13aW https://t.co/wYWbekAgso",0,y
98,https://twitter.com/i/web/status/1259018601614331904,@OriettaGuerrera @theage @smh CovidSafeApp has flopped. Less than 25% of population downloaed is waaay below target. Despite people needing to work majority have so far refused app. Privacy &amp; Govt. trust are key live issues.,-1,y
99,https://twitter.com/i/web/status/1259032103041200129,@pencilportrait3 @salcookie @MadFckingWitch Am obviously behind here. Is COVIDsafeApp operational now? Have all the glitches with apple phones been fixed? Has the source code been released?,nan,nan
100,https://twitter.com/i/web/status/1259053608823164928,"My ad in the @ballaratcourier today full of information on the support the @ScottMorrisonMP Govt is providing including delivering a local Ballarat respiratory clinic. Very importantly, please download the #COVIDSafeapp at https://t.co/DMDhhridG9 https://t.co/N7kv9GhFAF",1,y
101,https://twitter.com/i/web/status/1259054282701017088,@JadeMacmillan1 @abcnews Mandate #covidsafe app operational &amp; bluetooth on for all those stepping outside of their home! Lets remain a world leader in #COVID19Aus management!,1,y
102,https://twitter.com/i/web/status/1259055927962923008,@abcnews Haven't you heard? We're all COVIDsafe now...,0,n
103,https://twitter.com/i/web/status/1259057311114379265,"@abcnews That’s why the COVIDsafe app is important, particularly given the privacy issues have been resolved.  If there’s one carrier in that crowd, how are they possibly going to quickly identify all potential infected contacts without it?",nan,nan
104,https://twitter.com/i/web/status/1259064329594421248,"It is “inconceivable” that the USA would be accessing data from the #COVIDSafe app, but the gov's legal advice won't be made public, a Senate hearing has heard. Officials were probed on the potential for the US gov to access data from the app held by #AWS https://t.co/c2xyIoMEGG https://t.co/iKHFA2J4yX",-1,y
105,https://twitter.com/i/web/status/1259064776413466624,@peacenicsta In @australian proudly states  today US hacks Wuhan tracking data revealing names emails and addresses If they can hack China they can certainly hack Oz #wakeupAustralia #covidsafeapp #theDrum #qanda #insiders #sunrise #theProjectTV,-1,y
106,https://twitter.com/i/web/status/1259067516615159813,@abcnews I'm sure they all have the COVIDSafe app so no worries,0,y
107,https://twitter.com/i/web/status/1259083585337700353,@MDUnder2 @JMcK2018 @abcnews i think it's more 'other people not observing social distancing' - common theme over last few days since Morrison told them the CovidSafe app was like sunscreen.,-1,y
108,https://twitter.com/i/web/status/1259093256459059201,@abcnews It was my regular week to buy vegetables i couldn't find parking and lots of people all over shops.. people not worrying about social distance..  despite restrictions in place in Melbourne. All the good work to become Covidsafe vanishing away..,-1,n
109,https://twitter.com/i/web/status/1259126054888763392,"@LesStonehouse @LiberalAus Takes 3 steps to completely remove all data held, according Govt #COVIDSafeApp site:
1. Remove 'app' from phone - only removes info on phone not from Govt
2. Apply for call from     COVIDSafe Administrator for form 
3. Complete call &amp; then a form to delete ALL data held by Govt",0,y
110,https://twitter.com/i/web/status/1259199653146275840,I had a look through the IOS source code for the CovidSafe APP #CovidSafeApp https://t.co/xqFUW9DwBU,0,y
111,https://twitter.com/i/web/status/1259214793379999745,"@KezBenn @Anderson90B @abcnews Hiding behind a foreign fake profile Kez? 

Lets take a guess which country you are really from?

Why are so many fake profiles concerned about covid19 restrictions lifting in Australia?

Get a grip Kez, most Aussies haven't been persuaded to fall for the #covidsafe app sham.",-1,y
112,https://twitter.com/i/web/status/1259252271981817856,"@chelsea_hetho @abcnews If the government’s COVIDsafe App is right, none of us have to worry unless we spend 15+ minutes in close contact with an individual. Or did I get that wrong?",0,y
113,https://twitter.com/i/web/status/1259261124190617601,"Private contractors were paid $2m to work on the gov’s COVID-19 app while the firm behind the official info app was given $500K more on top of the $3.5m it had already been paid. 5 orgs had assisted with the app dev including prolific gov contractor 
@BCG. https://t.co/0p6nLB8FEm https://t.co/SgsQDTVi8u",0,y
114,https://twitter.com/i/web/status/1259264423161520128,@InsidersABC  the Covidsafeapp is not working effectively. Many who have the app are unable to use it due to issues with devices and battery use. The government cannot rely on it for tracing.,nan,nan
115,https://twitter.com/i/web/status/1259338711566696448,"@noplaceforsheep Just deleted the #covidsafeapp. 

Pointless.

Doesn’t work in a Tasmania. Allegedly. 

Doesn’t work on #iphones

Hasn’t been brought on line. 

Rubbish.

#COVID19Aus @MonteBovill @kevinbonham",-1,y
116,https://twitter.com/i/web/status/1259370290888335360,"@remreflections @abcnews Armchair virologists again! Stop politicising a medical issue. The COVIDSafe app is intended as an extension human history taking. It’s like with STI’s, you want to know who everyone has fucked to take steps to manage them and contain the spread. If you don’t get it what can I do",nan,nan
117,https://twitter.com/i/web/status/1259389832909873152,"Happy #MothersDay. 

Remembering my beautiful mother Ann on this special day. 

To all mothers, please take care, stay safe and download the #COVIDSafeapp. https://t.co/xQCm2FUBAU",1,y
118,https://twitter.com/i/web/status/1259396372043685888,@Aussie_Jimmy @7NewsMelbourne @tdolling One of them (on @9NewsAUS) said she didn't want the government listen to her breathe via the COVIDSAFE app.,-1,y
119,https://twitter.com/i/web/status/1259408639967649793,"New cases Apr-10 🇦🇺

NSW 2
VIC 10
QLD 0
WA 0
SA 0
TAS 0
ACT 0
NT 0

AUS🇦🇺 12 

Victoria has a meatworks cluster, but almost nobody in hospital; several jurisdictions now close to zero active cases

#COVID19Aus #covidsafe #COVID19au #COVID https://t.co/TxQqoi68dL",0,n
120,https://twitter.com/i/web/status/1259492100267278339,".@NicolaSturgeon @ScotGovFM @scotgov do you think Scotland will ever follow @ausgov @ScottMorrisonMP in launching an app to track Covid-19? So far working in Aus.
https://t.co/rD967D97VY",1,y
121,https://twitter.com/i/web/status/1259598700625592320,"@abcnews Had a consultation with my GP last week. Four people in a small room - doctor, trainee, me, partner. Absolutely no social distancing possible. Good news - we were only there 10 minutes so COVIDsafe won't see it as significant if any of us become infected",0,n
122,https://twitter.com/i/web/status/1259604943758954496,"Why is it when you just want privacy laws for #covidsafeapp you are instantly lumped in with the crazies. 
No I’m not an anti-vaxer.
No I don’t think 5g causes or spreads covid
No I don’t think Bill Gates is evil and wants to inject us with tracking apps. 
https://t.co/54SEGR4Xyf",0,y
123,https://twitter.com/i/web/status/1259606372259262464,@mjrowland68 @GladysB @abcnews Why none of the Premiers is telling people to download COVIDsafe app? Do they think tracing spread of Coronavirus is not important?,nan,nan
124,https://twitter.com/i/web/status/1259664649521414145,"The COVIDSafe app will let you know quickly if someone you've had contact with has tested positive for Coronavirus, and we'll need as many Australians as possible to download the app.

https://t.co/lyUlP9ia6y
#COVID19 #COVIDSafeApp https://t.co/F50ZBn2Vlf",1,y
125,https://twitter.com/i/web/status/1259671852093304832,I have downloaded the #covidsafe contact app this a.m. AFTER watching on @abcnews @ABCTV my Premier @DanielAndrewsMP &amp; @JennyMikakos with the excellent @VictorianCHO  #ProfessorBrettSutton . I did not do so before bcoz I do not trust @ScottMorrisonMP nor his #CMO #BrendanMurphy,1,y
126,https://twitter.com/i/web/status/1259688876257366016,"@Asher_Wolf @ConversationEDU Excellent article. But ""sunset""clauses provide no assurance - to explain, my article in @Innov_Aus https://t.co/0RUShqfWmK",0,n
127,https://twitter.com/i/web/status/1259699515977641984,"St Columba Anglican School in Port Macquarie shows problems with #COVIDsafe easing...

- Staff without masks.
- Students not offered free masks (from our 'huge'national stockpile).
- Parents without masks.
- Incorrect measurement of children's temps.

Watch cases rise!
@abcnews",-1,n
128,https://twitter.com/i/web/status/1259699750195978241,@bengrubb Looks like the story is that retailers have been recruited into the marketing push in a trade for easing restrictions. I wonder what the liability exposure will be for the retailers? My comments in @Innov_Aus https://t.co/0RUShqfWmK,0,n
129,https://twitter.com/i/web/status/1259721660929736705,"Deputy Chief Medical Officer Michael Kidd has provided an update on #COVID19Aus:

- 6,179 people have recovered from coronavirus
- 49 remain in hospital, 16 in ICU, 14 ventilated
- Over 855,000 tests conducted 
- 5.5 million downloads of the #COVIDSafe app

@abcnews #auspol",0,y
130,https://twitter.com/i/web/status/1259727183762915328,"More than 5 million Australians have downloaded the COVIDSafe app. 

Help keep your community safe by downloading the app today at https://t.co/vw683vRCpb https://t.co/M1n4mCGw2T",1,y
131,https://twitter.com/i/web/status/1259749805699461120,⁦@abcnews⁩ clearly indicating that take-up of the #COVIDSafe app has flatlined at half the government’s target... https://t.co/ksWKnq06eT,0,y
132,https://twitter.com/i/web/status/1259756780550266880,"Why I will not be using a Covid19 tracing app (and you shouldn’t either) https://t.co/tzMhrf4EGR

#tracingapp  #smittestop  #NHSCOVID19app #covidsafeapp https://t.co/lv7v4bHOqX",-1,y
133,https://twitter.com/i/web/status/1259761982284001280,"May-11 totals

NSW 0 (net)
VIC 7
QLD 0
WA 0
SA 0
TAS 0
ACT 0
NT 0

AUS🇦🇺 7

#covid19australia #covidsafe #covid19au https://t.co/PX9df11Ygq",0,n
134,https://twitter.com/i/web/status/1259783626826235904,Aus Gov Chief Medical Officer Prof Brendan Murphy says about 5.5 million people have downloaded the COVIDSafe app (there's approx 16M adults have with a smart phone in Aus) #COVID19Aus,0,y
135,https://twitter.com/i/web/status/1259791796487348224,@sclark_melbs @leighsales And while CMO Brendan Murphy said downloads of the #COVIDSafe app are increasing daily @CaseyBriggs noted in the @abcnews 7pm bulletin tonight they have actually flat-lined. They are only about half the 40 percent target set by the Government. https://t.co/LwEHNxGgRu #COVIDFail,0,y
