sent	label	pred
Let's unite and show 'em who's boss. Don't download the app and if you have already, uninstal it. Then we can retain all current strict restructions. It's the sensible approach User0	-1	1
Can’t let my engine seize; loving this social freeze! MAYDAY!   User0 User1 User2 User3 User4	1	0
I agree with PMO on this 100%. Although I am a big fan of User0 this was not their finest hour, with potentially serious consequences. PM’s complaint on ABC’s app attack	0	0
If your only point is to complain not enough people have downloaded , thanks to govts’ failings to instill trust..YOU guilting people is also part of the problem..  Am I downloading: ABSOLUTELY NOT  Paying the price for  government’s deceit.	-1	-1
User0  Other than back-end not working yet, 1 of the reasons the won't work, is because a majority of the elderly do not have smart phones, & they are the most vulnerable.  We won't know which elderly an infected person has been in contact with	-1	-1
User0 is withholding our freedom until we download the .  He is using coercion, blackmail and psychological abusive tactics. Sounds like bullying to me	-1	-1
Australia: The truth behind COVIDSafe - tech experts ‘dissect’ AUS government app via User0	0	0
Perhaps this is a really important issue: User0 User1 User2 User3 User4 User5  Australia's leading coronavirus expert User6 REFUSES to download the COVIDSafe app: Despite User7 's propaganda	-1	-1
The office of Prime Minister Scott Morrison has made an official written complaint to the ABC over some of its reporting on the ­government’s much-discussed COVIDSafe app. | By Nick Tabakoff	0	-1
Just got this text message from Vodafone: Coronavirus Aus Gov msg: Help us to keep you safe and ease restrictions by downloading the COVIDSafe app now: When I politely replied no thanks, it wouldn’t send.	-1	-1
hey does anyone in Aus know if CovidSafe requires a SIM to work? would a functioning iPad or iPod Touch with Bluetooth still detect/handshake? asking for a friend with tech-phobic, nonsmartphone parents… 	0	-1
User0 Though I've been in the press gallery and other parts of , I can't say what the best model is.  I can, however, thank you for your work promoting a better understanding of the , its strength and its weaknesses. (I have downloaded it.) 1/2	1	1
On User0 complains about User1 reporting. Given Aus govt allegiance to US law ahead of its own (and International) Law in the case of , the reporting is justified.  Aus D-Notice?	-1	-1
Because of the fantastic behaviour of Australian people... we could get an early mark /H0yCENEwsQ  User0 User1 User2	1	1
I hate people too lol...	0	-1
RACGP helping Australians understand and download COVIDSafe	1	1
User0 User1 User2 User3 User4 User5 User6 User7 User8 User9  They don’t see the investment for taxpayers to feel/be safe, stay alive and generate needed Tax $ Revenue.  $’s snowball. See the CovidSafe app AUS has. Understand Constitutional Rights will be an issue for some but many already voted to throw 228yrs of it out the window.	-1	-1
I don't buy the story of the CovidSafeApp for many reasons, a few good ones are here	-1	0
I just downloaded it, you should too 	1	1
User0 There has been significant dinner table discussion surrounding this app, here in Australia. I don't think peeps are dowloading it without thought.	1	0
Stay informed with the latest guidance & advice on Australia’s response to Search “Coronavirus Australia” & “COVIDSafe” on the Apple App Store or Google Play Message +61 400 253 787 or go to  & Source: User0	1	0
Shoshana Zuboff on surveillance capitalism | VPRO Documentary via User0	0	1
User0 Thanks Ben.  I'm been taken to task by some people for what they say is questionable standards or wavering principles.  If there is one point I wanted to make in my oped it's this: We need to pick the right moment for ideological arguments.	0	0
Undisguised Blackmail Download the App and we'll ease restrictions Assure me you are deleting records that are 3 weeks old and I'll install it  "Coronavirus Aus Gov msg: Help us to keep you safe and ease restrictions by downloading the COVIDSafe app now: "	-1	0
Just a friendly reminder to the Aus Gov that their tracing app is not compatible with all phones. My 2017 device is apparently unable to download the app from the Play store. If we want high uptake maybe this is worth addressing? User0 User1	-1	-1
User0 Coronavirus Aus Gov msg: The COVIDsafe app has detected that you have been in contact with an individual infected with COVID-19. Please click this link to confirm if you are experiencing symptoms or not....	0	-1
I got a text message today from Optus on behalf of the Australian Government.   "Coronavirus Aus Gov msg: Help us to keep you safe and ease restrictions by downloading the COVIDSafe app now:"  I don't really appreciate Home Affairs attempting to coerce me into giving them my data	-1	-1
They’re blatantly tying app downloads to easing restrictions. Note they don’t say anything like ‘using the app’.   It’s a metric.   “Coronavirus Aus Gov msg: Help us to keep you safe and ease restrictions by downloading the COVIDSafe app now”	-1	-1
Today is World Press Freedom Day.  Today User0 attacks & complains about User1 coverage of his unlegislated, unproven & still not working COVIDsafe app.  It is both telling & damning.	-1	-1
Is everyone receiving this text?  Coronavirus Aus Gov msg: Help us to keep you safe and ease restrictions by downloading the COVIDSafe app now:	0	0
If the app did what it's promoted to do, then why does the government feel the need to beg us to download it? Would it not be easier to supply evidence of security and national health benefits and convince the people based on merit, not advertising?	-1	-1
Be aware of this spyware app being sent to vulnerable Australian by the untrustworthy Organisation of .  Here it is.       Coronavirus Aus Gov msg: Help us to keep you safe and ease restrictions by downloading the COVIDSafe app now:	-1	-1
Got a text message from the government: Coronavirus Aus Gov msg: Help us to keep you safe and ease restrictions by downloading the COVIDSafe app now:	0	0
"Coronavirus Aus Gov msg: Help us to keep you safe and ease restrictions by downloading the COVIDSafe app now: "	0	0
User0 Yeah but I guess 1 is a reason to hope that they may not be sharing who is registered with other teams, and 2 it did come from a SMS service called User1 which I've only received 2 other obviously Aus Gov't SMS on, including the verification PIN	0	-1
Hey User0 I will not download the doesn't matter how many    text messages you send. It's a half baked effort with to many unanswered questions	-1	-1
I'll download when govt:  • Implements Federal ICAC or NIC • Drops charges against Bernard Collaery WitnessK • Sets up enquiry RE: abusive behaviour of taxpayers by User0 • Compensate Robodebt victims  User1 User2	-1	0
Nahh I'm good rather not have my bluetooth turned on 24/7...	-1	-1
“Coronavirus Aus Gov msg: Help us to keep you safe and ease restrictions by downloading the COVIDSafe app now: ”	0	0
Hey User0 why am I getting spam from the Australian government? And why are you allowing this spam to be sent to my phone?	-1	-1
User0 is providing independent thought leadership & commentary on gov overreach & methods regarding large scale data collection. User1 recently published a detailed balanced analysis of the pros & cons of the app.	0	1
The Senate committee investigating the govs response to the pandemic will turn its attention to the contact tracing app. The Labor-led Select Committee on COVID-19 will hold a public hearing with a focus on .	0	-1
User0 User1 Yes , I get the following spyware app from an unsolicited source Coronavirus Aus Gov msg: Help us to keep you safe and ease restrictions by downloading the COVIDSafe app now: /yf0otPSNdV. Be warned this is a dangerous piece of spyware	-1	-1
User0 Got this text message today "Coronavirus Aus Gov msg: Help us to keep you safe and ease restrictions by downloading the COVIDSafe app now: " So we may download the app, or stay under house arrest. Our choice.	-1	-1
Hi User0 and User1 can I ask why everyone keeps talking about Covidsafe in terms of "total downloads"?  Daily/weekly active users is a more accurate metric. It tells us how many people are actually using the app. That's how other apps report their performance.	0	0
Msg from User0 titled Coronavirus Aus Gov pops up on phone urging me to download COVIDsafe app. Why? How?Well they can stick it! User0 doing gov's dirty work	-1	-1
This text message is being sent to mobile phones across Australia.   If you haven’t already downloaded the COVIDSafe app, please do it tonight 	0	0
*Australian government servers crash every time there’s an influx of traffic to website*  Also Australian Government:  “Develops app to keep us safe”	-1	-1
User0 Aus governments website says the Biosecurity Declaration prohibits pressuring anyone to install or use the Covid app. Yet downloading the app is the carrot offered for reopening the economy and being able to earn a livelihood. Seems a bit pressure-y...	-1	-1
User0 User1 User2 This one? Coronavirus Aus Gov msg: Help us to keep you safe and ease restrictions by downloading the COVIDSafe app now:	0	0
we know and User0 are offering no serious criticism of Morrison: failure to prepare in January; goining to the footy in March; Ruby Princess; partisan politics against state leaders; failure; CovidSafe Ap failure ... to name a few	-1	-1
Today I reached out to our 8,000+ User0 members to encourage them to download the app so we can reboot the WA economy.   There’s only 15 active cases in WA as of today and the app will help protect people as we get the economy going again.	1	1
Many thanks for your entitled concern User0. Now, if only the app actually worked, perhaps we might get out of this earlier.	-1	0
Are you trying to ruin my appetite just before dinner User0?  Or do you think I’m gullible enough to swallow your shitty message with my wine Better still..how do you fuckers at know I don’t already have it	-1	-1
Please somebody tell me why our govt. gave the control of covidsafe to Amazon? & how much $ is the contract? & why an Aus. company couldn't do a better job?	-1	-1
Have you received this text message? It is being sent to mobile phones across Australia. If you haven’t already downloaded the COVIDSafe app, please do it today 	0	1
User0 Coronavirus Aus Gov msg: Help us to keep you safe and ease restrictions by downloading the COVIDSafe app now:	0	0
User0 Don’t appreciate corrupt Aust LNP Govt harassing me through my Mobile to download dodgy . I don’t trust pathocratic Aust Govt or Bezos/Amazon. My number was also used by LNP day before & day of Election to harass me to vote for Christensen. Fuck Off. I .	-1	-1
For :  legislation re CovidSafe app. We CAN NOT be coerced into downloading it.  Some good news!	0	1
User0 User1 Mine have come from my telco, not the govt. Are you sure yours haven't come from your telco?	0	-1
The Federal Government has released the exposure draft of its COVIDSafe app privacy laws, including 5 years jail for anyone who accesses and uses the app data for uses other than for coronavirus tracing - here’s how it spells out some of the offences User0 User1	0	-1
User0 User1 I don't believe anyone's under instruction. Govt realises it needs all the help it can get. So it's requesting. And not just telcos. NGOs too.	0	0
User0 User1 User2 I've read numerous reports and I can't find a major privacy threat to me in . It seems to be if I ever test positive, I will go through much more intrusive privacy exposures in the contact tracing interview.	1	-1
User0 ICYMI: 's app tracing capability not yet operational, despite 4 million downloads  via User1	-1	-1
btw australian friends please download COVIDSafe app to help with contact tracing if you haven’t already!! operates via bluetooth, doesn’t geolocate. doctor approved!	1	1
User0 Covidsafe isn’t even active.  Too many bugs.  That arbitrary 15 minute flag is useless.    One second can be enough to contract the China virus.	-1	-1
Should you download ? We've answered all your questions. 8 things you might not know about Australia's contact tracing app.	0	1
Just got this SMS from  Coronavirus Aus Gov msg: Help us to keep you safe and ease restrictions by downloading the COVIDSafe app now:  What's next, install this or else?  User0	-1	0
User0 I have downloaded . I don't really trust the government but moving towards easing restrictions is the way we must head	0	0
National COVIDSafe App legislation: Prison time for hackers who mis-use personal data	0	-1
User0  So if the app does not track location,  why does it require the “access you location” privilege?  User1  User2  User3  User4	-1	0
If User0 they can send this to my phone Then I don't need to do this :Coronavirus Aus Gov msg: Help us to keep you safe and ease restrictions by downloading the COVIDSafe app now:	-1	0
User0 This was sent to me on 4/5/20  Coronavirus Aus Gov msg: Help us to keep you safe and ease restrictions by downloading the COVIDSafe app now: .	0	0
Full recording of recent Tele-Town Hall with User0, NSW Treasurer.  User1, User2 User3, User4	0	1
User0 User1 User2 User3 A blog post from an IOS dev I'm aquainted with: goes into some of the functionality issues and links to others who've looked into the Aus app:	-1	-1
User0 I wish they'd spent 5% of their marketing budget on fixing their coding bugs.  The Singaporeans have already patched the most serious of the Bluetooth errors that User1 identified.  Could we pay Ms Judd a little extra to port that patch to ?	-1	0
User0 I'm keen to see the cloud code. The Singaporean equivalent is already open; the Australian one still secret. This would let us understand how they're encrypting the IDs that everyone broadcasts, and allow us to identify mistakes and hopefully get them fixed.	-1	0
User0 If your is similar to ours (’s) , the don’t get any data - only the health services do. And it’s hardly sensitive info anyway (name, mobile no, postcode, age range). What do people have to hide? 	1	-1
Have you downloaded the COVIDSafe app yet? By downloading the COVIDSafe app, you will keep yourself and your community safe by helping health workers to notify you quickly if you have come in contact with someone who has coronavirus.	1	1
NZ PM Jacinda Ardern laughs off suggestions NZ would adopt Aust's app. Points to her previous statements that NZ is looking at Singapore's app, & that Aust's app is based on Singapore app, then says to draw conclusion NZ wld adopt Aus app is "generous."	0	-1
I will only run if the tech community has had a genuine chance to examine the encryption code on the server side. This is critically important for finding bugs, and also necessary for genuine consent, since it makes the 'encrypted' messages we broadcast.	-1	0
Lols unless it says it overrules the Patriot Act, this govt privacy offerings are fake, fraudulent and beyond a joke. . is real and vacuuming all your data up for sale and control.	-1	-1
Who else got this SMS:   "Coronavirus Aus Gov msg: Help us to keep you safe and ease restrictions by downloading the COVIDSafe app now: "  Govt pls, the last thing we need is a false sense of security.	-1	-1
Thanks Australia. The changes to stop coronavirus aren't easy, but they're working, so keep going!  Help stop the spread, download the COVIDSafe app today at	1	1
What are your thoughts on the Aussie GOVTs app? Have you downloaded it? I was hesitant at first and then I thought ‘I’ve got nothing to hide’ AND it means lifting restrictions so I’m in! You?	1	1
Read this . Read this anyone in fact who is interested in the epic crap-fest that is the The magic toilet brush of failure by User0	-1	-1
User0 As far as we can tell, these prominent tech voices spent no time considering whether:  1) Do we have a contact tracing problem in Aus? 2) Does digital contact tracing work?  They leap to 3) Does the specific client implementation look okay / safe etc?	0	-1
Lots of great tweets on  including from User0 User1 User2 User3 User4. This thread contains my thoughts on the new Bill.	0	1
User0 please show the ‘expert Medical advice re: Schools? & NO the CovidSafeApp does NOT keep U safe, it keeps U ‘informed’. No fear mongering U tool. 4 chats to ppl over 70 today, all scared shitless unable to get App on their mobile phones, as not smartphone	-1	-1
User0 needs to encourage bars, restaurants and other close-contact businesses to reopen on the basis that customers prove they have the . Non-complying customers being barred entry. People choose freedom over privacy with the App.	1	-1
User0 User1 User2 User3 User4 I didn't see any daily upload of data.  (But happy to be set straight if someone can show me where). The app needs to ask the server for a new ID every 2  hours, but it's not uploading data, it's just revealing that it's still live.	0	-1
User0 Has anyone asked AG about whether other agencies will be able to access 'deidentified' data from COVIDSafe? It's not protected by this legislation. But we know that 'deidentified' data can easily be reidentified from (in Aus context) User1 User2 User3 User4	0	-1
Many thanks to Australians for helping to protect our nurses and doctors, and taking care of ourselves and our families by helping us get to  million registrations of the .  If you haven’t downloaded the App, please consider doing so...	1	1
Superb analysis by User0 of Bluetooth-related bugs in He's found important things that, if fixed, will substantially improve both privacy and effectiveness. User1	-1	1
"who are ‘counteract’? Do you know anything about them? Why believe them?"  Well, this journo friend might not know about us but we do pretty well for a tiny org.  This blog has been viewed 5000 times (sessions)	0	1
User0  Hi Bec, hoping you approve use of helpful podcast you made a few days ago. I'm creating a broadcast on as part of journalism studies at Melb. Uni. I would like to use 38 seconds of the piece for my 2 minute 30 second broadcast. It won't be published.	0	0
Anyone else's bluetooth headphones keep cutting out with the app running?	0	-1
Coronavirus Aus Gov msg: Help us to keep you safe and ease restrictions by downloading the COVIDSafe app now:	1	0
WA press conference claims that 0 positive is due to app...  please! User0	0	-1
With the National Cabinet set to meet on Friday, the pressure is on employers large and small to start considering what a “COVID-safe” workplace looks like for their own company. User0	0	-1
User0 BREAKING: Government with trust problem considers standover tactics.  "I wanted a direct mafia-style message to ensure obedience", said , "like 'DOWNLOAD OR WE'LL KEEP YOU LOCKED UP'. But our comms people told me to soften it.	-1	-1
Australia 18,000,000 smartphones 16,000,000 on 9,000,000 on 6,400,000 on 5,300,000 on They collect your data, location etc VOLUNTARILY & involuntarily, yet which doesn't do this has less than 5,000,000 users due to 'privacy'	0	-1
User0 User1 User2 User3 User4 Anything designed to take away privacy and freedom is always marketed to keep you "safe" and uses mass emotional appeals like fear. Post 911 changes and "CovidSafe". Aus still has no constitutional protection for mission creep.	-1	-1
Please download   Almost five million Australians download the COVIDSafe App	1	1
User0 Something I don’t understand about the , if it doesn’t identify people, how can you use it to notify the people who have come in contact with an infected person?	0	-1
User0 We don't know how 's IDs work, but Tracetogether's IDs are encrypted with a key known only to the authorities.  So they don't identify one user to another, but when an infected user uploads their list of received IDs, the authorities can decrypt the ID.	0	-1
Gone are the images of bodies piling up in NYC, numbers of dead in UK, Europe. Now User0, User1, etc full of govt promos of , businesses, sport, economy, jobs.  hasn't disappeared, people still dying here and overseas but govt wants that news buried.	-1	-1
As the Chief Nursing & Midwifery Officer Alison McMillan says, please consider downloading the .  Together we’ve flattened the curve, & this will help us protect our nurses & health workers, & give the National Cabinet confidence to help ease restrictions going fwd.	1	1
There is a design flaw in .The fact that your phone must be in low power mode,locked and the app in the foreground to operate correctly.  is from .Was it properly adapted to conditions?	-1	-1
User0 User1 User2 The other reason bg fetch might be used by COVIDSafe is to download the tempID that is broadcast. In Aus thisnusmeamt to rotate every 2 hours and it only downloads one at a time. So you need to be online and the up needs to fetch it. Maybe it's just that and not BLE related	0	-1
We've a COVID Update. Including: information for providers on COVID-19 preparedness; news of how to access the COVIDSafe app; and a mental health support guide to help you through the pandemic. More here: User0	0	1
User0 User1 User2 User3 User4 User5 User6 Not just corporations, non government organisations too. Keen to maintain their govt support, no doubt!	0	-1
"Controversial proposal that diners who do not have the Covidsafe app give their name and details labelled ‘ill-advised’"  Umm do they not realise we already give those details when making a restaurant booking...	0	-1
User0 Can you release the modelling that demonstrates how downloading translates to few infections within the community? Can you also explain the false and misleading advert running that states data is covered by law? Is it the law not yet passed by parliament?	-1	-1
Professor Raja Jurdak says an Australian and New Zealand app could work well together but there would be challenges for privacy in trusting both governments (1:40): User0 User1 User2 User3	0	-1
This text message is being sent to mobile phones across Australia.   If you haven’t already downloaded the COVIDSafe app, please do it tonight 	0	0
Telstra now concedes that it "missed the mark" by charging an elderly customer $30 to help him download the .  But what a champ 79yo Garry Allen is for making the effort to head to his local store after struggling to download the app	1	0
only had 20% uptake - even didnt trust this spying App - anyways lockdown artificially any longer & you would have screwed our for decades-1million unemployed will come for you	-1	-1
council - run by communists - you cannot force your workers you karnts	-1	-1
User0 The does not keep you safe from .  It has been decried as next to useless. Congrats on being consistent.	-1	0
Can we trust the COVIDSafe app? Will Aussies hang up on Zoom? Vertical Hold ep 276	0	-1
User0 on User1 liveblog: govt agency has told the COVID c'ttee that they can't give 100% guarantee that Covidsafe data can't be accessed by US law enforcement, and they refuse to waive privilege on relevant legal advice by Aus Govt Solicitor.	0	-1
User0 What use will be in WA/SA if there's zero active cases and zero transmissions? Stopping transmissions will lift states out of lockdown, not a silly app	-1	-1
It was always unlikely that reporters will understand the nuances of Bluetooth signalling in the as it is now. When it is changed and updated to newer APIs is when it can be checked for correct operation. If you go out, keep a diary of your contacts.	0	-1
The bill doesn’t go far enough to protect our privacy. Here’s what needs to change via User0	-1	0
User0 User1 Right! The A/G API isn't just making Bluetooth work more reliably (that's a nice side-effect), it's about a completely decentralised architecture - is Aus gov committing to porting to that? Then we wouldn't have to worry whether their server-side encryption is OK.	0	0
User0 User1 User2 User3 User4 I can't speak for the legal issues User5, but if we used a decentralised system based on the Apple-Google APIs, like Germany, Switzerland etc do, there wouldn't be a central database for anyone to assert power over (or crack into without legal niceties).	0	0
Deputy Chief Medical Officer Paul Kelly has provided an update on :  - 5.1 million downloads of . He says it's the fastest Aus has ever reached this many downloads of an app. - 6,875 cases, 26 new - 67 in hospital, 27 in ICU, 18 ventilated - 688,000 tests	1	-1
The Uncuckables Ep. 66 Bubble Bursting -	0	0
User0 User1 There's an irony that a foreign corporation is inhibiting a democratically elected govt trying to implement in an unnecessarily centralised and risky way. They're preventing *this* app from doing what Aus gov wants it to do. Who says what constitutes 'working well'?	0	-1
This evening, I am back in Canberra. I caught up with Health Min User0 to get an update on the situation & about the importance of the . I've downloaded it. Have you?	0	1
User0 If we cannot trust the test then the Australian is completely useless User1	-1	-1
have eased on  but other measures are still in place.  and at supermarkets, hairdressers,auctions  etc to stop the spread.  A vaccine should be readily available when approves it.	1	-1
The source code for the contact has been publicly released, but a group of devs scrutinising it say it's not been properly open sourced & feedback's been blocked. The User0 released the code 2 weeks after launch with 5m downloads.	-1	-1
