keyword,created_at_local_time,screen_name,user_URL,tweet_URL,tweet_text,hashtag1,hashtag2
saying,2020-08-30 07:47:03,CrazyJackie74,https://twitter.com/CrazyJackie74,https://twitter.com/i/web/status/1299825918668451840,"@MargieDemocracy @dojiggers @RickRL__ So you're saying large gatherings of people close up and not wearing masks is okay as a medical worker? I just need to hear you say it is all. I mean, you're black like me right? Or are you a white Trump supporter pretending just so we get infected?",,
saying,2020-08-28 04:25:17,Sandra_Polles,https://twitter.com/Sandra_Polles,https://twitter.com/i/web/status/1299050369469894657,"RT @ProfKarolSikora: I'm going to keep saying this. I don't care if you're happy wearing a mask or not, please at least use a bin when you'…",,
saying,2020-08-28 04:27:14,OliverBaconUK,https://twitter.com/OliverBaconUK,https://twitter.com/i/web/status/1299050856411787266,"RT @ProfKarolSikora: I'm going to keep saying this. I don't care if you're happy wearing a mask or not, please at least use a bin when you'…",,
saying,2020-08-27 07:37:25,NufcStottie,https://twitter.com/NufcStottie,https://twitter.com/i/web/status/1298736331552686085,@kaytieMmcqueen @markbritball Where I’d assume you’d both be wearing a mask. It’s totally stupid they aren’t letting you do that when whey would let you go to watch a basketball game. All I’m saying is the bit that’s wrong isn’t letting people watch sport it’s not letting your partner into the scan.,,
saying,2020-08-31 07:38:25,Tillymint3004,https://twitter.com/Tillymint3004,https://twitter.com/i/web/status/1300186135436693505,"RT @OfficialRita: Masks, not denying the need for them...All I know is my deaf daughter has no idea what anyone is saying as she can’t lip…",,
saying,2020-08-28 08:00:46,LynxNamaste,https://twitter.com/LynxNamaste,https://twitter.com/i/web/status/1299104595000602624,"RT @ProfKarolSikora: I'm going to keep saying this. I don't care if you're happy wearing a mask or not, please at least use a bin when you'…",,
saying,2020-08-30 08:30:56,Markrizla1,https://twitter.com/Markrizla1,https://twitter.com/i/web/status/1299836963143507968,"RT @CllrBSilvester: Head of Congleton High School sent a letter to parents saying that the school, which is not in a #Lockdown area, would…",Lockdown,Lockdown
saying,2020-08-26 08:52:48,lucyin_the,https://twitter.com/lucyin_the,https://twitter.com/i/web/status/1298392915513729024,"RT @aubrey_huff: I don’t know who needs to hear this. But....if you see signs around town saying, “Wear a mask. It’s the law.”   It’s not.",,
saying,2020-08-27 05:36:18,Jayy_Zee34,https://twitter.com/Jayy_Zee34,https://twitter.com/i/web/status/1298705852308680704,RT @BreeNewsome: Folks arguing that Black people must comply with police in every circumstance or be killed are the same ones saying mask m…,,
saying,2020-08-27 08:38:43,sonyxdev,https://twitter.com/sonyxdev,https://twitter.com/i/web/status/1298751756801736704,RT @KylePlantEmoji: Saying that wearing a mask during a pandemic is living in fear is like saying that using oven mitts means you're afr…,,
make,2020-08-27 08:21:31,gizzymeets,https://twitter.com/gizzymeets,https://twitter.com/i/web/status/1298747429928476674,RT @dispensaryexch: @latimeralder @San300138dian The same reason they want you to wear mask is the SAME reason they make Muslim women wear…,,
make,2020-08-28 04:12:39,sydgorlick,https://twitter.com/sydgorlick,https://twitter.com/i/web/status/1299047187394027520,I’m all for wearing masks while getting tattooed because I can make faces without worrying about being judged,,
make,2020-08-27 07:31:50,buterapolitics,https://twitter.com/buterapolitics,https://twitter.com/i/web/status/1298734926733479936,RT @ParisPapito: We supposed to wear those LV mask that Louis Vuitton Doesn’t make ?,,
make,2020-08-28 07:53:01,GodEatsLambs,https://twitter.com/GodEatsLambs,https://twitter.com/i/web/status/1299102645987078144,"Lord help me, my co-worker is talkin Qanon conspiracies. This is the same guy who’s Anti-vax, loves Ben Shapiro, thinks Bernie Sanders is trying to kill off Jewish people, and thinks it’s “badass” when people don’t wear a mask. Can’t make this shit up people 🤦🏻‍♂️",,
make,2020-08-31 07:39:02,jackbabbetter,https://twitter.com/jackbabbetter,https://twitter.com/i/web/status/1300186288361017349,"@savelives4luv @Pbrosmom3 @Lets_eat_steak @MakesSenseToMe2 @KDVR Even then I don’t see why employers can’t let them go, medical exemption or not it’s possible it could expose them to potential lawsuits. I also don’t see docs being comfortable writing that. If you’re too sick to wear a mask you’re probably to sick to safely leave your house.",,
make,2020-08-31 07:40:20,jackbabbetter,https://twitter.com/jackbabbetter,https://twitter.com/i/web/status/1300186617781641217,"@savelives4luv @Pbrosmom3 @Lets_eat_steak @MakesSenseToMe2 @KDVR Those employees could sue, but I just don’t see courts finding not wearing a mask to be a reasonable accommodation in a pandemic.",,
make,2020-08-28 04:22:52,NSalehaZakaria,https://twitter.com/NSalehaZakaria,https://twitter.com/i/web/status/1299049760041533440,"RT @hwise29: A choir teacher who spent $2,000 to make his classroom safe.  A preschool teacher worried her students will be afraid of her w…",,
make,2020-08-28 08:05:52,chessterminated,https://twitter.com/chessterminated,https://twitter.com/i/web/status/1299105881351741445,@Revegelance @Independent thats funny because after i sent the tweet i saw he putt on the mask - but the test does not make sense - for any knd of scientific value he would surely have to measure the o2 while wearing mask and then not wearig mask for lot longer lets say 20 mins each at a guess,,
make,2020-08-28 03:59:47,isabelleh0_,https://twitter.com/isabelleh0_,https://twitter.com/i/web/status/1299043951492476928,the libsharts😡😡😡😡make me wear mask??? no. hurt.... ears.....😐,,
make,2020-08-30 04:33:08,gr8britbreakoff,https://twitter.com/gr8britbreakoff,https://twitter.com/i/web/status/1299777119606771715,@tonto_1964 @jimkirkby @Mr_Dave_Haslam @SoniaPoulton It really isn't a discussion on the science of wearing masks. You just tried to make it one by posting an irrelevant article about the use n95 respirators for extended periods.,,
mask,2020-08-27 06:45:06,PeterWellingto8,https://twitter.com/PeterWellingto8,https://twitter.com/i/web/status/1298723164839526406,@simon_sat I've been tolds you was seen in a sex shops wearing a gimp mask. Is this true you naughty liar ?,,
mask,2020-08-30 07:47:03,CrazyJackie74,https://twitter.com/CrazyJackie74,https://twitter.com/i/web/status/1299825918668451840,"@MargieDemocracy @dojiggers @RickRL__ So you're saying large gatherings of people close up and not wearing masks is okay as a medical worker? I just need to hear you say it is all. I mean, you're black like me right? Or are you a white Trump supporter pretending just so we get infected?",,
mask,2020-08-27 08:20:53,de_lion95,https://twitter.com/de_lion95,https://twitter.com/i/web/status/1298747268976259074,RT @KingJames: They ain’t even wearing mask anymore!,,
mask,2020-08-31 07:08:31,M_B_Keating,https://twitter.com/M_B_Keating,https://twitter.com/i/web/status/1300178611404591104,RT @devdandrea: Just got kicked out of a store for not wearing a mask. Over 2020😖 https://t.co/5fgpR5KprD,,
mask,2020-08-28 04:25:17,Sandra_Polles,https://twitter.com/Sandra_Polles,https://twitter.com/i/web/status/1299050369469894657,"RT @ProfKarolSikora: I'm going to keep saying this. I don't care if you're happy wearing a mask or not, please at least use a bin when you'…",,
mask,2020-08-31 04:55:25,BrianWalz,https://twitter.com/BrianWalz,https://twitter.com/i/web/status/1300145113021153282,@GregAbbott_TX @POTUS The President doesn't respect you enough to wear a mask.,,
mask,2020-08-27 06:50:11,letmepicyou1,https://twitter.com/letmepicyou1,https://twitter.com/i/web/status/1298724444953817088,"@DanaMcCue2 @danhill2011 It's a badge of honor to not be a mask wearing simp that's been fooled into thinking healthy people are a threat to other healthy people.  HOW oh HOW, MY LORD, DO I AWAKEN THY PEOPLE?",,
mask,2020-08-30 08:33:12,letmepicyou1,https://twitter.com/letmepicyou1,https://twitter.com/i/web/status/1299837535691173888,"@jodialimes There shouldn't be masks ANYWHERE ANYTIME until they can PROVE THE EXISTENCE OF COVID 19 by the satisfaction of KOCH'S POSTULATES.  Until THIS HAPPENS, they are forcing their child to wear something that doesn't protect him from anything for something non-existent. ?????",,
mask,2020-08-28 03:58:59,spencertr0p,https://twitter.com/spencertr0p,https://twitter.com/i/web/status/1299043749780054018,How do people wear their masks wrong? Like it’s not that hard to put on right lmaooo,,
mask,2020-08-31 04:44:47,IrisHam38259479,https://twitter.com/IrisHam38259479,https://twitter.com/i/web/status/1300142438149951488,Will the public mandate of everyone must wear a mask in order to enter public places lead to everyone must take the vaccine in order to enter public places? Where is all of this really leading to? https://t.co/P3CvUeQPa7,,
social,2020-08-30 08:30:19,DynamicFlashy,https://twitter.com/DynamicFlashy,https://twitter.com/i/web/status/1299836807853551621,@ppscrna @BabeTruth13 @Phil_Lewis_ Social distancing is more effective than wearing masks.,,
social,2020-08-27 05:59:21,aClassicLiberal,https://twitter.com/aClassicLiberal,https://twitter.com/i/web/status/1298711654012575748,"@aziz0nomics Read the thread before you answer. It says lockdown only elder care. I've said this since March. Protect eldercare like they are infection clinics, constantly test staff and patients, isolate, quarantine. The rest of the population can if they want wear masks and social distance",,
social,2020-08-30 08:54:25,matthew25496877,https://twitter.com/matthew25496877,https://twitter.com/i/web/status/1299842873152557056,RT @ShawnG927: Anti-Lockdown rally in London 🇬🇧 today! The “Wear a Mask 😷 and Social distance“ crowd won’t enjoy THIS VIDEO! 😃😂👍 https://t.…,,
social,2020-08-31 06:38:37,politelobster,https://twitter.com/politelobster,https://twitter.com/i/web/status/1300171085434904576,RT @ShawnG927: Anti-Lockdown rally in London 🇬🇧 today! The “Wear a Mask 😷 and Social distance“ crowd won’t enjoy THIS VIDEO! 😃😂👍 https://t.…,,
social,2020-08-28 03:49:43,IntraspexInc,https://twitter.com/IntraspexInc,https://twitter.com/i/web/status/1299041418866876417,RT @ABAJournal: A lawsuit is claiming that a process server frightened a family and failed to wear a mask or social distance. https://t.co/…,,
social,2020-08-28 06:18:11,KWZerbe,https://twitter.com/KWZerbe,https://twitter.com/i/web/status/1299078778241523712,"Low levels of empathy and higher levels of callousness, deceitfulness, and risk-taking are associated with people who choose to not wear masks or social distance. These traits are typical in people diagnosed with antisocial personality disorder https://t.co/01PWuLLy5G",,
social,2020-08-30 08:52:10,Bert41295600,https://twitter.com/Bert41295600,https://twitter.com/i/web/status/1299842306091020288,RT @ShawnG927: Anti-Lockdown rally in London 🇬🇧 today! The “Wear a Mask 😷 and Social distance“ crowd won’t enjoy THIS VIDEO! 😃😂👍 https://t.…,,
social,2020-08-28 04:41:43,Ade4liver,https://twitter.com/Ade4liver,https://twitter.com/i/web/status/1299054504118292486,"RT @jeffphilips1: No social distancing, majority not wearing masks including you....irresponsibility outside government is irresponsibility…",,
social,2020-08-27 08:59:08,peteymjs,https://twitter.com/peteymjs,https://twitter.com/i/web/status/1298756895130284033,@petcrmjbags well where he is in australia has lifted retrictions alot and getting less than 10 cases a day so he is allowed to see people... but he should be social distancing more and wearing a mask,,
social,2020-08-30 20:45:00,KeepAustralia1,https://twitter.com/KeepAustralia1,https://twitter.com/i/web/status/1300021695453884416,@For_Australia_ It all has to go. Social distancing Masks Curfews  Etc   Australian states time to ALL push back on this anti-human BS.,,
someone,2020-08-28 07:18:04,awholetonofbees,https://twitter.com/awholetonofbees,https://twitter.com/i/web/status/1299093851332780033,"a c*p came in to my store cuz someone stole a phone today, and he wasnt wearing a mask?? like sir, we’re still in a pandemic?",,
someone,2020-08-27 07:59:04,genovese800,https://twitter.com/genovese800,https://twitter.com/i/web/status/1298741778812563457,"RT @TheBatman1961: OK, someone please correct me. If police can enter your home without a warrant during this lockdown, for what reason wou…",,
someone,2020-08-31 07:32:12,TicketySplitUK,https://twitter.com/TicketySplitUK,https://twitter.com/i/web/status/1300184569526788097,"RT @apseymour: Wow @CrossCountryUK what a disgusting train that was, lots of people not wearing face masks, someone urinating all over the…",,
someone,2020-08-28 05:41:37,ShesElectric777,https://twitter.com/ShesElectric777,https://twitter.com/i/web/status/1299069577557684225,"RT @fionamflanagan1: Today, someone who works in a restaurant said they regularly feel faint &amp; dizzy from wearing a mask &amp; that they need t…",,
someone,2020-09-01 08:17:57,ih8thembta,https://twitter.com/ih8thembta,https://twitter.com/i/web/status/1300558471402844162,@MBTA earlier I tweeted at you asking why the #redline train I was on this morning was delayed because transit police were called for someone not wearing a mask. Is this normal protocol? Last month I was told you “operators didn’t have the power to enforce”,redline,redline
someone,2020-08-27 08:37:18,johnmwking,https://twitter.com/johnmwking,https://twitter.com/i/web/status/1298751401321836545,"RT @TheBatman1961: OK, someone please correct me. If police can enter your home without a warrant during this lockdown, for what reason wou…",,
someone,2020-08-27 08:05:59,JohnHar05308095,https://twitter.com/JohnHar05308095,https://twitter.com/i/web/status/1298743522472861697,"RT @TheBatman1961: OK, someone please correct me. If police can enter your home without a warrant during this lockdown, for what reason wou…",,
someone,2020-08-30 08:52:14,Aurora_Da_Furry,https://twitter.com/Aurora_Da_Furry,https://twitter.com/i/web/status/1299842321484111872,RT @girldrawsghosts: Being trans in 2020 America means that you can catch the plague from someone not wearing a mask as they tell you they…,,
someone,2020-08-30 07:47:12,whitee_swa,https://twitter.com/whitee_swa,https://twitter.com/i/web/status/1299825957050765315,@GillyT20 Canadians are generally  peaceable but this pandemic has brought out the worst in them. People snitching on their neighbours for not quarantining. Citizens smashing windshields and slashing tires of people with out of province license plates people demanding someone wear a mask,,
someone,2020-09-01 08:37:37,IvarThorsten,https://twitter.com/IvarThorsten,https://twitter.com/i/web/status/1300563421147127808,@lalyfajardo @cityofkent @ShoWareCenter Why would someone wear a mask hiking in the mountains?   There’s no common sense with this stuff anymore.,,
need,2020-08-30 07:47:03,CrazyJackie74,https://twitter.com/CrazyJackie74,https://twitter.com/i/web/status/1299825918668451840,"@MargieDemocracy @dojiggers @RickRL__ So you're saying large gatherings of people close up and not wearing masks is okay as a medical worker? I just need to hear you say it is all. I mean, you're black like me right? Or are you a white Trump supporter pretending just so we get infected?",,
need,2020-08-31 07:38:25,Tillymint3004,https://twitter.com/Tillymint3004,https://twitter.com/i/web/status/1300186135436693505,"RT @OfficialRita: Masks, not denying the need for them...All I know is my deaf daughter has no idea what anyone is saying as she can’t lip…",,
need,2020-08-30 09:26:50,jjjove,https://twitter.com/jjjove,https://twitter.com/i/web/status/1299851029232586752,@vanOnselenP As a Melbourne resident I’m thinking it’s time to revisit the rule that kids under 15 don’t need to wear masks in public. I think the outdated pronouncements by Morrison et al from months ago might be putting us in danger.,,
need,2020-08-26 08:52:48,lucyin_the,https://twitter.com/lucyin_the,https://twitter.com/i/web/status/1298392915513729024,"RT @aubrey_huff: I don’t know who needs to hear this. But....if you see signs around town saying, “Wear a mask. It’s the law.”   It’s not.",,
need,2020-08-31 06:08:28,kal_hnd,https://twitter.com/kal_hnd,https://twitter.com/i/web/status/1300163497783894016,RT @canadiangirlbc1: I don’t know who needs to hear this but wearing a mask in your profile picture is ridiculous.,,
need,2020-08-31 07:33:32,MumearthC,https://twitter.com/MumearthC,https://twitter.com/i/web/status/1300184907776512000,RT @canadiangirlbc1: I don’t know who needs to hear this but wearing a mask in your profile picture is ridiculous.,,
need,2020-08-28 05:41:37,ShesElectric777,https://twitter.com/ShesElectric777,https://twitter.com/i/web/status/1299069577557684225,"RT @fionamflanagan1: Today, someone who works in a restaurant said they regularly feel faint &amp; dizzy from wearing a mask &amp; that they need t…",,
need,2020-08-31 08:26:08,taslima_ullah,https://twitter.com/taslima_ullah,https://twitter.com/i/web/status/1300198142898565121,RT @AbzOrHugh: Everyone needs to WAP W - wear A - a mask P - please,,
need,2020-08-29 07:09:18,JaneDryden4,https://twitter.com/JaneDryden4,https://twitter.com/i/web/status/1299454033510518784,"RT @nmrqip: There's no need for [wearing masks in classrooms]. Indeed, there's a need not to have it because obviously it's very, very dif…",,
need,2020-08-28 03:57:23,jacsalesxoxo,https://twitter.com/jacsalesxoxo,https://twitter.com/i/web/status/1299043347005427714,@sebstannet They need to learn how to wear a mask 🤣,,
wearing,2020-08-27 06:45:06,PeterWellingto8,https://twitter.com/PeterWellingto8,https://twitter.com/i/web/status/1298723164839526406,@simon_sat I've been tolds you was seen in a sex shops wearing a gimp mask. Is this true you naughty liar ?,,
wearing,2020-08-30 07:47:03,CrazyJackie74,https://twitter.com/CrazyJackie74,https://twitter.com/i/web/status/1299825918668451840,"@MargieDemocracy @dojiggers @RickRL__ So you're saying large gatherings of people close up and not wearing masks is okay as a medical worker? I just need to hear you say it is all. I mean, you're black like me right? Or are you a white Trump supporter pretending just so we get infected?",,
wearing,2020-08-27 08:20:53,de_lion95,https://twitter.com/de_lion95,https://twitter.com/i/web/status/1298747268976259074,RT @KingJames: They ain’t even wearing mask anymore!,,
wearing,2020-08-31 07:08:31,M_B_Keating,https://twitter.com/M_B_Keating,https://twitter.com/i/web/status/1300178611404591104,RT @devdandrea: Just got kicked out of a store for not wearing a mask. Over 2020😖 https://t.co/5fgpR5KprD,,
wearing,2020-08-28 04:25:17,Sandra_Polles,https://twitter.com/Sandra_Polles,https://twitter.com/i/web/status/1299050369469894657,"RT @ProfKarolSikora: I'm going to keep saying this. I don't care if you're happy wearing a mask or not, please at least use a bin when you'…",,
wearing,2020-08-27 06:50:11,letmepicyou1,https://twitter.com/letmepicyou1,https://twitter.com/i/web/status/1298724444953817088,"@DanaMcCue2 @danhill2011 It's a badge of honor to not be a mask wearing simp that's been fooled into thinking healthy people are a threat to other healthy people.  HOW oh HOW, MY LORD, DO I AWAKEN THY PEOPLE?",,
wearing,2020-08-30 08:30:19,DynamicFlashy,https://twitter.com/DynamicFlashy,https://twitter.com/i/web/status/1299836807853551621,@ppscrna @BabeTruth13 @Phil_Lewis_ Social distancing is more effective than wearing masks.,,
wearing,2020-08-31 08:00:03,gooploop_,https://twitter.com/gooploop_,https://twitter.com/i/web/status/1300191579425050626,RT @GayIshimaru: Korekiyo kinnies now that mask wearing is considered the norm https://t.co/ASUoXromr4,,
wearing,2020-08-28 04:12:39,sydgorlick,https://twitter.com/sydgorlick,https://twitter.com/i/web/status/1299047187394027520,I’m all for wearing masks while getting tattooed because I can make faces without worrying about being judged,,
wearing,2020-08-27 07:19:02,ajswanson_94,https://twitter.com/ajswanson_94,https://twitter.com/i/web/status/1298731705985937408,RT @KingJames: They ain’t even wearing mask anymore!,,
public,2020-08-31 04:44:47,IrisHam38259479,https://twitter.com/IrisHam38259479,https://twitter.com/i/web/status/1300142438149951488,Will the public mandate of everyone must wear a mask in order to enter public places lead to everyone must take the vaccine in order to enter public places? Where is all of this really leading to? https://t.co/P3CvUeQPa7,,
public,2020-08-28 04:42:36,dreamgxrl666,https://twitter.com/dreamgxrl666,https://twitter.com/i/web/status/1299054723639599104,RT @LynnieQuin: @ColourPopCo #SailorMoonxColourpop   sailor mars again demanding you to wear your mask in public! https://t.co/79XCuf2r7V,SailorMoonxColourpop,SailorMoonxColourpop
public,2020-08-30 08:44:42,mumf14,https://twitter.com/mumf14,https://twitter.com/i/web/status/1299840427881893895,@bayernoatcake2 @DUCKmagstoke @StokieBoulton79 I forgot ...Did you see the republican conference yesterday .?  No one was wearing masks . Thats how fucking stupid the Americans are . It wasnt even 5 % wearing masks . Thats why this will continue bouncing around the planet for years to come .,,
public,2020-08-30 09:26:50,jjjove,https://twitter.com/jjjove,https://twitter.com/i/web/status/1299851029232586752,@vanOnselenP As a Melbourne resident I’m thinking it’s time to revisit the rule that kids under 15 don’t need to wear masks in public. I think the outdated pronouncements by Morrison et al from months ago might be putting us in danger.,,
public,2020-08-31 08:45:13,svm_sarah,https://twitter.com/svm_sarah,https://twitter.com/i/web/status/1300202946936762368,Why wouldn’t @GladysB weak slow ass mandate mask wearing on public transport. I can’t understand politicians that don’t utilize precedent to the advantage of the community? #NSW #coronavirus #masks #virus #lockdown #GladysBerejiklian #australia,australia,virus
public,2020-08-29 18:13:37,MaddyLove2018,https://twitter.com/MaddyLove2018,https://twitter.com/i/web/status/1299621212893491201,"@healthcare_19 It would be cruel of the public to insist HCWs wear an N95 mask, because they are very uncomfortable. ;) No science. Value judgment. Can't be pulled up for an incorrect statement on science, but dampening.  This is really bad.",,
public,2020-08-27 08:43:54,paige_trnr,https://twitter.com/paige_trnr,https://twitter.com/i/web/status/1298753064413745153,RT @s0phs0phs0ph: I am sick of my partner coming home upset because the general public berate her at work. Can people going out to attracti…,,
public,2020-08-27 09:03:04,mattdegg02,https://twitter.com/mattdegg02,https://twitter.com/i/web/status/1298757887007830017,btw me and my family were the only people to be wearing masks throughout which was very re-assuring thank you British public 👍,,
public,2020-08-27 06:33:10,eboyvic69,https://twitter.com/eboyvic69,https://twitter.com/i/web/status/1298720161365553153,RT @mugendaiyo: The Nintendo fans who think Nintendo is just skipping this year in terms of game releases don't wear masks in public,,
public,2020-08-28 07:48:15,ChrisMc280376,https://twitter.com/ChrisMc280376,https://twitter.com/i/web/status/1299101444981878795,"@LBC @mrjamesob Wonder if people who wear masks all day long in their job, like surgeons and other medical professionals, share this guys concerns about the long term effects on their health. Seems like medical professionals would know and would be warning the public if there was data to show it",,
grocery,2020-08-31 01:54:19,MAGICMIKE1212,https://twitter.com/MAGICMIKE1212,https://twitter.com/i/web/status/1300099539374759936,"@LadyJayPersists “I can’t wear a mask for an hour at the grocery store!! It gives me headaches. &amp; I have asthma! &amp; crotch rot!”  But I can wear a N95 covered by a surgical mask for 18 hours in the OR, along with every other health care worker on the planet, &amp; still save your fk’n life. Morons",,
grocery,2020-08-30 09:02:06,KEVINBARR420Sea,https://twitter.com/KEVINBARR420Sea,https://twitter.com/i/web/status/1299844804658913280,Me at the grocery store anymore. Wear a damn mask!! https://t.co/QAstP4RDZN,,
grocery,2020-09-01 08:54:05,eboyuchiha,https://twitter.com/eboyuchiha,https://twitter.com/i/web/status/1300567566050447360,"RT @gngkissy: if ariana grande can full on dance and hit a whistle note wearing a mask, you can walk down the grocery aisle with a mask on…",,
grocery,2020-09-01 08:17:33,enbylien,https://twitter.com/enbylien,https://twitter.com/i/web/status/1300558370139586560,"RT @gngkissy: if ariana grande can full on dance and hit a whistle note wearing a mask, you can walk down the grocery aisle with a mask on…",,
grocery,2020-09-01 08:30:32,gorgasf_,https://twitter.com/gorgasf_,https://twitter.com/i/web/status/1300561639872233472,"RT @gngkissy: if ariana grande can full on dance and hit a whistle note wearing a mask, you can walk down the grocery aisle with a mask on…",,
grocery,2020-09-01 08:42:18,lsaxtrn,https://twitter.com/lsaxtrn,https://twitter.com/i/web/status/1300564600795013120,"RT @gngkissy: if ariana grande can full on dance and hit a whistle note wearing a mask, you can walk down the grocery aisle with a mask on…",,
grocery,2020-09-01 08:55:34,victoriia_marie,https://twitter.com/victoriia_marie,https://twitter.com/i/web/status/1300567937171025921,"RT @gngkissy: if ariana grande can full on dance and hit a whistle note wearing a mask, you can walk down the grocery aisle with a mask on…",,
grocery,2020-09-01 09:21:48,bbygreenswan,https://twitter.com/bbygreenswan,https://twitter.com/i/web/status/1300574540268015622,"RT @gngkissy: if ariana grande can full on dance and hit a whistle note wearing a mask, you can walk down the grocery aisle with a mask on…",,
grocery,2020-08-28 06:40:45,terrorhousemag,https://twitter.com/terrorhousemag,https://twitter.com/i/web/status/1299084460676337665,"RT @squattypottylvr: stop wearing a mask at the grocery store, bootlickers",,
grocery,2020-08-27 06:13:28,Salems_Bot,https://twitter.com/Salems_Bot,https://twitter.com/i/web/status/1298715203987636224,@dan26022530 @JRehling @jeffreylbragg @Logancouture It's really sad.. an ounce of prevention would go such a long way in better controlling this. I can't believe that the simple act of wearing a mask to the grocery store has been politicized.   We are so spoiled.,,
covid,2020-08-30 08:33:12,letmepicyou1,https://twitter.com/letmepicyou1,https://twitter.com/i/web/status/1299837535691173888,"@jodialimes There shouldn't be masks ANYWHERE ANYTIME until they can PROVE THE EXISTENCE OF COVID 19 by the satisfaction of KOCH'S POSTULATES.  Until THIS HAPPENS, they are forcing their child to wear something that doesn't protect him from anything for something non-existent. ?????",,
covid,2020-08-27 07:53:18,SydAlexMom,https://twitter.com/SydAlexMom,https://twitter.com/i/web/status/1298740329508532224,"RT @ThatDudesMother: @NotHoodlum He was wearing gloves but no mask, so the gloves weren't for #COVID__19 protection, they were for fingerpr…",COVID__19,COVID__19
covid,2020-08-31 07:56:31,bwtibbitts,https://twitter.com/bwtibbitts,https://twitter.com/i/web/status/1300190691197358086,RT @nixw20: For two days now I have been showing worsening symptoms of Covid19.  Tomorrow I have a test arranged.  I am enraged that I am o…,,
covid,2020-08-31 04:50:40,Cyn8975,https://twitter.com/Cyn8975,https://twitter.com/i/web/status/1300143917799583745,"RT @AllTransLivesM1: Little Headache starting, temp is 102.0 going to bed to sleep it off …Its been weeks now having this COVID-19 this thi…",,
covid,2020-08-31 08:05:53,Cyn8975,https://twitter.com/Cyn8975,https://twitter.com/i/web/status/1300193046475108352,RT @nixw20: For two days now I have been showing worsening symptoms of Covid19.  Tomorrow I have a test arranged.  I am enraged that I am o…,,
covid,2020-08-30 07:41:10,b1kuta,https://twitter.com/b1kuta,https://twitter.com/i/web/status/1299824438972620800,"RT @AntCanavan: I'm not wearing a mask cos I'm not afraid of COVID says boomer who is terrified of 5G, vaccines, chemtrails and Bill Gate…",,
covid,2020-09-01 08:19:20,lucentparanorm,https://twitter.com/lucentparanorm,https://twitter.com/i/web/status/1300558820704309248,"RT @choptopmoseley: Still Covid-19 free. Why? Wear a mask when I go out, wash my hands, don't hang out in crowds, take a B-complex daily an…",,
covid,2020-08-28 07:11:15,AlexBirginG,https://twitter.com/AlexBirginG,https://twitter.com/i/web/status/1299092136479133696,"1st we had to enter in a pass-code to unlock our phone, then, there was finger-print technology, and finally facial recognition....which is really getting screwed up by having to wear a mask so frequently.  We were making progress. #MaskOn #COVID19 #COVID #COVIDー19",COVID,MaskOn
covid,2020-08-31 08:55:17,Robert95907116,https://twitter.com/Robert95907116,https://twitter.com/i/web/status/1300205479608475650,"@virginsnowbunny @abcnews Why capitalise that? Time will show that those who instituted destructive lockdown, here and elsewhere, quarantining the healthy instead of protecting the vulnerable are the real covidiots. Along with them will be the mask wearing morons.",,
covid,2020-08-30 08:28:25,joaqweri,https://twitter.com/joaqweri,https://twitter.com/i/web/status/1299836330495467520,"@BadCOVID19Takes before everyone freaks out, this is way back in February when wearing masks was considered unnecessary.",,
people,2020-08-30 07:47:03,CrazyJackie74,https://twitter.com/CrazyJackie74,https://twitter.com/i/web/status/1299825918668451840,"@MargieDemocracy @dojiggers @RickRL__ So you're saying large gatherings of people close up and not wearing masks is okay as a medical worker? I just need to hear you say it is all. I mean, you're black like me right? Or are you a white Trump supporter pretending just so we get infected?",,
people,2020-08-27 06:50:11,letmepicyou1,https://twitter.com/letmepicyou1,https://twitter.com/i/web/status/1298724444953817088,"@DanaMcCue2 @danhill2011 It's a badge of honor to not be a mask wearing simp that's been fooled into thinking healthy people are a threat to other healthy people.  HOW oh HOW, MY LORD, DO I AWAKEN THY PEOPLE?",,
people,2020-08-28 03:58:59,spencertr0p,https://twitter.com/spencertr0p,https://twitter.com/i/web/status/1299043749780054018,How do people wear their masks wrong? Like it’s not that hard to put on right lmaooo,,
people,2020-08-28 05:20:08,victoriaaanoel,https://twitter.com/victoriaaanoel,https://twitter.com/i/web/status/1299064171544403968,white people telling everyone to comply but they can’t comply and wear a damn mask,,
people,2020-08-28 05:09:46,TOrange007,https://twitter.com/TOrange007,https://twitter.com/i/web/status/1299061561613574145,RT @StormYorha: tfw crash bandicoot is out there wearing a mask and actual people won't https://t.co/wwvqmy2KSm,,
people,2020-08-28 07:27:26,chidantheman,https://twitter.com/chidantheman,https://twitter.com/i/web/status/1299096206316941312,"RT @Farbod_E: Notice the same people who say what about China, are the same ones who complain that they can't wear masks because of CO2.",,
people,2020-09-01 08:44:51,lovemylife128,https://twitter.com/lovemylife128,https://twitter.com/i/web/status/1300565239864291328,@VicGovDHHS Can we remind people out exercising that wearing your mask under your nose is incorrect? I saw five people doing this on my walk yesterday.,,
people,2020-08-28 07:53:01,GodEatsLambs,https://twitter.com/GodEatsLambs,https://twitter.com/i/web/status/1299102645987078144,"Lord help me, my co-worker is talkin Qanon conspiracies. This is the same guy who’s Anti-vax, loves Ben Shapiro, thinks Bernie Sanders is trying to kill off Jewish people, and thinks it’s “badass” when people don’t wear a mask. Can’t make this shit up people 🤦🏻‍♂️",,
people,2020-08-31 08:16:17,DrRipStudwell10,https://twitter.com/DrRipStudwell10,https://twitter.com/i/web/status/1300195665889423360,RT @CrypticNoOne: People still scared to wear a mask but will eat Burger King's 10 nuggets for $1,,
people,2020-08-27 07:37:25,NufcStottie,https://twitter.com/NufcStottie,https://twitter.com/i/web/status/1298736331552686085,@kaytieMmcqueen @markbritball Where I’d assume you’d both be wearing a mask. It’s totally stupid they aren’t letting you do that when whey would let you go to watch a basketball game. All I’m saying is the bit that’s wrong isn’t letting people watch sport it’s not letting your partner into the scan.,,
making,2020-08-31 07:08:42,midCden,https://twitter.com/midCden,https://twitter.com/i/web/status/1300178654727557120,"RT @Roscommon_Cat: So, lemme get this straight, Dan Andrews making people wear masks outside is a grotesque overreach into our liberties, b…",,
making,2020-08-31 08:37:51,TerpsMLC,https://twitter.com/TerpsMLC,https://twitter.com/i/web/status/1300201090781032449,"RT @Roscommon_Cat: So, lemme get this straight, Dan Andrews making people wear masks outside is a grotesque overreach into our liberties, b…",,
making,2020-08-31 06:57:03,hazard_damien,https://twitter.com/hazard_damien,https://twitter.com/i/web/status/1300175725480222721,"RT @Roscommon_Cat: So, lemme get this straight, Dan Andrews making people wear masks outside is a grotesque overreach into our liberties, b…",,
making,2020-08-28 07:11:15,AlexBirginG,https://twitter.com/AlexBirginG,https://twitter.com/i/web/status/1299092136479133696,"1st we had to enter in a pass-code to unlock our phone, then, there was finger-print technology, and finally facial recognition....which is really getting screwed up by having to wear a mask so frequently.  We were making progress. #MaskOn #COVID19 #COVID #COVIDー19",COVID,MaskOn
making,2020-08-27 06:31:54,TicketySplitUK,https://twitter.com/TicketySplitUK,https://twitter.com/i/web/status/1298719845463146496,"RT @GraceAnatomyUK: It's no use making announcements about obligatory wearing of face masks, @GWRHelp, if you don't enforce it. This is my…",,
making,2020-08-28 08:50:44,Yieki1,https://twitter.com/Yieki1,https://twitter.com/i/web/status/1299117171742666752,@nataliesurely You know what's worse? Having to wear glasses and hearing aids. Real estate behind the ears becomes very valuable. Most mask manufacturers only make ear strap masks. Not a lot of thought has gone into the rush of mask making.,,
making,2020-08-31 08:17:34,ElaineM11584892,https://twitter.com/ElaineM11584892,https://twitter.com/i/web/status/1300195985449132032,"RT @Roscommon_Cat: So, lemme get this straight, Dan Andrews making people wear masks outside is a grotesque overreach into our liberties, b…",,
making,2020-08-31 06:17:54,BigsNude,https://twitter.com/BigsNude,https://twitter.com/i/web/status/1300165870312812544,RT @JonathanFalcons: @Breaking911 Sure glad they decided letting criminals out of jail was safer than making them wear masks.,,
making,2020-08-30 08:12:37,Mes23161,https://twitter.com/Mes23161,https://twitter.com/i/web/status/1299832351774531589,"Dear Dude making people’s food at Wawa,  Your mask is not supposed to just barely cover your mouth. WEAR THE FUCKING MASK OVER YOUR NOSE DICKHEAD!  Sincerely,  A person who doesn’t want to die.",,
making,2020-08-30 08:01:14,tyrage3,https://twitter.com/tyrage3,https://twitter.com/i/web/status/1299829490739081222,"RT @Roscommon_Cat: So, lemme get this straight, Dan Andrews making people wear masks outside is a grotesque overreach into our liberties, b…",,
crowd,2020-08-30 08:54:25,matthew25496877,https://twitter.com/matthew25496877,https://twitter.com/i/web/status/1299842873152557056,RT @ShawnG927: Anti-Lockdown rally in London 🇬🇧 today! The “Wear a Mask 😷 and Social distance“ crowd won’t enjoy THIS VIDEO! 😃😂👍 https://t.…,,
crowd,2020-08-31 06:38:37,politelobster,https://twitter.com/politelobster,https://twitter.com/i/web/status/1300171085434904576,RT @ShawnG927: Anti-Lockdown rally in London 🇬🇧 today! The “Wear a Mask 😷 and Social distance“ crowd won’t enjoy THIS VIDEO! 😃😂👍 https://t.…,,
crowd,2020-09-01 08:19:20,lucentparanorm,https://twitter.com/lucentparanorm,https://twitter.com/i/web/status/1300558820704309248,"RT @choptopmoseley: Still Covid-19 free. Why? Wear a mask when I go out, wash my hands, don't hang out in crowds, take a B-complex daily an…",,
crowd,2020-08-30 08:52:10,Bert41295600,https://twitter.com/Bert41295600,https://twitter.com/i/web/status/1299842306091020288,RT @ShawnG927: Anti-Lockdown rally in London 🇬🇧 today! The “Wear a Mask 😷 and Social distance“ crowd won’t enjoy THIS VIDEO! 😃😂👍 https://t.…,,
crowd,2020-08-29 10:23:16,HimFlowers,https://twitter.com/HimFlowers,https://twitter.com/i/web/status/1299502845977264128,RT @politicususa: Nicolle Wallace blasts Trump for holding his RNC acceptance speech in front of a crowd that isn't social distancing or we…,,
crowd,2020-08-30 08:48:45,EllistonScott,https://twitter.com/EllistonScott,https://twitter.com/i/web/status/1299841445507919875,@Zebop Who do you think it is that is really rioting and causing the destruction? Easy to be a wolf among the flock when you are wearing a mask. Then when mischief is caused you disappear in the crowd and blame the protestors. Proves the left are crazy.,,
crowd,2020-08-31 04:52:03,stefanihamilt10,https://twitter.com/stefanihamilt10,https://twitter.com/i/web/status/1300144267545980928,RT @ShawnG927: Anti-Lockdown rally in London 🇬🇧 today! The “Wear a Mask 😷 and Social distance“ crowd won’t enjoy THIS VIDEO! 😃😂👍 https://t.…,,
crowd,2020-08-27 07:43:10,MrJakeTheMuss,https://twitter.com/MrJakeTheMuss,https://twitter.com/i/web/status/1298737777341853698,RT @FrankBuglioni: You must realise your an idiot when you wear a mask everywhere but take it off in a crowded restaurant or bar to eat &amp; d…,,
crowd,2020-08-27 06:11:18,Praveen68216745,https://twitter.com/Praveen68216745,https://twitter.com/i/web/status/1298714660695203844,"Q: Which medicine prevents COVID?  Hydroxychloroquine “Immunity booster” Blood thinners Zithromax Ivermectin  Remdesivir Vitamin C Actemra Aspirin Plasma Bleach Zinc  Answer: None of the above!  Wear a mask, wash hands, avoid crowds. Don’t crave fancy solutions to simple problems",,
crowd,2020-08-27 07:24:36,Sarrius,https://twitter.com/Sarrius,https://twitter.com/i/web/status/1298733107013509120,"RT @FB_BMB: Oh, look, it's Tom Cruise and Christopher McQuarrie in a London screening of Tenet that looks way too crowded given the circums…",,
ridiculous,2020-08-31 06:08:28,kal_hnd,https://twitter.com/kal_hnd,https://twitter.com/i/web/status/1300163497783894016,RT @canadiangirlbc1: I don’t know who needs to hear this but wearing a mask in your profile picture is ridiculous.,,
ridiculous,2020-08-31 07:33:32,MumearthC,https://twitter.com/MumearthC,https://twitter.com/i/web/status/1300184907776512000,RT @canadiangirlbc1: I don’t know who needs to hear this but wearing a mask in your profile picture is ridiculous.,,
ridiculous,2020-08-31 05:48:13,Alwaysred16,https://twitter.com/Alwaysred16,https://twitter.com/i/web/status/1300158403596234752,RT @canadiangirlbc1: I don’t know who needs to hear this but wearing a mask in your profile picture is ridiculous.,,
ridiculous,2020-08-28 05:07:29,ed_itu,https://twitter.com/ed_itu,https://twitter.com/i/web/status/1299060989468577793,@OohLookWine @elishaleann87 The hate is ridiculous! My son won’t be wearing mask cos as his Mum (&amp; nurse) I had to make decision by balancing the different risks Individual to him. But why can’t these ‘free speech’ wan£ers let people have opinions that differ from theirs? The judgement makes me so cross,,
ridiculous,2020-08-31 06:02:51,SusanMSwanson1,https://twitter.com/SusanMSwanson1,https://twitter.com/i/web/status/1300162084873949184,RT @canadiangirlbc1: I don’t know who needs to hear this but wearing a mask in your profile picture is ridiculous.,,
ridiculous,2020-08-31 08:34:24,SaltySpirit,https://twitter.com/SaltySpirit,https://twitter.com/i/web/status/1300200222530961408,RT @canadiangirlbc1: I don’t know who needs to hear this but wearing a mask in your profile picture is ridiculous.,,
ridiculous,2020-08-31 08:44:00,BukowskisNephew,https://twitter.com/BukowskisNephew,https://twitter.com/i/web/status/1300202639355977729,RT @canadiangirlbc1: I don’t know who needs to hear this but wearing a mask in your profile picture is ridiculous.,,
ridiculous,2020-08-28 07:00:29,markalanwhittle,https://twitter.com/markalanwhittle,https://twitter.com/i/web/status/1299089426967126016,"@florioj @Sflecce @KingaSurmaMPP Sure they are, why can't you handle the truth? Your ridiculous fear mongering makes you look silly. Try informing yourself, sounds like your Trustee's are useless, 3 feet is all you need for children. But why bother, just wear a mask, problem solved.",,
ridiculous,2020-08-31 05:28:20,dbamonkey13,https://twitter.com/dbamonkey13,https://twitter.com/i/web/status/1300153399346737152,RT @canadiangirlbc1: I don’t know who needs to hear this but wearing a mask in your profile picture is ridiculous.,,
ridiculous,2020-08-31 05:53:46,mikelucas64,https://twitter.com/mikelucas64,https://twitter.com/i/web/status/1300159799208808449,RT @canadiangirlbc1: I don’t know who needs to hear this but wearing a mask in your profile picture is ridiculous.,,
please,2020-08-28 04:25:17,Sandra_Polles,https://twitter.com/Sandra_Polles,https://twitter.com/i/web/status/1299050369469894657,"RT @ProfKarolSikora: I'm going to keep saying this. I don't care if you're happy wearing a mask or not, please at least use a bin when you'…",,
please,2020-08-28 04:27:14,OliverBaconUK,https://twitter.com/OliverBaconUK,https://twitter.com/i/web/status/1299050856411787266,"RT @ProfKarolSikora: I'm going to keep saying this. I don't care if you're happy wearing a mask or not, please at least use a bin when you'…",,
please,2020-08-28 08:00:46,LynxNamaste,https://twitter.com/LynxNamaste,https://twitter.com/i/web/status/1299104595000602624,"RT @ProfKarolSikora: I'm going to keep saying this. I don't care if you're happy wearing a mask or not, please at least use a bin when you'…",,
please,2020-08-27 08:28:48,benjiown,https://twitter.com/benjiown,https://twitter.com/i/web/status/1298749264856670208,RT @ItsBrianaWhite: Wear 🙃 your 🙃 mask 🙃 over 🙃 your🙃 nose 🙃 PLEASE 🙃🙃🙃,,
please,2020-08-27 07:59:04,genovese800,https://twitter.com/genovese800,https://twitter.com/i/web/status/1298741778812563457,"RT @TheBatman1961: OK, someone please correct me. If police can enter your home without a warrant during this lockdown, for what reason wou…",,
please,2020-08-27 08:02:56,BrendaKing3,https://twitter.com/BrendaKing3,https://twitter.com/i/web/status/1298742752608284672,@bdk1521 Wear a mask please. My daughter moved from eastern to western Washington to her sister’s and wore a mask in the house for two weeks.,,
please,2020-08-28 08:59:04,danielp_mc,https://twitter.com/danielp_mc,https://twitter.com/i/web/status/1299119269213597697,"RT @ProfKarolSikora: I'm going to keep saying this. I don't care if you're happy wearing a mask or not, please at least use a bin when you'…",,
please,2020-08-31 08:26:08,taslima_ullah,https://twitter.com/taslima_ullah,https://twitter.com/i/web/status/1300198142898565121,RT @AbzOrHugh: Everyone needs to WAP W - wear A - a mask P - please,,
please,2020-08-28 08:25:19,odsales14,https://twitter.com/odsales14,https://twitter.com/i/web/status/1299110773327900672,"I love handing people my ID when I'm wearing a hat, sunglasses, and a mask. Just like please believe it's me",,
please,2020-08-27 08:37:18,johnmwking,https://twitter.com/johnmwking,https://twitter.com/i/web/status/1298751401321836545,"RT @TheBatman1961: OK, someone please correct me. If police can enter your home without a warrant during this lockdown, for what reason wou…",,
still,2020-08-31 01:54:19,MAGICMIKE1212,https://twitter.com/MAGICMIKE1212,https://twitter.com/i/web/status/1300099539374759936,"@LadyJayPersists “I can’t wear a mask for an hour at the grocery store!! It gives me headaches. &amp; I have asthma! &amp; crotch rot!”  But I can wear a N95 covered by a surgical mask for 18 hours in the OR, along with every other health care worker on the planet, &amp; still save your fk’n life. Morons",,
still,2020-08-29 09:01:58,NBarton,https://twitter.com/NBarton,https://twitter.com/i/web/status/1299482385503850496,"@ABloke121 @SirJohnKryspen @abcnews Well I'd still be critical, family wants to see our grandparents, and I think they are being over the top about it. We should be able to take a test and then travel. Everyone should wear a mask indoors where the spread has all been and work into increase fresh air supply inside",,
still,2020-08-31 08:16:17,DrRipStudwell10,https://twitter.com/DrRipStudwell10,https://twitter.com/i/web/status/1300195665889423360,RT @CrypticNoOne: People still scared to wear a mask but will eat Burger King's 10 nuggets for $1,,
still,2020-08-28 07:18:04,awholetonofbees,https://twitter.com/awholetonofbees,https://twitter.com/i/web/status/1299093851332780033,"a c*p came in to my store cuz someone stole a phone today, and he wasnt wearing a mask?? like sir, we’re still in a pandemic?",,
still,2020-08-28 08:34:27,ChickenLicken42,https://twitter.com/ChickenLicken42,https://twitter.com/i/web/status/1299113074574520320,@TeamAPS Tbh I’ll probably still wear a mask just so I don’t have to smell some of these stanky mf’ers,,
still,2020-08-30 08:50:13,Fertweetssake1,https://twitter.com/Fertweetssake1,https://twitter.com/i/web/status/1299841817605627905,@Gaz19755792 And yet you're still promoting masks wearing. https://t.co/YgeTbee1ZQ,,
still,2020-09-01 08:19:20,lucentparanorm,https://twitter.com/lucentparanorm,https://twitter.com/i/web/status/1300558820704309248,"RT @choptopmoseley: Still Covid-19 free. Why? Wear a mask when I go out, wash my hands, don't hang out in crowds, take a B-complex daily an…",,
still,2020-08-31 06:16:48,TArsanyazmy,https://twitter.com/TArsanyazmy,https://twitter.com/i/web/status/1300165594541555712,RT @CrypticNoOne: People still scared to wear a mask but will eat Burger King's 10 nuggets for $1,,
still,2020-09-01 08:15:15,mplsalex,https://twitter.com/mplsalex,https://twitter.com/i/web/status/1300557790684082187,Five year old wore a mask all day at school and said “It was ok” when I asked him how it was. So maybe you can wear one for 15 minutes in Menards you big babies. How is this still an argument.,,
still,2020-08-31 05:16:05,eboyvic69,https://twitter.com/eboyvic69,https://twitter.com/i/web/status/1300150315111591936,RT @CrypticNoOne: People still scared to wear a mask but will eat Burger King's 10 nuggets for $1,,
kick,2020-08-31 07:08:31,M_B_Keating,https://twitter.com/M_B_Keating,https://twitter.com/i/web/status/1300178611404591104,RT @devdandrea: Just got kicked out of a store for not wearing a mask. Over 2020😖 https://t.co/5fgpR5KprD,,
kick,2020-08-30 07:35:53,Ross_vq,https://twitter.com/Ross_vq,https://twitter.com/i/web/status/1299823107562188800,RT @devdandrea: Just got kicked out of a store for not wearing a mask. Over 2020😖 https://t.co/5fgpR5KprD,,
kick,2020-08-30 08:31:36,oiyeahnahaye,https://twitter.com/oiyeahnahaye,https://twitter.com/i/web/status/1299837131297181696,RT @devdandrea: Just got kicked out of a store for not wearing a mask. Over 2020😖 https://t.co/5fgpR5KprD,,
kick,2020-08-31 05:17:54,rulemyownlife,https://twitter.com/rulemyownlife,https://twitter.com/i/web/status/1300150772659752960,"RT @romecartoons: As funny as idiots getting kicked out is, I hope folks know the undertones.  Unless you’re a manager, you aren’t allowed…",,
kick,2020-08-31 08:55:31,Marwa74105872,https://twitter.com/Marwa74105872,https://twitter.com/i/web/status/1300205537036910594,RT @devdandrea: Just got kicked out of a store for not wearing a mask. Over 2020😖 https://t.co/5fgpR5KprD,,
kick,2020-08-30 08:32:55,msalexismm,https://twitter.com/msalexismm,https://twitter.com/i/web/status/1299837463007879168,RT @devdandrea: Just got kicked out of a store for not wearing a mask. Over 2020😖 https://t.co/5fgpR5KprD,,
kick,2020-08-31 07:23:15,WatchKam_,https://twitter.com/WatchKam_,https://twitter.com/i/web/status/1300182319148359681,RT @devdandrea: Just got kicked out of a store for not wearing a mask. Over 2020😖 https://t.co/5fgpR5KprD,,
kick,2020-08-31 04:40:50,TheOrcBard,https://twitter.com/TheOrcBard,https://twitter.com/i/web/status/1300141443328012289,RT @devdandrea: Just got kicked out of a store for not wearing a mask. Over 2020😖 https://t.co/5fgpR5KprD,,
kick,2020-08-30 09:00:11,RydOrDi33,https://twitter.com/RydOrDi33,https://twitter.com/i/web/status/1299844322972426240,RT @devdandrea: Just got kicked out of a store for not wearing a mask. Over 2020😖 https://t.co/5fgpR5KprD,,
kick,2020-08-30 07:38:29,KidPsycha,https://twitter.com/KidPsycha,https://twitter.com/i/web/status/1299823763115180034,RT @devdandrea: Just got kicked out of a store for not wearing a mask. Over 2020😖 https://t.co/5fgpR5KprD,,
pretend,2020-08-30 07:47:03,CrazyJackie74,https://twitter.com/CrazyJackie74,https://twitter.com/i/web/status/1299825918668451840,"@MargieDemocracy @dojiggers @RickRL__ So you're saying large gatherings of people close up and not wearing masks is okay as a medical worker? I just need to hear you say it is all. I mean, you're black like me right? Or are you a white Trump supporter pretending just so we get infected?",,
pretend,2020-08-30 08:37:58,PerrineBridge,https://twitter.com/PerrineBridge,https://twitter.com/i/web/status/1299838733689077760,"RT @RebeccaBarr214: If you can pretend Bruce Jenner is a woman and Kamala Harris is black, you can pretend I’m wearing a mask.",,
pretend,2020-08-31 06:41:33,dogwhisperer94,https://twitter.com/dogwhisperer94,https://twitter.com/i/web/status/1300171824542687234,"RT @RebeccaBarr214: If you can pretend Bruce Jenner is a woman and Kamala Harris is black, you can pretend I’m wearing a mask.",,
pretend,2020-08-30 07:59:13,breezy673,https://twitter.com/breezy673,https://twitter.com/i/web/status/1299828979944177664,"RT @RebeccaBarr214: If you can pretend Bruce Jenner is a woman and Kamala Harris is black, you can pretend I’m wearing a mask.",,
pretend,2020-08-30 07:40:06,holisticfamily,https://twitter.com/holisticfamily,https://twitter.com/i/web/status/1299824171602468864,"RT @RebeccaBarr214: If you can pretend Bruce Jenner is a woman and Kamala Harris is black, you can pretend I’m wearing a mask.",,
pretend,2020-08-27 07:33:45,dawno317,https://twitter.com/dawno317,https://twitter.com/i/web/status/1298735408973398016,"I love wearing a mask, I love pretending I just finished the surgical procedure of my life every time I take it off.",,
pretend,2020-08-28 07:43:05,RayBake,https://twitter.com/RayBake,https://twitter.com/i/web/status/1299100144403656704,"@SenJoniErnst Your mask protects others while their mask protects you.  Choosing NOT to wear a mask while inside a building and not six feet or more away from people is rude, selfish, and arrogant.  Pretending everything is normal when Covid19 is sky high is Iowa is stupid.",,
pretend,2020-08-31 06:59:23,orme_duncan,https://twitter.com/orme_duncan,https://twitter.com/i/web/status/1300176311047000065,"RT @RebeccaBarr214: If you can pretend Bruce Jenner is a woman and Kamala Harris is black, you can pretend I’m wearing a mask.",,
pretend,2020-08-30 08:57:06,toddnelson111,https://twitter.com/toddnelson111,https://twitter.com/i/web/status/1299843547529580544,"RT @RebeccaBarr214: If you can pretend Bruce Jenner is a woman and Kamala Harris is black, you can pretend I’m wearing a mask.",,
pretend,2020-08-30 07:55:57,peterjswain,https://twitter.com/peterjswain,https://twitter.com/i/web/status/1299828159253082112,"RT @RebeccaBarr214: If you can pretend Bruce Jenner is a woman and Kamala Harris is black, you can pretend I’m wearing a mask.",,
picture,2020-08-31 06:08:28,kal_hnd,https://twitter.com/kal_hnd,https://twitter.com/i/web/status/1300163497783894016,RT @canadiangirlbc1: I don’t know who needs to hear this but wearing a mask in your profile picture is ridiculous.,,
picture,2020-08-31 07:33:32,MumearthC,https://twitter.com/MumearthC,https://twitter.com/i/web/status/1300184907776512000,RT @canadiangirlbc1: I don’t know who needs to hear this but wearing a mask in your profile picture is ridiculous.,,
picture,2020-08-31 05:48:13,Alwaysred16,https://twitter.com/Alwaysred16,https://twitter.com/i/web/status/1300158403596234752,RT @canadiangirlbc1: I don’t know who needs to hear this but wearing a mask in your profile picture is ridiculous.,,
picture,2020-08-31 06:02:51,SusanMSwanson1,https://twitter.com/SusanMSwanson1,https://twitter.com/i/web/status/1300162084873949184,RT @canadiangirlbc1: I don’t know who needs to hear this but wearing a mask in your profile picture is ridiculous.,,
picture,2020-08-31 08:34:24,SaltySpirit,https://twitter.com/SaltySpirit,https://twitter.com/i/web/status/1300200222530961408,RT @canadiangirlbc1: I don’t know who needs to hear this but wearing a mask in your profile picture is ridiculous.,,
picture,2020-08-31 08:34:13,BlokAshleigh,https://twitter.com/BlokAshleigh,https://twitter.com/i/web/status/1300200176536096768,After last night's programme on 60 minutes it is time to change your social media profile pictures to one's wearing your #freekylie face masks!!! https://t.co/f4El7ZjAvI,freekylie,freekylie
picture,2020-08-31 08:44:00,BukowskisNephew,https://twitter.com/BukowskisNephew,https://twitter.com/i/web/status/1300202639355977729,RT @canadiangirlbc1: I don’t know who needs to hear this but wearing a mask in your profile picture is ridiculous.,,
picture,2020-08-31 05:28:20,dbamonkey13,https://twitter.com/dbamonkey13,https://twitter.com/i/web/status/1300153399346737152,RT @canadiangirlbc1: I don’t know who needs to hear this but wearing a mask in your profile picture is ridiculous.,,
picture,2020-08-27 08:48:26,marvelbway,https://twitter.com/marvelbway,https://twitter.com/i/web/status/1298754203649798145,harry styles didnt get nearly enough shit for the pictures where he clearly wasnt wearing a mask in public https://t.co/yC0KQxESiM,,
picture,2020-08-31 07:04:26,evilgeniustobe,https://twitter.com/evilgeniustobe,https://twitter.com/i/web/status/1300177582051061761,@HunterDPhoenix inserts a picture of a million people raising their hands wearing masks that look like me,,
protect,2020-08-30 08:33:12,letmepicyou1,https://twitter.com/letmepicyou1,https://twitter.com/i/web/status/1299837535691173888,"@jodialimes There shouldn't be masks ANYWHERE ANYTIME until they can PROVE THE EXISTENCE OF COVID 19 by the satisfaction of KOCH'S POSTULATES.  Until THIS HAPPENS, they are forcing their child to wear something that doesn't protect him from anything for something non-existent. ?????",,
protect,2020-08-27 07:53:18,SydAlexMom,https://twitter.com/SydAlexMom,https://twitter.com/i/web/status/1298740329508532224,"RT @ThatDudesMother: @NotHoodlum He was wearing gloves but no mask, so the gloves weren't for #COVID__19 protection, they were for fingerpr…",COVID__19,COVID__19
protect,2020-08-27 05:59:21,aClassicLiberal,https://twitter.com/aClassicLiberal,https://twitter.com/i/web/status/1298711654012575748,"@aziz0nomics Read the thread before you answer. It says lockdown only elder care. I've said this since March. Protect eldercare like they are infection clinics, constantly test staff and patients, isolate, quarantine. The rest of the population can if they want wear masks and social distance",,
protect,2020-08-30 08:05:07,RaughtDenise,https://twitter.com/RaughtDenise,https://twitter.com/i/web/status/1299830465767944192,"RT @Laurie_Garrett: Everywhere the President travels, he goes without a mask. Doesn't he realize the mask is primarily worn to protect othe…",,
protect,2020-08-31 08:55:17,Robert95907116,https://twitter.com/Robert95907116,https://twitter.com/i/web/status/1300205479608475650,"@virginsnowbunny @abcnews Why capitalise that? Time will show that those who instituted destructive lockdown, here and elsewhere, quarantining the healthy instead of protecting the vulnerable are the real covidiots. Along with them will be the mask wearing morons.",,
protect,2020-08-27 08:41:46,BostonMaggie,https://twitter.com/BostonMaggie,https://twitter.com/i/web/status/1298752525164830722,"@LukeDashjr @StarUltranova @ImAwakeRU72 I'll do other things to protect my employees. But agreed, people who won't wear the masks are jerks.",,
protect,2020-08-29 09:31:29,RollSmiley,https://twitter.com/RollSmiley,https://twitter.com/i/web/status/1299489814773862400,"@PhilEhr @AmericanRena 7 months... and I still can't buy any N95 masks.  I get saving them for medical personnel at first. Made total sense. But since cloth masks are more to prevent you from infecting others than the other way around, it'd be nice to wear a mask that protects ME too.  DPA never used.",,
protect,2020-08-28 07:13:17,IJReilly4,https://twitter.com/IJReilly4,https://twitter.com/i/web/status/1299092648045674497,America has had employers preventing employees from wearing masks or denying them necessary protective gear.  We cannot allow our government to abandon US by rewarding these corporations with immunity from the consequences of their own irresponsible actions. https://t.co/uM2WtkbJAX https://t.co/iZ31aSWney,,
protect,2020-08-28 09:00:16,AliciaTDennis,https://twitter.com/AliciaTDennis,https://twitter.com/i/web/status/1299119567906639872,5. SUPPLY OF N95 RESPIRATOR MASKS  Is there a problem with the supply of #N95 masks?   If not then why the droplet only (Tier 2) advice for #HCW  Why aren’t all #HCW who are caring for #COVID19vic patients not wearing safety #PPE ie airborne/aerosol protection PPE?  6/,COVID19vic,PPE
protect,2020-08-31 05:29:40,Anne_Fallible,https://twitter.com/Anne_Fallible,https://twitter.com/i/web/status/1300153734744420354,"RT @Matthew_4_Trump: I shouldn't have to wear a mask to protect you.  Your face mask should keep you safe.  If it doesn't, I suggest you fi…",,
outside,2020-08-28 07:16:21,Rabbit683,https://twitter.com/Rabbit683,https://twitter.com/i/web/status/1299093416861548544,@TrustThePlan_ @Grimerica Lunacy. There’s outside and they have to wear a mask. The Andrews gov has to go. Look into Fabian Society.,,
outside,2020-08-31 07:08:42,midCden,https://twitter.com/midCden,https://twitter.com/i/web/status/1300178654727557120,"RT @Roscommon_Cat: So, lemme get this straight, Dan Andrews making people wear masks outside is a grotesque overreach into our liberties, b…",,
outside,2020-08-31 08:37:51,TerpsMLC,https://twitter.com/TerpsMLC,https://twitter.com/i/web/status/1300201090781032449,"RT @Roscommon_Cat: So, lemme get this straight, Dan Andrews making people wear masks outside is a grotesque overreach into our liberties, b…",,
outside,2020-08-31 06:57:03,hazard_damien,https://twitter.com/hazard_damien,https://twitter.com/i/web/status/1300175725480222721,"RT @Roscommon_Cat: So, lemme get this straight, Dan Andrews making people wear masks outside is a grotesque overreach into our liberties, b…",,
outside,2020-08-28 04:41:43,Ade4liver,https://twitter.com/Ade4liver,https://twitter.com/i/web/status/1299054504118292486,"RT @jeffphilips1: No social distancing, majority not wearing masks including you....irresponsibility outside government is irresponsibility…",,
outside,2020-08-31 05:57:39,ANIME2YT,https://twitter.com/ANIME2YT,https://twitter.com/i/web/status/1300160777555509248,RT @KodenX993: Funny how people get triggered about Vic not wearing a mask while there's idiots outside committing crimes. I fucking hate t…,,
outside,2020-08-27 07:46:40,WestEndTacoma,https://twitter.com/WestEndTacoma,https://twitter.com/i/web/status/1298738660238454784,@metparkstacoma FYI - Kids/teens wearing masks outside now have to deal with being taunted/bullied for doing so by other groups of young people at Titlow Park area.  #maskUpWA,maskUpWA,maskUpWA
outside,2020-08-27 06:01:12,GradyGray10,https://twitter.com/GradyGray10,https://twitter.com/i/web/status/1298712119114780674,"RT @robbysoave: So based on this chart, there is basically no reason to compel people to wear masks outside unless you're in a group activi…",,
outside,2020-08-31 08:17:34,ElaineM11584892,https://twitter.com/ElaineM11584892,https://twitter.com/i/web/status/1300195985449132032,"RT @Roscommon_Cat: So, lemme get this straight, Dan Andrews making people wear masks outside is a grotesque overreach into our liberties, b…",,
outside,2020-08-30 08:01:14,tyrage3,https://twitter.com/tyrage3,https://twitter.com/i/web/status/1299829490739081222,"RT @Roscommon_Cat: So, lemme get this straight, Dan Andrews making people wear masks outside is a grotesque overreach into our liberties, b…",,
virus,2020-08-28 07:22:12,DRH1959,https://twitter.com/DRH1959,https://twitter.com/i/web/status/1299094888537968640,"RT @SamBardo1: Let me get this straight, only 6% of corona deaths are purely from the virus all others had contributing factors.  So again…",,
virus,2020-08-31 08:45:13,svm_sarah,https://twitter.com/svm_sarah,https://twitter.com/i/web/status/1300202946936762368,Why wouldn’t @GladysB weak slow ass mandate mask wearing on public transport. I can’t understand politicians that don’t utilize precedent to the advantage of the community? #NSW #coronavirus #masks #virus #lockdown #GladysBerejiklian #australia,australia,virus
virus,2020-08-31 05:28:30,CU_L8R_Nutz,https://twitter.com/CU_L8R_Nutz,https://twitter.com/i/web/status/1300153438316032001,RT @bethanyshondark: “I have my small child so terrified of a virus that has a statistically insignificant chance of killing them that they…,,
virus,2020-08-31 06:46:20,Japanesebw,https://twitter.com/Japanesebw,https://twitter.com/i/web/status/1300173028022779904,"@business Let them cerebrate China without WuhanCorona their  job is done their target is done The remaining is trouble and  Tough life to the worldwide wearing mask,keeping distance leaving by fear while them celebrating ends of viruses.",,
virus,2020-08-31 06:35:13,EndLockDown,https://twitter.com/EndLockDown,https://twitter.com/i/web/status/1300170228496830469,@Londonjenny63 @EmmaRoulstone @clivesinclair @Yalinumberone You are seriously deluded if you think any virus will disappear because we all wear masks. They do not stop viral spread. Got no issue with u using them. I believe they are degrading and humiliating and I should have a choice. #KBF #BackToSchool2020,BackToSchool2020,KBF
virus,2020-08-27 07:40:05,gavi815,https://twitter.com/gavi815,https://twitter.com/i/web/status/1298737000858742787,"@Lukarule @Pete_M0ss @BradicalSkeptic @anthonyvclark20 If he wanted to prevent himself from getting the virus perhaps wearing a mask would be effective. Or better yet, don’t travel to another state to go to a large scale gathering to shoot people",,
virus,2020-08-28 08:06:55,IanniPat,https://twitter.com/IanniPat,https://twitter.com/i/web/status/1299106141561970689,Mate: do I need to wear a mask in the car while I'm driving? Me: yes you do because you might catch car-onavirus. I'll see myself out now.,,
virus,2020-08-31 06:06:29,KevNogga,https://twitter.com/KevNogga,https://twitter.com/i/web/status/1300162999550980106,"@LiamThorpECHO Wirral are a “concern” when 99,980 out of 100k DON’T have the virus.   It’s irresponsible to keep everyone focused on new cases. It’s hospitalisations and deaths that’s important.   This kind of reporting has people wearing face masks in their own living rooms FFS",,
virus,2020-08-30 08:32:28,i8MyLunch2Soon,https://twitter.com/i8MyLunch2Soon,https://twitter.com/i/web/status/1299837350089031682,"@psychology10100 @SgtBear3 People are wearing masks in every country around the world in an effort to reduce the spread of a contagious virus. But so many stupid Americans have led the USA to be #1 in infection and deaths - more than 180,000. Wear the fucking mask.",,
virus,2020-08-27 08:06:33,ImStillNoobNoob,https://twitter.com/ImStillNoobNoob,https://twitter.com/i/web/status/1298743663896326145,"Aww, poor Qaren gets banned from Delta because she's a hateful piece of trash who won't wear her mask and constantly rails about the virus being fake and masks being a method for control. Yeah, that's the point. Control the spread of the virus. KKKunt.  https://t.co/S8OifR45j8",,
white,2020-08-30 07:47:03,CrazyJackie74,https://twitter.com/CrazyJackie74,https://twitter.com/i/web/status/1299825918668451840,"@MargieDemocracy @dojiggers @RickRL__ So you're saying large gatherings of people close up and not wearing masks is okay as a medical worker? I just need to hear you say it is all. I mean, you're black like me right? Or are you a white Trump supporter pretending just so we get infected?",,
white,2020-08-28 05:20:08,victoriaaanoel,https://twitter.com/victoriaaanoel,https://twitter.com/i/web/status/1299064171544403968,white people telling everyone to comply but they can’t comply and wear a damn mask,,
white,2020-08-27 08:22:33,lledezmaa_,https://twitter.com/lledezmaa_,https://twitter.com/i/web/status/1298747691116007425,"RT @CherieAmor12: A White man walks into a store, asked to wear a mask, REFUSES, STEALS, then goes to his car and PULLs A GUN &amp; shoots at t…",,
white,2020-08-27 08:28:48,benjiown,https://twitter.com/benjiown,https://twitter.com/i/web/status/1298749264856670208,RT @ItsBrianaWhite: Wear 🙃 your 🙃 mask 🙃 over 🙃 your🙃 nose 🙃 PLEASE 🙃🙃🙃,,
white,2020-08-27 06:38:29,ghostsaurs,https://twitter.com/ghostsaurs,https://twitter.com/i/web/status/1298721500585791489,"RT @CherieAmor12: A White man walks into a store, asked to wear a mask, REFUSES, STEALS, then goes to his car and PULLs A GUN &amp; shoots at t…",,
white,2020-08-27 09:01:31,Jayy_Zee34,https://twitter.com/Jayy_Zee34,https://twitter.com/i/web/status/1298757494462771200,"RT @CherieAmor12: A White man walks into a store, asked to wear a mask, REFUSES, STEALS, then goes to his car and PULLs A GUN &amp; shoots at t…",,
white,2020-09-01 08:54:18,KungfuLaushi,https://twitter.com/KungfuLaushi,https://twitter.com/i/web/status/1300567620463112192,@WhiteHouse Except for when it's white nationalist babies crying over wearing a fucking mask.  Then a protest is ok.  #RacistInChief,RacistInChief,RacistInChief
white,2020-08-26 08:59:14,sales_shyann,https://twitter.com/sales_shyann,https://twitter.com/i/web/status/1298394532967415809,"RT @CherieAmor12: A White man walks into a store, asked to wear a mask, REFUSES, STEALS, then goes to his car and PULLs A GUN &amp; shoots at t…",,
white,2020-08-28 06:55:41,DingusMcMatthew,https://twitter.com/DingusMcMatthew,https://twitter.com/i/web/status/1299088215433830400,I wish 45+ old white men cared about wearing a mask as much as they do wearing MAGA garbage.,,
white,2020-08-28 05:00:48,stephenmjgedney,https://twitter.com/stephenmjgedney,https://twitter.com/i/web/status/1299059306734604289,It’s always middle aged white guys who don’t want to wear masks,,
andrew,2020-08-28 07:16:21,Rabbit683,https://twitter.com/Rabbit683,https://twitter.com/i/web/status/1299093416861548544,@TrustThePlan_ @Grimerica Lunacy. There’s outside and they have to wear a mask. The Andrews gov has to go. Look into Fabian Society.,,
andrew,2020-08-29 19:31:15,GeorgeCockroft,https://twitter.com/GeorgeCockroft,https://twitter.com/i/web/status/1299640751609901056,@AndrewHewat To be fair the construction worker I saw diligently wearing a mask  Was a kn95 and guaranteed not fit tested,,
andrew,2020-08-27 08:33:49,realscienceeee,https://twitter.com/realscienceeee,https://twitter.com/i/web/status/1298750524850761728,@Advance_Aust1 @DanielAndrewsMP But how can it be theyre all wearing masks!? Its almost as if masks don't do anything.,,
andrew,2020-08-31 07:08:42,midCden,https://twitter.com/midCden,https://twitter.com/i/web/status/1300178654727557120,"RT @Roscommon_Cat: So, lemme get this straight, Dan Andrews making people wear masks outside is a grotesque overreach into our liberties, b…",,
andrew,2020-08-31 08:37:51,TerpsMLC,https://twitter.com/TerpsMLC,https://twitter.com/i/web/status/1300201090781032449,"RT @Roscommon_Cat: So, lemme get this straight, Dan Andrews making people wear masks outside is a grotesque overreach into our liberties, b…",,
andrew,2020-08-31 06:57:03,hazard_damien,https://twitter.com/hazard_damien,https://twitter.com/i/web/status/1300175725480222721,"RT @Roscommon_Cat: So, lemme get this straight, Dan Andrews making people wear masks outside is a grotesque overreach into our liberties, b…",,
andrew,2020-09-01 08:11:40,Christo84801994,https://twitter.com/Christo84801994,https://twitter.com/i/web/status/1300556889613197312,RT @bossjr450: @riseupmelbourne The only thing you hope for right bow is that Daniel Andrews is removed. I mean even the military refused h…,,
andrew,2020-08-28 05:59:04,almostalefty,https://twitter.com/almostalefty,https://twitter.com/i/web/status/1299073970919022592,@Adam_Creighton Most of us like the curfew because it means less crime. Mask wearing gives us a chance to beat Covid. We have no faith in the Andrews government to tackle any big issue.,,
andrew,2020-08-31 08:17:34,ElaineM11584892,https://twitter.com/ElaineM11584892,https://twitter.com/i/web/status/1300195985449132032,"RT @Roscommon_Cat: So, lemme get this straight, Dan Andrews making people wear masks outside is a grotesque overreach into our liberties, b…",,
andrew,2020-08-30 08:01:14,tyrage3,https://twitter.com/tyrage3,https://twitter.com/i/web/status/1299829490739081222,"RT @Roscommon_Cat: So, lemme get this straight, Dan Andrews making people wear masks outside is a grotesque overreach into our liberties, b…",,
actual,2020-08-28 05:09:46,TOrange007,https://twitter.com/TOrange007,https://twitter.com/i/web/status/1299061561613574145,RT @StormYorha: tfw crash bandicoot is out there wearing a mask and actual people won't https://t.co/wwvqmy2KSm,,
actual,2020-08-27 07:29:49,suckethit,https://twitter.com/suckethit,https://twitter.com/i/web/status/1298734421097381888,Is this girl actually acting like she’s not wearing a lil ugly early 2010’s cheetah print mask in her pfp or https://t.co/mLLNGTOz0v,,
actual,2020-08-28 07:21:40,Redo_Zer0,https://twitter.com/Redo_Zer0,https://twitter.com/i/web/status/1299094755670855681,RT @StormYorha: tfw crash bandicoot is out there wearing a mask and actual people won't https://t.co/wwvqmy2KSm,,
actual,2020-08-28 08:43:18,chessterminated,https://twitter.com/chessterminated,https://twitter.com/i/web/status/1299115298679906305,@Revegelance @Independent actualy no - i agree with wearing masks so ha ha - just a stupid video with no scientific value,,
actual,2020-08-31 07:04:30,RealSamMelton,https://twitter.com/RealSamMelton,https://twitter.com/i/web/status/1300177601076527105,RT @kycovid19data: @BluegrassPundit The @GovAndyBeshear administration actually says that wearing masks has “blunted the increase” in new d…,,
actual,2020-08-28 06:33:21,Inc0gnit04d,https://twitter.com/Inc0gnit04d,https://twitter.com/i/web/status/1299082598459813889,RT @StormYorha: tfw crash bandicoot is out there wearing a mask and actual people won't https://t.co/wwvqmy2KSm,,
actual,2020-08-28 04:13:56,CaroleAileen,https://twitter.com/CaroleAileen,https://twitter.com/i/web/status/1299047510304989185,RT @PMGRANDS1: Am I the only one who actually gets pissed when I see everyone wearing masks?  Everytime I go to a store I'm Always the only…,,
actual,2020-08-28 06:13:12,edgyelle,https://twitter.com/edgyelle,https://twitter.com/i/web/status/1299077524618608640,RT @StormYorha: tfw crash bandicoot is out there wearing a mask and actual people won't https://t.co/wwvqmy2KSm,,
actual,2020-08-28 04:38:01,vichd1,https://twitter.com/vichd1,https://twitter.com/i/web/status/1299053570780729345,RT @StormYorha: tfw crash bandicoot is out there wearing a mask and actual people won't https://t.co/wwvqmy2KSm,,
actual,2020-08-28 03:46:21,homeschoolcurr,https://twitter.com/homeschoolcurr,https://twitter.com/i/web/status/1299040569629409282,"@stacieneep Well, you are actually being fantastically disrespectful of others, feeling you have the right to place them in jeopardy without explanation.  If you have a health reason, state it.  If not, wear a mask.  If that doesn't work for you, too damned bad.",,
liberty,2020-08-28 05:26:39,tahn1286,https://twitter.com/tahn1286,https://twitter.com/i/web/status/1299065811651325952,"@AlisonBirgel @johnpavlovitz @LibertyU I agree with you, but it’s really hard to get my head around Christians supporting Trump and acting like a cult... Suing to open churches in person, supporting racist immigration policies, refusing to wear masks, etc... makes me question things.",,
liberty,2020-08-28 07:30:14,mbedwards1987,https://twitter.com/mbedwards1987,https://twitter.com/i/web/status/1299096909991350272,Getting fucking pissed right off with people moaning that masks are taking away their “identity” or their “civil liberty” you are literally being asked to wear it in a select few public places.  Wear your fucking mask in the Asda Karen you fucking cunt.,,
anymore,2020-08-27 08:20:53,de_lion95,https://twitter.com/de_lion95,https://twitter.com/i/web/status/1298747268976259074,RT @KingJames: They ain’t even wearing mask anymore!,,
anymore,2020-08-30 09:02:06,KEVINBARR420Sea,https://twitter.com/KEVINBARR420Sea,https://twitter.com/i/web/status/1299844804658913280,Me at the grocery store anymore. Wear a damn mask!! https://t.co/QAstP4RDZN,,
anymore,2020-08-27 07:19:02,ajswanson_94,https://twitter.com/ajswanson_94,https://twitter.com/i/web/status/1298731705985937408,RT @KingJames: They ain’t even wearing mask anymore!,,
anymore,2020-08-27 08:38:40,OBCDamian,https://twitter.com/OBCDamian,https://twitter.com/i/web/status/1298751746479722496,RT @KingJames: They ain’t even wearing mask anymore!,,
anymore,2020-08-27 07:15:01,lkabaynes96,https://twitter.com/lkabaynes96,https://twitter.com/i/web/status/1298730692537225216,RT @KingJames: They ain’t even wearing mask anymore!,,
anymore,2020-08-27 07:23:22,4Winnersfhsales,https://twitter.com/4Winnersfhsales,https://twitter.com/i/web/status/1298732797914275840,RT @KingJames: They ain’t even wearing mask anymore!,,
anymore,2020-08-27 06:05:21,Arnaldopacheco_,https://twitter.com/Arnaldopacheco_,https://twitter.com/i/web/status/1298713163429421060,RT @KingJames: They ain’t even wearing mask anymore!,,
anymore,2020-08-27 07:58:40,Starkesea1,https://twitter.com/Starkesea1,https://twitter.com/i/web/status/1298741679319465985,RT @KingJames: They ain’t even wearing mask anymore!,,
anymore,2020-08-27 07:26:25,MJResister,https://twitter.com/MJResister,https://twitter.com/i/web/status/1298733565379674113,RT @KingJames: They ain’t even wearing mask anymore!,,
anymore,2020-08-27 07:07:09,FrankieJayBenji,https://twitter.com/FrankieJayBenji,https://twitter.com/i/web/status/1298728716730880000,RT @KingJames: They ain’t even wearing mask anymore!,,
video,2020-08-30 08:54:25,matthew25496877,https://twitter.com/matthew25496877,https://twitter.com/i/web/status/1299842873152557056,RT @ShawnG927: Anti-Lockdown rally in London 🇬🇧 today! The “Wear a Mask 😷 and Social distance“ crowd won’t enjoy THIS VIDEO! 😃😂👍 https://t.…,,
video,2020-08-31 06:38:37,politelobster,https://twitter.com/politelobster,https://twitter.com/i/web/status/1300171085434904576,RT @ShawnG927: Anti-Lockdown rally in London 🇬🇧 today! The “Wear a Mask 😷 and Social distance“ crowd won’t enjoy THIS VIDEO! 😃😂👍 https://t.…,,
video,2020-08-28 08:43:18,chessterminated,https://twitter.com/chessterminated,https://twitter.com/i/web/status/1299115298679906305,@Revegelance @Independent actualy no - i agree with wearing masks so ha ha - just a stupid video with no scientific value,,
video,2020-08-30 08:52:10,Bert41295600,https://twitter.com/Bert41295600,https://twitter.com/i/web/status/1299842306091020288,RT @ShawnG927: Anti-Lockdown rally in London 🇬🇧 today! The “Wear a Mask 😷 and Social distance“ crowd won’t enjoy THIS VIDEO! 😃😂👍 https://t.…,,
video,2020-08-31 04:52:03,stefanihamilt10,https://twitter.com/stefanihamilt10,https://twitter.com/i/web/status/1300144267545980928,RT @ShawnG927: Anti-Lockdown rally in London 🇬🇧 today! The “Wear a Mask 😷 and Social distance“ crowd won’t enjoy THIS VIDEO! 😃😂👍 https://t.…,,
video,2020-08-30 08:07:52,autumn_daze00,https://twitter.com/autumn_daze00,https://twitter.com/i/web/status/1299831158180442112,I have an acquaintance who is constantly posting videos of her flying to different states/countries. She doesn't wear masks or practice social distancing at all. She's probably asymptomatic but it's just incredible how much she does not care about the virus,,
video,2020-08-30 08:40:57,almightypuja,https://twitter.com/almightypuja,https://twitter.com/i/web/status/1299839484964470784,"Saw a friend post videos of Nice, Eu.. everybody is partying drinking barely few are wearing masks! 0 social distancing! How are we, not them, a threat to communities? #LoveIsNotTourism Its like we are in a Parallel Universe! https://t.co/tolHQ0e2Mb",LoveIsNotTourism,LoveIsNotTourism
video,2020-08-31 15:27:27,Andrew_McMillen,https://twitter.com/Andrew_McMillen,https://twitter.com/i/web/status/1300304168964374529,"Art imitated life at the 2020 MTV Video Music Awards when two of the biggest stars of American pop music, Lady Gaga and Ariana Grande, took to the stage to perform a high-energy dance routine while wearing face masks. https://t.co/pqRlIql8ht @australian #VMAs @MTVAUSTRALIA",VMAs,VMAs
video,2020-08-30 08:55:07,FramesWalsh,https://twitter.com/FramesWalsh,https://twitter.com/i/web/status/1299843051238678530,RT @ShawnG927: Anti-Lockdown rally in London 🇬🇧 today! The “Wear a Mask 😷 and Social distance“ crowd won’t enjoy THIS VIDEO! 😃😂👍 https://t.…,,
video,2020-08-31 07:43:38,VeDub,https://twitter.com/VeDub,https://twitter.com/i/web/status/1300187448241135617,RT @ShawnG927: Anti-Lockdown rally in London 🇬🇧 today! The “Wear a Mask 😷 and Social distance“ crowd won’t enjoy THIS VIDEO! 😃😂👍 https://t.…,,
think,2020-08-27 06:50:11,letmepicyou1,https://twitter.com/letmepicyou1,https://twitter.com/i/web/status/1298724444953817088,"@DanaMcCue2 @danhill2011 It's a badge of honor to not be a mask wearing simp that's been fooled into thinking healthy people are a threat to other healthy people.  HOW oh HOW, MY LORD, DO I AWAKEN THY PEOPLE?",,
think,2020-08-29 09:01:58,NBarton,https://twitter.com/NBarton,https://twitter.com/i/web/status/1299482385503850496,"@ABloke121 @SirJohnKryspen @abcnews Well I'd still be critical, family wants to see our grandparents, and I think they are being over the top about it. We should be able to take a test and then travel. Everyone should wear a mask indoors where the spread has all been and work into increase fresh air supply inside",,
think,2020-08-28 07:53:01,GodEatsLambs,https://twitter.com/GodEatsLambs,https://twitter.com/i/web/status/1299102645987078144,"Lord help me, my co-worker is talkin Qanon conspiracies. This is the same guy who’s Anti-vax, loves Ben Shapiro, thinks Bernie Sanders is trying to kill off Jewish people, and thinks it’s “badass” when people don’t wear a mask. Can’t make this shit up people 🤦🏻‍♂️",,
think,2020-08-28 06:34:31,RuhEyeIn,https://twitter.com/RuhEyeIn,https://twitter.com/i/web/status/1299082888399462413,@emmaohkneel i get a full on panic attack when I think about going back and I just know people are gonna not wear masks and fk around with it,,
think,2020-08-30 09:26:50,jjjove,https://twitter.com/jjjove,https://twitter.com/i/web/status/1299851029232586752,@vanOnselenP As a Melbourne resident I’m thinking it’s time to revisit the rule that kids under 15 don’t need to wear masks in public. I think the outdated pronouncements by Morrison et al from months ago might be putting us in danger.,,
think,2020-08-31 07:09:57,4emily4emily,https://twitter.com/4emily4emily,https://twitter.com/i/web/status/1300178971745685504,What class did a large portion of Americans APPARENTLY fail in school to think that wearing a mask does nothing? #science? #commonsense? #WearADamnMask,commonsense,WearADamnMask
think,2020-09-01 08:15:43,myclothesbrush,https://twitter.com/myclothesbrush,https://twitter.com/i/web/status/1300557907520487424,RT @teelareid: The fact Sydneysiders are waiting for masks to be mandatory before they wear them just goes to show how people can’t think f…,,
think,2020-08-27 06:33:10,eboyvic69,https://twitter.com/eboyvic69,https://twitter.com/i/web/status/1298720161365553153,RT @mugendaiyo: The Nintendo fans who think Nintendo is just skipping this year in terms of game releases don't wear masks in public,,
think,2020-08-31 06:35:13,EndLockDown,https://twitter.com/EndLockDown,https://twitter.com/i/web/status/1300170228496830469,@Londonjenny63 @EmmaRoulstone @clivesinclair @Yalinumberone You are seriously deluded if you think any virus will disappear because we all wear masks. They do not stop viral spread. Got no issue with u using them. I believe they are degrading and humiliating and I should have a choice. #KBF #BackToSchool2020,BackToSchool2020,KBF
think,2020-08-31 06:31:38,FreeVolition,https://twitter.com/FreeVolition,https://twitter.com/i/web/status/1300169326293467136,I don't think Twitter is the way to reach people who think wearing a mask is a bad thing.  What do we do before they start screaming at wal-mart greeters?,,
ask,2020-08-27 06:45:06,PeterWellingto8,https://twitter.com/PeterWellingto8,https://twitter.com/i/web/status/1298723164839526406,@simon_sat I've been tolds you was seen in a sex shops wearing a gimp mask. Is this true you naughty liar ?,,
ask,2020-08-30 07:47:03,CrazyJackie74,https://twitter.com/CrazyJackie74,https://twitter.com/i/web/status/1299825918668451840,"@MargieDemocracy @dojiggers @RickRL__ So you're saying large gatherings of people close up and not wearing masks is okay as a medical worker? I just need to hear you say it is all. I mean, you're black like me right? Or are you a white Trump supporter pretending just so we get infected?",,
ask,2020-08-27 08:20:53,de_lion95,https://twitter.com/de_lion95,https://twitter.com/i/web/status/1298747268976259074,RT @KingJames: They ain’t even wearing mask anymore!,,
ask,2020-08-31 07:08:31,M_B_Keating,https://twitter.com/M_B_Keating,https://twitter.com/i/web/status/1300178611404591104,RT @devdandrea: Just got kicked out of a store for not wearing a mask. Over 2020😖 https://t.co/5fgpR5KprD,,
ask,2020-08-28 04:25:17,Sandra_Polles,https://twitter.com/Sandra_Polles,https://twitter.com/i/web/status/1299050369469894657,"RT @ProfKarolSikora: I'm going to keep saying this. I don't care if you're happy wearing a mask or not, please at least use a bin when you'…",,
ask,2020-08-31 04:55:25,BrianWalz,https://twitter.com/BrianWalz,https://twitter.com/i/web/status/1300145113021153282,@GregAbbott_TX @POTUS The President doesn't respect you enough to wear a mask.,,
ask,2020-08-27 06:50:11,letmepicyou1,https://twitter.com/letmepicyou1,https://twitter.com/i/web/status/1298724444953817088,"@DanaMcCue2 @danhill2011 It's a badge of honor to not be a mask wearing simp that's been fooled into thinking healthy people are a threat to other healthy people.  HOW oh HOW, MY LORD, DO I AWAKEN THY PEOPLE?",,
ask,2020-08-30 08:33:12,letmepicyou1,https://twitter.com/letmepicyou1,https://twitter.com/i/web/status/1299837535691173888,"@jodialimes There shouldn't be masks ANYWHERE ANYTIME until they can PROVE THE EXISTENCE OF COVID 19 by the satisfaction of KOCH'S POSTULATES.  Until THIS HAPPENS, they are forcing their child to wear something that doesn't protect him from anything for something non-existent. ?????",,
ask,2020-08-28 03:58:59,spencertr0p,https://twitter.com/spencertr0p,https://twitter.com/i/web/status/1299043749780054018,How do people wear their masks wrong? Like it’s not that hard to put on right lmaooo,,
ask,2020-08-31 04:44:47,IrisHam38259479,https://twitter.com/IrisHam38259479,https://twitter.com/i/web/status/1300142438149951488,Will the public mandate of everyone must wear a mask in order to enter public places lead to everyone must take the vaccine in order to enter public places? Where is all of this really leading to? https://t.co/P3CvUeQPa7,,
case,2020-08-27 08:24:55,smithhobbyfarm,https://twitter.com/smithhobbyfarm,https://twitter.com/i/web/status/1298748284278898693,RT @j_algonquin: @GovAndyBeshear So after 6 1/2 weeks since mask law cases haven’t declined as promised by wearing worthless face diaper. W…,,
case,2020-08-27 08:59:08,peteymjs,https://twitter.com/peteymjs,https://twitter.com/i/web/status/1298756895130284033,@petcrmjbags well where he is in australia has lifted retrictions alot and getting less than 10 cases a day so he is allowed to see people... but he should be social distancing more and wearing a mask,,
case,2020-08-31 06:06:29,KevNogga,https://twitter.com/KevNogga,https://twitter.com/i/web/status/1300162999550980106,"@LiamThorpECHO Wirral are a “concern” when 99,980 out of 100k DON’T have the virus.   It’s irresponsible to keep everyone focused on new cases. It’s hospitalisations and deaths that’s important.   This kind of reporting has people wearing face masks in their own living rooms FFS",,
case,2020-08-31 08:54:31,EllaCookWrites,https://twitter.com/EllaCookWrites,https://twitter.com/i/web/status/1300205287891259399,"@TonyMar19461902 @laalaabee @carpman81 @Laurinde @GeorgeWebster And 83,000 cases and 5000+ deaths. In a country with less than 10million people. That's an infection rate of 8,300 per million. With less than half the tests of some other countries.  I'd hardly hold it up as a success.  S.Korea on other hand. Wear masks. Infection rate: 384/mil",,
case,2020-08-28 08:57:00,hecivan70,https://twitter.com/hecivan70,https://twitter.com/i/web/status/1299118745877536770,RT @JodiMcKayMP: Twenty COVID cases this week - including a trainee bus driver. For goodness sake @GladysB please make face masks mandatory…,,
case,2020-08-28 08:03:05,GordonAplin,https://twitter.com/GordonAplin,https://twitter.com/i/web/status/1299105178969235457,RT @JodiMcKayMP: Twenty COVID cases this week - including a trainee bus driver. For goodness sake @GladysB please make face masks mandatory…,,
case,2020-08-28 06:24:15,FineTunedOrange,https://twitter.com/FineTunedOrange,https://twitter.com/i/web/status/1299080308562833408,"RT @KUSINews: After analyzing the data, @Justin_Hart concluded there is zero correlation between the wearing of masks and decrease in case…",,
case,2020-08-28 07:33:34,GregChinery,https://twitter.com/GregChinery,https://twitter.com/i/web/status/1299097751905394693,RT @JodiMcKayMP: Twenty COVID cases this week - including a trainee bus driver. For goodness sake @GladysB please make face masks mandatory…,,
case,2020-08-28 07:22:54,laite_love,https://twitter.com/laite_love,https://twitter.com/i/web/status/1299095066988785664,"@BaseballSchmoes @Moelikhyd @conservative_nz and have another lockdown again, more cases again 🙄♻️  more unlawful enforcement like the announcement of $300 fines for not wearing a mask that doesn’t protect anyone from a virus 🤡",,
case,2020-08-28 08:28:50,wazzucoug9944,https://twitter.com/wazzucoug9944,https://twitter.com/i/web/status/1299111658355212288,"@Troy_Harwell @NCMattJ @StartupPsychic @markknoller Masks work dopey,  my town proved it.  350 cases a day, masks became required. The last 10 days after 2 months wearing them average 14 day. Go put on a mask or stick your head up your  a...",,
going,2020-08-28 04:25:17,Sandra_Polles,https://twitter.com/Sandra_Polles,https://twitter.com/i/web/status/1299050369469894657,"RT @ProfKarolSikora: I'm going to keep saying this. I don't care if you're happy wearing a mask or not, please at least use a bin when you'…",,
going,2020-08-28 04:27:14,OliverBaconUK,https://twitter.com/OliverBaconUK,https://twitter.com/i/web/status/1299050856411787266,"RT @ProfKarolSikora: I'm going to keep saying this. I don't care if you're happy wearing a mask or not, please at least use a bin when you'…",,
going,2020-08-28 06:34:31,RuhEyeIn,https://twitter.com/RuhEyeIn,https://twitter.com/i/web/status/1299082888399462413,@emmaohkneel i get a full on panic attack when I think about going back and I just know people are gonna not wear masks and fk around with it,,
going,2020-08-31 07:16:47,bitcoinclubmt,https://twitter.com/bitcoinclubmt,https://twitter.com/i/web/status/1300180691074912258,"@LukeDashjr @jimmysong If we're all going to die, then why wear masks in the first place?  Every heard of the immune system?",,
going,2020-08-28 08:00:46,LynxNamaste,https://twitter.com/LynxNamaste,https://twitter.com/i/web/status/1299104595000602624,"RT @ProfKarolSikora: I'm going to keep saying this. I don't care if you're happy wearing a mask or not, please at least use a bin when you'…",,
going,2020-08-30 07:47:26,marleighannette,https://twitter.com/marleighannette,https://twitter.com/i/web/status/1299826017108979718,RT @arxllano22: Stop going out and wear a mask so the athletes that are responsible can play!!,,
going,2020-08-31 04:50:40,Cyn8975,https://twitter.com/Cyn8975,https://twitter.com/i/web/status/1300143917799583745,"RT @AllTransLivesM1: Little Headache starting, temp is 102.0 going to bed to sleep it off …Its been weeks now having this COVID-19 this thi…",,
going,2020-08-27 05:55:44,kal_hnd,https://twitter.com/kal_hnd,https://twitter.com/i/web/status/1298710741378195463,RT @abigailmarone: Everybody is going to vote by mail. Why? I have an id. I am not stupid. I’m an immigrant. I am able to provide an id. I…,,
going,2020-08-27 08:43:54,paige_trnr,https://twitter.com/paige_trnr,https://twitter.com/i/web/status/1298753064413745153,RT @s0phs0phs0ph: I am sick of my partner coming home upset because the general public berate her at work. Can people going out to attracti…,,
going,2020-08-28 06:17:24,Gigglebits3,https://twitter.com/Gigglebits3,https://twitter.com/i/web/status/1299078583135076352,RT @martingeddes: People wearing 😷 are going to look back at the words of those who were 🐸 in utter disbelief. Not only were the 😁 hopeless…,,
refuse,2020-08-27 08:22:33,lledezmaa_,https://twitter.com/lledezmaa_,https://twitter.com/i/web/status/1298747691116007425,"RT @CherieAmor12: A White man walks into a store, asked to wear a mask, REFUSES, STEALS, then goes to his car and PULLs A GUN &amp; shoots at t…",,
refuse,2020-08-27 06:38:29,ghostsaurs,https://twitter.com/ghostsaurs,https://twitter.com/i/web/status/1298721500585791489,"RT @CherieAmor12: A White man walks into a store, asked to wear a mask, REFUSES, STEALS, then goes to his car and PULLs A GUN &amp; shoots at t…",,
refuse,2020-08-27 09:01:31,Jayy_Zee34,https://twitter.com/Jayy_Zee34,https://twitter.com/i/web/status/1298757494462771200,"RT @CherieAmor12: A White man walks into a store, asked to wear a mask, REFUSES, STEALS, then goes to his car and PULLs A GUN &amp; shoots at t…",,
refuse,2020-09-01 08:11:40,Christo84801994,https://twitter.com/Christo84801994,https://twitter.com/i/web/status/1300556889613197312,RT @bossjr450: @riseupmelbourne The only thing you hope for right bow is that Daniel Andrews is removed. I mean even the military refused h…,,
refuse,2020-08-26 08:59:14,sales_shyann,https://twitter.com/sales_shyann,https://twitter.com/i/web/status/1298394532967415809,"RT @CherieAmor12: A White man walks into a store, asked to wear a mask, REFUSES, STEALS, then goes to his car and PULLs A GUN &amp; shoots at t…",,
refuse,2020-08-27 08:37:49,kapichinoo,https://twitter.com/kapichinoo,https://twitter.com/i/web/status/1298751532188368896,"RT @CherieAmor12: A White man walks into a store, asked to wear a mask, REFUSES, STEALS, then goes to his car and PULLs A GUN &amp; shoots at t…",,
refuse,2020-08-27 06:43:27,TyDye5960649506,https://twitter.com/TyDye5960649506,https://twitter.com/i/web/status/1298722751935418370,"@ndngerald @bollygoodyall @SKSqueeky @RepKarenBass Against the modern police, sure. In 10 years time when their authority has grown and your kid refuses to wear a mask for a new epidemic or there's a rediculous curfew and he lost track of time, things might go a little different.",,
refuse,2020-08-31 04:54:03,todayfeelsgood,https://twitter.com/todayfeelsgood,https://twitter.com/i/web/status/1300144769813721090,@BenjaminPDixon Where are the MEN?!?!? Women stop stepping up to these psychopaths. They will hit you. For those who want to “express their rights” refuse to wear a mask when @walmart requires it for you to enter the store - DO AN ONLINE ORDER &amp; DRIVE UP AND GET IT!!! Really it’s not that hard.,,
refuse,2020-08-28 06:28:35,Willow33391,https://twitter.com/Willow33391,https://twitter.com/i/web/status/1299081395374039067,If a mask mandate comes down we will have to go to war. Its already bad enough and I refuse to wear one.,,
refuse,2020-08-31 07:31:30,BRITISH__ROYALS,https://twitter.com/BRITISH__ROYALS,https://twitter.com/i/web/status/1300184395958149124,RT @essenviews: This Trump supporter refused to wear a mask and is nuts. https://t.co/CaIm1Nv17C,,
store,2020-08-31 07:08:31,M_B_Keating,https://twitter.com/M_B_Keating,https://twitter.com/i/web/status/1300178611404591104,RT @devdandrea: Just got kicked out of a store for not wearing a mask. Over 2020😖 https://t.co/5fgpR5KprD,,
store,2020-08-31 01:54:19,MAGICMIKE1212,https://twitter.com/MAGICMIKE1212,https://twitter.com/i/web/status/1300099539374759936,"@LadyJayPersists “I can’t wear a mask for an hour at the grocery store!! It gives me headaches. &amp; I have asthma! &amp; crotch rot!”  But I can wear a N95 covered by a surgical mask for 18 hours in the OR, along with every other health care worker on the planet, &amp; still save your fk’n life. Morons",,
store,2020-08-30 09:02:06,KEVINBARR420Sea,https://twitter.com/KEVINBARR420Sea,https://twitter.com/i/web/status/1299844804658913280,Me at the grocery store anymore. Wear a damn mask!! https://t.co/QAstP4RDZN,,
store,2020-08-30 07:35:53,Ross_vq,https://twitter.com/Ross_vq,https://twitter.com/i/web/status/1299823107562188800,RT @devdandrea: Just got kicked out of a store for not wearing a mask. Over 2020😖 https://t.co/5fgpR5KprD,,
store,2020-08-30 08:31:36,oiyeahnahaye,https://twitter.com/oiyeahnahaye,https://twitter.com/i/web/status/1299837131297181696,RT @devdandrea: Just got kicked out of a store for not wearing a mask. Over 2020😖 https://t.co/5fgpR5KprD,,
store,2020-08-28 07:18:04,awholetonofbees,https://twitter.com/awholetonofbees,https://twitter.com/i/web/status/1299093851332780033,"a c*p came in to my store cuz someone stole a phone today, and he wasnt wearing a mask?? like sir, we’re still in a pandemic?",,
store,2020-08-30 07:35:28,Sam32713965,https://twitter.com/Sam32713965,https://twitter.com/i/web/status/1299823004143083520,"RT @philgaimon: When I see people at the store wearing masks on their chins, I want to ask how they wear a condom.",,
store,2020-08-27 08:22:33,lledezmaa_,https://twitter.com/lledezmaa_,https://twitter.com/i/web/status/1298747691116007425,"RT @CherieAmor12: A White man walks into a store, asked to wear a mask, REFUSES, STEALS, then goes to his car and PULLs A GUN &amp; shoots at t…",,
store,2020-08-31 08:55:31,Marwa74105872,https://twitter.com/Marwa74105872,https://twitter.com/i/web/status/1300205537036910594,RT @devdandrea: Just got kicked out of a store for not wearing a mask. Over 2020😖 https://t.co/5fgpR5KprD,,
store,2020-08-27 06:38:29,ghostsaurs,https://twitter.com/ghostsaurs,https://twitter.com/i/web/status/1298721500585791489,"RT @CherieAmor12: A White man walks into a store, asked to wear a mask, REFUSES, STEALS, then goes to his car and PULLs A GUN &amp; shoots at t…",,
distance,2020-08-27 05:59:21,aClassicLiberal,https://twitter.com/aClassicLiberal,https://twitter.com/i/web/status/1298711654012575748,"@aziz0nomics Read the thread before you answer. It says lockdown only elder care. I've said this since March. Protect eldercare like they are infection clinics, constantly test staff and patients, isolate, quarantine. The rest of the population can if they want wear masks and social distance",,
distance,2020-08-30 08:54:25,matthew25496877,https://twitter.com/matthew25496877,https://twitter.com/i/web/status/1299842873152557056,RT @ShawnG927: Anti-Lockdown rally in London 🇬🇧 today! The “Wear a Mask 😷 and Social distance“ crowd won’t enjoy THIS VIDEO! 😃😂👍 https://t.…,,
distance,2020-08-31 06:38:37,politelobster,https://twitter.com/politelobster,https://twitter.com/i/web/status/1300171085434904576,RT @ShawnG927: Anti-Lockdown rally in London 🇬🇧 today! The “Wear a Mask 😷 and Social distance“ crowd won’t enjoy THIS VIDEO! 😃😂👍 https://t.…,,
distance,2020-08-28 03:49:43,IntraspexInc,https://twitter.com/IntraspexInc,https://twitter.com/i/web/status/1299041418866876417,RT @ABAJournal: A lawsuit is claiming that a process server frightened a family and failed to wear a mask or social distance. https://t.co/…,,
distance,2020-08-28 04:31:44,TicketySplitUK,https://twitter.com/TicketySplitUK,https://twitter.com/i/web/status/1299051989729509379,"RT @leeb_com: Keep distance, wear a mask... but hold the filthy dirty handrail that everyone touches! Wow. Common sense has deserted us I b…",,
distance,2020-08-28 06:18:11,KWZerbe,https://twitter.com/KWZerbe,https://twitter.com/i/web/status/1299078778241523712,"Low levels of empathy and higher levels of callousness, deceitfulness, and risk-taking are associated with people who choose to not wear masks or social distance. These traits are typical in people diagnosed with antisocial personality disorder https://t.co/01PWuLLy5G",,
distance,2020-08-30 08:52:10,Bert41295600,https://twitter.com/Bert41295600,https://twitter.com/i/web/status/1299842306091020288,RT @ShawnG927: Anti-Lockdown rally in London 🇬🇧 today! The “Wear a Mask 😷 and Social distance“ crowd won’t enjoy THIS VIDEO! 😃😂👍 https://t.…,,
distance,2020-08-31 06:46:20,Japanesebw,https://twitter.com/Japanesebw,https://twitter.com/i/web/status/1300173028022779904,"@business Let them cerebrate China without WuhanCorona their  job is done their target is done The remaining is trouble and  Tough life to the worldwide wearing mask,keeping distance leaving by fear while them celebrating ends of viruses.",,
distance,2020-08-30 07:58:57,MariMerkwa,https://twitter.com/MariMerkwa,https://twitter.com/i/web/status/1299828912592220160,@jb_jbock @justjane8806 @DonaldJTrumpJr We go to church...seating is social distance and we wear masks.  I don't know what the rabbi was tweeting about...,,
distance,2020-08-31 05:22:55,WriterDickey,https://twitter.com/WriterDickey,https://twitter.com/i/web/status/1300152037099753472,"@MArmstadt Read latest CDC report.  Reclassified deaths. Surprise, surprise the deaths from Covid only are 1% of what they classified previously. All other deaths involved a complication. Anyway, it's wearing a mask OR Distance.   Outdoors, I distance..... no mask.   Only mask in stores.",,
