keyword,created_at_local_time,screen_name,user_URL,tweet_URL,tweet_text,hashtag1,hashtag2
rocket,2020-08-28 05:07:27,WardDanii,https://twitter.com/WardDanii,https://twitter.com/i/web/status/1299060978307469312,"RT @NHSMillion: This is not rocket science, but it might just help save someone’s life.  Please RT to remind everyone how they should be we…",,
rocket,2020-08-28 06:29:07,snathanm247,https://twitter.com/snathanm247,https://twitter.com/i/web/status/1299081533106593810,"RT @NHSMillion: This is not rocket science, but it might just help save someone’s life.  Please RT to remind everyone how they should be we…",,
rocket,2020-08-28 03:37:55,_LiamLFC,https://twitter.com/_LiamLFC,https://twitter.com/i/web/status/1299038449094324224,"RT @NHSMillion: This is not rocket science, but it might just help save someone’s life.  Please RT to remind everyone how they should be we…",,
rocket,2020-08-28 04:37:34,VictoriaNimmo,https://twitter.com/VictoriaNimmo,https://twitter.com/i/web/status/1299053459522682883,"RT @NHSMillion: This is not rocket science, but it might just help save someone’s life.  Please RT to remind everyone how they should be we…",,
rocket,2020-08-28 06:28:35,ChloeFremantle,https://twitter.com/ChloeFremantle,https://twitter.com/i/web/status/1299081397597089792,"RT @NHSMillion: This is not rocket science, but it might just help save someone’s life.  Please RT to remind everyone how they should be we…",,
rocket,2020-08-28 03:53:10,paulagrindle,https://twitter.com/paulagrindle,https://twitter.com/i/web/status/1299042286647619586,"RT @NHSMillion: This is not rocket science, but it might just help save someone’s life.  Please RT to remind everyone how they should be we…",,
rocket,2020-08-28 05:09:28,LindaNewman52,https://twitter.com/LindaNewman52,https://twitter.com/i/web/status/1299061487420440578,"RT @NHSMillion: This is not rocket science, but it might just help save someone’s life.  Please RT to remind everyone how they should be we…",,
rocket,2020-08-28 04:22:46,LydiaJ65,https://twitter.com/LydiaJ65,https://twitter.com/i/web/status/1299049732820660232,"RT @NHSMillion: This is not rocket science, but it might just help save someone’s life.  Please RT to remind everyone how they should be we…",,
rocket,2020-08-28 04:38:10,griffiths_bill5,https://twitter.com/griffiths_bill5,https://twitter.com/i/web/status/1299053611926925320,"RT @NHSMillion: This is not rocket science, but it might just help save someone’s life.  Please RT to remind everyone how they should be we…",,
rocket,2020-08-28 06:44:06,fiddy333,https://twitter.com/fiddy333,https://twitter.com/i/web/status/1299085301327884289,"RT @NHSMillion: This is not rocket science, but it might just help save someone’s life.  Please RT to remind everyone how they should be we…",,
staging,2020-08-31 07:17:40,kevinzminion,https://twitter.com/kevinzminion,https://twitter.com/i/web/status/1300180912223600640,RT @mjrowland68: The head of Melbourne’s Arts Centre has spoken candidly about the real challenges involved in staging theatre productions…,,
staging,2020-08-31 06:57:51,BreakfastNews,https://twitter.com/BreakfastNews,https://twitter.com/i/web/status/1300175924319535104,RT @mjrowland68: The head of Melbourne’s Arts Centre has spoken candidly about the real challenges involved in staging theatre productions…,,
staging,2020-08-31 08:11:22,hossieho,https://twitter.com/hossieho,https://twitter.com/i/web/status/1300194426023677952,RT @mjrowland68: The head of Melbourne’s Arts Centre has spoken candidly about the real challenges involved in staging theatre productions…,,
staging,2020-08-31 07:18:41,mhux,https://twitter.com/mhux,https://twitter.com/i/web/status/1300181168772407297,RT @mjrowland68: The head of Melbourne’s Arts Centre has spoken candidly about the real challenges involved in staging theatre productions…,,
staging,2020-08-31 06:58:11,geoffrey_payne,https://twitter.com/geoffrey_payne,https://twitter.com/i/web/status/1300176008708931585,RT @mjrowland68: The head of Melbourne’s Arts Centre has spoken candidly about the real challenges involved in staging theatre productions…,,
mask,2020-08-27 08:58:20,saleiru,https://twitter.com/saleiru,https://twitter.com/i/web/status/1298756695557115907,RT @tweetlikeriri: Wearing a mask with sunglasses gives me a level of anonymity I’ve desired.,,
mask,2020-08-26 08:47:52,barbzdaone,https://twitter.com/barbzdaone,https://twitter.com/i/web/status/1298391674079653890,RT @tweetlikeriri: Wearing a mask with sunglasses gives me a level of anonymity I’ve desired.,,
mask,2020-08-27 07:46:21,cealadylux,https://twitter.com/cealadylux,https://twitter.com/i/web/status/1298738579993059329,@that1backspot Thank you for your support. We wear mask but for 1 min for a sense of normalcy we take a group pic. 💖,,
mask,2020-08-26 08:59:21,thevictoriagg,https://twitter.com/thevictoriagg,https://twitter.com/i/web/status/1298394563908980737,RT @tweetlikeriri: Wearing a mask with sunglasses gives me a level of anonymity I’ve desired.,,
mask,2020-08-27 07:39:35,gomunosmash,https://twitter.com/gomunosmash,https://twitter.com/i/web/status/1298736875054788613,RT @tweetlikeriri: Wearing a mask with sunglasses gives me a level of anonymity I’ve desired.,,
mask,2020-08-27 08:23:03,maeghanwulf,https://twitter.com/maeghanwulf,https://twitter.com/i/web/status/1298747815078686721,RT @tweetlikeriri: Wearing a mask with sunglasses gives me a level of anonymity I’ve desired.,,
mask,2020-08-27 06:30:07,Lickwidsoap,https://twitter.com/Lickwidsoap,https://twitter.com/i/web/status/1298719394919362560,RT @tweetlikeriri: Wearing a mask with sunglasses gives me a level of anonymity I’ve desired.,,
mask,2020-08-28 04:08:27,keira45499006,https://twitter.com/keira45499006,https://twitter.com/i/web/status/1299046132451028993,RT @tweetlikeriri: Wearing a mask with sunglasses gives me a level of anonymity I’ve desired.,,
mask,2020-08-30 08:32:14,MADinMelbourne,https://twitter.com/MADinMelbourne,https://twitter.com/i/web/status/1299837288806060033,RT @martingeddes: Unsurprisingly there were very few people wearing masks. For once you could enjoy an oasis of the old normal with peopl…,,
mask,2020-08-27 06:07:04,Bob56585696,https://twitter.com/Bob56585696,https://twitter.com/i/web/status/1298713594738032644,RT @tweetlikeriri: Wearing a mask with sunglasses gives me a level of anonymity I’ve desired.,,
social,2020-08-28 06:37:23,briffa_michael,https://twitter.com/briffa_michael,https://twitter.com/i/web/status/1299083612164206592,"@vonmcc18 Then Von, you must be an amazing person. Many wear masks on social media outlets &amp; what I have found that it’s a waste of time &amp; energy trying to be someone you’re not. So you get the real person all the time every time. 👍🤓",,
social,2020-09-01 09:02:58,allyu008,https://twitter.com/allyu008,https://twitter.com/i/web/status/1300569801337831424,RT @SenKamalaHarris: Wear a mask.  Practice social distancing.  Wash your hands.   It can save your life and the lives of the people around…,,
social,2020-08-27 09:00:51,Stable_Eyes,https://twitter.com/Stable_Eyes,https://twitter.com/i/web/status/1298757328527855616,We have teamed up with Dify Social and Gopromote to create these wonderful face masks. On behalf of Stable-Eyes we hope you are all well and safe. We cant wait to see our users wearing their masks at their next race day out❗🏇 📞 9370 7179 #staysafe #stable-eyes #difysocial https://t.co/2tZTfOs4Bx,difysocial,staysafe
social,2020-09-01 08:23:41,suzyq8825,https://twitter.com/suzyq8825,https://twitter.com/i/web/status/1300559915241451520,RT @SenKamalaHarris: Wear a mask.  Practice social distancing.  Wash your hands.   It can save your life and the lives of the people around…,,
social,2020-09-01 08:16:49,StSmallerie,https://twitter.com/StSmallerie,https://twitter.com/i/web/status/1300558187888861185,RT @SenKamalaHarris: Wear a mask.  Practice social distancing.  Wash your hands.   It can save your life and the lives of the people around…,,
social,2020-08-28 03:46:20,ursonate,https://twitter.com/ursonate,https://twitter.com/i/web/status/1299040563606429698,Good morning.  BLACK LIVES MATTER is a message of URGENCY and joy.  Arrest the cops who killed Breonna Taylor.  Keep social distancing. Wear a mask when around others and wash your hands for at least 30 seconds each and every time.  We will get through this.  Have a good day.,,
social,2020-08-31 04:40:28,ursonate,https://twitter.com/ursonate,https://twitter.com/i/web/status/1300141351170842624,Good morning.  BLACK LIVES MATTER is a message of urgency and joy.  Arrest the cops who killed Breonna Taylor.  Keep social distancing. Wear a mask when around others and wash your hands frequently for at least 30 seconds.  Have a good day.,,
social,2020-08-28 05:33:12,DominicanOburg,https://twitter.com/DominicanOburg,https://twitter.com/i/web/status/1299067461258612736,"Let's all do our part to keep our campus safe!  Be sure to fill out your COVID-19 Screening Form EVERY day.  (Check your student email for details.)   It's important to wear a mask, practice social distancing,  wash your hands,  and use  hand sanitizer. #staysafe #covidscreening https://t.co/pmCNnSnIOn",covidscreening,staysafe
social,2020-08-26 08:49:49,calabounty,https://twitter.com/calabounty,https://twitter.com/i/web/status/1298392162112098311,RT @SteveSmithFBC: Proud of our guys for wearing their masks and social distancing to do our part for a full and complete football season.…,,
social,2020-08-31 05:50:42,FoxyLustyGrover,https://twitter.com/FoxyLustyGrover,https://twitter.com/i/web/status/1300159026047590401,"This is a solid strategy, never forget that some people will come on board with wearing a mask simply because of the social pressure of seeing most other people wearing them! https://t.co/hTCLQrH0va",,
someone,2020-08-28 05:07:27,WardDanii,https://twitter.com/WardDanii,https://twitter.com/i/web/status/1299060978307469312,"RT @NHSMillion: This is not rocket science, but it might just help save someone’s life.  Please RT to remind everyone how they should be we…",,
someone,2020-08-28 06:29:07,snathanm247,https://twitter.com/snathanm247,https://twitter.com/i/web/status/1299081533106593810,"RT @NHSMillion: This is not rocket science, but it might just help save someone’s life.  Please RT to remind everyone how they should be we…",,
someone,2020-08-28 06:37:23,briffa_michael,https://twitter.com/briffa_michael,https://twitter.com/i/web/status/1299083612164206592,"@vonmcc18 Then Von, you must be an amazing person. Many wear masks on social media outlets &amp; what I have found that it’s a waste of time &amp; energy trying to be someone you’re not. So you get the real person all the time every time. 👍🤓",,
someone,2020-08-28 03:37:55,_LiamLFC,https://twitter.com/_LiamLFC,https://twitter.com/i/web/status/1299038449094324224,"RT @NHSMillion: This is not rocket science, but it might just help save someone’s life.  Please RT to remind everyone how they should be we…",,
someone,2020-08-28 04:37:34,VictoriaNimmo,https://twitter.com/VictoriaNimmo,https://twitter.com/i/web/status/1299053459522682883,"RT @NHSMillion: This is not rocket science, but it might just help save someone’s life.  Please RT to remind everyone how they should be we…",,
someone,2020-08-28 06:28:35,ChloeFremantle,https://twitter.com/ChloeFremantle,https://twitter.com/i/web/status/1299081397597089792,"RT @NHSMillion: This is not rocket science, but it might just help save someone’s life.  Please RT to remind everyone how they should be we…",,
someone,2020-08-28 03:53:10,paulagrindle,https://twitter.com/paulagrindle,https://twitter.com/i/web/status/1299042286647619586,"RT @NHSMillion: This is not rocket science, but it might just help save someone’s life.  Please RT to remind everyone how they should be we…",,
someone,2020-08-28 05:09:28,LindaNewman52,https://twitter.com/LindaNewman52,https://twitter.com/i/web/status/1299061487420440578,"RT @NHSMillion: This is not rocket science, but it might just help save someone’s life.  Please RT to remind everyone how they should be we…",,
someone,2020-08-28 04:22:46,LydiaJ65,https://twitter.com/LydiaJ65,https://twitter.com/i/web/status/1299049732820660232,"RT @NHSMillion: This is not rocket science, but it might just help save someone’s life.  Please RT to remind everyone how they should be we…",,
someone,2020-08-28 04:38:10,griffiths_bill5,https://twitter.com/griffiths_bill5,https://twitter.com/i/web/status/1299053611926925320,"RT @NHSMillion: This is not rocket science, but it might just help save someone’s life.  Please RT to remind everyone how they should be we…",,
arrest,2020-08-28 03:46:20,ursonate,https://twitter.com/ursonate,https://twitter.com/i/web/status/1299040563606429698,Good morning.  BLACK LIVES MATTER is a message of URGENCY and joy.  Arrest the cops who killed Breonna Taylor.  Keep social distancing. Wear a mask when around others and wash your hands for at least 30 seconds each and every time.  We will get through this.  Have a good day.,,
arrest,2020-08-31 04:40:28,ursonate,https://twitter.com/ursonate,https://twitter.com/i/web/status/1300141351170842624,Good morning.  BLACK LIVES MATTER is a message of urgency and joy.  Arrest the cops who killed Breonna Taylor.  Keep social distancing. Wear a mask when around others and wash your hands frequently for at least 30 seconds.  Have a good day.,,
arrest,2020-08-30 08:54:47,MmpattonMyers,https://twitter.com/MmpattonMyers,https://twitter.com/i/web/status/1299842964999471109,RT @iheartmindy: Wow! What a great turn out! We had cowboys on horses and everything. The cops did not harass/arrest us about our “illegal”…,,
arrest,2020-08-30 08:59:14,Angela64long,https://twitter.com/Angela64long,https://twitter.com/i/web/status/1299844083859431425,RT @iheartmindy: Wow! What a great turn out! We had cowboys on horses and everything. The cops did not harass/arrest us about our “illegal”…,,
arrest,2020-08-30 08:34:19,xenkallas,https://twitter.com/xenkallas,https://twitter.com/i/web/status/1299837812854775809,RT @iheartmindy: Wow! What a great turn out! We had cowboys on horses and everything. The cops did not harass/arrest us about our “illegal”…,,
georgia,2020-08-30 08:46:36,RobertG64948055,https://twitter.com/RobertG64948055,https://twitter.com/i/web/status/1299840906523111424,RT @RexChapman: Best thing I’ve seen all week.   Georgia.   Wear a mask... https://t.co/hcjKKFou6P,,
georgia,2020-08-30 08:41:28,Julesong,https://twitter.com/Julesong,https://twitter.com/i/web/status/1299839612420907008,RT @RexChapman: Best thing I’ve seen all week.   Georgia.   Wear a mask... https://t.co/hcjKKFou6P,,
georgia,2020-08-30 08:17:48,NealDawgFan64,https://twitter.com/NealDawgFan64,https://twitter.com/i/web/status/1299833656404369408,RT @RexChapman: Best thing I’ve seen all week.   Georgia.   Wear a mask... https://t.co/hcjKKFou6P,,
georgia,2020-08-31 06:39:01,carleneclarkk,https://twitter.com/carleneclarkk,https://twitter.com/i/web/status/1300171185666232320,RT @RexChapman: Best thing I’ve seen all week.   Georgia.   Wear a mask... https://t.co/hcjKKFou6P,,
georgia,2020-08-31 07:40:35,SteavenRamirez,https://twitter.com/SteavenRamirez,https://twitter.com/i/web/status/1300186681203720192,RT @RexChapman: Best thing I’ve seen all week.   Georgia.   Wear a mask... https://t.co/hcjKKFou6P,,
georgia,2020-08-30 07:41:46,k1llamat1cz,https://twitter.com/k1llamat1cz,https://twitter.com/i/web/status/1299824590898647041,RT @RexChapman: Best thing I’ve seen all week.   Georgia.   Wear a mask... https://t.co/hcjKKFou6P,,
georgia,2020-08-30 08:49:23,voteawaythehat3,https://twitter.com/voteawaythehat3,https://twitter.com/i/web/status/1299841604631408640,RT @RexChapman: Best thing I’ve seen all week.   Georgia.   Wear a mask... https://t.co/hcjKKFou6P,,
georgia,2020-08-31 08:33:57,mnwildfan29,https://twitter.com/mnwildfan29,https://twitter.com/i/web/status/1300200108231929857,RT @RexChapman: Best thing I’ve seen all week.   Georgia.   Wear a mask... https://t.co/hcjKKFou6P,,
georgia,2020-08-30 08:31:49,MitchellAdams90,https://twitter.com/MitchellAdams90,https://twitter.com/i/web/status/1299837184086736896,RT @RexChapman: Best thing I’ve seen all week.   Georgia.   Wear a mask... https://t.co/hcjKKFou6P,,
georgia,2020-08-31 08:18:56,victorgiang,https://twitter.com/victorgiang,https://twitter.com/i/web/status/1300196332632645634,RT @RexChapman: Best thing I’ve seen all week.   Georgia.   Wear a mask... https://t.co/hcjKKFou6P,,
hand,2020-09-01 09:02:58,allyu008,https://twitter.com/allyu008,https://twitter.com/i/web/status/1300569801337831424,RT @SenKamalaHarris: Wear a mask.  Practice social distancing.  Wash your hands.   It can save your life and the lives of the people around…,,
hand,2020-08-28 05:31:50,LtdMaskd,https://twitter.com/LtdMaskd,https://twitter.com/i/web/status/1299067115383611392,travel face covering Maskd Ltd Travel Safety Kit:- We are now providing a solution to those times when you find yourself without a mask but are required to wear one. Our new Travel kit is ready for shipment. Including 2 masks 2 hand wipes 2 sanitizer pouches and 2 sets of gloves.,,
hand,2020-09-01 08:23:41,suzyq8825,https://twitter.com/suzyq8825,https://twitter.com/i/web/status/1300559915241451520,RT @SenKamalaHarris: Wear a mask.  Practice social distancing.  Wash your hands.   It can save your life and the lives of the people around…,,
hand,2020-09-01 08:16:49,StSmallerie,https://twitter.com/StSmallerie,https://twitter.com/i/web/status/1300558187888861185,RT @SenKamalaHarris: Wear a mask.  Practice social distancing.  Wash your hands.   It can save your life and the lives of the people around…,,
hand,2020-08-28 03:46:20,ursonate,https://twitter.com/ursonate,https://twitter.com/i/web/status/1299040563606429698,Good morning.  BLACK LIVES MATTER is a message of URGENCY and joy.  Arrest the cops who killed Breonna Taylor.  Keep social distancing. Wear a mask when around others and wash your hands for at least 30 seconds each and every time.  We will get through this.  Have a good day.,,
hand,2020-08-31 04:40:28,ursonate,https://twitter.com/ursonate,https://twitter.com/i/web/status/1300141351170842624,Good morning.  BLACK LIVES MATTER is a message of urgency and joy.  Arrest the cops who killed Breonna Taylor.  Keep social distancing. Wear a mask when around others and wash your hands frequently for at least 30 seconds.  Have a good day.,,
hand,2020-08-27 08:51:29,edmondsbookshop,https://twitter.com/edmondsbookshop,https://twitter.com/i/web/status/1298754970716475392,"#BookstoreDay happens this Saturday 08/29/20. No passport this year, but stop by for special merchandise and our gratitude. Don’t forget to wear a mask. https://t.co/dmvOk7F5We",BookstoreDay,BookstoreDay
hand,2020-08-28 05:33:12,DominicanOburg,https://twitter.com/DominicanOburg,https://twitter.com/i/web/status/1299067461258612736,"Let's all do our part to keep our campus safe!  Be sure to fill out your COVID-19 Screening Form EVERY day.  (Check your student email for details.)   It's important to wear a mask, practice social distancing,  wash your hands,  and use  hand sanitizer. #staysafe #covidscreening https://t.co/pmCNnSnIOn",covidscreening,staysafe
hand,2020-08-28 08:55:38,legacycares,https://twitter.com/legacycares,https://twitter.com/i/web/status/1299118402565337088,"When you see us, we ask that you pay by tapping your card &amp; please don't touch items on display until they are handed to you. We can't wait to see you next week! By standing 1.5 m away from each other, washing hands and wearing a mask - we can continue to see each other. (2/3)",,
hand,2020-08-31 09:00:19,kingscourtlive,https://twitter.com/kingscourtlive,https://twitter.com/i/web/status/1300206745302822913,"KC is proudly a Safe Clean &amp; Legal #covidsafe place! We all need to do our bit, so please practice hand hygiene, distancing, &amp; wear a mask where distancing isn't possible. If you’ve been to a hotspot please put off your visit &amp; follow health advice. MORE: https://t.co/iA3fccBvnw https://t.co/RemotHnJar",covidsafe,covidsafe
remind,2020-08-28 05:07:27,WardDanii,https://twitter.com/WardDanii,https://twitter.com/i/web/status/1299060978307469312,"RT @NHSMillion: This is not rocket science, but it might just help save someone’s life.  Please RT to remind everyone how they should be we…",,
remind,2020-08-28 06:29:07,snathanm247,https://twitter.com/snathanm247,https://twitter.com/i/web/status/1299081533106593810,"RT @NHSMillion: This is not rocket science, but it might just help save someone’s life.  Please RT to remind everyone how they should be we…",,
remind,2020-08-28 08:53:07,TMB28,https://twitter.com/TMB28,https://twitter.com/i/web/status/1299117771595284480,@Vic_Rollison Great thread providing a timely reminder of our Victorian timeline. With numbers reducing we can’t be complacent. Other States please learn from our experience 🙏🏻 I’m in Stage 3. Mask wearing works!,,
remind,2020-08-28 03:37:55,_LiamLFC,https://twitter.com/_LiamLFC,https://twitter.com/i/web/status/1299038449094324224,"RT @NHSMillion: This is not rocket science, but it might just help save someone’s life.  Please RT to remind everyone how they should be we…",,
remind,2020-08-28 04:37:34,VictoriaNimmo,https://twitter.com/VictoriaNimmo,https://twitter.com/i/web/status/1299053459522682883,"RT @NHSMillion: This is not rocket science, but it might just help save someone’s life.  Please RT to remind everyone how they should be we…",,
remind,2020-08-28 06:28:35,ChloeFremantle,https://twitter.com/ChloeFremantle,https://twitter.com/i/web/status/1299081397597089792,"RT @NHSMillion: This is not rocket science, but it might just help save someone’s life.  Please RT to remind everyone how they should be we…",,
remind,2020-08-28 03:53:10,paulagrindle,https://twitter.com/paulagrindle,https://twitter.com/i/web/status/1299042286647619586,"RT @NHSMillion: This is not rocket science, but it might just help save someone’s life.  Please RT to remind everyone how they should be we…",,
remind,2020-08-28 05:09:28,LindaNewman52,https://twitter.com/LindaNewman52,https://twitter.com/i/web/status/1299061487420440578,"RT @NHSMillion: This is not rocket science, but it might just help save someone’s life.  Please RT to remind everyone how they should be we…",,
remind,2020-08-28 04:22:46,LydiaJ65,https://twitter.com/LydiaJ65,https://twitter.com/i/web/status/1299049732820660232,"RT @NHSMillion: This is not rocket science, but it might just help save someone’s life.  Please RT to remind everyone how they should be we…",,
remind,2020-08-28 04:38:10,griffiths_bill5,https://twitter.com/griffiths_bill5,https://twitter.com/i/web/status/1299053611926925320,"RT @NHSMillion: This is not rocket science, but it might just help save someone’s life.  Please RT to remind everyone how they should be we…",,
state,2020-08-28 08:53:07,TMB28,https://twitter.com/TMB28,https://twitter.com/i/web/status/1299117771595284480,@Vic_Rollison Great thread providing a timely reminder of our Victorian timeline. With numbers reducing we can’t be complacent. Other States please learn from our experience 🙏🏻 I’m in Stage 3. Mask wearing works!,,
state,2020-09-01 08:19:16,Point35029380,https://twitter.com/Point35029380,https://twitter.com/i/web/status/1300558803931402240,"RT @SenKamalaHarris: There have been over 183,000 lives lost to coronavirus in the United States. My heart goes out to all those who have l…",,
state,2020-08-27 06:11:21,SmilingDeDe,https://twitter.com/SmilingDeDe,https://twitter.com/i/web/status/1298714671923343361,"@wastatepatrol Awesome pic, and all ladies!! Yes!! A lot of bad-assery here. ❤❤  * would have been more awesome if they were wearing masks to reinforce all agencies supporting the efforts*",,
state,2020-08-27 08:25:49,encompassnw,https://twitter.com/encompassnw,https://twitter.com/i/web/status/1298748512268517376,Join Encompass Child Care Consultation Nurse Caitlin Young and Assistant Teacher Morgan Kather as they share important information regarding the Washington State Mask Mandate along with tips for helping your child feel comfortable with mask-wearing. https://t.co/92fk8izQCn,,
state,2020-08-27 08:01:29,JhaniaS144,https://twitter.com/JhaniaS144,https://twitter.com/i/web/status/1298742389951979521,They literally protect you more than the masks y’all wearing to make a fashion statement....... https://t.co/1Oskv9DmHf,,
state,2020-09-01 08:47:55,rjhill2001,https://twitter.com/rjhill2001,https://twitter.com/i/web/status/1300566013512003584,"RT @SenKamalaHarris: There have been over 183,000 lives lost to coronavirus in the United States. My heart goes out to all those who have l…",,
state,2020-08-31 05:24:42,mrorangevale,https://twitter.com/mrorangevale,https://twitter.com/i/web/status/1300152485324009472,RT @StateStreetGA: Be a leader. Wear a mask and save lives. #FearlessGirl  #shareworthy https://t.co/QuDfHEQeWN,FearlessGirl,shareworthy
state,2020-08-28 06:23:50,slyfield4real,https://twitter.com/slyfield4real,https://twitter.com/i/web/status/1299080201180033024,@govkristinoem focus on your own state. Take care of your people. Wear a mask. Save lives. Thats what we are doing in seattle.,,
today,2020-08-26 20:11:16,AdmiralSmirnov,https://twitter.com/AdmiralSmirnov,https://twitter.com/i/web/status/1298563655185895424,"Today I am proud again to be Australian, thank you boys for demonstrating we are not all sheeple.  When the law is unreasonable and unjust, we have the right to revolt against it.  END LOCKDOWN NOW, DITCH MASKS NOW  #DictatorDan #ResignDanielAndrews #COVID19Vic https://t.co/S27TaR1toM",COVID19Vic,ResignDanielAndrews
today,2020-08-28 05:57:24,VinylDisorder,https://twitter.com/VinylDisorder,https://twitter.com/i/web/status/1299073550058491905,Wearing a mask is cool! Awesome sticker design by egddesigns Thank you for choosing https://t.co/rO7gAdBP6h - Top quality stickers at rock bottom prices!   Have our team help you with your project today!… https://t.co/UXboNKmpC4,,
today,2020-08-31 06:27:57,griffiths_pat,https://twitter.com/griffiths_pat,https://twitter.com/i/web/status/1300168399843069952,RT @CLAN_AU: Congratulations Roy &amp; Rhonda on your 44th Wedding Anniversary today 💙💛💙💛  Well done to you both   Looking good in your CLAN ma…,,
today,2020-08-27 04:26:20,MonticelloCUSD,https://twitter.com/MonticelloCUSD,https://twitter.com/i/web/status/1298688245858021387,New Teacher Workshop today!  Excited for this group to be a part of Monticello CUSD #25 (picture w/o masks was taken while they were holding their breathe 🤷🏻‍♂️). It’s a Great Day to be a Sage! https://t.co/ikuCQiCWxJ,,
today,2020-08-31 21:43:32,camo2572,https://twitter.com/camo2572,https://twitter.com/i/web/status/1300398814969212930,Bravo @CollingwoodFC finally got our masks today and was really delighted to see Australian made 👍 love the little toggles on the side straps to tighten or loosen too . Overall glad I purchased them #GoPies #WearAMask https://t.co/eqDOQhvw9r,GoPies,WearAMask
today,2020-08-30 09:00:46,neil_way,https://twitter.com/neil_way,https://twitter.com/i/web/status/1299844469743706113,RT @2AvSagas: Wearing this excellent shirt today. Just saw someone with a “try again” give my shirt a glance and then adjust her mask. Succ…,,
today,2020-08-26 23:07:13,potatojens,https://twitter.com/potatojens,https://twitter.com/i/web/status/1298607935841476609,"Face shield, N95 mask, gown... This sh*t is real. Mad respect for staff wearing this throughout their shift! I only wore it for ~half an hour today. https://t.co/tNdjM5Xm3x",,
today,2020-08-28 07:37:13,AntoLinCellars,https://twitter.com/AntoLinCellars,https://twitter.com/i/web/status/1299098670810316800,The BIG news 🎉 is that our Tasting Room opens to limited indoor seating starting TODAY: 3-7pm. Yay! 🍷🥂 Table service with proper social distancing. Plus ongoing outdoor 😎 seating on our Patio. Please wear a mask. 509-961-8370. See ya soon! #WAwine #Wine #YakimaValley https://t.co/5n6BtN6BV0,WAwine,YakimaValley
today,2020-08-26 08:43:04,BBugVic,https://twitter.com/BBugVic,https://twitter.com/i/web/status/1298390463158730752,"No rain today, so enjoy the most of your 1 hr of activity by riding your bicycle. Wear a mask and stay away from other people. Be visible by riding in a good road position, and ride safely. 🚲🚴🚵🌤🌞😷😃👍 https://t.co/gNCXRFfo0F",,
today,2020-08-27 07:41:26,City_of_Pullman,https://twitter.com/City_of_Pullman,https://twitter.com/i/web/status/1298737341712830464,"Today is @pullman_market at the @BrelsfordWSUVC day! Do not forget, mask wearing, and social distancing practices are being observed. Head out and shop local, safely!  https://t.co/pTkMmjCvbe  #PullmanProud https://t.co/DZwwTBTxtH",PullmanProud,PullmanProud
wearing,2020-08-27 08:58:20,saleiru,https://twitter.com/saleiru,https://twitter.com/i/web/status/1298756695557115907,RT @tweetlikeriri: Wearing a mask with sunglasses gives me a level of anonymity I’ve desired.,,
wearing,2020-08-26 08:47:52,barbzdaone,https://twitter.com/barbzdaone,https://twitter.com/i/web/status/1298391674079653890,RT @tweetlikeriri: Wearing a mask with sunglasses gives me a level of anonymity I’ve desired.,,
wearing,2020-08-26 08:59:21,thevictoriagg,https://twitter.com/thevictoriagg,https://twitter.com/i/web/status/1298394563908980737,RT @tweetlikeriri: Wearing a mask with sunglasses gives me a level of anonymity I’ve desired.,,
wearing,2020-08-27 07:39:35,gomunosmash,https://twitter.com/gomunosmash,https://twitter.com/i/web/status/1298736875054788613,RT @tweetlikeriri: Wearing a mask with sunglasses gives me a level of anonymity I’ve desired.,,
wearing,2020-08-27 08:23:03,maeghanwulf,https://twitter.com/maeghanwulf,https://twitter.com/i/web/status/1298747815078686721,RT @tweetlikeriri: Wearing a mask with sunglasses gives me a level of anonymity I’ve desired.,,
wearing,2020-08-27 06:30:07,Lickwidsoap,https://twitter.com/Lickwidsoap,https://twitter.com/i/web/status/1298719394919362560,RT @tweetlikeriri: Wearing a mask with sunglasses gives me a level of anonymity I’ve desired.,,
wearing,2020-08-28 04:08:27,keira45499006,https://twitter.com/keira45499006,https://twitter.com/i/web/status/1299046132451028993,RT @tweetlikeriri: Wearing a mask with sunglasses gives me a level of anonymity I’ve desired.,,
wearing,2020-08-30 08:32:14,MADinMelbourne,https://twitter.com/MADinMelbourne,https://twitter.com/i/web/status/1299837288806060033,RT @martingeddes: Unsurprisingly there were very few people wearing masks. For once you could enjoy an oasis of the old normal with peopl…,,
wearing,2020-08-27 06:07:04,Bob56585696,https://twitter.com/Bob56585696,https://twitter.com/i/web/status/1298713594738032644,RT @tweetlikeriri: Wearing a mask with sunglasses gives me a level of anonymity I’ve desired.,,
wearing,2020-08-27 07:48:09,artby1971,https://twitter.com/artby1971,https://twitter.com/i/web/status/1298739033485373445,RT @tweetlikeriri: Wearing a mask with sunglasses gives me a level of anonymity I’ve desired.,,
australian,2020-08-26 06:13:59,fumarolebandaus,https://twitter.com/fumarolebandaus,https://twitter.com/i/web/status/1298352945541476352,"RT @lordofficial: We have face masks! Pick up yours and part of the proceeds from sales will go to the Australian charity, Support Act who…",,
australian,2020-08-27 20:14:07,MaskCloth,https://twitter.com/MaskCloth,https://twitter.com/i/web/status/1298926760357109763,Our new collaboration with Australian luxurious lounge wear Cocooning. 100% antimicrobial cotton and bamboo fabric cloth masks that feels so comfy https://t.co/YJ8ygQyAPH,,
australian,2020-08-26 20:11:16,AdmiralSmirnov,https://twitter.com/AdmiralSmirnov,https://twitter.com/i/web/status/1298563655185895424,"Today I am proud again to be Australian, thank you boys for demonstrating we are not all sheeple.  When the law is unreasonable and unjust, we have the right to revolt against it.  END LOCKDOWN NOW, DITCH MASKS NOW  #DictatorDan #ResignDanielAndrews #COVID19Vic https://t.co/S27TaR1toM",COVID19Vic,ResignDanielAndrews
australian,2020-08-26 17:00:40,CliveEnever,https://twitter.com/CliveEnever,https://twitter.com/i/web/status/1298515691692335109,"Madelaine Scarf is the co-founder and general manager of TECMASK, a 100 per cent Australian owned business and leading provider of stylish disposable face masks.  Read more 👉 https://t.co/ab8oKRVYzi  #BusinessConversations #Business #Businesstips https://t.co/9B8J0GozSb",Business,Businesstips
australian,2020-08-31 21:43:32,camo2572,https://twitter.com/camo2572,https://twitter.com/i/web/status/1300398814969212930,Bravo @CollingwoodFC finally got our masks today and was really delighted to see Australian made 👍 love the little toggles on the side straps to tighten or loosen too . Overall glad I purchased them #GoPies #WearAMask https://t.co/eqDOQhvw9r,GoPies,WearAMask
australian,2020-08-27 18:54:47,LouisMoresi,https://twitter.com/LouisMoresi,https://twitter.com/i/web/status/1298906798582165505,1) an interesting read and 2) face-masks that nobody could object to wearing and 3) a good cause supporting Australian artists - The Origins of the Boomerang. https://t.co/O9M0uS7O0Q,,
australian,2020-08-27 21:56:33,AusEmbAfg,https://twitter.com/AusEmbAfg,https://twitter.com/i/web/status/1298952538121629696,"We love this public health poster from 1919, by iconic Australian author and illustrator May Gibbs.  It uses her characters to encourage readers, especially children, to wear masks to prevent infection - and is just as useful more than 100 years later!  #COVID19 https://t.co/Yt1Z0wXTOy",COVID19,COVID19
australian,2020-08-30 07:15:02,vogueaustralia,https://twitter.com/vogueaustralia,https://twitter.com/i/web/status/1299817862442303490,38 face masks to shop from Australian brands. https://t.co/XG4p056lof https://t.co/upKCj79ABf,,
australian,2020-08-28 13:36:12,AndyDowling,https://twitter.com/AndyDowling,https://twitter.com/i/web/status/1299189011227975680,"We in @lordofficial have face masks! Pick up yours and part of the proceeds from sales will go to the Australian charity, Support Act who provide help to musicians and music workers who experience hardship.  https://t.co/ZbftI274rR https://t.co/AESWOfIlj0",,
australian,2020-08-26 07:26:05,lordofficial,https://twitter.com/lordofficial,https://twitter.com/i/web/status/1298371092826877953,RT @AndyDowling: Get yourself a face mask! We’re donating some of the proceeds to an awesome charity who helps Australian musos and music w…,,
production,2020-08-31 07:17:40,kevinzminion,https://twitter.com/kevinzminion,https://twitter.com/i/web/status/1300180912223600640,RT @mjrowland68: The head of Melbourne’s Arts Centre has spoken candidly about the real challenges involved in staging theatre productions…,,
production,2020-08-31 06:57:51,BreakfastNews,https://twitter.com/BreakfastNews,https://twitter.com/i/web/status/1300175924319535104,RT @mjrowland68: The head of Melbourne’s Arts Centre has spoken candidly about the real challenges involved in staging theatre productions…,,
production,2020-08-31 08:11:22,hossieho,https://twitter.com/hossieho,https://twitter.com/i/web/status/1300194426023677952,RT @mjrowland68: The head of Melbourne’s Arts Centre has spoken candidly about the real challenges involved in staging theatre productions…,,
production,2020-08-31 07:18:41,mhux,https://twitter.com/mhux,https://twitter.com/i/web/status/1300181168772407297,RT @mjrowland68: The head of Melbourne’s Arts Centre has spoken candidly about the real challenges involved in staging theatre productions…,,
production,2020-08-31 06:58:11,geoffrey_payne,https://twitter.com/geoffrey_payne,https://twitter.com/i/web/status/1300176008708931585,RT @mjrowland68: The head of Melbourne’s Arts Centre has spoken candidly about the real challenges involved in staging theatre productions…,,
life,2020-08-27 06:54:21,ZeroStateReflex,https://twitter.com/ZeroStateReflex,https://twitter.com/i/web/status/1298725492900552707,"@OfPalmwood @Glimmerling @Ravensandcrows3 @akwildlife Nice! I love Seward. Did the glacier boat tour couple summers ago. It was amazing! AWCC was really packed so hopefully Seward’s doing ok, though AWCC is mostly outside, they did have people wearing masks if they gave a talk.",,
life,2020-08-28 05:07:27,WardDanii,https://twitter.com/WardDanii,https://twitter.com/i/web/status/1299060978307469312,"RT @NHSMillion: This is not rocket science, but it might just help save someone’s life.  Please RT to remind everyone how they should be we…",,
life,2020-08-28 06:29:07,snathanm247,https://twitter.com/snathanm247,https://twitter.com/i/web/status/1299081533106593810,"RT @NHSMillion: This is not rocket science, but it might just help save someone’s life.  Please RT to remind everyone how they should be we…",,
life,2020-09-01 09:02:58,allyu008,https://twitter.com/allyu008,https://twitter.com/i/web/status/1300569801337831424,RT @SenKamalaHarris: Wear a mask.  Practice social distancing.  Wash your hands.   It can save your life and the lives of the people around…,,
life,2020-08-28 03:37:55,_LiamLFC,https://twitter.com/_LiamLFC,https://twitter.com/i/web/status/1299038449094324224,"RT @NHSMillion: This is not rocket science, but it might just help save someone’s life.  Please RT to remind everyone how they should be we…",,
life,2020-08-28 03:42:56,sydneymlin,https://twitter.com/sydneymlin,https://twitter.com/i/web/status/1299039711634370561,"pro-lifers that refuse to wear a mask because it’s their body are fucking hilarious, like the parallels, the contrasts, you just can’t make this shit up",,
life,2020-08-28 04:37:34,VictoriaNimmo,https://twitter.com/VictoriaNimmo,https://twitter.com/i/web/status/1299053459522682883,"RT @NHSMillion: This is not rocket science, but it might just help save someone’s life.  Please RT to remind everyone how they should be we…",,
life,2020-08-28 06:28:35,ChloeFremantle,https://twitter.com/ChloeFremantle,https://twitter.com/i/web/status/1299081397597089792,"RT @NHSMillion: This is not rocket science, but it might just help save someone’s life.  Please RT to remind everyone how they should be we…",,
life,2020-09-01 08:23:41,suzyq8825,https://twitter.com/suzyq8825,https://twitter.com/i/web/status/1300559915241451520,RT @SenKamalaHarris: Wear a mask.  Practice social distancing.  Wash your hands.   It can save your life and the lives of the people around…,,
life,2020-08-28 03:53:10,paulagrindle,https://twitter.com/paulagrindle,https://twitter.com/i/web/status/1299042286647619586,"RT @NHSMillion: This is not rocket science, but it might just help save someone’s life.  Please RT to remind everyone how they should be we…",,
level,2020-08-27 08:58:20,saleiru,https://twitter.com/saleiru,https://twitter.com/i/web/status/1298756695557115907,RT @tweetlikeriri: Wearing a mask with sunglasses gives me a level of anonymity I’ve desired.,,
level,2020-08-26 08:47:52,barbzdaone,https://twitter.com/barbzdaone,https://twitter.com/i/web/status/1298391674079653890,RT @tweetlikeriri: Wearing a mask with sunglasses gives me a level of anonymity I’ve desired.,,
level,2020-08-26 08:59:21,thevictoriagg,https://twitter.com/thevictoriagg,https://twitter.com/i/web/status/1298394563908980737,RT @tweetlikeriri: Wearing a mask with sunglasses gives me a level of anonymity I’ve desired.,,
level,2020-08-27 07:39:35,gomunosmash,https://twitter.com/gomunosmash,https://twitter.com/i/web/status/1298736875054788613,RT @tweetlikeriri: Wearing a mask with sunglasses gives me a level of anonymity I’ve desired.,,
level,2020-08-27 08:23:03,maeghanwulf,https://twitter.com/maeghanwulf,https://twitter.com/i/web/status/1298747815078686721,RT @tweetlikeriri: Wearing a mask with sunglasses gives me a level of anonymity I’ve desired.,,
level,2020-08-27 06:30:07,Lickwidsoap,https://twitter.com/Lickwidsoap,https://twitter.com/i/web/status/1298719394919362560,RT @tweetlikeriri: Wearing a mask with sunglasses gives me a level of anonymity I’ve desired.,,
level,2020-08-28 04:08:27,keira45499006,https://twitter.com/keira45499006,https://twitter.com/i/web/status/1299046132451028993,RT @tweetlikeriri: Wearing a mask with sunglasses gives me a level of anonymity I’ve desired.,,
level,2020-08-27 06:07:04,Bob56585696,https://twitter.com/Bob56585696,https://twitter.com/i/web/status/1298713594738032644,RT @tweetlikeriri: Wearing a mask with sunglasses gives me a level of anonymity I’ve desired.,,
level,2020-08-27 07:48:09,artby1971,https://twitter.com/artby1971,https://twitter.com/i/web/status/1298739033485373445,RT @tweetlikeriri: Wearing a mask with sunglasses gives me a level of anonymity I’ve desired.,,
level,2020-08-27 08:09:31,dreamgxrl666,https://twitter.com/dreamgxrl666,https://twitter.com/i/web/status/1298744410872483841,RT @tweetlikeriri: Wearing a mask with sunglasses gives me a level of anonymity I’ve desired.,,
people,2020-08-30 08:32:14,MADinMelbourne,https://twitter.com/MADinMelbourne,https://twitter.com/i/web/status/1299837288806060033,RT @martingeddes: Unsurprisingly there were very few people wearing masks. For once you could enjoy an oasis of the old normal with peopl…,,
people,2020-08-27 06:54:21,ZeroStateReflex,https://twitter.com/ZeroStateReflex,https://twitter.com/i/web/status/1298725492900552707,"@OfPalmwood @Glimmerling @Ravensandcrows3 @akwildlife Nice! I love Seward. Did the glacier boat tour couple summers ago. It was amazing! AWCC was really packed so hopefully Seward’s doing ok, though AWCC is mostly outside, they did have people wearing masks if they gave a talk.",,
people,2020-09-01 09:02:58,allyu008,https://twitter.com/allyu008,https://twitter.com/i/web/status/1300569801337831424,RT @SenKamalaHarris: Wear a mask.  Practice social distancing.  Wash your hands.   It can save your life and the lives of the people around…,,
people,2020-08-30 08:13:35,Wolska20,https://twitter.com/Wolska20,https://twitter.com/i/web/status/1299832595790790657,RT @bezza2322: Can’t describe how refreshing it feels to be amongst people who can critically think and not wearing masks  Difficult to hea…,,
people,2020-08-28 08:47:04,rgooodlass,https://twitter.com/rgooodlass,https://twitter.com/i/web/status/1299116248169459713,"RT @GreensNSW: Wearing a mask feels strange and a little awkward, but it’s important. It’s been great to see people stepping up their mask…",,
people,2020-09-01 08:23:41,suzyq8825,https://twitter.com/suzyq8825,https://twitter.com/i/web/status/1300559915241451520,RT @SenKamalaHarris: Wear a mask.  Practice social distancing.  Wash your hands.   It can save your life and the lives of the people around…,,
people,2020-09-01 08:16:49,StSmallerie,https://twitter.com/StSmallerie,https://twitter.com/i/web/status/1300558187888861185,RT @SenKamalaHarris: Wear a mask.  Practice social distancing.  Wash your hands.   It can save your life and the lives of the people around…,,
people,2020-08-28 06:38:56,munixx,https://twitter.com/munixx,https://twitter.com/i/web/status/1299084002326794240,"@Cyclops_Trader Simple just do what China did, it worked well, and everyone is safe now, only wear masks on public transport. Clearly defined protocols and people knew what to do, with lots of support.",,
people,2020-08-31 05:39:27,troyhjones,https://twitter.com/troyhjones,https://twitter.com/i/web/status/1300156195416748032,"Such a special day at NL. Miracle after miracle.   We had pastors wear mask, followed CDC guidelines on chlorine and water and (if possible) had families members dunk people.   Amazing. Amazing. Amazing. https://t.co/bubXFhwqVP",,
people,2020-08-31 05:01:08,Living400lbs,https://twitter.com/Living400lbs,https://twitter.com/i/web/status/1300146551545720832,"RT @RosemaryMosco: I know I harp on this a lot, but: more people are wearing masks than ever, and it’s a story of unprecedented unity, one…",,
melbourne,2020-08-27 07:33:01,Amanda05597148,https://twitter.com/Amanda05597148,https://twitter.com/i/web/status/1298735222737874944,"@Charbrevolution I’m living in Melbourne at the moment and I’d have to say: getting out there, defying lockdowns, not wearing my mask, talking to the public and waking them up. Don’t lie down. Don’t distract yourself. keep fighting, but from love and indisputable righteousness.",,
melbourne,2020-08-31 07:17:40,kevinzminion,https://twitter.com/kevinzminion,https://twitter.com/i/web/status/1300180912223600640,RT @mjrowland68: The head of Melbourne’s Arts Centre has spoken candidly about the real challenges involved in staging theatre productions…,,
melbourne,2020-08-27 10:35:23,FloatPacAU,https://twitter.com/FloatPacAU,https://twitter.com/i/web/status/1298781118070697986,Were clearing the decks for our new summer range that's dropping September '20.  OG pleated #facemasks are now 50% off!  Get em before they go!  https://t.co/GquNiCFcIo  #facemasks #sale #freefreight #madeinaustralia #maskupmelbourne #maskupsydney #maskupbrisbane #COVID19,COVID19,sale
melbourne,2020-08-31 06:57:51,BreakfastNews,https://twitter.com/BreakfastNews,https://twitter.com/i/web/status/1300175924319535104,RT @mjrowland68: The head of Melbourne’s Arts Centre has spoken candidly about the real challenges involved in staging theatre productions…,,
melbourne,2020-08-31 08:11:22,hossieho,https://twitter.com/hossieho,https://twitter.com/i/web/status/1300194426023677952,RT @mjrowland68: The head of Melbourne’s Arts Centre has spoken candidly about the real challenges involved in staging theatre productions…,,
melbourne,2020-08-31 07:18:41,mhux,https://twitter.com/mhux,https://twitter.com/i/web/status/1300181168772407297,RT @mjrowland68: The head of Melbourne’s Arts Centre has spoken candidly about the real challenges involved in staging theatre productions…,,
melbourne,2020-08-27 09:37:40,cazzawillcock,https://twitter.com/cazzawillcock,https://twitter.com/i/web/status/1298766593938210816,Do you want to stand out in a crowd? Check out maskby.bc on Instagram.  Triple layer masks with filter pocket. Australian made. Melbourne based. Free shipping in 🇦🇺. Variety of designs available. #WhyShouldMasksBeBoring https://t.co/7t7dneYBms,WhyShouldMasksBeBoring,WhyShouldMasksBeBoring
melbourne,2020-08-30 12:00:16,cazzawillcock,https://twitter.com/cazzawillcock,https://twitter.com/i/web/status/1299889643366744065,To infinity and beyond!!!Check out maskby.bc on Instagram.  Triple layer masks with filter pocket. Australian made. Melbourne based. Great discounts on multiple buys. Free shipping in 🇦🇺. Variety of designs available. #WhyShouldMasksBeBoring https://t.co/xyFcSt4UKO,WhyShouldMasksBeBoring,WhyShouldMasksBeBoring
melbourne,2020-08-27 15:40:30,stampintino,https://twitter.com/stampintino,https://twitter.com/i/web/status/1298857901885255680,Comforting independent poll shows majority of Melbournians overwhelming support most lockdown measures. 89% say masks should be compulsory. 72% agree with current curfew 👏👏 Ignore the fringe &amp; their PR Dept @SkyNewsAust @australian etc. We got this Melbourne ✊ https://t.co/kNiFSMRVYg,,
melbourne,2020-08-31 06:58:11,geoffrey_payne,https://twitter.com/geoffrey_payne,https://twitter.com/i/web/status/1300176008708931585,RT @mjrowland68: The head of Melbourne’s Arts Centre has spoken candidly about the real challenges involved in staging theatre productions…,,
little,2020-08-28 08:47:04,rgooodlass,https://twitter.com/rgooodlass,https://twitter.com/i/web/status/1299116248169459713,"RT @GreensNSW: Wearing a mask feels strange and a little awkward, but it’s important. It’s been great to see people stepping up their mask…",,
little,2020-08-31 21:43:32,camo2572,https://twitter.com/camo2572,https://twitter.com/i/web/status/1300398814969212930,Bravo @CollingwoodFC finally got our masks today and was really delighted to see Australian made 👍 love the little toggles on the side straps to tighten or loosen too . Overall glad I purchased them #GoPies #WearAMask https://t.co/eqDOQhvw9r,GoPies,WearAMask
little,2020-08-28 08:39:59,26pglt,https://twitter.com/26pglt,https://twitter.com/i/web/status/1299114463828664320,"RT @SiouxsieW: If your kids are nervous about wearing a mask, show then this little video of Avon &amp; I. We had great fun chatting about mask…",,
little,2020-08-28 06:23:59,erstkate,https://twitter.com/erstkate,https://twitter.com/i/web/status/1299080238765191168,"RT @SiouxsieW: If your kids are nervous about wearing a mask, show then this little video of Avon &amp; I. We had great fun chatting about mask…",,
little,2020-08-27 08:59:35,andrea_johnsonn,https://twitter.com/andrea_johnsonn,https://twitter.com/i/web/status/1298757010188431360,"I just did my first mask-wearing workout. I was a little nervous about my performance, but I actually did pretty well and will be going back to the gym! I’m so excited to get back into powerlifting. I’m just sitting in my car beaming and feeling so good.",,
little,2020-08-28 06:59:26,Drisanalg,https://twitter.com/Drisanalg,https://twitter.com/i/web/status/1299089159257116672,"RT @jennylayfluffy: So, invest your time. Just a little. Consider it homework but the good kind.   First - have a read of this from @guardi…",,
please,2020-08-28 05:07:27,WardDanii,https://twitter.com/WardDanii,https://twitter.com/i/web/status/1299060978307469312,"RT @NHSMillion: This is not rocket science, but it might just help save someone’s life.  Please RT to remind everyone how they should be we…",,
please,2020-08-28 06:29:07,snathanm247,https://twitter.com/snathanm247,https://twitter.com/i/web/status/1299081533106593810,"RT @NHSMillion: This is not rocket science, but it might just help save someone’s life.  Please RT to remind everyone how they should be we…",,
please,2020-08-28 08:53:07,TMB28,https://twitter.com/TMB28,https://twitter.com/i/web/status/1299117771595284480,@Vic_Rollison Great thread providing a timely reminder of our Victorian timeline. With numbers reducing we can’t be complacent. Other States please learn from our experience 🙏🏻 I’m in Stage 3. Mask wearing works!,,
please,2020-08-28 03:37:55,_LiamLFC,https://twitter.com/_LiamLFC,https://twitter.com/i/web/status/1299038449094324224,"RT @NHSMillion: This is not rocket science, but it might just help save someone’s life.  Please RT to remind everyone how they should be we…",,
please,2020-08-28 04:37:34,VictoriaNimmo,https://twitter.com/VictoriaNimmo,https://twitter.com/i/web/status/1299053459522682883,"RT @NHSMillion: This is not rocket science, but it might just help save someone’s life.  Please RT to remind everyone how they should be we…",,
please,2020-08-28 06:28:35,ChloeFremantle,https://twitter.com/ChloeFremantle,https://twitter.com/i/web/status/1299081397597089792,"RT @NHSMillion: This is not rocket science, but it might just help save someone’s life.  Please RT to remind everyone how they should be we…",,
please,2020-08-28 03:53:10,paulagrindle,https://twitter.com/paulagrindle,https://twitter.com/i/web/status/1299042286647619586,"RT @NHSMillion: This is not rocket science, but it might just help save someone’s life.  Please RT to remind everyone how they should be we…",,
please,2020-08-28 05:09:28,LindaNewman52,https://twitter.com/LindaNewman52,https://twitter.com/i/web/status/1299061487420440578,"RT @NHSMillion: This is not rocket science, but it might just help save someone’s life.  Please RT to remind everyone how they should be we…",,
please,2020-08-28 04:22:46,LydiaJ65,https://twitter.com/LydiaJ65,https://twitter.com/i/web/status/1299049732820660232,"RT @NHSMillion: This is not rocket science, but it might just help save someone’s life.  Please RT to remind everyone how they should be we…",,
please,2020-08-28 04:38:10,griffiths_bill5,https://twitter.com/griffiths_bill5,https://twitter.com/i/web/status/1299053611926925320,"RT @NHSMillion: This is not rocket science, but it might just help save someone’s life.  Please RT to remind everyone how they should be we…",,
thank,2020-08-27 07:46:21,cealadylux,https://twitter.com/cealadylux,https://twitter.com/i/web/status/1298738579993059329,@that1backspot Thank you for your support. We wear mask but for 1 min for a sense of normalcy we take a group pic. 💖,,
thank,2020-08-27 07:18:49,OoCRedDead,https://twitter.com/OoCRedDead,https://twitter.com/i/web/status/1298731652919762951,"RT @NoshirDalal: Nala thanks you for wearing your mask to keep you, your loved ones, and your neighbors safe. And if you DON’T... then she…",,
thank,2020-08-27 07:29:54,DrHelenSLT,https://twitter.com/DrHelenSLT,https://twitter.com/i/web/status/1298734440001265665,@gillmainslt @JanetMoss4 Thank you🤩. I am totally comfortable wearing a mask in shops etc but don’t usually have to say much. This has made me realise how really hard doing a talking job is with PPE...I am even fuller of admiration for you all!,,
thank,2020-08-26 20:11:16,AdmiralSmirnov,https://twitter.com/AdmiralSmirnov,https://twitter.com/i/web/status/1298563655185895424,"Today I am proud again to be Australian, thank you boys for demonstrating we are not all sheeple.  When the law is unreasonable and unjust, we have the right to revolt against it.  END LOCKDOWN NOW, DITCH MASKS NOW  #DictatorDan #ResignDanielAndrews #COVID19Vic https://t.co/S27TaR1toM",COVID19Vic,ResignDanielAndrews
thank,2020-08-28 05:57:24,VinylDisorder,https://twitter.com/VinylDisorder,https://twitter.com/i/web/status/1299073550058491905,Wearing a mask is cool! Awesome sticker design by egddesigns Thank you for choosing https://t.co/rO7gAdBP6h - Top quality stickers at rock bottom prices!   Have our team help you with your project today!… https://t.co/UXboNKmpC4,,
thank,2020-08-30 08:21:48,kentakinte,https://twitter.com/kentakinte,https://twitter.com/i/web/status/1299834663024947200,RT @_LZRCAT: the top dogs have been reunited. we are a trifecta once again. slowly and surely starting to dj back on the strip. thanks to e…,,
thank,2020-08-26 19:14:56,Treyvaud,https://twitter.com/Treyvaud,https://twitter.com/i/web/status/1298549481252642816,"@Qantas Hey flying roo, I know we’re all doing it tough right now, especially in Victoria. I just wanted to say a huge thanks for the free status credits, looking forward to flying with the national carrier again soon. 🛫✌🏼😷 #Qantas",Qantas,Qantas
thank,2020-08-28 04:36:39,SchwahnMichael,https://twitter.com/SchwahnMichael,https://twitter.com/i/web/status/1299053228235972608,I absolutely LOVE that Crash Bandicoot is wearing a mask.  Thank you.  Very Cool.  #gamescom2020  #OpeningNightLive  #CrashBandicoot  #CrashBandicoot4  #CrashBandicoot4Itsabouttime,CrashBandicoot,OpeningNightLive
thank,2020-08-28 08:27:28,volsndcolts,https://twitter.com/volsndcolts,https://twitter.com/i/web/status/1299111315441684482,RT @UTKnoxville: Chancellor @DondePlowman had some special thanks for Vols wearing their masks yesterday. Thanks for keeping each other saf…,,
thank,2020-08-28 08:59:37,rfadam3,https://twitter.com/rfadam3,https://twitter.com/i/web/status/1299119406442639361,@DrTomFrieden Thank you. It’s not complicated. Wear the mask. Save lives.,,
give,2020-08-27 08:58:20,saleiru,https://twitter.com/saleiru,https://twitter.com/i/web/status/1298756695557115907,RT @tweetlikeriri: Wearing a mask with sunglasses gives me a level of anonymity I’ve desired.,,
give,2020-08-26 08:47:52,barbzdaone,https://twitter.com/barbzdaone,https://twitter.com/i/web/status/1298391674079653890,RT @tweetlikeriri: Wearing a mask with sunglasses gives me a level of anonymity I’ve desired.,,
give,2020-08-26 08:59:21,thevictoriagg,https://twitter.com/thevictoriagg,https://twitter.com/i/web/status/1298394563908980737,RT @tweetlikeriri: Wearing a mask with sunglasses gives me a level of anonymity I’ve desired.,,
give,2020-08-27 07:39:35,gomunosmash,https://twitter.com/gomunosmash,https://twitter.com/i/web/status/1298736875054788613,RT @tweetlikeriri: Wearing a mask with sunglasses gives me a level of anonymity I’ve desired.,,
give,2020-08-27 08:23:03,maeghanwulf,https://twitter.com/maeghanwulf,https://twitter.com/i/web/status/1298747815078686721,RT @tweetlikeriri: Wearing a mask with sunglasses gives me a level of anonymity I’ve desired.,,
give,2020-08-27 06:30:07,Lickwidsoap,https://twitter.com/Lickwidsoap,https://twitter.com/i/web/status/1298719394919362560,RT @tweetlikeriri: Wearing a mask with sunglasses gives me a level of anonymity I’ve desired.,,
give,2020-08-28 04:08:27,keira45499006,https://twitter.com/keira45499006,https://twitter.com/i/web/status/1299046132451028993,RT @tweetlikeriri: Wearing a mask with sunglasses gives me a level of anonymity I’ve desired.,,
give,2020-08-27 06:07:04,Bob56585696,https://twitter.com/Bob56585696,https://twitter.com/i/web/status/1298713594738032644,RT @tweetlikeriri: Wearing a mask with sunglasses gives me a level of anonymity I’ve desired.,,
give,2020-08-27 07:48:09,artby1971,https://twitter.com/artby1971,https://twitter.com/i/web/status/1298739033485373445,RT @tweetlikeriri: Wearing a mask with sunglasses gives me a level of anonymity I’ve desired.,,
give,2020-08-27 08:09:31,dreamgxrl666,https://twitter.com/dreamgxrl666,https://twitter.com/i/web/status/1298744410872483841,RT @tweetlikeriri: Wearing a mask with sunglasses gives me a level of anonymity I’ve desired.,,
support,2020-08-27 07:46:21,cealadylux,https://twitter.com/cealadylux,https://twitter.com/i/web/status/1298738579993059329,@that1backspot Thank you for your support. We wear mask but for 1 min for a sense of normalcy we take a group pic. 💖,,
support,2020-08-26 06:13:59,fumarolebandaus,https://twitter.com/fumarolebandaus,https://twitter.com/i/web/status/1298352945541476352,"RT @lordofficial: We have face masks! Pick up yours and part of the proceeds from sales will go to the Australian charity, Support Act who…",,
support,2020-08-28 06:38:56,munixx,https://twitter.com/munixx,https://twitter.com/i/web/status/1299084002326794240,"@Cyclops_Trader Simple just do what China did, it worked well, and everyone is safe now, only wear masks on public transport. Clearly defined protocols and people knew what to do, with lots of support.",,
support,2020-08-27 06:11:21,SmilingDeDe,https://twitter.com/SmilingDeDe,https://twitter.com/i/web/status/1298714671923343361,"@wastatepatrol Awesome pic, and all ladies!! Yes!! A lot of bad-assery here. ❤❤  * would have been more awesome if they were wearing masks to reinforce all agencies supporting the efforts*",,
support,2020-08-27 18:54:47,LouisMoresi,https://twitter.com/LouisMoresi,https://twitter.com/i/web/status/1298906798582165505,1) an interesting read and 2) face-masks that nobody could object to wearing and 3) a good cause supporting Australian artists - The Origins of the Boomerang. https://t.co/O9M0uS7O0Q,,
support,2020-08-28 06:18:17,the_jim_jam,https://twitter.com/the_jim_jam,https://twitter.com/i/web/status/1299078805626040320,RT @sonnyyxmayy: Wear your masks &amp; support blm it makes you cute (: https://t.co/MhQ0P4MxvH,,
support,2020-08-27 07:49:06,lincolnabesread,https://twitter.com/lincolnabesread,https://twitter.com/i/web/status/1298739272778838021,RT @Woodards4Tacoma: It's National Black Owned Business Month! 🙌🏼  Please show support to our black business owners by attending the Bite o…,,
support,2020-08-28 13:36:12,AndyDowling,https://twitter.com/AndyDowling,https://twitter.com/i/web/status/1299189011227975680,"We in @lordofficial have face masks! Pick up yours and part of the proceeds from sales will go to the Australian charity, Support Act who provide help to musicians and music workers who experience hardship.  https://t.co/ZbftI274rR https://t.co/AESWOfIlj0",,
support,2020-08-26 10:45:15,lordofficial,https://twitter.com/lordofficial,https://twitter.com/i/web/status/1298421212545130496,RT @MidnightHowle10: Just bought mine! Finally I have a mask that gives back to a good cause!! #facemasks #COVID__19 #supportmusicians,COVID__19,supportmusicians
support,2020-08-31 13:58:16,peteccowan,https://twitter.com/peteccowan,https://twitter.com/i/web/status/1300281726623600640,"@deanmacallister @drpete00 @BrettMasonNews @JoshFrydenberg @SBSNews @DanielAndrewsMP You will believe and find info to support what you want. I will wear my mask just encase it does help, even if only a small amount to save you or someone you love.  Also I fixed your picture so you can resend to your friends. https://t.co/tVubFW6Rwm",,
protect,2020-08-30 07:35:00,LoiselleTodd,https://twitter.com/LoiselleTodd,https://twitter.com/i/web/status/1299822886132178946,RT @WADeptHealth: My mask protects you. Your mask protects me. Wearing a cloth face covering helps stop the spread of COVID-19.,,
protect,2020-08-30 07:51:58,sherrydevries,https://twitter.com/sherrydevries,https://twitter.com/i/web/status/1299827155547947009,RT @TNDeptofHealth: My face covering protects you. Your face covering protects me. Let's protect one another Tennessee. Learn more: https:/…,,
protect,2020-08-31 09:00:09,EllaCookWrites,https://twitter.com/EllaCookWrites,https://twitter.com/i/web/status/1300206703674359814,@scrappylee @WrightGrumpy @jimmuxhaiku @simondolan And shock of shocks I discovered: 1 - Masks have no negative impact on the wearer in almost every case  2 - Masks can positively reduce the number of viral particles spread  3 - Masks MAY even protect the wearer (though evidence is still being gathered on this),,
protect,2020-08-31 14:36:55,JMBrideoake,https://twitter.com/JMBrideoake,https://twitter.com/i/web/status/1300291453147467776,RT @45needstogo1: And don't wait till the last day to cast your ballot.  If you go to your polling place wear an N95 Mask that will protect…,,
protect,2020-09-01 08:27:20,mnewla,https://twitter.com/mnewla,https://twitter.com/i/web/status/1300560832116527108,"RT @GovernorTomWolf: Mask up, PA. New research shows that wearing a mask doesn't just protect those around you, it also protects you. https…",,
protect,2020-08-28 04:56:28,matthewklein316,https://twitter.com/matthewklein316,https://twitter.com/i/web/status/1299058217306198017,Wear a mask. Stay six feet apart. Respect each other. It works. There's DATA to prove it! #WearADamnMask #protecteachother #COVID https://t.co/6FU4y6bFB8,COVID,WearADamnMask
protect,2020-08-26 08:54:01,MarieCo92176893,https://twitter.com/MarieCo92176893,https://twitter.com/i/web/status/1298393221672787969,RT @AlanTudgeMP: Multicultural communities have listened to the advice and taken action to protect themselves and their fellow Aussies from…,,
protect,2020-08-31 08:34:57,jcchupack,https://twitter.com/jcchupack,https://twitter.com/i/web/status/1300200363115462657,RT @WADeptHealth: My mask protects you. Your mask protects me. Wearing a cloth face covering helps stop the spread of COVID-19.,,
protect,2020-08-27 08:01:29,JhaniaS144,https://twitter.com/JhaniaS144,https://twitter.com/i/web/status/1298742389951979521,They literally protect you more than the masks y’all wearing to make a fashion statement....... https://t.co/1Oskv9DmHf,,
protect,2020-08-26 08:53:44,spsoni,https://twitter.com/spsoni,https://twitter.com/i/web/status/1298393148419223552,RT @AlanTudgeMP: Multicultural communities have listened to the advice and taken action to protect themselves and their fellow Aussies from…,,
science,2020-08-28 05:07:27,WardDanii,https://twitter.com/WardDanii,https://twitter.com/i/web/status/1299060978307469312,"RT @NHSMillion: This is not rocket science, but it might just help save someone’s life.  Please RT to remind everyone how they should be we…",,
science,2020-08-28 06:29:07,snathanm247,https://twitter.com/snathanm247,https://twitter.com/i/web/status/1299081533106593810,"RT @NHSMillion: This is not rocket science, but it might just help save someone’s life.  Please RT to remind everyone how they should be we…",,
science,2020-08-28 03:37:55,_LiamLFC,https://twitter.com/_LiamLFC,https://twitter.com/i/web/status/1299038449094324224,"RT @NHSMillion: This is not rocket science, but it might just help save someone’s life.  Please RT to remind everyone how they should be we…",,
science,2020-08-28 04:37:34,VictoriaNimmo,https://twitter.com/VictoriaNimmo,https://twitter.com/i/web/status/1299053459522682883,"RT @NHSMillion: This is not rocket science, but it might just help save someone’s life.  Please RT to remind everyone how they should be we…",,
science,2020-08-28 06:28:35,ChloeFremantle,https://twitter.com/ChloeFremantle,https://twitter.com/i/web/status/1299081397597089792,"RT @NHSMillion: This is not rocket science, but it might just help save someone’s life.  Please RT to remind everyone how they should be we…",,
science,2020-08-28 03:53:10,paulagrindle,https://twitter.com/paulagrindle,https://twitter.com/i/web/status/1299042286647619586,"RT @NHSMillion: This is not rocket science, but it might just help save someone’s life.  Please RT to remind everyone how they should be we…",,
science,2020-08-28 05:09:28,LindaNewman52,https://twitter.com/LindaNewman52,https://twitter.com/i/web/status/1299061487420440578,"RT @NHSMillion: This is not rocket science, but it might just help save someone’s life.  Please RT to remind everyone how they should be we…",,
science,2020-08-28 04:22:46,LydiaJ65,https://twitter.com/LydiaJ65,https://twitter.com/i/web/status/1299049732820660232,"RT @NHSMillion: This is not rocket science, but it might just help save someone’s life.  Please RT to remind everyone how they should be we…",,
science,2020-08-28 04:38:10,griffiths_bill5,https://twitter.com/griffiths_bill5,https://twitter.com/i/web/status/1299053611926925320,"RT @NHSMillion: This is not rocket science, but it might just help save someone’s life.  Please RT to remind everyone how they should be we…",,
science,2020-08-28 06:44:06,fiddy333,https://twitter.com/fiddy333,https://twitter.com/i/web/status/1299085301327884289,"RT @NHSMillion: This is not rocket science, but it might just help save someone’s life.  Please RT to remind everyone how they should be we…",,
everything,2020-08-30 08:54:47,MmpattonMyers,https://twitter.com/MmpattonMyers,https://twitter.com/i/web/status/1299842964999471109,RT @iheartmindy: Wow! What a great turn out! We had cowboys on horses and everything. The cops did not harass/arrest us about our “illegal”…,,
everything,2020-08-30 08:59:14,Angela64long,https://twitter.com/Angela64long,https://twitter.com/i/web/status/1299844083859431425,RT @iheartmindy: Wow! What a great turn out! We had cowboys on horses and everything. The cops did not harass/arrest us about our “illegal”…,,
everything,2020-08-30 08:34:19,xenkallas,https://twitter.com/xenkallas,https://twitter.com/i/web/status/1299837812854775809,RT @iheartmindy: Wow! What a great turn out! We had cowboys on horses and everything. The cops did not harass/arrest us about our “illegal”…,,
might,2020-08-28 05:07:27,WardDanii,https://twitter.com/WardDanii,https://twitter.com/i/web/status/1299060978307469312,"RT @NHSMillion: This is not rocket science, but it might just help save someone’s life.  Please RT to remind everyone how they should be we…",,
might,2020-08-28 06:29:07,snathanm247,https://twitter.com/snathanm247,https://twitter.com/i/web/status/1299081533106593810,"RT @NHSMillion: This is not rocket science, but it might just help save someone’s life.  Please RT to remind everyone how they should be we…",,
might,2020-08-28 03:37:55,_LiamLFC,https://twitter.com/_LiamLFC,https://twitter.com/i/web/status/1299038449094324224,"RT @NHSMillion: This is not rocket science, but it might just help save someone’s life.  Please RT to remind everyone how they should be we…",,
might,2020-08-28 04:37:34,VictoriaNimmo,https://twitter.com/VictoriaNimmo,https://twitter.com/i/web/status/1299053459522682883,"RT @NHSMillion: This is not rocket science, but it might just help save someone’s life.  Please RT to remind everyone how they should be we…",,
might,2020-08-28 06:28:35,ChloeFremantle,https://twitter.com/ChloeFremantle,https://twitter.com/i/web/status/1299081397597089792,"RT @NHSMillion: This is not rocket science, but it might just help save someone’s life.  Please RT to remind everyone how they should be we…",,
might,2020-08-28 03:53:10,paulagrindle,https://twitter.com/paulagrindle,https://twitter.com/i/web/status/1299042286647619586,"RT @NHSMillion: This is not rocket science, but it might just help save someone’s life.  Please RT to remind everyone how they should be we…",,
might,2020-08-28 05:09:28,LindaNewman52,https://twitter.com/LindaNewman52,https://twitter.com/i/web/status/1299061487420440578,"RT @NHSMillion: This is not rocket science, but it might just help save someone’s life.  Please RT to remind everyone how they should be we…",,
might,2020-08-28 04:22:46,LydiaJ65,https://twitter.com/LydiaJ65,https://twitter.com/i/web/status/1299049732820660232,"RT @NHSMillion: This is not rocket science, but it might just help save someone’s life.  Please RT to remind everyone how they should be we…",,
might,2020-08-28 04:38:10,griffiths_bill5,https://twitter.com/griffiths_bill5,https://twitter.com/i/web/status/1299053611926925320,"RT @NHSMillion: This is not rocket science, but it might just help save someone’s life.  Please RT to remind everyone how they should be we…",,
might,2020-08-28 06:44:06,fiddy333,https://twitter.com/fiddy333,https://twitter.com/i/web/status/1299085301327884289,"RT @NHSMillion: This is not rocket science, but it might just help save someone’s life.  Please RT to remind everyone how they should be we…",,
#covid19,2020-08-26 20:11:16,AdmiralSmirnov,https://twitter.com/AdmiralSmirnov,https://twitter.com/i/web/status/1298563655185895424,"Today I am proud again to be Australian, thank you boys for demonstrating we are not all sheeple.  When the law is unreasonable and unjust, we have the right to revolt against it.  END LOCKDOWN NOW, DITCH MASKS NOW  #DictatorDan #ResignDanielAndrews #COVID19Vic https://t.co/S27TaR1toM",COVID19Vic,ResignDanielAndrews
#covid19,2020-08-27 09:04:31,CMcArrrrrr,https://twitter.com/CMcArrrrrr,https://twitter.com/i/web/status/1298758253053120514,"RT @GovernorTomWolf: Help spread the facts about wearing a mask. It's safe, effective, and essential to stopping the spread of #COVID19. ht…",COVID19,COVID19
#covid19,2020-08-27 10:35:23,FloatPacAU,https://twitter.com/FloatPacAU,https://twitter.com/i/web/status/1298781118070697986,Were clearing the decks for our new summer range that's dropping September '20.  OG pleated #facemasks are now 50% off!  Get em before they go!  https://t.co/GquNiCFcIo  #facemasks #sale #freefreight #madeinaustralia #maskupmelbourne #maskupsydney #maskupbrisbane #COVID19,COVID19,sale
#covid19,2020-08-28 07:42:46,OCREAL_ESTATE,https://twitter.com/OCREAL_ESTATE,https://twitter.com/i/web/status/1299100066070671361,RT @Surgeon_General: How are we achieving success Nationally in the fight against #COVID19?  More and more are embracing the 3 W’s. 👇🏽  1️⃣…,COVID19,COVID19
#covid19,2020-08-28 08:47:29,robin_koffler,https://twitter.com/robin_koffler,https://twitter.com/i/web/status/1299116352750473223,RT @DrEricDing: Well done #COVID19 TV ad encouraging people to wear masks if they want to goto bars and restaurants again. Hats off to Vict…,COVID19,COVID19
#covid19,2020-08-27 21:56:33,AusEmbAfg,https://twitter.com/AusEmbAfg,https://twitter.com/i/web/status/1298952538121629696,"We love this public health poster from 1919, by iconic Australian author and illustrator May Gibbs.  It uses her characters to encourage readers, especially children, to wear masks to prevent infection - and is just as useful more than 100 years later!  #COVID19 https://t.co/Yt1Z0wXTOy",COVID19,COVID19
#covid19,2020-08-28 09:00:00,NSWHealth,https://twitter.com/NSWHealth,https://twitter.com/i/web/status/1299119504241373187,"Putting on and taking off a face mask is fast and easy, however it’s important that you do so safely. Watch this video as Dr Jan Fizzell explains how to correctly wear a mask. #COVID19 https://t.co/eyBUuQlK8k",COVID19,COVID19
cowboy,2020-08-30 08:54:47,MmpattonMyers,https://twitter.com/MmpattonMyers,https://twitter.com/i/web/status/1299842964999471109,RT @iheartmindy: Wow! What a great turn out! We had cowboys on horses and everything. The cops did not harass/arrest us about our “illegal”…,,
cowboy,2020-08-30 08:59:14,Angela64long,https://twitter.com/Angela64long,https://twitter.com/i/web/status/1299844083859431425,RT @iheartmindy: Wow! What a great turn out! We had cowboys on horses and everything. The cops did not harass/arrest us about our “illegal”…,,
cowboy,2020-08-30 08:34:19,xenkallas,https://twitter.com/xenkallas,https://twitter.com/i/web/status/1299837812854775809,RT @iheartmindy: Wow! What a great turn out! We had cowboys on horses and everything. The cops did not harass/arrest us about our “illegal”…,,
everyone,2020-08-28 05:07:27,WardDanii,https://twitter.com/WardDanii,https://twitter.com/i/web/status/1299060978307469312,"RT @NHSMillion: This is not rocket science, but it might just help save someone’s life.  Please RT to remind everyone how they should be we…",,
everyone,2020-08-28 06:29:07,snathanm247,https://twitter.com/snathanm247,https://twitter.com/i/web/status/1299081533106593810,"RT @NHSMillion: This is not rocket science, but it might just help save someone’s life.  Please RT to remind everyone how they should be we…",,
everyone,2020-08-28 03:37:55,_LiamLFC,https://twitter.com/_LiamLFC,https://twitter.com/i/web/status/1299038449094324224,"RT @NHSMillion: This is not rocket science, but it might just help save someone’s life.  Please RT to remind everyone how they should be we…",,
everyone,2020-08-28 04:37:34,VictoriaNimmo,https://twitter.com/VictoriaNimmo,https://twitter.com/i/web/status/1299053459522682883,"RT @NHSMillion: This is not rocket science, but it might just help save someone’s life.  Please RT to remind everyone how they should be we…",,
everyone,2020-08-28 06:28:35,ChloeFremantle,https://twitter.com/ChloeFremantle,https://twitter.com/i/web/status/1299081397597089792,"RT @NHSMillion: This is not rocket science, but it might just help save someone’s life.  Please RT to remind everyone how they should be we…",,
everyone,2020-09-01 01:59:12,HbelsHelen,https://twitter.com/HbelsHelen,https://twitter.com/i/web/status/1300463157320675328,@theanthonyhayes @DanielAndrewsMP @JoshFrydenberg He is doing a wonderful job everyone just need to shut up wear masks stay home and we will get there,,
everyone,2020-08-28 03:53:10,paulagrindle,https://twitter.com/paulagrindle,https://twitter.com/i/web/status/1299042286647619586,"RT @NHSMillion: This is not rocket science, but it might just help save someone’s life.  Please RT to remind everyone how they should be we…",,
everyone,2020-08-28 05:09:28,LindaNewman52,https://twitter.com/LindaNewman52,https://twitter.com/i/web/status/1299061487420440578,"RT @NHSMillion: This is not rocket science, but it might just help save someone’s life.  Please RT to remind everyone how they should be we…",,
everyone,2020-08-28 06:38:56,munixx,https://twitter.com/munixx,https://twitter.com/i/web/status/1299084002326794240,"@Cyclops_Trader Simple just do what China did, it worked well, and everyone is safe now, only wear masks on public transport. Clearly defined protocols and people knew what to do, with lots of support.",,
everyone,2020-08-28 04:22:46,LydiaJ65,https://twitter.com/LydiaJ65,https://twitter.com/i/web/status/1299049732820660232,"RT @NHSMillion: This is not rocket science, but it might just help save someone’s life.  Please RT to remind everyone how they should be we…",,
candidly,2020-08-31 07:17:40,kevinzminion,https://twitter.com/kevinzminion,https://twitter.com/i/web/status/1300180912223600640,RT @mjrowland68: The head of Melbourne’s Arts Centre has spoken candidly about the real challenges involved in staging theatre productions…,,
candidly,2020-08-31 06:57:51,BreakfastNews,https://twitter.com/BreakfastNews,https://twitter.com/i/web/status/1300175924319535104,RT @mjrowland68: The head of Melbourne’s Arts Centre has spoken candidly about the real challenges involved in staging theatre productions…,,
candidly,2020-08-31 08:11:22,hossieho,https://twitter.com/hossieho,https://twitter.com/i/web/status/1300194426023677952,RT @mjrowland68: The head of Melbourne’s Arts Centre has spoken candidly about the real challenges involved in staging theatre productions…,,
candidly,2020-08-31 07:18:41,mhux,https://twitter.com/mhux,https://twitter.com/i/web/status/1300181168772407297,RT @mjrowland68: The head of Melbourne’s Arts Centre has spoken candidly about the real challenges involved in staging theatre productions…,,
candidly,2020-08-31 06:58:11,geoffrey_payne,https://twitter.com/geoffrey_payne,https://twitter.com/i/web/status/1300176008708931585,RT @mjrowland68: The head of Melbourne’s Arts Centre has spoken candidly about the real challenges involved in staging theatre productions…,,
theatre,2020-08-31 07:17:40,kevinzminion,https://twitter.com/kevinzminion,https://twitter.com/i/web/status/1300180912223600640,RT @mjrowland68: The head of Melbourne’s Arts Centre has spoken candidly about the real challenges involved in staging theatre productions…,,
theatre,2020-08-31 06:57:51,BreakfastNews,https://twitter.com/BreakfastNews,https://twitter.com/i/web/status/1300175924319535104,RT @mjrowland68: The head of Melbourne’s Arts Centre has spoken candidly about the real challenges involved in staging theatre productions…,,
theatre,2020-08-28 09:02:34,LilianAustralia,https://twitter.com/LilianAustralia,https://twitter.com/i/web/status/1299120147949449217,@TomCruise How does that happen...? I'm wearing a mask You sent the right message @TomCruise 👍  I believe cinema's/theatres worldwide could all reopen by encouraging/making mandatory wearing a mask...just until this epidemic is completely over... https://t.co/7AxsEOqzjj,,
theatre,2020-08-31 08:11:22,hossieho,https://twitter.com/hossieho,https://twitter.com/i/web/status/1300194426023677952,RT @mjrowland68: The head of Melbourne’s Arts Centre has spoken candidly about the real challenges involved in staging theatre productions…,,
theatre,2020-08-31 07:18:41,mhux,https://twitter.com/mhux,https://twitter.com/i/web/status/1300181168772407297,RT @mjrowland68: The head of Melbourne’s Arts Centre has spoken candidly about the real challenges involved in staging theatre productions…,,
theatre,2020-08-31 06:58:11,geoffrey_payne,https://twitter.com/geoffrey_payne,https://twitter.com/i/web/status/1300176008708931585,RT @mjrowland68: The head of Melbourne’s Arts Centre has spoken candidly about the real challenges involved in staging theatre productions…,,
centre,2020-08-31 07:17:40,kevinzminion,https://twitter.com/kevinzminion,https://twitter.com/i/web/status/1300180912223600640,RT @mjrowland68: The head of Melbourne’s Arts Centre has spoken candidly about the real challenges involved in staging theatre productions…,,
centre,2020-08-31 06:57:51,BreakfastNews,https://twitter.com/BreakfastNews,https://twitter.com/i/web/status/1300175924319535104,RT @mjrowland68: The head of Melbourne’s Arts Centre has spoken candidly about the real challenges involved in staging theatre productions…,,
centre,2020-08-31 08:11:22,hossieho,https://twitter.com/hossieho,https://twitter.com/i/web/status/1300194426023677952,RT @mjrowland68: The head of Melbourne’s Arts Centre has spoken candidly about the real challenges involved in staging theatre productions…,,
centre,2020-08-31 07:18:41,mhux,https://twitter.com/mhux,https://twitter.com/i/web/status/1300181168772407297,RT @mjrowland68: The head of Melbourne’s Arts Centre has spoken candidly about the real challenges involved in staging theatre productions…,,
centre,2020-08-31 06:58:11,geoffrey_payne,https://twitter.com/geoffrey_payne,https://twitter.com/i/web/status/1300176008708931585,RT @mjrowland68: The head of Melbourne’s Arts Centre has spoken candidly about the real challenges involved in staging theatre productions…,,
horse,2020-08-30 08:54:47,MmpattonMyers,https://twitter.com/MmpattonMyers,https://twitter.com/i/web/status/1299842964999471109,RT @iheartmindy: Wow! What a great turn out! We had cowboys on horses and everything. The cops did not harass/arrest us about our “illegal”…,,
horse,2020-08-30 08:59:14,Angela64long,https://twitter.com/Angela64long,https://twitter.com/i/web/status/1299844083859431425,RT @iheartmindy: Wow! What a great turn out! We had cowboys on horses and everything. The cops did not harass/arrest us about our “illegal”…,,
horse,2020-08-30 08:34:19,xenkallas,https://twitter.com/xenkallas,https://twitter.com/i/web/status/1299837812854775809,RT @iheartmindy: Wow! What a great turn out! We had cowboys on horses and everything. The cops did not harass/arrest us about our “illegal”…,,
thing,2020-08-30 08:46:36,RobertG64948055,https://twitter.com/RobertG64948055,https://twitter.com/i/web/status/1299840906523111424,RT @RexChapman: Best thing I’ve seen all week.   Georgia.   Wear a mask... https://t.co/hcjKKFou6P,,
thing,2020-08-30 08:41:28,Julesong,https://twitter.com/Julesong,https://twitter.com/i/web/status/1299839612420907008,RT @RexChapman: Best thing I’ve seen all week.   Georgia.   Wear a mask... https://t.co/hcjKKFou6P,,
thing,2020-08-30 08:17:48,NealDawgFan64,https://twitter.com/NealDawgFan64,https://twitter.com/i/web/status/1299833656404369408,RT @RexChapman: Best thing I’ve seen all week.   Georgia.   Wear a mask... https://t.co/hcjKKFou6P,,
thing,2020-08-31 06:39:01,carleneclarkk,https://twitter.com/carleneclarkk,https://twitter.com/i/web/status/1300171185666232320,RT @RexChapman: Best thing I’ve seen all week.   Georgia.   Wear a mask... https://t.co/hcjKKFou6P,,
thing,2020-08-31 07:40:35,SteavenRamirez,https://twitter.com/SteavenRamirez,https://twitter.com/i/web/status/1300186681203720192,RT @RexChapman: Best thing I’ve seen all week.   Georgia.   Wear a mask... https://t.co/hcjKKFou6P,,
thing,2020-08-30 07:41:46,k1llamat1cz,https://twitter.com/k1llamat1cz,https://twitter.com/i/web/status/1299824590898647041,RT @RexChapman: Best thing I’ve seen all week.   Georgia.   Wear a mask... https://t.co/hcjKKFou6P,,
thing,2020-08-30 08:49:23,voteawaythehat3,https://twitter.com/voteawaythehat3,https://twitter.com/i/web/status/1299841604631408640,RT @RexChapman: Best thing I’ve seen all week.   Georgia.   Wear a mask... https://t.co/hcjKKFou6P,,
thing,2020-08-31 08:33:57,mnwildfan29,https://twitter.com/mnwildfan29,https://twitter.com/i/web/status/1300200108231929857,RT @RexChapman: Best thing I’ve seen all week.   Georgia.   Wear a mask... https://t.co/hcjKKFou6P,,
thing,2020-08-30 08:31:49,MitchellAdams90,https://twitter.com/MitchellAdams90,https://twitter.com/i/web/status/1299837184086736896,RT @RexChapman: Best thing I’ve seen all week.   Georgia.   Wear a mask... https://t.co/hcjKKFou6P,,
thing,2020-08-31 08:18:56,victorgiang,https://twitter.com/victorgiang,https://twitter.com/i/web/status/1300196332632645634,RT @RexChapman: Best thing I’ve seen all week.   Georgia.   Wear a mask... https://t.co/hcjKKFou6P,,
desire,2020-08-27 08:58:20,saleiru,https://twitter.com/saleiru,https://twitter.com/i/web/status/1298756695557115907,RT @tweetlikeriri: Wearing a mask with sunglasses gives me a level of anonymity I’ve desired.,,
desire,2020-08-26 08:47:52,barbzdaone,https://twitter.com/barbzdaone,https://twitter.com/i/web/status/1298391674079653890,RT @tweetlikeriri: Wearing a mask with sunglasses gives me a level of anonymity I’ve desired.,,
desire,2020-08-26 08:59:21,thevictoriagg,https://twitter.com/thevictoriagg,https://twitter.com/i/web/status/1298394563908980737,RT @tweetlikeriri: Wearing a mask with sunglasses gives me a level of anonymity I’ve desired.,,
desire,2020-08-27 07:39:35,gomunosmash,https://twitter.com/gomunosmash,https://twitter.com/i/web/status/1298736875054788613,RT @tweetlikeriri: Wearing a mask with sunglasses gives me a level of anonymity I’ve desired.,,
desire,2020-08-27 08:23:03,maeghanwulf,https://twitter.com/maeghanwulf,https://twitter.com/i/web/status/1298747815078686721,RT @tweetlikeriri: Wearing a mask with sunglasses gives me a level of anonymity I’ve desired.,,
desire,2020-08-27 06:30:07,Lickwidsoap,https://twitter.com/Lickwidsoap,https://twitter.com/i/web/status/1298719394919362560,RT @tweetlikeriri: Wearing a mask with sunglasses gives me a level of anonymity I’ve desired.,,
desire,2020-08-28 04:08:27,keira45499006,https://twitter.com/keira45499006,https://twitter.com/i/web/status/1299046132451028993,RT @tweetlikeriri: Wearing a mask with sunglasses gives me a level of anonymity I’ve desired.,,
desire,2020-08-27 06:07:04,Bob56585696,https://twitter.com/Bob56585696,https://twitter.com/i/web/status/1298713594738032644,RT @tweetlikeriri: Wearing a mask with sunglasses gives me a level of anonymity I’ve desired.,,
desire,2020-08-27 07:48:09,artby1971,https://twitter.com/artby1971,https://twitter.com/i/web/status/1298739033485373445,RT @tweetlikeriri: Wearing a mask with sunglasses gives me a level of anonymity I’ve desired.,,
desire,2020-08-27 08:09:31,dreamgxrl666,https://twitter.com/dreamgxrl666,https://twitter.com/i/web/status/1298744410872483841,RT @tweetlikeriri: Wearing a mask with sunglasses gives me a level of anonymity I’ve desired.,,
challenge,2020-08-31 07:17:40,kevinzminion,https://twitter.com/kevinzminion,https://twitter.com/i/web/status/1300180912223600640,RT @mjrowland68: The head of Melbourne’s Arts Centre has spoken candidly about the real challenges involved in staging theatre productions…,,
challenge,2020-08-31 06:57:51,BreakfastNews,https://twitter.com/BreakfastNews,https://twitter.com/i/web/status/1300175924319535104,RT @mjrowland68: The head of Melbourne’s Arts Centre has spoken candidly about the real challenges involved in staging theatre productions…,,
challenge,2020-08-31 08:11:22,hossieho,https://twitter.com/hossieho,https://twitter.com/i/web/status/1300194426023677952,RT @mjrowland68: The head of Melbourne’s Arts Centre has spoken candidly about the real challenges involved in staging theatre productions…,,
challenge,2020-08-31 07:18:41,mhux,https://twitter.com/mhux,https://twitter.com/i/web/status/1300181168772407297,RT @mjrowland68: The head of Melbourne’s Arts Centre has spoken candidly about the real challenges involved in staging theatre productions…,,
challenge,2020-08-31 06:58:11,geoffrey_payne,https://twitter.com/geoffrey_payne,https://twitter.com/i/web/status/1300176008708931585,RT @mjrowland68: The head of Melbourne’s Arts Centre has spoken candidly about the real challenges involved in staging theatre productions…,,
anonymity,2020-08-27 08:58:20,saleiru,https://twitter.com/saleiru,https://twitter.com/i/web/status/1298756695557115907,RT @tweetlikeriri: Wearing a mask with sunglasses gives me a level of anonymity I’ve desired.,,
anonymity,2020-08-26 08:47:52,barbzdaone,https://twitter.com/barbzdaone,https://twitter.com/i/web/status/1298391674079653890,RT @tweetlikeriri: Wearing a mask with sunglasses gives me a level of anonymity I’ve desired.,,
anonymity,2020-08-26 08:59:21,thevictoriagg,https://twitter.com/thevictoriagg,https://twitter.com/i/web/status/1298394563908980737,RT @tweetlikeriri: Wearing a mask with sunglasses gives me a level of anonymity I’ve desired.,,
anonymity,2020-08-27 07:39:35,gomunosmash,https://twitter.com/gomunosmash,https://twitter.com/i/web/status/1298736875054788613,RT @tweetlikeriri: Wearing a mask with sunglasses gives me a level of anonymity I’ve desired.,,
anonymity,2020-08-27 08:23:03,maeghanwulf,https://twitter.com/maeghanwulf,https://twitter.com/i/web/status/1298747815078686721,RT @tweetlikeriri: Wearing a mask with sunglasses gives me a level of anonymity I’ve desired.,,
anonymity,2020-08-27 06:30:07,Lickwidsoap,https://twitter.com/Lickwidsoap,https://twitter.com/i/web/status/1298719394919362560,RT @tweetlikeriri: Wearing a mask with sunglasses gives me a level of anonymity I’ve desired.,,
anonymity,2020-08-28 04:08:27,keira45499006,https://twitter.com/keira45499006,https://twitter.com/i/web/status/1299046132451028993,RT @tweetlikeriri: Wearing a mask with sunglasses gives me a level of anonymity I’ve desired.,,
anonymity,2020-08-27 06:07:04,Bob56585696,https://twitter.com/Bob56585696,https://twitter.com/i/web/status/1298713594738032644,RT @tweetlikeriri: Wearing a mask with sunglasses gives me a level of anonymity I’ve desired.,,
anonymity,2020-08-27 07:48:09,artby1971,https://twitter.com/artby1971,https://twitter.com/i/web/status/1298739033485373445,RT @tweetlikeriri: Wearing a mask with sunglasses gives me a level of anonymity I’ve desired.,,
anonymity,2020-08-27 08:09:31,dreamgxrl666,https://twitter.com/dreamgxrl666,https://twitter.com/i/web/status/1298744410872483841,RT @tweetlikeriri: Wearing a mask with sunglasses gives me a level of anonymity I’ve desired.,,
thanks,2020-08-27 07:18:49,OoCRedDead,https://twitter.com/OoCRedDead,https://twitter.com/i/web/status/1298731652919762951,"RT @NoshirDalal: Nala thanks you for wearing your mask to keep you, your loved ones, and your neighbors safe. And if you DON’T... then she…",,
thanks,2020-08-30 08:21:48,kentakinte,https://twitter.com/kentakinte,https://twitter.com/i/web/status/1299834663024947200,RT @_LZRCAT: the top dogs have been reunited. we are a trifecta once again. slowly and surely starting to dj back on the strip. thanks to e…,,
thanks,2020-08-26 19:14:56,Treyvaud,https://twitter.com/Treyvaud,https://twitter.com/i/web/status/1298549481252642816,"@Qantas Hey flying roo, I know we’re all doing it tough right now, especially in Victoria. I just wanted to say a huge thanks for the free status credits, looking forward to flying with the national carrier again soon. 🛫✌🏼😷 #Qantas",Qantas,Qantas
thanks,2020-08-28 08:27:28,volsndcolts,https://twitter.com/volsndcolts,https://twitter.com/i/web/status/1299111315441684482,RT @UTKnoxville: Chancellor @DondePlowman had some special thanks for Vols wearing their masks yesterday. Thanks for keeping each other saf…,,
distance,2020-08-27 08:51:05,LisaLisa458,https://twitter.com/LisaLisa458,https://twitter.com/i/web/status/1298754869390708738,RT @Eddie9024: @grayphil27 @DancerDad Well done! Everyone follow suit. It isn't normal or natural to wear masks or social distance. Always…,,
distance,2020-08-28 08:06:02,2ShakesNZ,https://twitter.com/2ShakesNZ,https://twitter.com/i/web/status/1299105919842897921,"Need a mask?  Here's Ata wearing a mask she made with this free pattern https://t.co/QOZnfoTRfu some cloth and elastic. Stay safe everyone and remember, 2Shakes lets you sign up your clients remotely (so you can keep signing customers up - even at a distance). https://t.co/5ER6tiK7RX",,
distance,2020-08-28 04:06:56,fcsdfreshman,https://twitter.com/fcsdfreshman,https://twitter.com/i/web/status/1299045749712285696,Schools...BACK...from summer (round 2)!! It was so exhilarating to have students in the building socializing (at the proper distance) as well as learning and meeting their teachers!! I was very impressed by everyone’s dedication to wear their masks and remain socially distant! https://t.co/HScTNfov4q,,
sunglass,2020-08-27 08:58:20,saleiru,https://twitter.com/saleiru,https://twitter.com/i/web/status/1298756695557115907,RT @tweetlikeriri: Wearing a mask with sunglasses gives me a level of anonymity I’ve desired.,,
sunglass,2020-08-26 08:47:52,barbzdaone,https://twitter.com/barbzdaone,https://twitter.com/i/web/status/1298391674079653890,RT @tweetlikeriri: Wearing a mask with sunglasses gives me a level of anonymity I’ve desired.,,
sunglass,2020-08-26 08:59:21,thevictoriagg,https://twitter.com/thevictoriagg,https://twitter.com/i/web/status/1298394563908980737,RT @tweetlikeriri: Wearing a mask with sunglasses gives me a level of anonymity I’ve desired.,,
sunglass,2020-08-27 07:39:35,gomunosmash,https://twitter.com/gomunosmash,https://twitter.com/i/web/status/1298736875054788613,RT @tweetlikeriri: Wearing a mask with sunglasses gives me a level of anonymity I’ve desired.,,
sunglass,2020-08-27 08:23:03,maeghanwulf,https://twitter.com/maeghanwulf,https://twitter.com/i/web/status/1298747815078686721,RT @tweetlikeriri: Wearing a mask with sunglasses gives me a level of anonymity I’ve desired.,,
sunglass,2020-08-27 06:30:07,Lickwidsoap,https://twitter.com/Lickwidsoap,https://twitter.com/i/web/status/1298719394919362560,RT @tweetlikeriri: Wearing a mask with sunglasses gives me a level of anonymity I’ve desired.,,
sunglass,2020-08-28 04:08:27,keira45499006,https://twitter.com/keira45499006,https://twitter.com/i/web/status/1299046132451028993,RT @tweetlikeriri: Wearing a mask with sunglasses gives me a level of anonymity I’ve desired.,,
sunglass,2020-08-27 06:07:04,Bob56585696,https://twitter.com/Bob56585696,https://twitter.com/i/web/status/1298713594738032644,RT @tweetlikeriri: Wearing a mask with sunglasses gives me a level of anonymity I’ve desired.,,
sunglass,2020-08-27 07:48:09,artby1971,https://twitter.com/artby1971,https://twitter.com/i/web/status/1298739033485373445,RT @tweetlikeriri: Wearing a mask with sunglasses gives me a level of anonymity I’ve desired.,,
sunglass,2020-08-27 08:09:31,dreamgxrl666,https://twitter.com/dreamgxrl666,https://twitter.com/i/web/status/1298744410872483841,RT @tweetlikeriri: Wearing a mask with sunglasses gives me a level of anonymity I’ve desired.,,
