Topic,word1,word2,word3,word4,word5,word6,word7,word8,word9,word10
Topic 1,mask,australian,wearing,check,protect,showing,want,amaze,stripe,climate
Topic 2,wearing,spread,mask,groundbreaking,scientist,found,coronavirus,treatment,breaking,excellent
Topic 3,wearing,tomorrow,reason,distance,mask,another,interest,potential,hand,everyone
Topic 4,covid,petition,breaking,treatment,reduce,fuckin,discover,novel,call,transmission
Topic 5,mask,making,wearing,thanks,child,today,layer,comfortable,support,australian
