keyword,created_at_local_time,screen_name,user_URL,tweet_URL,tweet_text,hashtag1,hashtag2
mask,2020-08-20 07:49:35,amegirl76,https://twitter.com/amegirl76,https://twitter.com/i/web/status/1296202678490390531,"RT @BerniceKing: Wearing a mask is not weak, a demonstration of fear or acquiescence to an unjust policy.   It’s care for each other and co…",,
mask,2020-08-25 09:00:55,CrimzonR,https://twitter.com/CrimzonR,https://twitter.com/i/web/status/1298032568957153280,@gretchenbrooke0 Goodluck u got this I believe in you im anxious as all anything just wear a mask and stay safe u will be alright,,
mask,2020-08-20 07:35:15,BisforBecca__,https://twitter.com/BisforBecca__,https://twitter.com/i/web/status/1296199072240590848,@maddieeverson @GroovyBruce Omg you beautiful ANGEL 💕💕 teepublic!!!  https://t.co/iNFuSkQZhh   Most sites that host designers are printing designs on masks!!! I just really liked this one (and I can wear it at work!!),,
mask,2020-08-19 06:21:38,Russell23320359,https://twitter.com/Russell23320359,https://twitter.com/i/web/status/1295818156636647424,RT @USlawreview: I've started thanking strangers out in public for NOT wearing a mask.  Everyone should. We have to support our side.,,
mask,2020-08-25 09:01:51,mrsalexanderLB,https://twitter.com/mrsalexanderLB,https://twitter.com/i/web/status/1298032804756742144,"We are back in business (kind of)! I can't wait to see our CED Jags tomorrow! Don't forget to wear a mask, maintain your distance, wash your hands, &amp; BE PATIENT! #wegotthis #wearecabrillo #successinthewest #proudtobelbusd https://t.co/FFvL9LTdgV",proudtobelbusd,wegotthis
mask,2020-08-20 07:05:12,JaybirdSwanson,https://twitter.com/JaybirdSwanson,https://twitter.com/i/web/status/1296191509847580673,RT @DanRather: Another potential reason to WEAR A MASK. Interesting read. https://t.co/ddfRezd6zN,,
mask,2020-08-19 07:18:27,one_small_duck,https://twitter.com/one_small_duck,https://twitter.com/i/web/status/1295832455002300416,"RT @rob_sheridan: Masks are going to be part of our lives and our daily fashion for a while now. I’m on a mission to make mask-wearing FUN,…",,
mask,2020-08-20 07:55:33,poovey_pamela,https://twitter.com/poovey_pamela,https://twitter.com/i/web/status/1296204180751708160,"@5bb85d9285e347b @newman7118 @maddow It's awesome where I am! Shops are open, not forced to wear masks in my home state. Schools are open. Only one state is having real problems right now and I'm thousands of kms away from that.  I'm having a phat time! Thanks for asking!",,
mask,2020-08-21 08:54:20,Burtonish_,https://twitter.com/Burtonish_,https://twitter.com/i/web/status/1296581362632126464,Getting my acrylics fixed today. The nail salons reopened a while back here and everyones been wearing masks. It feels weird but good being back to something small that makes me happy and that I look forward to 😂❤️,,
mask,2020-08-20 08:36:27,seariousforhkg,https://twitter.com/seariousforhkg,https://twitter.com/i/web/status/1296214474991398912,"Join us at #CalAndersonPark nearby the fountain area today from 5-6pm. We will be writing cards, thanking U.S congressmen for showing their support for HK!   Bring your pen, wear a mask and keep social distance. We will be providing cards and ideas for what to write about! https://t.co/M7Cyi0sHsg",CalAndersonPark,CalAndersonPark
want,2020-08-20 14:08:00,AMOSupdates,https://twitter.com/AMOSupdates,https://twitter.com/i/web/status/1296297911660077056,RT @SafariPenguin: Ever wanted to wear @BOM_au data on your face!? Check out these amazing climate stripe face masks showing how Australian…,,
want,2020-08-20 12:45:32,SafariPenguin,https://twitter.com/SafariPenguin,https://twitter.com/i/web/status/1296277157941895169,Ever wanted to wear @BOM_au data on your face!? Check out these amazing climate stripe face masks showing how Australian temperature has changed over the last 50 years from @AMOSupdates! Adult sizes only. https://t.co/e4efMlQmo5 https://t.co/chSVA19o3p,,
want,2020-08-19 08:51:47,Ditzzeechick,https://twitter.com/Ditzzeechick,https://twitter.com/i/web/status/1295855945516449792,"RT @GovPritzker: If we want to put this pandemic behind us, we need to come together as one community — no matter where state borders may d…",,
want,2020-08-20 07:23:14,tigerfball73,https://twitter.com/tigerfball73,https://twitter.com/i/web/status/1296196045320454145,"@GovAndyBeshear I could care less. I’m gonna live my life as I see fit. I’ll wear my mask where mandated but I’m not changing anything. I’m eating out, shopping, hanging with friends and traveling to wherever I want to go, including FL and MS",,
want,2020-08-21 09:04:44,actatut,https://twitter.com/actatut,https://twitter.com/i/web/status/1296583979768979456,"Friday night join us outdoors in Swantucky! The fun begins at 6:30. This week we are enjoying breakfast pudgie pies, s'mores, a special movie presentation and more. We follow all safety protocols. Rides available - wear a mask! Details: https://t.co/YxZ7i0juET https://t.co/FiPMAcYixQ",,
want,2020-08-20 13:52:48,Tess_J_Parker,https://twitter.com/Tess_J_Parker,https://twitter.com/i/web/status/1296294084676448257,RT @SafariPenguin: Ever wanted to wear @BOM_au data on your face!? Check out these amazing climate stripe face masks showing how Australian…,,
want,2020-08-20 13:35:09,lindenashcroft,https://twitter.com/lindenashcroft,https://twitter.com/i/web/status/1296289642841423873,RT @SafariPenguin: Ever wanted to wear @BOM_au data on your face!? Check out these amazing climate stripe face masks showing how Australian…,,
reduce,2020-08-24 09:01:34,ShaunMcCracken2,https://twitter.com/ShaunMcCracken2,https://twitter.com/i/web/status/1297670347022430209,RT @EM_RESUS: BREAKING: A novel treatment has been discovered that can reduce COVID-19 transmission by up to 75%. It’s called wear a fuckin…,,
reduce,2020-08-25 09:00:56,vicntrancoso,https://twitter.com/vicntrancoso,https://twitter.com/i/web/status/1298032573453492225,RT @EM_RESUS: BREAKING: A novel treatment has been discovered that can reduce COVID-19 transmission by up to 75%. It’s called wear a fuckin…,,
reduce,2020-08-24 09:02:43,LaurenNell89,https://twitter.com/LaurenNell89,https://twitter.com/i/web/status/1297670632839077888,RT @EM_RESUS: BREAKING: A novel treatment has been discovered that can reduce COVID-19 transmission by up to 75%. It’s called wear a fuckin…,,
reduce,2020-08-25 08:59:39,johnwalling,https://twitter.com/johnwalling,https://twitter.com/i/web/status/1298032249523171329,RT @EM_RESUS: BREAKING: A novel treatment has been discovered that can reduce COVID-19 transmission by up to 75%. It’s called wear a fuckin…,,
reduce,2020-08-24 09:02:23,northway_debbie,https://twitter.com/northway_debbie,https://twitter.com/i/web/status/1297670548822978560,RT @EM_RESUS: BREAKING: A novel treatment has been discovered that can reduce COVID-19 transmission by up to 75%. It’s called wear a fuckin…,,
reduce,2020-08-24 09:03:30,pokerwhispr,https://twitter.com/pokerwhispr,https://twitter.com/i/web/status/1297670832911560704,RT @EM_RESUS: BREAKING: A novel treatment has been discovered that can reduce COVID-19 transmission by up to 75%. It’s called wear a fuckin…,,
reduce,2020-08-25 09:01:06,bronbeazley,https://twitter.com/bronbeazley,https://twitter.com/i/web/status/1298032616285671424,RT @EM_RESUS: BREAKING: A novel treatment has been discovered that can reduce COVID-19 transmission by up to 75%. It’s called wear a fuckin…,,
reduce,2020-08-19 05:39:00,hsr,https://twitter.com/hsr,https://twitter.com/i/web/status/1295807427120594946,"Customers are required to wear a non-medical mask while riding the bus, taking DARTS and using Trans-Cab. This extra step can help reduce the spread of #COVID19 &amp; help protect others. Details: https://t.co/IRCMWeEyIB https://t.co/Ty7exli50O",COVID19,COVID19
reason,2020-08-20 07:05:12,JaybirdSwanson,https://twitter.com/JaybirdSwanson,https://twitter.com/i/web/status/1296191509847580673,RT @DanRather: Another potential reason to WEAR A MASK. Interesting read. https://t.co/ddfRezd6zN,,
reason,2020-08-20 06:57:36,DBusters_,https://twitter.com/DBusters_,https://twitter.com/i/web/status/1296189595722362880,RT @DanRather: Another potential reason to WEAR A MASK. Interesting read. https://t.co/ddfRezd6zN,,
reason,2020-08-20 07:31:07,EllenSwandiak,https://twitter.com/EllenSwandiak,https://twitter.com/i/web/status/1296198033248522240,RT @DanRather: Another potential reason to WEAR A MASK. Interesting read. https://t.co/ddfRezd6zN,,
reason,2020-08-24 08:52:23,arthbuus,https://twitter.com/arthbuus,https://twitter.com/i/web/status/1297668035688280066,@azcentral That's great that there is a decline.  Let's keep wearing a mask and more to stop Covid-19.  Vote for decent and reasonable leaders. Care for all.  =  https://t.co/fmyeThuLvR https://t.co/6Xu6GgL2N4 https://t.co/a5BxnKxr33,,
reason,2020-08-23 13:10:29,Spockarama,https://twitter.com/Spockarama,https://twitter.com/i/web/status/1297370598109151233,"@Randall87454048 @abcnews @tennewssyd @GladysB @mscott @nswteachers @unionsnsw Taiwan gives each adult 2 masks per week and each child 3 masks per week. It's part of the reason, along with a well run, co-ordinated, multi disciplinary pandemic office. Children under 2 don't wear them.  They have 7 deaths and 487 infections.",,
reason,2020-08-20 07:16:29,hamiltond97,https://twitter.com/hamiltond97,https://twitter.com/i/web/status/1296194347780567040,RT @DanRather: Another potential reason to WEAR A MASK. Interesting read. https://t.co/ddfRezd6zN,,
reason,2020-08-20 08:41:01,M2Melton,https://twitter.com/M2Melton,https://twitter.com/i/web/status/1296215621588287488,RT @DanRather: Another potential reason to WEAR A MASK. Interesting read. https://t.co/ddfRezd6zN,,
reason,2020-08-20 07:59:24,SaschaCal,https://twitter.com/SaschaCal,https://twitter.com/i/web/status/1296205147761123328,@parnellpalme @KeepSydneyOpen I’ve got a great collection of really nice face masks i quite enjoy wearing.  For much the same reason,,
discover,2020-08-24 09:01:34,ShaunMcCracken2,https://twitter.com/ShaunMcCracken2,https://twitter.com/i/web/status/1297670347022430209,RT @EM_RESUS: BREAKING: A novel treatment has been discovered that can reduce COVID-19 transmission by up to 75%. It’s called wear a fuckin…,,
discover,2020-08-25 09:00:56,vicntrancoso,https://twitter.com/vicntrancoso,https://twitter.com/i/web/status/1298032573453492225,RT @EM_RESUS: BREAKING: A novel treatment has been discovered that can reduce COVID-19 transmission by up to 75%. It’s called wear a fuckin…,,
discover,2020-08-24 09:02:43,LaurenNell89,https://twitter.com/LaurenNell89,https://twitter.com/i/web/status/1297670632839077888,RT @EM_RESUS: BREAKING: A novel treatment has been discovered that can reduce COVID-19 transmission by up to 75%. It’s called wear a fuckin…,,
discover,2020-08-25 08:59:39,johnwalling,https://twitter.com/johnwalling,https://twitter.com/i/web/status/1298032249523171329,RT @EM_RESUS: BREAKING: A novel treatment has been discovered that can reduce COVID-19 transmission by up to 75%. It’s called wear a fuckin…,,
discover,2020-08-24 09:02:23,northway_debbie,https://twitter.com/northway_debbie,https://twitter.com/i/web/status/1297670548822978560,RT @EM_RESUS: BREAKING: A novel treatment has been discovered that can reduce COVID-19 transmission by up to 75%. It’s called wear a fuckin…,,
discover,2020-08-24 09:03:30,pokerwhispr,https://twitter.com/pokerwhispr,https://twitter.com/i/web/status/1297670832911560704,RT @EM_RESUS: BREAKING: A novel treatment has been discovered that can reduce COVID-19 transmission by up to 75%. It’s called wear a fuckin…,,
discover,2020-08-25 09:01:06,bronbeazley,https://twitter.com/bronbeazley,https://twitter.com/i/web/status/1298032616285671424,RT @EM_RESUS: BREAKING: A novel treatment has been discovered that can reduce COVID-19 transmission by up to 75%. It’s called wear a fuckin…,,
hand,2020-08-25 09:01:51,mrsalexanderLB,https://twitter.com/mrsalexanderLB,https://twitter.com/i/web/status/1298032804756742144,"We are back in business (kind of)! I can't wait to see our CED Jags tomorrow! Don't forget to wear a mask, maintain your distance, wash your hands, &amp; BE PATIENT! #wegotthis #wearecabrillo #successinthewest #proudtobelbusd https://t.co/FFvL9LTdgV",proudtobelbusd,wegotthis
hand,2020-08-20 15:04:23,HanhNgu70305553,https://twitter.com/HanhNgu70305553,https://twitter.com/i/web/status/1296312098700423169,Excited to share this item from my #etsy shop: Kids masks triple layers masks/ Cotton 3 layers masks/ CozymasksAU/Australian Handmade masks/ Kids masks/Ready stock. #handmademasks #kidsmasks #filterpocket https://t.co/DrT7BGdXr0 https://t.co/h1qYt9Hf48,etsy,kidsmasks
hand,2020-08-20 13:38:12,Aushiker,https://twitter.com/Aushiker,https://twitter.com/i/web/status/1296290409858048000,"RT @spiritgateoz: Proud to be Union are making &amp; donating face masks, as well as making hand sanitiser. Worth getting behind to support Aus…",,
hand,2020-08-19 07:39:30,ursonate,https://twitter.com/ursonate,https://twitter.com/i/web/status/1295837753981038592,Good afternoon.  BLACK LIVES MATTER is a message of urgency and joy.  Arrest the cops who killed Breonna Taylor.  Keep social distancing. Wear a mask when around others and wash your hands frequently for at least 30 seconds.  Bet you thought I forgot 😉  Have a great day!,,
hand,2020-08-20 13:37:30,spiritgateoz,https://twitter.com/spiritgateoz,https://twitter.com/i/web/status/1296290236050227200,"Proud to be Union are making &amp; donating face masks, as well as making hand sanitiser. Worth getting behind to support Australian jobs.👊💪👍",,
hand,2020-08-20 07:02:25,SHU_Libraries,https://twitter.com/SHU_Libraries,https://twitter.com/i/web/status/1296190808123736064,"Welcome back to Walsh Library! We are excited to see you again and looking forward to providing you a safe place to study. Please remember to keep each other and your library staff healthy by maintaining social distance, washing hands, and wearing masks! @SetonHall @hallstudents https://t.co/uchFXdlXIO",,
hand,2020-08-19 07:17:18,pencollege,https://twitter.com/pencollege,https://twitter.com/i/web/status/1295832166492852224,"As COVID numbers continue to spike in Clallam County, we share a friendly reminder to please wear your mask, wash your hands frequently, stay home if you feel unwell, and continue to avoid large gatherings. Thanks for doing your part to keep our community safe! #maskUpWA https://t.co/VkWda5Btwh",maskUpWA,maskUpWA
hand,2020-08-20 06:29:40,SetonHall,https://twitter.com/SetonHall,https://twitter.com/i/web/status/1296182565305491458,😷 Wear a mask at all times. ✅ Download the #CampusClear App and use everyday. 🙌 Wash your hands frequently. 6⃣ Physical distancing of at least 6 feet from others. 🚫 Avoid large gatherings. 💙 Support and hold each other accountable.  Learn more: https://t.co/a6R7w2Ivh4,CampusClear,CampusClear
hand,2020-08-25 09:00:14,DentistsIvanhoe,https://twitter.com/DentistsIvanhoe,https://twitter.com/i/web/status/1298032396504358915,"A gift for our team from our lovely patient Jess😍. We are incredibly grateful to be able to see patients like Jess at our practice. Such a kind and thoughtful gesture that put a smile on all of our faces. You'll be seeing us wear these wonderful, hand made masks outside of t ... https://t.co/XI5gXhoksD",,
australian,2020-08-20 15:04:23,HanhNgu70305553,https://twitter.com/HanhNgu70305553,https://twitter.com/i/web/status/1296312098700423169,Excited to share this item from my #etsy shop: Kids masks triple layers masks/ Cotton 3 layers masks/ CozymasksAU/Australian Handmade masks/ Kids masks/Ready stock. #handmademasks #kidsmasks #filterpocket https://t.co/DrT7BGdXr0 https://t.co/h1qYt9Hf48,etsy,kidsmasks
australian,2020-08-21 08:25:46,KurlyWurlyBar23,https://twitter.com/KurlyWurlyBar23,https://twitter.com/i/web/status/1296574170466258946,"GOOD NEWS face-mask wearers 😷 Our new stock of Australian-made, 3-layer face-masks have arrived.   They are super-soft and comfortable, machine washable and reusable ♻️  But be quick they are selling like toilet paper! 🚽🤣 https://t.co/ksUXTXa9Aq",,
australian,2020-08-20 14:08:00,AMOSupdates,https://twitter.com/AMOSupdates,https://twitter.com/i/web/status/1296297911660077056,RT @SafariPenguin: Ever wanted to wear @BOM_au data on your face!? Check out these amazing climate stripe face masks showing how Australian…,,
australian,2020-08-20 12:45:32,SafariPenguin,https://twitter.com/SafariPenguin,https://twitter.com/i/web/status/1296277157941895169,Ever wanted to wear @BOM_au data on your face!? Check out these amazing climate stripe face masks showing how Australian temperature has changed over the last 50 years from @AMOSupdates! Adult sizes only. https://t.co/e4efMlQmo5 https://t.co/chSVA19o3p,,
australian,2020-08-23 17:38:42,KathyJandM1,https://twitter.com/KathyJandM1,https://twitter.com/i/web/status/1297438096892375041,Australian GPs Can Legally Prescribe Ivermectin Triple Therapy Protocol — Professor Thomas Borody https://t.co/ZWP1bjrA3K  🚨High-risk patients can be saved! End lockdowns! Open schools and businesses! @ScottMorrisonMP @DanielAndrewsMP @CraigKellyMP  No more masks!Build immunity!,,
australian,2020-08-19 19:27:36,woodgillian,https://twitter.com/woodgillian,https://twitter.com/i/web/status/1296015952740356097,RT @AusAmb_DE: Thoughtful gifts from home - Australian face masks! Stay safe and healthy everyone! https://t.co/eA3IZzcMav,,
australian,2020-08-21 14:35:15,LPOGroup,https://twitter.com/LPOGroup,https://twitter.com/i/web/status/1296667156533239811,"LPOG has partnered with sml biz consortium manufacturing Australian washable, reusable face masks 2 protect Australians from COVID-19 Masks will shortly B On their way to participating LPOs across Australia - check your local LPO 4 your Covidmasks 1st https://t.co/5VbRQIWGmd",,
australian,2020-08-19 16:10:06,Georgina555,https://twitter.com/Georgina555,https://twitter.com/i/web/status/1295966248992296965,"Thanks @ToddMcKenney love our new masks.. supporting Australian Stage and Screens brilliant costume designers, keeping Australia safe.. #toddmasks #toddmckenney #tutuelegance #blackformore #skulls #covid19 @ Gold… https://t.co/sQASlnXiar",blackformore,tutuelegance
australian,2020-08-21 14:07:12,AndrewAndy4165,https://twitter.com/AndrewAndy4165,https://twitter.com/i/web/status/1296660097196687360,Just received 100 of these ordered from Darkies Designs in ACT. Indigenous Art designed face masks. Freebies for our clients. And we don’t even need them in QLD apparently. Doing the right thing as well as supporting Australian business. Check them out at https://t.co/J0NIQohRxF https://t.co/BDuRd8B1Vi,,
australian,2020-08-20 13:37:30,spiritgateoz,https://twitter.com/spiritgateoz,https://twitter.com/i/web/status/1296290236050227200,"Proud to be Union are making &amp; donating face masks, as well as making hand sanitiser. Worth getting behind to support Australian jobs.👊💪👍",,
wearing,2020-08-20 07:49:35,amegirl76,https://twitter.com/amegirl76,https://twitter.com/i/web/status/1296202678490390531,"RT @BerniceKing: Wearing a mask is not weak, a demonstration of fear or acquiescence to an unjust policy.   It’s care for each other and co…",,
wearing,2020-08-19 06:21:38,Russell23320359,https://twitter.com/Russell23320359,https://twitter.com/i/web/status/1295818156636647424,RT @USlawreview: I've started thanking strangers out in public for NOT wearing a mask.  Everyone should. We have to support our side.,,
wearing,2020-08-19 07:18:27,one_small_duck,https://twitter.com/one_small_duck,https://twitter.com/i/web/status/1295832455002300416,"RT @rob_sheridan: Masks are going to be part of our lives and our daily fashion for a while now. I’m on a mission to make mask-wearing FUN,…",,
wearing,2020-08-21 08:54:20,Burtonish_,https://twitter.com/Burtonish_,https://twitter.com/i/web/status/1296581362632126464,Getting my acrylics fixed today. The nail salons reopened a while back here and everyones been wearing masks. It feels weird but good being back to something small that makes me happy and that I look forward to 😂❤️,,
wearing,2020-08-19 06:56:16,Hamilto65236040,https://twitter.com/Hamilto65236040,https://twitter.com/i/web/status/1295826871792349184,"RT @gerrywebster: Just out of tesco and a good number of people, a good few older ones too not wearing masks, The message is getting out th…",,
wearing,2020-08-21 09:00:19,potatoandrecei1,https://twitter.com/potatoandrecei1,https://twitter.com/i/web/status/1296582865300238336,"RT @CashWheelerFTR: I can’t wait to have fans back. Socially distanced, mask wearing, CDC guideline following, outdoor venue attending, pro…",,
wearing,2020-08-25 09:01:40,IanDsComments,https://twitter.com/IanDsComments,https://twitter.com/i/web/status/1298032758380326912,"@FearIhate @9NewsMelb @reid_butler9 I am sure some people may say your a conspiracy theorist. I am sure the same people who would have thought 12 months ago that Victorians would be on house arrest, curfews, unable to travel more than 5 km from home and be wearing masks was crazy talk. Keep spreading the word.",,
wearing,2020-08-19 05:48:45,malesmentors,https://twitter.com/malesmentors,https://twitter.com/i/web/status/1295809881585459205,Welcome back Rams! 🐏We have a lot in store and we would to love to start the semester by having a collaboration with Gentlemen’s corner as we present “The Barbershop Talk”. 💈Please be safe by wearing a mask and practice social distancing and STAY TUNED!🧩 #ASUTwitter https://t.co/LaU05ncZKN,ASUTwitter,ASUTwitter
wearing,2020-08-20 07:28:11,kkkkiiimmi,https://twitter.com/kkkkiiimmi,https://twitter.com/i/web/status/1296197292404273154,"If he wasn’t wearing the mask, imagine what a cute smile he has here 😄 https://t.co/QfDV3rtm9G",,
wearing,2020-08-19 07:40:35,danger_moose,https://twitter.com/danger_moose,https://twitter.com/i/web/status/1295838024291426304,@himherit @dukeantczak @paultracy3 Imagine living free and wearing a mask. It’s possible and it’s happening,,
today,2020-08-21 08:54:20,Burtonish_,https://twitter.com/Burtonish_,https://twitter.com/i/web/status/1296581362632126464,Getting my acrylics fixed today. The nail salons reopened a while back here and everyones been wearing masks. It feels weird but good being back to something small that makes me happy and that I look forward to 😂❤️,,
today,2020-08-20 08:36:27,seariousforhkg,https://twitter.com/seariousforhkg,https://twitter.com/i/web/status/1296214474991398912,"Join us at #CalAndersonPark nearby the fountain area today from 5-6pm. We will be writing cards, thanking U.S congressmen for showing their support for HK!   Bring your pen, wear a mask and keep social distance. We will be providing cards and ideas for what to write about! https://t.co/M7Cyi0sHsg",CalAndersonPark,CalAndersonPark
today,2020-08-20 07:23:54,MichaelOnSport,https://twitter.com/MichaelOnSport,https://twitter.com/i/web/status/1296196216989065217,Proud to have worked on one of today's most read stories on BBC News Online.  Louise hasn't been to a shop for 2 weeks after she was confronted by a stranger for not wearing a face mask.    Charities exclusively told BBC Radio Newcastle they're hearing similar stories. https://t.co/RcpGRo2cNC,,
today,2020-08-25 08:54:57,GodowdUser,https://twitter.com/GodowdUser,https://twitter.com/i/web/status/1298031066494599168,"RT @Martyfields: Loving my mask! They arrived today. Soft, comfortable, safe and fun.  Have you got your Marty’s Mask yet? To see my whole…",,
today,2020-08-19 09:01:07,eibcAU,https://twitter.com/eibcAU,https://twitter.com/i/web/status/1295858290660913158,"Wear your mask! Stay safe, stay connected join the Eastern Innovation Community today! https://t.co/hmy91P8jOo #founder #founders #startup #startups #startupfounder #entrepreneur #monashprecinct #smallbusiness #innovate #collaborate #accelerate #covid19 #eicovidsafe #covidsafe https://t.co/ogqqe5qg1w",accelerate,startups
today,2020-08-25 08:57:46,KennaBridge,https://twitter.com/KennaBridge,https://twitter.com/i/web/status/1298031775147384833,"RT @BowinnMa: Wearing is caring 😊, and effective today: Caring. Is. Mandatory. 😐   #CaringIsMandatory on all @BCTransit and @TransLink vehi…",CaringIsMandatory,CaringIsMandatory
today,2020-08-19 17:47:09,hypothejess,https://twitter.com/hypothejess,https://twitter.com/i/web/status/1295990671258476553,Got a @TheDohertyInst care package in the mail today! Lovely to feel part of the team while WFH. 🤗 Loving the bright Australian-made @EthicalClothing-accredited masks donated by fellahamilton - now I almost have a full rainbow! 🌈😷💅 https://t.co/X40HIdcnEb,,
covid,2020-08-24 09:01:34,ShaunMcCracken2,https://twitter.com/ShaunMcCracken2,https://twitter.com/i/web/status/1297670347022430209,RT @EM_RESUS: BREAKING: A novel treatment has been discovered that can reduce COVID-19 transmission by up to 75%. It’s called wear a fuckin…,,
covid,2020-08-25 09:00:56,vicntrancoso,https://twitter.com/vicntrancoso,https://twitter.com/i/web/status/1298032573453492225,RT @EM_RESUS: BREAKING: A novel treatment has been discovered that can reduce COVID-19 transmission by up to 75%. It’s called wear a fuckin…,,
covid,2020-08-25 09:03:36,RealSamMelton,https://twitter.com/RealSamMelton,https://twitter.com/i/web/status/1298033243107794950,"RT @kycovid19data: @hempyhope I get strength from other countries who are fighting for their children to be in school, around other kids, w…",,
covid,2020-08-19 07:14:04,swanncell,https://twitter.com/swanncell,https://twitter.com/i/web/status/1295831351640244224,RT @hunter_moody: To anyone who doesn’t think COVID is real or isn’t a big deal please show them this tweet. It is very much real. I person…,,
covid,2020-08-24 09:02:43,LaurenNell89,https://twitter.com/LaurenNell89,https://twitter.com/i/web/status/1297670632839077888,RT @EM_RESUS: BREAKING: A novel treatment has been discovered that can reduce COVID-19 transmission by up to 75%. It’s called wear a fuckin…,,
covid,2020-08-25 08:59:39,johnwalling,https://twitter.com/johnwalling,https://twitter.com/i/web/status/1298032249523171329,RT @EM_RESUS: BREAKING: A novel treatment has been discovered that can reduce COVID-19 transmission by up to 75%. It’s called wear a fuckin…,,
covid,2020-08-24 08:52:23,arthbuus,https://twitter.com/arthbuus,https://twitter.com/i/web/status/1297668035688280066,@azcentral That's great that there is a decline.  Let's keep wearing a mask and more to stop Covid-19.  Vote for decent and reasonable leaders. Care for all.  =  https://t.co/fmyeThuLvR https://t.co/6Xu6GgL2N4 https://t.co/a5BxnKxr33,,
covid,2020-08-24 09:02:23,northway_debbie,https://twitter.com/northway_debbie,https://twitter.com/i/web/status/1297670548822978560,RT @EM_RESUS: BREAKING: A novel treatment has been discovered that can reduce COVID-19 transmission by up to 75%. It’s called wear a fuckin…,,
covid,2020-08-19 09:01:07,eibcAU,https://twitter.com/eibcAU,https://twitter.com/i/web/status/1295858290660913158,"Wear your mask! Stay safe, stay connected join the Eastern Innovation Community today! https://t.co/hmy91P8jOo #founder #founders #startup #startups #startupfounder #entrepreneur #monashprecinct #smallbusiness #innovate #collaborate #accelerate #covid19 #eicovidsafe #covidsafe https://t.co/ogqqe5qg1w",accelerate,startups
covid,2020-08-20 08:45:08,SalesURDesigns,https://twitter.com/SalesURDesigns,https://twitter.com/i/web/status/1296216657455730689,"Happy Wednesday!  Keep yourself and others safe from the invisible enemy that is the COVID virus. Wear a mask, practice social distancing and follow the safety protocols always. Let's all stay safe! to help enforce safety in your company, visit https://t.co/VDCqAYDgzP https://t.co/LvM7iZLtJ4",,
making,2020-08-20 13:38:12,Aushiker,https://twitter.com/Aushiker,https://twitter.com/i/web/status/1296290409858048000,"RT @spiritgateoz: Proud to be Union are making &amp; donating face masks, as well as making hand sanitiser. Worth getting behind to support Aus…",,
making,2020-08-20 06:31:17,HistoryDeptWKU,https://twitter.com/HistoryDeptWKU,https://twitter.com/i/web/status/1296182974447329283,RT @bskipper59: We are excited to have @WKU back on the Hill. Thousands of hours of work have gone into making this semester possible. Now…,,
making,2020-08-20 13:37:30,spiritgateoz,https://twitter.com/spiritgateoz,https://twitter.com/i/web/status/1296290236050227200,"Proud to be Union are making &amp; donating face masks, as well as making hand sanitiser. Worth getting behind to support Australian jobs.👊💪👍",,
making,2020-08-19 05:29:47,BrentAReed,https://twitter.com/BrentAReed,https://twitter.com/i/web/status/1295805109494939649,"Just ordered some new Tactec pins, and ear savers for making your masks a bit easier to wear! A bit of a deal for anyone interested below:  https://t.co/bOlcwC2QUh",,
petition,2020-08-22 15:19:25,lostlimits1,https://twitter.com/lostlimits1,https://twitter.com/i/web/status/1297040657521893376,RT @GlennFloyd: LifePetitions - Petitions for a Culture of Life https://t.co/JS51AvFjJk…,,
petition,2020-08-22 15:27:58,STrimaran,https://twitter.com/STrimaran,https://twitter.com/i/web/status/1297042808717471746,RT @GlennFloyd: LifePetitions - Petitions for a Culture of Life https://t.co/JS51AvFjJk…,,
petition,2020-08-23 10:41:56,Treewhisperer3,https://twitter.com/Treewhisperer3,https://twitter.com/i/web/status/1297333217062608896,RT @GlennFloyd: LifePetitions - Petitions for a Culture of Life https://t.co/JS51AvFjJk…,,
petition,2020-08-23 09:19:42,FocusedOnNow,https://twitter.com/FocusedOnNow,https://twitter.com/i/web/status/1297312522513440769,RT @GlennFloyd: LifePetitions - Petitions for a Culture of Life https://t.co/JS51AvFjJk…,,
petition,2020-08-22 18:21:31,allan_duggan,https://twitter.com/allan_duggan,https://twitter.com/i/web/status/1297086486248951808,RT @GlennFloyd: LifePetitions - Petitions for a Culture of Life https://t.co/JS51AvFjJk…,,
petition,2020-08-21 08:57:13,shutupsmalls,https://twitter.com/shutupsmalls,https://twitter.com/i/web/status/1296582088230084608,RT @CityofBrookline: We're tabling (safely) to get signatures for our official charter petition! Stop by Coolidge Corner on Saturday (8/22)…,,
petition,2020-08-19 06:55:00,snouzin,https://twitter.com/snouzin,https://twitter.com/i/web/status/1295826553167699968,RT @patientsafe3: EXCITING COMPETITION - FREE TO ENTER  Please have a go at the   ‘On what date will @GladysB be first seen wearing a mask’…,,
petition,2020-08-23 13:32:37,bodytalkaw,https://twitter.com/bodytalkaw,https://twitter.com/i/web/status/1297376170095202304,RT @GlennFloyd: LifePetitions - Petitions for a Culture of Life https://t.co/JS51AvFjJk…,,
petition,2020-08-22 15:04:13,LauriKeye,https://twitter.com/LauriKeye,https://twitter.com/i/web/status/1297036833105223680,RT @GlennFloyd: LifePetitions - Petitions for a Culture of Life https://t.co/JS51AvFjJk…,,
check,2020-08-20 14:08:00,AMOSupdates,https://twitter.com/AMOSupdates,https://twitter.com/i/web/status/1296297911660077056,RT @SafariPenguin: Ever wanted to wear @BOM_au data on your face!? Check out these amazing climate stripe face masks showing how Australian…,,
check,2020-08-20 12:45:32,SafariPenguin,https://twitter.com/SafariPenguin,https://twitter.com/i/web/status/1296277157941895169,Ever wanted to wear @BOM_au data on your face!? Check out these amazing climate stripe face masks showing how Australian temperature has changed over the last 50 years from @AMOSupdates! Adult sizes only. https://t.co/e4efMlQmo5 https://t.co/chSVA19o3p,,
check,2020-08-21 14:35:15,LPOGroup,https://twitter.com/LPOGroup,https://twitter.com/i/web/status/1296667156533239811,"LPOG has partnered with sml biz consortium manufacturing Australian washable, reusable face masks 2 protect Australians from COVID-19 Masks will shortly B On their way to participating LPOs across Australia - check your local LPO 4 your Covidmasks 1st https://t.co/5VbRQIWGmd",,
check,2020-08-21 14:07:12,AndrewAndy4165,https://twitter.com/AndrewAndy4165,https://twitter.com/i/web/status/1296660097196687360,Just received 100 of these ordered from Darkies Designs in ACT. Indigenous Art designed face masks. Freebies for our clients. And we don’t even need them in QLD apparently. Doing the right thing as well as supporting Australian business. Check them out at https://t.co/J0NIQohRxF https://t.co/BDuRd8B1Vi,,
check,2020-08-20 13:52:48,Tess_J_Parker,https://twitter.com/Tess_J_Parker,https://twitter.com/i/web/status/1296294084676448257,RT @SafariPenguin: Ever wanted to wear @BOM_au data on your face!? Check out these amazing climate stripe face masks showing how Australian…,,
check,2020-08-20 13:35:09,lindenashcroft,https://twitter.com/lindenashcroft,https://twitter.com/i/web/status/1296289642841423873,RT @SafariPenguin: Ever wanted to wear @BOM_au data on your face!? Check out these amazing climate stripe face masks showing how Australian…,,
showing,2020-08-20 08:36:27,seariousforhkg,https://twitter.com/seariousforhkg,https://twitter.com/i/web/status/1296214474991398912,"Join us at #CalAndersonPark nearby the fountain area today from 5-6pm. We will be writing cards, thanking U.S congressmen for showing their support for HK!   Bring your pen, wear a mask and keep social distance. We will be providing cards and ideas for what to write about! https://t.co/M7Cyi0sHsg",CalAndersonPark,CalAndersonPark
showing,2020-08-20 14:08:00,AMOSupdates,https://twitter.com/AMOSupdates,https://twitter.com/i/web/status/1296297911660077056,RT @SafariPenguin: Ever wanted to wear @BOM_au data on your face!? Check out these amazing climate stripe face masks showing how Australian…,,
showing,2020-08-20 12:45:32,SafariPenguin,https://twitter.com/SafariPenguin,https://twitter.com/i/web/status/1296277157941895169,Ever wanted to wear @BOM_au data on your face!? Check out these amazing climate stripe face masks showing how Australian temperature has changed over the last 50 years from @AMOSupdates! Adult sizes only. https://t.co/e4efMlQmo5 https://t.co/chSVA19o3p,,
showing,2020-08-20 13:52:48,Tess_J_Parker,https://twitter.com/Tess_J_Parker,https://twitter.com/i/web/status/1296294084676448257,RT @SafariPenguin: Ever wanted to wear @BOM_au data on your face!? Check out these amazing climate stripe face masks showing how Australian…,,
showing,2020-08-20 13:35:09,lindenashcroft,https://twitter.com/lindenashcroft,https://twitter.com/i/web/status/1296289642841423873,RT @SafariPenguin: Ever wanted to wear @BOM_au data on your face!? Check out these amazing climate stripe face masks showing how Australian…,,
showing,2020-08-19 07:04:50,JudyLockhart_SP,https://twitter.com/JudyLockhart_SP,https://twitter.com/i/web/status/1295829029677699072,"@DrEricLevi All the small jobs are the big ones too - keeping our spaces clean, treating our sick, education the population or sharing experiences, wearing a mask, getting tested when sick, listening to health advice, showing kindness to others and so on. https://t.co/KBu8uPDqi5",,
another,2020-08-20 07:05:12,JaybirdSwanson,https://twitter.com/JaybirdSwanson,https://twitter.com/i/web/status/1296191509847580673,RT @DanRather: Another potential reason to WEAR A MASK. Interesting read. https://t.co/ddfRezd6zN,,
another,2020-08-20 07:22:32,sherrydevries,https://twitter.com/sherrydevries,https://twitter.com/i/web/status/1296195870698934274,RT @TNDeptofHealth: My face covering protects you. Your face covering protects me. Let's protect one another Tennessee. Learn more: https:/…,,
another,2020-08-20 06:57:36,DBusters_,https://twitter.com/DBusters_,https://twitter.com/i/web/status/1296189595722362880,RT @DanRather: Another potential reason to WEAR A MASK. Interesting read. https://t.co/ddfRezd6zN,,
another,2020-08-20 07:31:07,EllenSwandiak,https://twitter.com/EllenSwandiak,https://twitter.com/i/web/status/1296198033248522240,RT @DanRather: Another potential reason to WEAR A MASK. Interesting read. https://t.co/ddfRezd6zN,,
another,2020-08-20 07:16:29,hamiltond97,https://twitter.com/hamiltond97,https://twitter.com/i/web/status/1296194347780567040,RT @DanRather: Another potential reason to WEAR A MASK. Interesting read. https://t.co/ddfRezd6zN,,
another,2020-08-20 08:41:01,M2Melton,https://twitter.com/M2Melton,https://twitter.com/i/web/status/1296215621588287488,RT @DanRather: Another potential reason to WEAR A MASK. Interesting read. https://t.co/ddfRezd6zN,,
another,2020-08-20 07:04:38,SpokaneHappens,https://twitter.com/SpokaneHappens,https://twitter.com/i/web/status/1296191364930011136,Keep wearing masks #Spokane. We have to protect one another and get infections to stay down. Normal life can come back if we work for it.  Put the work in.  #coronavirus #CoronavirusPandemic #COVID19 #StaySafe #WearAMask https://t.co/HJNx8xQFDF,coronavirus,WearAMask
potential,2020-08-20 07:05:12,JaybirdSwanson,https://twitter.com/JaybirdSwanson,https://twitter.com/i/web/status/1296191509847580673,RT @DanRather: Another potential reason to WEAR A MASK. Interesting read. https://t.co/ddfRezd6zN,,
potential,2020-08-20 06:57:36,DBusters_,https://twitter.com/DBusters_,https://twitter.com/i/web/status/1296189595722362880,RT @DanRather: Another potential reason to WEAR A MASK. Interesting read. https://t.co/ddfRezd6zN,,
potential,2020-08-20 07:31:07,EllenSwandiak,https://twitter.com/EllenSwandiak,https://twitter.com/i/web/status/1296198033248522240,RT @DanRather: Another potential reason to WEAR A MASK. Interesting read. https://t.co/ddfRezd6zN,,
potential,2020-08-20 07:16:29,hamiltond97,https://twitter.com/hamiltond97,https://twitter.com/i/web/status/1296194347780567040,RT @DanRather: Another potential reason to WEAR A MASK. Interesting read. https://t.co/ddfRezd6zN,,
potential,2020-08-20 08:41:01,M2Melton,https://twitter.com/M2Melton,https://twitter.com/i/web/status/1296215621588287488,RT @DanRather: Another potential reason to WEAR A MASK. Interesting read. https://t.co/ddfRezd6zN,,
support,2020-08-19 06:21:38,Russell23320359,https://twitter.com/Russell23320359,https://twitter.com/i/web/status/1295818156636647424,RT @USlawreview: I've started thanking strangers out in public for NOT wearing a mask.  Everyone should. We have to support our side.,,
support,2020-08-20 08:36:27,seariousforhkg,https://twitter.com/seariousforhkg,https://twitter.com/i/web/status/1296214474991398912,"Join us at #CalAndersonPark nearby the fountain area today from 5-6pm. We will be writing cards, thanking U.S congressmen for showing their support for HK!   Bring your pen, wear a mask and keep social distance. We will be providing cards and ideas for what to write about! https://t.co/M7Cyi0sHsg",CalAndersonPark,CalAndersonPark
support,2020-08-20 13:38:12,Aushiker,https://twitter.com/Aushiker,https://twitter.com/i/web/status/1296290409858048000,"RT @spiritgateoz: Proud to be Union are making &amp; donating face masks, as well as making hand sanitiser. Worth getting behind to support Aus…",,
support,2020-08-19 16:10:06,Georgina555,https://twitter.com/Georgina555,https://twitter.com/i/web/status/1295966248992296965,"Thanks @ToddMcKenney love our new masks.. supporting Australian Stage and Screens brilliant costume designers, keeping Australia safe.. #toddmasks #toddmckenney #tutuelegance #blackformore #skulls #covid19 @ Gold… https://t.co/sQASlnXiar",blackformore,tutuelegance
support,2020-08-21 14:07:12,AndrewAndy4165,https://twitter.com/AndrewAndy4165,https://twitter.com/i/web/status/1296660097196687360,Just received 100 of these ordered from Darkies Designs in ACT. Indigenous Art designed face masks. Freebies for our clients. And we don’t even need them in QLD apparently. Doing the right thing as well as supporting Australian business. Check them out at https://t.co/J0NIQohRxF https://t.co/BDuRd8B1Vi,,
support,2020-08-20 13:37:30,spiritgateoz,https://twitter.com/spiritgateoz,https://twitter.com/i/web/status/1296290236050227200,"Proud to be Union are making &amp; donating face masks, as well as making hand sanitiser. Worth getting behind to support Australian jobs.👊💪👍",,
support,2020-08-19 06:42:40,ovni1969,https://twitter.com/ovni1969,https://twitter.com/i/web/status/1295823450364420097,RT @USlawreview: I've started thanking strangers out in public for NOT wearing a mask.  Everyone should. We have to support our side.,,
support,2020-08-20 06:29:40,SetonHall,https://twitter.com/SetonHall,https://twitter.com/i/web/status/1296182565305491458,😷 Wear a mask at all times. ✅ Download the #CampusClear App and use everyday. 🙌 Wash your hands frequently. 6⃣ Physical distancing of at least 6 feet from others. 🚫 Avoid large gatherings. 💙 Support and hold each other accountable.  Learn more: https://t.co/a6R7w2Ivh4,CampusClear,CampusClear
protect,2020-08-20 07:22:32,sherrydevries,https://twitter.com/sherrydevries,https://twitter.com/i/web/status/1296195870698934274,RT @TNDeptofHealth: My face covering protects you. Your face covering protects me. Let's protect one another Tennessee. Learn more: https:/…,,
protect,2020-08-21 14:35:15,LPOGroup,https://twitter.com/LPOGroup,https://twitter.com/i/web/status/1296667156533239811,"LPOG has partnered with sml biz consortium manufacturing Australian washable, reusable face masks 2 protect Australians from COVID-19 Masks will shortly B On their way to participating LPOs across Australia - check your local LPO 4 your Covidmasks 1st https://t.co/5VbRQIWGmd",,
protect,2020-08-19 07:06:47,jwcreighton3,https://twitter.com/jwcreighton3,https://twitter.com/i/web/status/1295829520461619200,RT @WADeptHealth: My mask protects you. Your mask protects me. Wearing a cloth face covering helps stop the spread of COVID-19.,,
protect,2020-08-20 07:04:38,SpokaneHappens,https://twitter.com/SpokaneHappens,https://twitter.com/i/web/status/1296191364930011136,Keep wearing masks #Spokane. We have to protect one another and get infections to stay down. Normal life can come back if we work for it.  Put the work in.  #coronavirus #CoronavirusPandemic #COVID19 #StaySafe #WearAMask https://t.co/HJNx8xQFDF,coronavirus,WearAMask
protect,2020-08-19 05:39:00,hsr,https://twitter.com/hsr,https://twitter.com/i/web/status/1295807427120594946,"Customers are required to wear a non-medical mask while riding the bus, taking DARTS and using Trans-Cab. This extra step can help reduce the spread of #COVID19 &amp; help protect others. Details: https://t.co/IRCMWeEyIB https://t.co/Ty7exli50O",COVID19,COVID19
protect,2020-08-21 14:42:30,reinventionfail,https://twitter.com/reinventionfail,https://twitter.com/i/web/status/1296668981420593152,"RT @LPOGroup: LPOG has partnered with sml biz consortium manufacturing Australian washable, reusable face masks 2 protect Australians from…",,
found,2020-08-20 07:10:40,TessaTessapes,https://twitter.com/TessaTessapes,https://twitter.com/i/web/status/1296192883981090816,RT @ReallyAmerican1: BREAKING: scientists have found there is a groundbreaking treatment that can help stop the spread of the coronavirus.…,,
found,2020-08-20 07:02:13,MFSmithWA,https://twitter.com/MFSmithWA,https://twitter.com/i/web/status/1296190758886637568,RT @ReallyAmerican1: BREAKING: scientists have found there is a groundbreaking treatment that can help stop the spread of the coronavirus.…,,
found,2020-08-19 09:01:07,eibcAU,https://twitter.com/eibcAU,https://twitter.com/i/web/status/1295858290660913158,"Wear your mask! Stay safe, stay connected join the Eastern Innovation Community today! https://t.co/hmy91P8jOo #founder #founders #startup #startups #startupfounder #entrepreneur #monashprecinct #smallbusiness #innovate #collaborate #accelerate #covid19 #eicovidsafe #covidsafe https://t.co/ogqqe5qg1w",accelerate,startups
found,2020-08-20 06:36:02,Gwendolyn679,https://twitter.com/Gwendolyn679,https://twitter.com/i/web/status/1296184171061116929,RT @ReallyAmerican1: BREAKING: scientists have found there is a groundbreaking treatment that can help stop the spread of the coronavirus.…,,
found,2020-08-20 06:20:36,CinnamonbunzBS,https://twitter.com/CinnamonbunzBS,https://twitter.com/i/web/status/1296180287139979265,RT @ReallyAmerican1: BREAKING: scientists have found there is a groundbreaking treatment that can help stop the spread of the coronavirus.…,,
found,2020-08-20 07:56:02,Lamatante2017,https://twitter.com/Lamatante2017,https://twitter.com/i/web/status/1296204303355478023,RT @ReallyAmerican1: BREAKING: scientists have found there is a groundbreaking treatment that can help stop the spread of the coronavirus.…,,
interest,2020-08-20 07:05:12,JaybirdSwanson,https://twitter.com/JaybirdSwanson,https://twitter.com/i/web/status/1296191509847580673,RT @DanRather: Another potential reason to WEAR A MASK. Interesting read. https://t.co/ddfRezd6zN,,
interest,2020-08-20 06:57:36,DBusters_,https://twitter.com/DBusters_,https://twitter.com/i/web/status/1296189595722362880,RT @DanRather: Another potential reason to WEAR A MASK. Interesting read. https://t.co/ddfRezd6zN,,
interest,2020-08-20 07:31:07,EllenSwandiak,https://twitter.com/EllenSwandiak,https://twitter.com/i/web/status/1296198033248522240,RT @DanRather: Another potential reason to WEAR A MASK. Interesting read. https://t.co/ddfRezd6zN,,
interest,2020-08-20 07:16:29,hamiltond97,https://twitter.com/hamiltond97,https://twitter.com/i/web/status/1296194347780567040,RT @DanRather: Another potential reason to WEAR A MASK. Interesting read. https://t.co/ddfRezd6zN,,
interest,2020-08-20 08:41:01,M2Melton,https://twitter.com/M2Melton,https://twitter.com/i/web/status/1296215621588287488,RT @DanRather: Another potential reason to WEAR A MASK. Interesting read. https://t.co/ddfRezd6zN,,
interest,2020-08-19 05:29:47,BrentAReed,https://twitter.com/BrentAReed,https://twitter.com/i/web/status/1295805109494939649,"Just ordered some new Tactec pins, and ear savers for making your masks a bit easier to wear! A bit of a deal for anyone interested below:  https://t.co/bOlcwC2QUh",,
comfortable,2020-08-21 08:25:46,KurlyWurlyBar23,https://twitter.com/KurlyWurlyBar23,https://twitter.com/i/web/status/1296574170466258946,"GOOD NEWS face-mask wearers 😷 Our new stock of Australian-made, 3-layer face-masks have arrived.   They are super-soft and comfortable, machine washable and reusable ♻️  But be quick they are selling like toilet paper! 🚽🤣 https://t.co/ksUXTXa9Aq",,
comfortable,2020-08-25 08:54:57,GodowdUser,https://twitter.com/GodowdUser,https://twitter.com/i/web/status/1298031066494599168,"RT @Martyfields: Loving my mask! They arrived today. Soft, comfortable, safe and fun.  Have you got your Marty’s Mask yet? To see my whole…",,
comfortable,2020-08-19 07:31:21,uwsph,https://twitter.com/uwsph,https://twitter.com/i/web/status/1295835703733915653,"RT @uwnews: (Wearing a mask) might feel a little bit unfamiliar or uncomfortable or just plain awkward to be doing, but it’s such an impor…",,
comfortable,2020-08-21 19:47:08,flemsha,https://twitter.com/flemsha,https://twitter.com/i/web/status/1296745645772955648,"@rajah_mich @sophiescott2 @DrDayaSharma @VictorianCHO @AliciaTDennis @MJA_Editor @MaryLloyd4 @abcnews @Sasbites @venessb @amavictoria @TheRACP Thanks Michelle. (As for elastomeric masks I would love for them to be introduced, I use a 3M 7500 series half face respirator when spray painting plastic models and it is so comfortable I could (and do) wear it for hours and the seal is perfect).",,
coronavirus,2020-08-20 07:10:40,TessaTessapes,https://twitter.com/TessaTessapes,https://twitter.com/i/web/status/1296192883981090816,RT @ReallyAmerican1: BREAKING: scientists have found there is a groundbreaking treatment that can help stop the spread of the coronavirus.…,,
coronavirus,2020-08-20 07:02:13,MFSmithWA,https://twitter.com/MFSmithWA,https://twitter.com/i/web/status/1296190758886637568,RT @ReallyAmerican1: BREAKING: scientists have found there is a groundbreaking treatment that can help stop the spread of the coronavirus.…,,
coronavirus,2020-08-20 06:36:02,Gwendolyn679,https://twitter.com/Gwendolyn679,https://twitter.com/i/web/status/1296184171061116929,RT @ReallyAmerican1: BREAKING: scientists have found there is a groundbreaking treatment that can help stop the spread of the coronavirus.…,,
coronavirus,2020-08-20 06:20:36,CinnamonbunzBS,https://twitter.com/CinnamonbunzBS,https://twitter.com/i/web/status/1296180287139979265,RT @ReallyAmerican1: BREAKING: scientists have found there is a groundbreaking treatment that can help stop the spread of the coronavirus.…,,
coronavirus,2020-08-20 07:04:38,SpokaneHappens,https://twitter.com/SpokaneHappens,https://twitter.com/i/web/status/1296191364930011136,Keep wearing masks #Spokane. We have to protect one another and get infections to stay down. Normal life can come back if we work for it.  Put the work in.  #coronavirus #CoronavirusPandemic #COVID19 #StaySafe #WearAMask https://t.co/HJNx8xQFDF,coronavirus,WearAMask
coronavirus,2020-08-20 07:56:02,Lamatante2017,https://twitter.com/Lamatante2017,https://twitter.com/i/web/status/1296204303355478023,RT @ReallyAmerican1: BREAKING: scientists have found there is a groundbreaking treatment that can help stop the spread of the coronavirus.…,,
everyone,2020-08-19 06:21:38,Russell23320359,https://twitter.com/Russell23320359,https://twitter.com/i/web/status/1295818156636647424,RT @USlawreview: I've started thanking strangers out in public for NOT wearing a mask.  Everyone should. We have to support our side.,,
everyone,2020-08-21 08:54:20,Burtonish_,https://twitter.com/Burtonish_,https://twitter.com/i/web/status/1296581362632126464,Getting my acrylics fixed today. The nail salons reopened a while back here and everyones been wearing masks. It feels weird but good being back to something small that makes me happy and that I look forward to 😂❤️,,
everyone,2020-08-20 07:10:00,TCmensLax,https://twitter.com/TCmensLax,https://twitter.com/i/web/status/1296192718956265477,RT @TC3_official: As we get ready to welcome the limited return of students and staff to campus we ask that everyone share in the collectiv…,,
everyone,2020-08-19 07:11:38,ginasellshomes4,https://twitter.com/ginasellshomes4,https://twitter.com/i/web/status/1295830740324757505,@BetoORourke This just broke my heart! Wear the damn mask everyone! 😷,,
everyone,2020-08-19 19:27:36,woodgillian,https://twitter.com/woodgillian,https://twitter.com/i/web/status/1296015952740356097,RT @AusAmb_DE: Thoughtful gifts from home - Australian face masks! Stay safe and healthy everyone! https://t.co/eA3IZzcMav,,
everyone,2020-08-19 06:42:40,ovni1969,https://twitter.com/ovni1969,https://twitter.com/i/web/status/1295823450364420097,RT @USlawreview: I've started thanking strangers out in public for NOT wearing a mask.  Everyone should. We have to support our side.,,
everyone,2020-08-19 17:32:06,AusAmb_DE,https://twitter.com/AusAmb_DE,https://twitter.com/i/web/status/1295986883781165057,Thoughtful gifts from home - Australian face masks! Stay safe and healthy everyone! https://t.co/eA3IZzcMav,,
everyone,2020-08-20 08:45:59,jentorpedo,https://twitter.com/jentorpedo,https://twitter.com/i/web/status/1296216870182412288,RT @MSAASports: The MSAA hopes everyone had a healthy &amp; productive First eLearning Day of School!! Be safe &amp; remember to wear your masks so…,,
everyone,2020-08-19 08:54:31,LARESBLINK,https://twitter.com/LARESBLINK,https://twitter.com/i/web/status/1295856630974885888,"@RavonsLyfe pls stay safe and wear a mask while your out!! make sure u quarantine after this, at least 14 days if not more, we are trying to help you and keep u and everyone else safe, love u :D",,
treatment,2020-08-24 09:01:34,ShaunMcCracken2,https://twitter.com/ShaunMcCracken2,https://twitter.com/i/web/status/1297670347022430209,RT @EM_RESUS: BREAKING: A novel treatment has been discovered that can reduce COVID-19 transmission by up to 75%. It’s called wear a fuckin…,,
treatment,2020-08-25 09:00:56,vicntrancoso,https://twitter.com/vicntrancoso,https://twitter.com/i/web/status/1298032573453492225,RT @EM_RESUS: BREAKING: A novel treatment has been discovered that can reduce COVID-19 transmission by up to 75%. It’s called wear a fuckin…,,
treatment,2020-08-20 07:10:40,TessaTessapes,https://twitter.com/TessaTessapes,https://twitter.com/i/web/status/1296192883981090816,RT @ReallyAmerican1: BREAKING: scientists have found there is a groundbreaking treatment that can help stop the spread of the coronavirus.…,,
treatment,2020-08-24 09:02:43,LaurenNell89,https://twitter.com/LaurenNell89,https://twitter.com/i/web/status/1297670632839077888,RT @EM_RESUS: BREAKING: A novel treatment has been discovered that can reduce COVID-19 transmission by up to 75%. It’s called wear a fuckin…,,
treatment,2020-08-25 08:59:39,johnwalling,https://twitter.com/johnwalling,https://twitter.com/i/web/status/1298032249523171329,RT @EM_RESUS: BREAKING: A novel treatment has been discovered that can reduce COVID-19 transmission by up to 75%. It’s called wear a fuckin…,,
treatment,2020-08-24 09:02:23,northway_debbie,https://twitter.com/northway_debbie,https://twitter.com/i/web/status/1297670548822978560,RT @EM_RESUS: BREAKING: A novel treatment has been discovered that can reduce COVID-19 transmission by up to 75%. It’s called wear a fuckin…,,
treatment,2020-08-20 07:02:13,MFSmithWA,https://twitter.com/MFSmithWA,https://twitter.com/i/web/status/1296190758886637568,RT @ReallyAmerican1: BREAKING: scientists have found there is a groundbreaking treatment that can help stop the spread of the coronavirus.…,,
treatment,2020-08-20 06:36:02,Gwendolyn679,https://twitter.com/Gwendolyn679,https://twitter.com/i/web/status/1296184171061116929,RT @ReallyAmerican1: BREAKING: scientists have found there is a groundbreaking treatment that can help stop the spread of the coronavirus.…,,
treatment,2020-08-24 09:03:30,pokerwhispr,https://twitter.com/pokerwhispr,https://twitter.com/i/web/status/1297670832911560704,RT @EM_RESUS: BREAKING: A novel treatment has been discovered that can reduce COVID-19 transmission by up to 75%. It’s called wear a fuckin…,,
treatment,2020-08-20 06:20:36,CinnamonbunzBS,https://twitter.com/CinnamonbunzBS,https://twitter.com/i/web/status/1296180287139979265,RT @ReallyAmerican1: BREAKING: scientists have found there is a groundbreaking treatment that can help stop the spread of the coronavirus.…,,
fuckin,2020-08-24 09:01:34,ShaunMcCracken2,https://twitter.com/ShaunMcCracken2,https://twitter.com/i/web/status/1297670347022430209,RT @EM_RESUS: BREAKING: A novel treatment has been discovered that can reduce COVID-19 transmission by up to 75%. It’s called wear a fuckin…,,
fuckin,2020-08-25 09:00:56,vicntrancoso,https://twitter.com/vicntrancoso,https://twitter.com/i/web/status/1298032573453492225,RT @EM_RESUS: BREAKING: A novel treatment has been discovered that can reduce COVID-19 transmission by up to 75%. It’s called wear a fuckin…,,
fuckin,2020-08-24 09:02:43,LaurenNell89,https://twitter.com/LaurenNell89,https://twitter.com/i/web/status/1297670632839077888,RT @EM_RESUS: BREAKING: A novel treatment has been discovered that can reduce COVID-19 transmission by up to 75%. It’s called wear a fuckin…,,
fuckin,2020-08-25 08:59:39,johnwalling,https://twitter.com/johnwalling,https://twitter.com/i/web/status/1298032249523171329,RT @EM_RESUS: BREAKING: A novel treatment has been discovered that can reduce COVID-19 transmission by up to 75%. It’s called wear a fuckin…,,
fuckin,2020-08-24 09:02:23,northway_debbie,https://twitter.com/northway_debbie,https://twitter.com/i/web/status/1297670548822978560,RT @EM_RESUS: BREAKING: A novel treatment has been discovered that can reduce COVID-19 transmission by up to 75%. It’s called wear a fuckin…,,
fuckin,2020-08-24 09:03:30,pokerwhispr,https://twitter.com/pokerwhispr,https://twitter.com/i/web/status/1297670832911560704,RT @EM_RESUS: BREAKING: A novel treatment has been discovered that can reduce COVID-19 transmission by up to 75%. It’s called wear a fuckin…,,
fuckin,2020-08-25 09:01:06,bronbeazley,https://twitter.com/bronbeazley,https://twitter.com/i/web/status/1298032616285671424,RT @EM_RESUS: BREAKING: A novel treatment has been discovered that can reduce COVID-19 transmission by up to 75%. It’s called wear a fuckin…,,
spread,2020-08-20 07:10:40,TessaTessapes,https://twitter.com/TessaTessapes,https://twitter.com/i/web/status/1296192883981090816,RT @ReallyAmerican1: BREAKING: scientists have found there is a groundbreaking treatment that can help stop the spread of the coronavirus.…,,
spread,2020-08-25 09:01:40,IanDsComments,https://twitter.com/IanDsComments,https://twitter.com/i/web/status/1298032758380326912,"@FearIhate @9NewsMelb @reid_butler9 I am sure some people may say your a conspiracy theorist. I am sure the same people who would have thought 12 months ago that Victorians would be on house arrest, curfews, unable to travel more than 5 km from home and be wearing masks was crazy talk. Keep spreading the word.",,
spread,2020-08-20 07:02:13,MFSmithWA,https://twitter.com/MFSmithWA,https://twitter.com/i/web/status/1296190758886637568,RT @ReallyAmerican1: BREAKING: scientists have found there is a groundbreaking treatment that can help stop the spread of the coronavirus.…,,
spread,2020-08-20 06:36:02,Gwendolyn679,https://twitter.com/Gwendolyn679,https://twitter.com/i/web/status/1296184171061116929,RT @ReallyAmerican1: BREAKING: scientists have found there is a groundbreaking treatment that can help stop the spread of the coronavirus.…,,
spread,2020-08-20 06:20:36,CinnamonbunzBS,https://twitter.com/CinnamonbunzBS,https://twitter.com/i/web/status/1296180287139979265,RT @ReallyAmerican1: BREAKING: scientists have found there is a groundbreaking treatment that can help stop the spread of the coronavirus.…,,
spread,2020-08-19 07:06:47,jwcreighton3,https://twitter.com/jwcreighton3,https://twitter.com/i/web/status/1295829520461619200,RT @WADeptHealth: My mask protects you. Your mask protects me. Wearing a cloth face covering helps stop the spread of COVID-19.,,
spread,2020-08-21 09:02:31,mikey_wa,https://twitter.com/mikey_wa,https://twitter.com/i/web/status/1296583420043120640,"@DrkToLight @chipfranklin No miracle drug cures here - we just strictly followed the containment protocols - such as wearing masks, wide spread testing &amp; tracing -  &amp; it seems to have worked well for us.",,
spread,2020-08-19 05:39:00,hsr,https://twitter.com/hsr,https://twitter.com/i/web/status/1295807427120594946,"Customers are required to wear a non-medical mask while riding the bus, taking DARTS and using Trans-Cab. This extra step can help reduce the spread of #COVID19 &amp; help protect others. Details: https://t.co/IRCMWeEyIB https://t.co/Ty7exli50O",COVID19,COVID19
spread,2020-08-20 07:56:02,Lamatante2017,https://twitter.com/Lamatante2017,https://twitter.com/i/web/status/1296204303355478023,RT @ReallyAmerican1: BREAKING: scientists have found there is a groundbreaking treatment that can help stop the spread of the coronavirus.…,,
novel,2020-08-24 09:01:34,ShaunMcCracken2,https://twitter.com/ShaunMcCracken2,https://twitter.com/i/web/status/1297670347022430209,RT @EM_RESUS: BREAKING: A novel treatment has been discovered that can reduce COVID-19 transmission by up to 75%. It’s called wear a fuckin…,,
novel,2020-08-25 09:00:56,vicntrancoso,https://twitter.com/vicntrancoso,https://twitter.com/i/web/status/1298032573453492225,RT @EM_RESUS: BREAKING: A novel treatment has been discovered that can reduce COVID-19 transmission by up to 75%. It’s called wear a fuckin…,,
novel,2020-08-24 09:02:43,LaurenNell89,https://twitter.com/LaurenNell89,https://twitter.com/i/web/status/1297670632839077888,RT @EM_RESUS: BREAKING: A novel treatment has been discovered that can reduce COVID-19 transmission by up to 75%. It’s called wear a fuckin…,,
novel,2020-08-25 08:59:39,johnwalling,https://twitter.com/johnwalling,https://twitter.com/i/web/status/1298032249523171329,RT @EM_RESUS: BREAKING: A novel treatment has been discovered that can reduce COVID-19 transmission by up to 75%. It’s called wear a fuckin…,,
novel,2020-08-24 09:02:23,northway_debbie,https://twitter.com/northway_debbie,https://twitter.com/i/web/status/1297670548822978560,RT @EM_RESUS: BREAKING: A novel treatment has been discovered that can reduce COVID-19 transmission by up to 75%. It’s called wear a fuckin…,,
novel,2020-08-24 09:03:30,pokerwhispr,https://twitter.com/pokerwhispr,https://twitter.com/i/web/status/1297670832911560704,RT @EM_RESUS: BREAKING: A novel treatment has been discovered that can reduce COVID-19 transmission by up to 75%. It’s called wear a fuckin…,,
novel,2020-08-25 09:01:06,bronbeazley,https://twitter.com/bronbeazley,https://twitter.com/i/web/status/1298032616285671424,RT @EM_RESUS: BREAKING: A novel treatment has been discovered that can reduce COVID-19 transmission by up to 75%. It’s called wear a fuckin…,,
tomorrow,2020-08-19 06:52:07,modernherron,https://twitter.com/modernherron,https://twitter.com/i/web/status/1295825830250242048,"RT @TLandYearbook: Get excited! Yearbooks are finally here! Pick up is tomorrow (8/19) from 1-5 in front of THS, drive-thru style. (Don’t f…",,
tomorrow,2020-08-25 09:01:51,mrsalexanderLB,https://twitter.com/mrsalexanderLB,https://twitter.com/i/web/status/1298032804756742144,"We are back in business (kind of)! I can't wait to see our CED Jags tomorrow! Don't forget to wear a mask, maintain your distance, wash your hands, &amp; BE PATIENT! #wegotthis #wearecabrillo #successinthewest #proudtobelbusd https://t.co/FFvL9LTdgV",proudtobelbusd,wegotthis
tomorrow,2020-08-19 08:14:16,Steele1Mariah,https://twitter.com/Steele1Mariah,https://twitter.com/i/web/status/1295846504234721280,"RT @b_claire99: #NCAT Tomorrow is the first day of classes! Be sure to get a good night’s rest tonight and be ready to engage tomorrow, whe…",NCAT,NCAT
tomorrow,2020-08-19 06:23:24,swankyzeee,https://twitter.com/swankyzeee,https://twitter.com/i/web/status/1295818599966240768,"RT @b_claire99: #NCAT Tomorrow is the first day of classes! Be sure to get a good night’s rest tonight and be ready to engage tomorrow, whe…",NCAT,NCAT
tomorrow,2020-08-19 07:12:15,livethevic,https://twitter.com/livethevic,https://twitter.com/i/web/status/1295830896256397312,"RT @b_claire99: #NCAT Tomorrow is the first day of classes! Be sure to get a good night’s rest tonight and be ready to engage tomorrow, whe…",NCAT,NCAT
call,2020-08-24 09:01:34,ShaunMcCracken2,https://twitter.com/ShaunMcCracken2,https://twitter.com/i/web/status/1297670347022430209,RT @EM_RESUS: BREAKING: A novel treatment has been discovered that can reduce COVID-19 transmission by up to 75%. It’s called wear a fuckin…,,
call,2020-08-25 09:00:56,vicntrancoso,https://twitter.com/vicntrancoso,https://twitter.com/i/web/status/1298032573453492225,RT @EM_RESUS: BREAKING: A novel treatment has been discovered that can reduce COVID-19 transmission by up to 75%. It’s called wear a fuckin…,,
call,2020-08-24 09:02:43,LaurenNell89,https://twitter.com/LaurenNell89,https://twitter.com/i/web/status/1297670632839077888,RT @EM_RESUS: BREAKING: A novel treatment has been discovered that can reduce COVID-19 transmission by up to 75%. It’s called wear a fuckin…,,
call,2020-08-25 08:59:39,johnwalling,https://twitter.com/johnwalling,https://twitter.com/i/web/status/1298032249523171329,RT @EM_RESUS: BREAKING: A novel treatment has been discovered that can reduce COVID-19 transmission by up to 75%. It’s called wear a fuckin…,,
call,2020-08-24 09:02:23,northway_debbie,https://twitter.com/northway_debbie,https://twitter.com/i/web/status/1297670548822978560,RT @EM_RESUS: BREAKING: A novel treatment has been discovered that can reduce COVID-19 transmission by up to 75%. It’s called wear a fuckin…,,
call,2020-08-24 09:03:30,pokerwhispr,https://twitter.com/pokerwhispr,https://twitter.com/i/web/status/1297670832911560704,RT @EM_RESUS: BREAKING: A novel treatment has been discovered that can reduce COVID-19 transmission by up to 75%. It’s called wear a fuckin…,,
call,2020-08-25 09:01:06,bronbeazley,https://twitter.com/bronbeazley,https://twitter.com/i/web/status/1298032616285671424,RT @EM_RESUS: BREAKING: A novel treatment has been discovered that can reduce COVID-19 transmission by up to 75%. It’s called wear a fuckin…,,
layer,2020-08-20 15:04:23,HanhNgu70305553,https://twitter.com/HanhNgu70305553,https://twitter.com/i/web/status/1296312098700423169,Excited to share this item from my #etsy shop: Kids masks triple layers masks/ Cotton 3 layers masks/ CozymasksAU/Australian Handmade masks/ Kids masks/Ready stock. #handmademasks #kidsmasks #filterpocket https://t.co/DrT7BGdXr0 https://t.co/h1qYt9Hf48,etsy,kidsmasks
layer,2020-08-21 08:25:46,KurlyWurlyBar23,https://twitter.com/KurlyWurlyBar23,https://twitter.com/i/web/status/1296574170466258946,"GOOD NEWS face-mask wearers 😷 Our new stock of Australian-made, 3-layer face-masks have arrived.   They are super-soft and comfortable, machine washable and reusable ♻️  But be quick they are selling like toilet paper! 🚽🤣 https://t.co/ksUXTXa9Aq",,
layer,2020-08-21 19:28:37,cazzawillcock,https://twitter.com/cazzawillcock,https://twitter.com/i/web/status/1296740984030560256,@mamamellet wearing one of the colourful masks from maskby.BC (Instagram) Triple layer as recommended by WHO Organisation with filter pocket. Melbourne based. 🇦🇺 Australian made. Order your mask now. https://t.co/maMElazelu,,
groundbreaking,2020-08-20 07:10:40,TessaTessapes,https://twitter.com/TessaTessapes,https://twitter.com/i/web/status/1296192883981090816,RT @ReallyAmerican1: BREAKING: scientists have found there is a groundbreaking treatment that can help stop the spread of the coronavirus.…,,
groundbreaking,2020-08-20 07:02:13,MFSmithWA,https://twitter.com/MFSmithWA,https://twitter.com/i/web/status/1296190758886637568,RT @ReallyAmerican1: BREAKING: scientists have found there is a groundbreaking treatment that can help stop the spread of the coronavirus.…,,
groundbreaking,2020-08-20 06:36:02,Gwendolyn679,https://twitter.com/Gwendolyn679,https://twitter.com/i/web/status/1296184171061116929,RT @ReallyAmerican1: BREAKING: scientists have found there is a groundbreaking treatment that can help stop the spread of the coronavirus.…,,
groundbreaking,2020-08-20 06:20:36,CinnamonbunzBS,https://twitter.com/CinnamonbunzBS,https://twitter.com/i/web/status/1296180287139979265,RT @ReallyAmerican1: BREAKING: scientists have found there is a groundbreaking treatment that can help stop the spread of the coronavirus.…,,
groundbreaking,2020-08-20 07:56:02,Lamatante2017,https://twitter.com/Lamatante2017,https://twitter.com/i/web/status/1296204303355478023,RT @ReallyAmerican1: BREAKING: scientists have found there is a groundbreaking treatment that can help stop the spread of the coronavirus.…,,
excellent,2020-08-20 06:39:31,burnptcruisers,https://twitter.com/burnptcruisers,https://twitter.com/i/web/status/1296185045435080704,RT @Winter: You can wear a mask and be excellent and help frontline workers! A portion of the proceeds go to @FrontlineFoods   https://t.co…,,
excellent,2020-08-19 08:20:18,DrChromo,https://twitter.com/DrChromo,https://twitter.com/i/web/status/1295848020513140736,"Excellent article. IMHO, we should continue to wear masks, especially as travel restrictions are lifted, until we have a vaccine. Mask or no mask? This simple ethical approach can help with your pandemic etiquette https://t.co/EWCBdxFxbK via @ConversationEDU",,
excellent,2020-08-20 06:17:03,OliviaDrajeske,https://twitter.com/OliviaDrajeske,https://twitter.com/i/web/status/1296179390930227200,RT @Winter: You can wear a mask and be excellent and help frontline workers! A portion of the proceeds go to @FrontlineFoods   https://t.co…,,
excellent,2020-08-20 08:31:56,AdvocatePlanet,https://twitter.com/AdvocatePlanet,https://twitter.com/i/web/status/1296213334824382464,RT @Russputin2: @LyndaFrench19 @MSMWatchdog2013 @Bowenchris @KKeneally @kimbakit @MrKRudd Excellent point Lynda. Thanks.  The Sovereign cit…,,
breaking,2020-08-24 09:01:34,ShaunMcCracken2,https://twitter.com/ShaunMcCracken2,https://twitter.com/i/web/status/1297670347022430209,RT @EM_RESUS: BREAKING: A novel treatment has been discovered that can reduce COVID-19 transmission by up to 75%. It’s called wear a fuckin…,,
breaking,2020-08-25 09:00:56,vicntrancoso,https://twitter.com/vicntrancoso,https://twitter.com/i/web/status/1298032573453492225,RT @EM_RESUS: BREAKING: A novel treatment has been discovered that can reduce COVID-19 transmission by up to 75%. It’s called wear a fuckin…,,
breaking,2020-08-20 07:10:40,TessaTessapes,https://twitter.com/TessaTessapes,https://twitter.com/i/web/status/1296192883981090816,RT @ReallyAmerican1: BREAKING: scientists have found there is a groundbreaking treatment that can help stop the spread of the coronavirus.…,,
breaking,2020-08-24 09:02:43,LaurenNell89,https://twitter.com/LaurenNell89,https://twitter.com/i/web/status/1297670632839077888,RT @EM_RESUS: BREAKING: A novel treatment has been discovered that can reduce COVID-19 transmission by up to 75%. It’s called wear a fuckin…,,
breaking,2020-08-25 08:59:39,johnwalling,https://twitter.com/johnwalling,https://twitter.com/i/web/status/1298032249523171329,RT @EM_RESUS: BREAKING: A novel treatment has been discovered that can reduce COVID-19 transmission by up to 75%. It’s called wear a fuckin…,,
breaking,2020-08-24 09:02:23,northway_debbie,https://twitter.com/northway_debbie,https://twitter.com/i/web/status/1297670548822978560,RT @EM_RESUS: BREAKING: A novel treatment has been discovered that can reduce COVID-19 transmission by up to 75%. It’s called wear a fuckin…,,
breaking,2020-08-20 07:02:13,MFSmithWA,https://twitter.com/MFSmithWA,https://twitter.com/i/web/status/1296190758886637568,RT @ReallyAmerican1: BREAKING: scientists have found there is a groundbreaking treatment that can help stop the spread of the coronavirus.…,,
breaking,2020-08-20 06:36:02,Gwendolyn679,https://twitter.com/Gwendolyn679,https://twitter.com/i/web/status/1296184171061116929,RT @ReallyAmerican1: BREAKING: scientists have found there is a groundbreaking treatment that can help stop the spread of the coronavirus.…,,
breaking,2020-08-24 09:03:30,pokerwhispr,https://twitter.com/pokerwhispr,https://twitter.com/i/web/status/1297670832911560704,RT @EM_RESUS: BREAKING: A novel treatment has been discovered that can reduce COVID-19 transmission by up to 75%. It’s called wear a fuckin…,,
breaking,2020-08-20 06:20:36,CinnamonbunzBS,https://twitter.com/CinnamonbunzBS,https://twitter.com/i/web/status/1296180287139979265,RT @ReallyAmerican1: BREAKING: scientists have found there is a groundbreaking treatment that can help stop the spread of the coronavirus.…,,
child,2020-08-25 09:03:36,RealSamMelton,https://twitter.com/RealSamMelton,https://twitter.com/i/web/status/1298033243107794950,"RT @kycovid19data: @hempyhope I get strength from other countries who are fighting for their children to be in school, around other kids, w…",,
child,2020-08-20 07:00:22,AWSALeaders1,https://twitter.com/AWSALeaders1,https://twitter.com/i/web/status/1296190293369380867,"RT @eringohl: Educators, librarians, and families of young children, here is a link to My Mask Book, a free printable activity book to he…",,
child,2020-08-23 13:10:29,Spockarama,https://twitter.com/Spockarama,https://twitter.com/i/web/status/1297370598109151233,"@Randall87454048 @abcnews @tennewssyd @GladysB @mscott @nswteachers @unionsnsw Taiwan gives each adult 2 masks per week and each child 3 masks per week. It's part of the reason, along with a well run, co-ordinated, multi disciplinary pandemic office. Children under 2 don't wear them.  They have 7 deaths and 487 infections.",,
child,2020-08-20 08:02:20,seeoptions,https://twitter.com/seeoptions,https://twitter.com/i/web/status/1296205887363846146,Helping younger children make sense of what they're seeing and living.   How to help student process why adults are wearing masks.  https://t.co/A8e9s5ySX2,,
child,2020-08-20 08:43:07,sharonb7368,https://twitter.com/sharonb7368,https://twitter.com/i/web/status/1296216150506758144,"RT @jessicalavo: The educators at Garawa Preschool The Entrance PS used their creativity to respond to a child’s questions, fears and conce…",,
child,2020-08-19 07:30:37,growearlyminds,https://twitter.com/growearlyminds,https://twitter.com/i/web/status/1295835517368639488,Is your child struggling to wear or understand why we need face masks right now? Here's a great guide to help them through these new times. https://t.co/aqngv7MP6p,,
child,2020-08-19 05:39:41,GaughanDominick,https://twitter.com/GaughanDominick,https://twitter.com/i/web/status/1295807602224435212,"@lolipoplaura85 @josephamadigan @ncseirl @Education_Ire @AsIAmIreland @involve_d6_d6w Hi Laura, I know a couple of parents who have raised issues about their children being unable to wear a face mask, I'm thankful that the Minister has addressed this matter, hope you have a nice evening.",,
stripe,2020-08-20 14:08:00,AMOSupdates,https://twitter.com/AMOSupdates,https://twitter.com/i/web/status/1296297911660077056,RT @SafariPenguin: Ever wanted to wear @BOM_au data on your face!? Check out these amazing climate stripe face masks showing how Australian…,,
stripe,2020-08-20 12:45:32,SafariPenguin,https://twitter.com/SafariPenguin,https://twitter.com/i/web/status/1296277157941895169,Ever wanted to wear @BOM_au data on your face!? Check out these amazing climate stripe face masks showing how Australian temperature has changed over the last 50 years from @AMOSupdates! Adult sizes only. https://t.co/e4efMlQmo5 https://t.co/chSVA19o3p,,
stripe,2020-08-20 13:52:48,Tess_J_Parker,https://twitter.com/Tess_J_Parker,https://twitter.com/i/web/status/1296294084676448257,RT @SafariPenguin: Ever wanted to wear @BOM_au data on your face!? Check out these amazing climate stripe face masks showing how Australian…,,
stripe,2020-08-20 13:35:09,lindenashcroft,https://twitter.com/lindenashcroft,https://twitter.com/i/web/status/1296289642841423873,RT @SafariPenguin: Ever wanted to wear @BOM_au data on your face!? Check out these amazing climate stripe face masks showing how Australian…,,
scientist,2020-08-20 07:10:40,TessaTessapes,https://twitter.com/TessaTessapes,https://twitter.com/i/web/status/1296192883981090816,RT @ReallyAmerican1: BREAKING: scientists have found there is a groundbreaking treatment that can help stop the spread of the coronavirus.…,,
scientist,2020-08-20 07:02:13,MFSmithWA,https://twitter.com/MFSmithWA,https://twitter.com/i/web/status/1296190758886637568,RT @ReallyAmerican1: BREAKING: scientists have found there is a groundbreaking treatment that can help stop the spread of the coronavirus.…,,
scientist,2020-08-20 06:36:02,Gwendolyn679,https://twitter.com/Gwendolyn679,https://twitter.com/i/web/status/1296184171061116929,RT @ReallyAmerican1: BREAKING: scientists have found there is a groundbreaking treatment that can help stop the spread of the coronavirus.…,,
scientist,2020-08-20 06:20:36,CinnamonbunzBS,https://twitter.com/CinnamonbunzBS,https://twitter.com/i/web/status/1296180287139979265,RT @ReallyAmerican1: BREAKING: scientists have found there is a groundbreaking treatment that can help stop the spread of the coronavirus.…,,
scientist,2020-08-20 07:56:02,Lamatante2017,https://twitter.com/Lamatante2017,https://twitter.com/i/web/status/1296204303355478023,RT @ReallyAmerican1: BREAKING: scientists have found there is a groundbreaking treatment that can help stop the spread of the coronavirus.…,,
transmission,2020-08-24 09:01:34,ShaunMcCracken2,https://twitter.com/ShaunMcCracken2,https://twitter.com/i/web/status/1297670347022430209,RT @EM_RESUS: BREAKING: A novel treatment has been discovered that can reduce COVID-19 transmission by up to 75%. It’s called wear a fuckin…,,
transmission,2020-08-25 09:00:56,vicntrancoso,https://twitter.com/vicntrancoso,https://twitter.com/i/web/status/1298032573453492225,RT @EM_RESUS: BREAKING: A novel treatment has been discovered that can reduce COVID-19 transmission by up to 75%. It’s called wear a fuckin…,,
transmission,2020-08-24 09:02:43,LaurenNell89,https://twitter.com/LaurenNell89,https://twitter.com/i/web/status/1297670632839077888,RT @EM_RESUS: BREAKING: A novel treatment has been discovered that can reduce COVID-19 transmission by up to 75%. It’s called wear a fuckin…,,
transmission,2020-08-25 08:59:39,johnwalling,https://twitter.com/johnwalling,https://twitter.com/i/web/status/1298032249523171329,RT @EM_RESUS: BREAKING: A novel treatment has been discovered that can reduce COVID-19 transmission by up to 75%. It’s called wear a fuckin…,,
transmission,2020-08-24 09:02:23,northway_debbie,https://twitter.com/northway_debbie,https://twitter.com/i/web/status/1297670548822978560,RT @EM_RESUS: BREAKING: A novel treatment has been discovered that can reduce COVID-19 transmission by up to 75%. It’s called wear a fuckin…,,
transmission,2020-08-24 09:03:30,pokerwhispr,https://twitter.com/pokerwhispr,https://twitter.com/i/web/status/1297670832911560704,RT @EM_RESUS: BREAKING: A novel treatment has been discovered that can reduce COVID-19 transmission by up to 75%. It’s called wear a fuckin…,,
transmission,2020-08-25 09:01:06,bronbeazley,https://twitter.com/bronbeazley,https://twitter.com/i/web/status/1298032616285671424,RT @EM_RESUS: BREAKING: A novel treatment has been discovered that can reduce COVID-19 transmission by up to 75%. It’s called wear a fuckin…,,
thanks,2020-08-20 07:55:33,poovey_pamela,https://twitter.com/poovey_pamela,https://twitter.com/i/web/status/1296204180751708160,"@5bb85d9285e347b @newman7118 @maddow It's awesome where I am! Shops are open, not forced to wear masks in my home state. Schools are open. Only one state is having real problems right now and I'm thousands of kms away from that.  I'm having a phat time! Thanks for asking!",,
thanks,2020-08-19 16:10:06,Georgina555,https://twitter.com/Georgina555,https://twitter.com/i/web/status/1295966248992296965,"Thanks @ToddMcKenney love our new masks.. supporting Australian Stage and Screens brilliant costume designers, keeping Australia safe.. #toddmasks #toddmckenney #tutuelegance #blackformore #skulls #covid19 @ Gold… https://t.co/sQASlnXiar",blackformore,tutuelegance
thanks,2020-08-21 12:26:09,EliseK53,https://twitter.com/EliseK53,https://twitter.com/i/web/status/1296634666225557505,I swear we didn't plan to wear matching masks! @SArunogiri and I are obviously both nailing Melbourne lockdown fashion! Watch out for our colour coordinated interview on @abcnews. Thanks to Peter Drought for the covid safe pic. https://t.co/AeMetmc9jS,,
thanks,2020-08-19 07:17:18,pencollege,https://twitter.com/pencollege,https://twitter.com/i/web/status/1295832166492852224,"As COVID numbers continue to spike in Clallam County, we share a friendly reminder to please wear your mask, wash your hands frequently, stay home if you feel unwell, and continue to avoid large gatherings. Thanks for doing your part to keep our community safe! #maskUpWA https://t.co/VkWda5Btwh",maskUpWA,maskUpWA
thanks,2020-08-21 19:47:08,flemsha,https://twitter.com/flemsha,https://twitter.com/i/web/status/1296745645772955648,"@rajah_mich @sophiescott2 @DrDayaSharma @VictorianCHO @AliciaTDennis @MJA_Editor @MaryLloyd4 @abcnews @Sasbites @venessb @amavictoria @TheRACP Thanks Michelle. (As for elastomeric masks I would love for them to be introduced, I use a 3M 7500 series half face respirator when spray painting plastic models and it is so comfortable I could (and do) wear it for hours and the seal is perfect).",,
thanks,2020-08-20 08:31:56,AdvocatePlanet,https://twitter.com/AdvocatePlanet,https://twitter.com/i/web/status/1296213334824382464,RT @Russputin2: @LyndaFrench19 @MSMWatchdog2013 @Bowenchris @KKeneally @kimbakit @MrKRudd Excellent point Lynda. Thanks.  The Sovereign cit…,,
distance,2020-08-25 09:01:51,mrsalexanderLB,https://twitter.com/mrsalexanderLB,https://twitter.com/i/web/status/1298032804756742144,"We are back in business (kind of)! I can't wait to see our CED Jags tomorrow! Don't forget to wear a mask, maintain your distance, wash your hands, &amp; BE PATIENT! #wegotthis #wearecabrillo #successinthewest #proudtobelbusd https://t.co/FFvL9LTdgV",proudtobelbusd,wegotthis
distance,2020-08-20 08:36:27,seariousforhkg,https://twitter.com/seariousforhkg,https://twitter.com/i/web/status/1296214474991398912,"Join us at #CalAndersonPark nearby the fountain area today from 5-6pm. We will be writing cards, thanking U.S congressmen for showing their support for HK!   Bring your pen, wear a mask and keep social distance. We will be providing cards and ideas for what to write about! https://t.co/M7Cyi0sHsg",CalAndersonPark,CalAndersonPark
distance,2020-08-21 09:00:19,potatoandrecei1,https://twitter.com/potatoandrecei1,https://twitter.com/i/web/status/1296582865300238336,"RT @CashWheelerFTR: I can’t wait to have fans back. Socially distanced, mask wearing, CDC guideline following, outdoor venue attending, pro…",,
distance,2020-08-19 05:26:00,tv_molefe,https://twitter.com/tv_molefe,https://twitter.com/i/web/status/1295804158340001792,"RT @GovernmentZA: Let us continue to stand united in our determination to defeat #Covid19inSA.  Do not stop practicing social distance, wea…",Covid19inSA,Covid19inSA
distance,2020-08-20 07:02:25,SHU_Libraries,https://twitter.com/SHU_Libraries,https://twitter.com/i/web/status/1296190808123736064,"Welcome back to Walsh Library! We are excited to see you again and looking forward to providing you a safe place to study. Please remember to keep each other and your library staff healthy by maintaining social distance, washing hands, and wearing masks! @SetonHall @hallstudents https://t.co/uchFXdlXIO",,
climate,2020-08-20 14:08:00,AMOSupdates,https://twitter.com/AMOSupdates,https://twitter.com/i/web/status/1296297911660077056,RT @SafariPenguin: Ever wanted to wear @BOM_au data on your face!? Check out these amazing climate stripe face masks showing how Australian…,,
climate,2020-08-20 12:45:32,SafariPenguin,https://twitter.com/SafariPenguin,https://twitter.com/i/web/status/1296277157941895169,Ever wanted to wear @BOM_au data on your face!? Check out these amazing climate stripe face masks showing how Australian temperature has changed over the last 50 years from @AMOSupdates! Adult sizes only. https://t.co/e4efMlQmo5 https://t.co/chSVA19o3p,,
climate,2020-08-20 13:52:48,Tess_J_Parker,https://twitter.com/Tess_J_Parker,https://twitter.com/i/web/status/1296294084676448257,RT @SafariPenguin: Ever wanted to wear @BOM_au data on your face!? Check out these amazing climate stripe face masks showing how Australian…,,
climate,2020-08-20 13:35:09,lindenashcroft,https://twitter.com/lindenashcroft,https://twitter.com/i/web/status/1296289642841423873,RT @SafariPenguin: Ever wanted to wear @BOM_au data on your face!? Check out these amazing climate stripe face masks showing how Australian…,,
