keyword,counts
clever,385
posters,385
graphic,385
noma,385
designer,377
love,318
auntie,264
-black,248
terrific,246
honor,246
bar,241
thank,240
aunt,239
midwives',229
madrid,229
amazing,211
designs,198
currently,198
aboriginal,195
alperstein,195
demonstration,195
sec,194
association,192
helps,185
noticing,185
effort,180
-wash,179
-vote,179
-support,179
rn,176
kindness,170
#covid19nz,170
spa,170
#worldmaskweek,166
#sydney,166
reunited,161
😭🥳,161
carry,154
bac,154
ferguson,154
fashion,154
reminders,154
trans,154
🇺🇸,152
rising,151
great,149
died,142
fit,142
🌎,139
inspired,139
tokyo,139
hooded,139
cape,139
communities,139
dictatorship,136
tin,134
foil,134
acknowledgement,134
-wear,134
powerful,134
reusable,128
co,128
share,128
huge,128
finally,119
recommending,111
milb,110
#wertacoma,110
#madeinusa,110
#madebyotsports,110
4pm,110
darkes,110
hour”a,110
film,110
country🇬🇧,110
facing,110
annihilation,110
fiercestmost,110
equipped,110
armies,110
timealone,110
🥳👏👍,110
nonsensical,110
spanish,110
diktats,110
early,110
positive,104
part,102
team,98
protects,96
matter,93
deeply,92
enjoy,92
latest,92
community,92
win,91
helping,90
appreciate,90
morning,87
fighting,85
