keyword,counts
#hotones',522
cameo,522
announcement,516
special,514
important,480
watch,479
end,453
friend,335
trailer,333
desolate,333
landscape,333
dune,322
al,292
felt,279
prolong,277
sec,261
associated,246
destroy,222
great,220
reusable,209
pl,208
$100000,208
donation,208
fund,208
production,208
rudd,202
paul,200
refu,195
#covidsafe,195
anonymous,185
kc,179
legal,179
hotspot,179
walking,170
present,166
helped,165
excited,161
doctor,155
wonderful,139
constant,139
gps,139
☎️📱ring,139
advance,139
🚘,139
nels,139
proudly,134
realistic,134
hygiene,128
college,128
taken,114
nfl,111
adorable,110
perks,110
2️⃣,110
🚲🚴🚵🌞😷😃👍,110
clean,108
fans,105
helps,98
use,94
tonight,94
appointments,92
man,84
designed,82
1️⃣,82
honest,80
risk,79
karen,79
rooms,79
management,79
registered,79
hoax,78
stay,78
safe,77
visit,76
election,73
playing,71
portrait,69
louise,69
fletcher,69
print,69
stronger,69
🚨,69
focused,69
dj,69
agai,69
build,69
homes,69
reflective,69
thinker,69
⭐😷🎾,69
congratulations,69
tournament,69
anytime,69
shares,69
stylish,69
featuring,69
mourn,69
peoples',69
fantastic,69
impressed,69
