keyword,counts
anonymity,559
desired,557
sunglasses,553
gives,549
level,517
rocket,401
remind,384
georgia,370
save,346
help,285
might,279
science,274
best,273
seen,256
life,243
week,227
someone,212
thing,173
everyone,164
index,161
ranking,161
ind,161
multicultural,139
aussies,139
600pm,139
#seattle,139
amazing,136
excellent,134
arts,134
candidly,134
challenges,134
staging,134
productions,134
bmj,134
awesome,134
please,130
feels,114
stan,111
thank,110
straps,110
natural,110
adjustable,110
cowboys,110
horses,110
harass/arrest,110
“illegal”,110
maskbybc,110
pocket,110
variety,110
#facemasks,108
action,101
love,97
wearing,96
excited,92
communities,92
college,92
fellow,90
involved,89
protects,85
mask,84
designs,82
providing,82
dropping,82
nervous,82
instagram,82
triple,82
layer,82
theatre,80
published,80
proud,80
forward,79
wearer,79
listened,79
safely,73
australian,69
comfortable,69
seward,69
awcc,69
uselessness,69
favourite,69
discovered,69
reducing,69
🙏🏻,69
#chromatica,69
opens,69
describe,69
refreshing,69
#staysafe,69
183000,69
nailed,69
&gt;&gt;,69
starts,69
clearing,69
decks,69
'20,69
og,69
pleated,69
comics,69
cov,69
miracle,69
