keyword,counts
treatment,213
breaking,199
excited,195
novel,195
discovered,195
75%,170
lifepetitions,170
petitions,170
culture,170
join,161
groundbreaking,161
providing,139
amazing,139
stripe,139
fuckin,136
potential,134
tomorrow,128
read,119
interesting,114
excellent,111
whe,111
thanking,110
share,110
triple,110
masks/,110
#ncat,110
engage,110
walsh,110
glittered,110
showing,108
fun,101
welcome,101
climate,92
protocols,92
library,92
scientists,89
ready,89
frequently,82
thoughtful,82
details,82
safe,80
reduce,79
thanks,77
another,76
transmission,76
forward,69
wanted,69
designers,69
designs,69
australian-made,69
corner,69
donating,69
sanitiser,69
portion,69
proceeds,69
gifts,69
bbc,69
loving,69
lpog,69
partnered,69
sml,69
biz,69
consortium,69
obviously,69
evening,69
stud,69
lovely,69
wonderful,69
borah,69
called,68
check,67
washable,66
semester,66
classes,66
help,62
reason,62
reusable,62
found,56
protects,55
team,55
proud,55
bit,55
support,54
covid-19,51
great,50
comfortable,47
strangers,46
patient,46
cards,46
layers,46
book,46
manufacturing,46
face,44
life,43
australian,42
spread,42
tonight,41
good,40
behind,40
night,40
