Topic,word1,word2,word3,word4,word5,word6,word7,word8,word9,word10
Topic 1,coronavirus,australia,announce,covid,victoria,death,case,suicide,update,funding
Topic 2,government,island,christmas,morrison,previously,migrant,convict,weirdly,re-reopen,plan
Topic 3,people,depression,anxiety,lockdown,service,case,increase,state,australia,victorian
Topic 4,#breaking,melbourne,#covid19vic,staff,#auspol,university,#politicslive,pandemic,issue,anxiety
Topic 5,people,government,professional,following,medical,advice,instead,sight,resort,remove
