Topic,word1,word2,word3,word4,word5,word6,word7,word8,word9,word10
Topic 1,leave,patient,tonight,metro,criminal,depression,business,family,andrew,going
Topic 2,people,another,relentless,attack,guise,caring,depression,minister,australia,australian
Topic 3,depression,government,right,bizarre,covid,struggle,victorian,bullshit,current,re-sharing
Topic 4,depression,please,great,victorian,suicide,beyond,anxiety,need,worst,level
Topic 5,depression,allow,anxiety,people,child,father,rough,daily,worse,release
