Topic,word1,word2,word3,word4,word5,word6,word7,word8,word9,word10
Topic 1,impact,australian,need,family,coronavirus,domestic,violence,tough,someone,time
Topic 2,family,people,support,depression,abuse,australia,contact,service,community,country
Topic 3,beyond,people,support,stress,covid,please,connect,working,discussion,self-isolating
Topic 4,anxiety,nurse,focus,access,stress,people,depression,australia,young,physical
Topic 5,support,access,worry,feeling,difficult,uncertain,want,service,pandemic,coronavir
