Topic,word1,word2,word3,word4,word5,word6,word7,word8,word9,word10
Topic 1,australia,economic,coronavirus,fallout,community,restriction,increase,migrant,burden,covid
Topic 2,clinic,australian,service,establish,across,regional,greater,dedicate,response,covid
Topic 3,public,physical,suicide,anxiety,covid,australia,business,funding,reflect,annual
Topic 4,australian,partner,travel,depression,person,family,overseas,separate,hardship,apart
Topic 5,australia,impact,please,australian,issue,always,pride,care,stress,important
