Topic,word1,word2,word3,word4,word5,word6,word7,word8,word9,word10
Topic 1,support,experience,continue,abuse,suicide,beyond,australia,relate,lifeline,someone
Topic 2,everyone,thought,alone,struggle,lifeline,victoria,helpli,feeling,anxious,might
Topic 3,anxiety,covid,people,cause,depression,around,feeling,lockdown,thought,case
Topic 4,please,friend,mentally,situation,victorian,struggle,moneyly,harmful,livng,government
Topic 5,stress,people,working,australia,need,parent,feeling,carers,anyone,additional
