Topic,word1,word2,word3,word4,word5,word6,word7,word8,word9,word10
Topic 1,impact,coronavirus,tough,people,family,reunite,priority,depression,need,medication
Topic 2,australian,follow,protest,come,stopping,overwhelmin,advice,wellbeing,depression,pandemic
Topic 3,anxiety,kill,#mentalhealth,people,better,session,paper,show,arrive,insecurity
Topic 4,work,make,active,physical,daily,activity,difference,social,suffer,economy
Topic 5,depression,especially,important,taking,support,wellbeing,beyond,dedicate,uncertain,time
