Topic,word1,word2,word3,word4,word5,word6,word7,word8,word9,word10
Topic 1,trans,stereotype,people,reunite,family,create,australia,depression,month,really
Topic 2,suicide,prevention,prevent,posting,hotline,healthcare,housing,australia,service,president
Topic 3,culturally,diverse,community,people,lockdown,coronavirus,month,impact,obstacle,economy
Topic 4,australia,need,funding,coronavirus,anxiety,today,feeling,booking,proper,recommend
Topic 5,australia,think,death,depression,breaking,community,people,heart,higher,reminder
