Topic,word1,word2,word3,word4,word5,word6,word7,word8,word9,word10
Topic 1,people,create,experien,live,intellectual,#disability,anxiety,digital,enhance,support
Topic 2,session,subsidise,medicare,#covid19vic,restriction,welcome,receive,extension,#mentalh,#mentalhealth
Topic 3,people,#anxiety,#depression,extremely,training,#covid19,covid,impact,anxiety,australia
Topic 4,access,session,welcome,provide,victorian,program,expand,#medicare,better,support
Topic 5,restriction,announcement,positive,increase,australian,second,support,anxiety,include,stress
