Topic,word1,word2,word3,word4,word5,word6,word7,word8,word9,word10
Topic 1,curve,flatten,start,need,australia,covid,share,story,thanks,seeing
Topic 2,provide,reduce,improve,leading,suicide,#blacklivesmatterplaza,midnight,check,#dcprotests,protester
Topic 3,support,australia,across,model,centre,adult,time,overwhelm,information,extra
Topic 4,online,friend,#covid19,depression,young,people,impact,#mentalhealth,support,research
Topic 5,national,today,prevention,suicide,support,approve,timeline,digit,designate,service
