Topic,word1,word2,word3,word4,word5,word6,word7,word8,word9,word10
Topic 1,lifeline,struggle,alone,visit,friend,anxiety,support,please,experience,feeling
Topic 2,impact,coronavirus,tough,pandemic,covid,support,please,challenge,12-18,australian
Topic 3,support,lifeline,impact,helpline,service,reminder,covid,worry,available,lockdown
Topic 4,people,anxiety,normal,concern,experience,stress,understand,today,feeling,australia
Topic 5,right,victorian,restriction,stage,making,return,sacrifice,greater,kindnes,touch
