Topic,word1,word2,word3,word4,word5,word6,word7,word8,word9,word10
Topic 1,depression,suicide,people,lockdown,economic,government,daily,australia,still,issue
Topic 2,depression,recession,great,worst,bizarre,australia,death,morrison,promise,making
Topic 3,worse,seriously,australia,#scottyfrommarketing,#covid19,take,hawaiian,holiday,ablaze,people
Topic 4,leave,another,australia,attack,relentless,guise,caring,metro,criminal,patient
Topic 5,people,cause,entering,utilise,ankle,political,monitor,rather,innovative,emotional
