Topic,word1,word2,word3,word4,word5,word6,word7,word8,word9,word10
Topic 1,puerto,national,#anxiety,found,marquette,american,trail,mountain,british,columbia
Topic 2,depression,someone,dream,childhood,support,early,create,anxiety,network,register
Topic 3,anxiety,world,great,glampgrounds,camping,retro,piece,moment,turn,people
Topic 4,work,active,physical,activity,make,difference,daily,wellbeing,taking,important
Topic 5,experience,#mentalhealth,#headtohealth,speak-up,ongoing,difficulty,feeling,hormone,matter,#covid19
