Topic,word1,word2,word3,word4,word5,word6,word7,word8,word9,word10
Topic 1,priority,touch,active,need,vital,thanks,remember,disability,fight,professional
Topic 2,australia,thank,support,grateful,physical,important,research,woman,anxiety,people
Topic 3,education,investment,serious,future,teacher,school,crucial,wealth,healt,depression
Topic 4,physical,covid,improve,michael,#depression,child,grateful,great,help,thought
Topic 5,anxiety,family,important,coronavirus,feeling,colleague,overwhelm,distress,affect,outbreak
