keyword,counts
clinics,313
hubs,307
additional,283
dedicated,283
#headtohelp,271
tomorrow,266
announced,264
support,263
locations,248
today,229
access,227
victoria,224
call,220
murray,220
phn,220
located,220
maintain,208
provide,202
victorians,200
advice,195
ne,195
across,195
discover,185
works,185
830am,179
mon,179
595,179
212,179
wraparound,179
referral,170
university,170
physical,166
professionals,161
improving,161
fitness,161
mentor-based,161
within,161
campaign,161
among,154
region,152
progr,139
branded,139
logo,139
wi,139
managing,139
#bendigo,139
hub,139
things,139
community,139
struggling,136
exercise,134
place,134
providing,134
help,130
headtohelp,124
focus,114
impact,113
open,113
year,110
thanks,110
vital,110
helped,110
delighted,110
welcome,110
#geelong,110
#ballarat,110
spiked,110
employers,110
reporting,110
jump,110
staff,110
trained,110
phone,110
models,110
celebrating,110
#victoria,110
#skillssavelives,110
jenny,110
#mentalhealth,108
good,104
service,92
big,92
#covid19,92
around,91
free,89
partners,89
students,83
information,82
find,82
easy,82
learn,82
announcement,82
members,82
cases,82
away,82
critical,82
youth,79
take,76
important,75
gps,69
