Topic,word1,word2,word3,word4,word5,word6,word7,word8,word9,word10
Topic 1,support,someone,available,violence,important,come,#violence,relationship,form,#covid19
Topic 2,increase,lockdown,covid,challenge,friend,australian,victoria,force,prolong,anxiety
Topic 3,experience,coronavirus,impact,people,physical,sexual,1800respect,australia,violence,#violence
Topic 4,first,today,press,release,joint,paragraph,together,hotel,pandemic,#removethecap
Topic 5,beyond,support,covid,outbreak,anxious,impact,isolation,please,lifeline,check
