Topic,word1,word2,word3,word4,word5,word6,word7,word8,word9,word10
Topic 1,impact,coronavirus,tough,support,overwhelm,time,uncertain,extra,understandable,information
Topic 2,australian,state,territory,centre,trialling,government,adult,#mentalhealth,anxiety,important
Topic 3,people,anxiety,coronavirus,support,early,never,unemploym,unemployed,comment,think
Topic 4,follow,come,advice,stopping,protest,overwhelmin,stress,anxiety,information,relationship
Topic 5,need,stress,priority,touch,active,diabetes,experience,covid,support,feeling
