Topic,word1,word2,word3,word4,word5,word6,word7,word8,word9,word10
Topic 1,contact,people,physical,young,support,covid,aboriginal,torres,strait,islander
Topic 2,come,anxiety,advice,overwhelmin,stopping,follow,protest,create,reunite,depression
Topic 3,support,beyond,lifeline,stress,service,people,available,wellbeing,time,australia
Topic 4,impact,service,support,coronavirus,need,tough,australian,beyond,important,depression
Topic 5,people,impact,australian,financial,stress,pandemic,covid,wellbeing,counsellor,world
