Topic,word1,word2,word3,word4,word5,word6,word7,word8,word9,word10
Topic 1,support,service,share,money,provide,#1800respect,professional,forum,story,copin
Topic 2,touch,support,beyond,chair,connection,kindness,compassion,wellbeing,anxiety,need
Topic 3,financial,wellbeing,highlight,partner,people,counsellin,beyond,violence,domestic,connect
Topic 4,nurse,website,wellbeing,information,support,strategy,manage,practitioner,central,update
Topic 5,lifeline,australia,mensline,beyond,suicide,useful,helplines,important,australian,service
