Topic,word1,word2,word3,word4,word5,word6,word7,word8,word9,word10
Topic 1,#mentalhealth,clinic,impact,victoria,across,welcome,#covid19vic,today,service,pandemic
Topic 2,patient,#depression,covid,welcome,study,using,promise,severe,spray,fast-acting
Topic 3,important,emotionally,connect,socially,information,remain,today,welcome,active,difference
Topic 4,support,keeping,base,critical,right,people,community,succes,nurse,dozen
Topic 5,need,anxiety,manage,increase,touch,priority,active,child,experience,great
