Topic,word1,word2,word3,word4,word5,word6,word7,word8,word9,word10
Topic 1,support,additional,announce,restriction,important,medium,release,victorian,entering,stage
Topic 2,medicare,people,session,#covid19,depression,rural,#mentalhealth,subsidise,pandemic,enough
Topic 3,impact,coronavirus,tough,covid,support,employment,critical,education,wellbeing,respond
Topic 4,anxiety,australian,wellbeing,suicide,million,effectively,institute,live,colleague,response
Topic 5,worker,victoria,shout,especially,remember,anxiety,depression,please,strategy,survivor
