Topic,word1,word2,word3,word4,word5,word6,word7,word8,word9,word10
Topic 1,release,paragraph,press,joint,today,first,priority,depression,need,active
Topic 2,australia,depression,worse,people,take,#covid19,#scottyfrommarketing,seriously,ablaze,hawaiian
Topic 3,anxiety,great,depression,lockdown,people,victoria,government,issue,physical,need
Topic 4,#covid19,social,important,medium,ongoing,inform,depression,covid,fight,physical
Topic 5,impact,hotel,tough,coronavirus,victorian,really,research,people,funding,cause
