Topic,word1,word2,word3,word4,word5,word6,word7,word8,word9,word10
Topic 1,important,australian,anxiety,system,drain,productive,significantly,medical,deteriorate,covid
Topic 2,support,people,start,enough,session,medicare,add,depression,anxiety,information
Topic 3,australia,clinic,across,issue,family,partner,million,greater,regional,care
Topic 4,impact,#mentalhealth,clinic,pandemic,service,increase,today,physical,public,across
Topic 5,service,anxiety,support,response,effective,available,stress,depression,strong,education
