Topic,word1,word2,word3,word4,word5,word6,word7,word8,word9,word10
Topic 1,funding,recognise,research,quality,people,victoria,support,learn,opening,headtohelp
Topic 2,quality,research,international,recognition,leadership,fabulous,critical,absolutely,become,digital
Topic 3,victorian,support,access,clinic,dedicate,additional,lockdown,australia,emoti,apart
Topic 4,funding,thanks,need,commonwealth,resource,announcement,filling,welcome,trail,first
Topic 5,#mentalhealth,#covid19,important,thanks,article,issue,fight,physical,young,ally
