Topic,word1,word2,word3,word4,word5,word6,word7,word8,word9,word10
Topic 1,important,physical,#removethecap,reunion,possible,#afairgoforlove,connect,family,friend,uncertain
Topic 2,nurse,central,anxiety,thing,practitioner,team,resource,multidisciplinary,lockdown,depression
Topic 3,keeping,covid,support,australia,aussie,4life,gotcha,social,pandemic,forward
Topic 4,australia,social,leading,collaboration,develop,#gettingthroughthistogether,organisation,priority,need,touch
Topic 5,service,australia,#mentalhealth,provide,digital,delivery,streamline,transformation,undergo,physical
