Topic,word1,word2,word3,word4,word5,word6,word7,word8,word9,word10
Topic 1,suffer,please,australian,people,strugglin,o'connell,kieran,capture,expectation,concern
Topic 2,australia,impact,always,important,care,pride,issue,australian,knowing,partner
Topic 3,australian,partner,travel,family,covid,separate,overseas,hardship,matter,change
Topic 4,clinic,establish,greater,dedicate,regional,across,support,community,effective,education
Topic 5,anxiety,public,physical,right,trial,information,release,basic,worry,experience
