Topic,word1,word2,word3,word4,word5,word6,word7,word8,word9,word10
Topic 1,depression,lockdown,victoria,worker,suffer,#auspol,melburnians,covid,service,prolong
Topic 2,hotel,someone,anxiety,#removethecap,partner,really,imprisonment,#afairgof,research,terrify
Topic 3,impact,covid,stress,anxious,restriction,outbreak,overwhelm,isolation,anxiety,without
Topic 4,impact,#covid19,social,coronavirus,inform,important,ongoing,medium,tough,together
Topic 5,today,release,first,joint,paragraph,press,affect,matter,track,adjust
