Topic,word1,word2,word3,word4,word5,word6,word7,word8,word9,word10
Topic 1,suicide,problem,getting,imagine,director,physical,deny,dutton,back,refugee
Topic 2,workforce,issue,people,training,chronic,available,psychiatrist,underinvestment,future,australia
Topic 3,service,australia,government,system,patient,people,community,suicide,support,please
Topic 4,difficult,funding,surge,coronavirus,australia,release,people,answer,family,helpsimple
Topic 5,nurse,access,#australia,approve,#torresstraitislands,#indigenous,#racism,proof,#firstnations,racism
