Topic,word1,word2,word3,word4,word5,word6,word7,word8,word9,word10
Topic 1,anxiety,depression,right,people,actually,phone,#mentalhealth,available,lifeline,line
Topic 2,suicide,people,prevention,world,found,australia,beyond,lifeline,support,suicidal
Topic 3,family,anyone,really,lifeline,australia,australian,challenge,depression,helpline,need
Topic 4,support,today,people,story,#worldsuicidepreventionday,sharing,eight,clinic,suicidal,found
Topic 5,people,enough,first,issue,consider,something,actually,eroding,important,parent
