keyword,created_at_local_time,screen_name,user_URL,tweet_URL,tweet_text,hashtag1,hashtag2
become,2020-09-18 15:05:49,stelladevulder,https://twitter.com/stelladevulder,https://twitter.com/i/web/status/1306821707043225600,"RT @ian_hickie: @amapresident @GregHuntMP Absolutely critical that digital mental health, which goes much further, is optimized, and become…",,
become,2020-09-18 13:30:57,ProfMDFischer,https://twitter.com/ProfMDFischer,https://twitter.com/i/web/status/1306797833962496001,"RT @ian_hickie: @amapresident @GregHuntMP Absolutely critical that digital mental health, which goes much further, is optimized, and become…",,
become,2020-09-18 10:34:09,CroakeyNews,https://twitter.com/CroakeyNews,https://twitter.com/i/web/status/1306753340206755840,"RT @ian_hickie: @amapresident @GregHuntMP Absolutely critical that digital mental health, which goes much further, is optimized, and become…",,
become,2020-09-18 10:18:24,ian_hickie,https://twitter.com/ian_hickie,https://twitter.com/i/web/status/1306749377617174529,"@amapresident @GregHuntMP Absolutely critical that digital mental health, which goes much further, is optimized, and becomes a permanent infrastructure in our health system @GregHuntMP @Bowenchris @PatMcGorry @InnoWellOrg @BrainMind_Usyd @Sydney_Uni @RANZCP @CroakeyNews",,
become,2020-09-19 06:29:08,Leel06Lee,https://twitter.com/Leel06Lee,https://twitter.com/i/web/status/1307054067554947073,"RT @ian_hickie: @amapresident @GregHuntMP Absolutely critical that digital mental health, which goes much further, is optimized, and become…",,
become,2020-09-19 21:29:14,DrLisaSharwood,https://twitter.com/DrLisaSharwood,https://twitter.com/i/web/status/1307280585627328513,"RT @ian_hickie: @amapresident @GregHuntMP Absolutely critical that digital mental health, which goes much further, is optimized, and become…",,
become,2020-09-18 20:34:05,LillianBlau,https://twitter.com/LillianBlau,https://twitter.com/i/web/status/1306904320894410752,"RT @ian_hickie: @amapresident @GregHuntMP Absolutely critical that digital mental health, which goes much further, is optimized, and become…",,
become,2020-09-18 11:34:04,MelissaSweetDr,https://twitter.com/MelissaSweetDr,https://twitter.com/i/web/status/1306768420805828608,"RT @ian_hickie: @amapresident @GregHuntMP Absolutely critical that digital mental health, which goes much further, is optimized, and become…",,
headtohelp,2020-09-18 21:03:34,Coral39692241,https://twitter.com/Coral39692241,https://twitter.com/i/web/status/1306911741159194629,"RT @healthgovau: To help support people in Victoria, 15 new HeadtoHelp mental health clinics are opening to the public. Learn more at https…",,
headtohelp,2020-09-18 19:35:01,healthgovau,https://twitter.com/healthgovau,https://twitter.com/i/web/status/1306889455891099648,"To help support people in Victoria, 15 new HeadtoHelp mental health clinics are opening to the public. Learn more at https://t.co/TuekLVT0GZ https://t.co/NU1klo12DG",,
headtohelp,2020-09-19 09:15:24,HodsonStephanie,https://twitter.com/HodsonStephanie,https://twitter.com/i/web/status/1307095910388772864,"RT @healthgovau: To help support people in Victoria, 15 new HeadtoHelp mental health clinics are opening to the public. Learn more at https…",,
headtohelp,2020-09-21 13:20:14,MentalHealthVic,https://twitter.com/MentalHealthVic,https://twitter.com/i/web/status/1307882302018445319,"RT @healthgovau: To help support people in Victoria, 15 new HeadtoHelp mental health clinics are opening to the public. Learn more at https…",,
headtohelp,2020-09-19 09:31:23,judith_black,https://twitter.com/judith_black,https://twitter.com/i/web/status/1307099934693486594,"RT @healthgovau: To help support people in Victoria, 15 new HeadtoHelp mental health clinics are opening to the public. Learn more at https…",,
headtohelp,2020-09-18 20:06:50,JRHes,https://twitter.com/JRHes,https://twitter.com/i/web/status/1306897462385209345,"RT @healthgovau: To help support people in Victoria, 15 new HeadtoHelp mental health clinics are opening to the public. Learn more at https…",,
headtohelp,2020-09-18 19:51:11,ShazzaCook,https://twitter.com/ShazzaCook,https://twitter.com/i/web/status/1306893521991790593,"RT @healthgovau: To help support people in Victoria, 15 new HeadtoHelp mental health clinics are opening to the public. Learn more at https…",,
headtohelp,2020-09-21 16:19:01,PatMcGorry,https://twitter.com/PatMcGorry,https://twitter.com/i/web/status/1307927293877088256,"RT @healthgovau: To help support people in Victoria, 15 new HeadtoHelp mental health clinics are opening to the public. Learn more at https…",,
headtohelp,2020-09-21 14:01:45,Dpeters1977,https://twitter.com/Dpeters1977,https://twitter.com/i/web/status/1307892748809195520,"RT @healthgovau: To help support people in Victoria, 15 new HeadtoHelp mental health clinics are opening to the public. Learn more at https…",,
headtohelp,2020-09-18 21:52:01,jennicampbell9,https://twitter.com/jennicampbell9,https://twitter.com/i/web/status/1306923931933188096,RT @MarcBryantAus: Great to see the locations of the new #headtohelp mental health hubs across #Victoria  Our #skillssavelives campaign wit…,headtohelp,Victoria
issue,2020-09-22 11:19:01,John_J_McGrath,https://twitter.com/John_J_McGrath,https://twitter.com/i/web/status/1308214182953672704,RT @maprc1: Important article about increased rates of #Mentalhealth issues in #women thanks to #COVID19 Action needed to prevent suffering…,COVID19,women
issue,2020-09-22 09:50:55,maprc1,https://twitter.com/maprc1,https://twitter.com/i/web/status/1308192012399591424,Important article about increased rates of #Mentalhealth issues in #women thanks to #COVID19 Action needed to prevent suffering and deaths #womensmentalhealth @maprc1 @jayashrikulkar1 @CCSMonash @Monash_FMNHS @GregHuntMP   https://t.co/17GvsWquNj,COVID19,womensmentalhealth
issue,2020-09-18 21:38:37,MarinaStehle,https://twitter.com/MarinaStehle,https://twitter.com/i/web/status/1306920558907371520,"@ScottMorrisonMP @PatMcGorry @orygen_aus I heard high doses of fish oil are helpful to ward off early signs of mental health issues (like vitamin c for early flu symptoms), very good for brain resilience, as is eating meat. Vegetarians are much more vulnerable to mental health issues.",,
critical,2020-09-18 15:05:49,stelladevulder,https://twitter.com/stelladevulder,https://twitter.com/i/web/status/1306821707043225600,"RT @ian_hickie: @amapresident @GregHuntMP Absolutely critical that digital mental health, which goes much further, is optimized, and become…",,
critical,2020-09-18 13:30:57,ProfMDFischer,https://twitter.com/ProfMDFischer,https://twitter.com/i/web/status/1306797833962496001,"RT @ian_hickie: @amapresident @GregHuntMP Absolutely critical that digital mental health, which goes much further, is optimized, and become…",,
critical,2020-09-18 10:34:09,CroakeyNews,https://twitter.com/CroakeyNews,https://twitter.com/i/web/status/1306753340206755840,"RT @ian_hickie: @amapresident @GregHuntMP Absolutely critical that digital mental health, which goes much further, is optimized, and become…",,
critical,2020-09-18 10:18:24,ian_hickie,https://twitter.com/ian_hickie,https://twitter.com/i/web/status/1306749377617174529,"@amapresident @GregHuntMP Absolutely critical that digital mental health, which goes much further, is optimized, and becomes a permanent infrastructure in our health system @GregHuntMP @Bowenchris @PatMcGorry @InnoWellOrg @BrainMind_Usyd @Sydney_Uni @RANZCP @CroakeyNews",,
critical,2020-09-19 06:29:08,Leel06Lee,https://twitter.com/Leel06Lee,https://twitter.com/i/web/status/1307054067554947073,"RT @ian_hickie: @amapresident @GregHuntMP Absolutely critical that digital mental health, which goes much further, is optimized, and become…",,
critical,2020-09-19 21:29:14,DrLisaSharwood,https://twitter.com/DrLisaSharwood,https://twitter.com/i/web/status/1307280585627328513,"RT @ian_hickie: @amapresident @GregHuntMP Absolutely critical that digital mental health, which goes much further, is optimized, and become…",,
critical,2020-09-18 20:34:05,LillianBlau,https://twitter.com/LillianBlau,https://twitter.com/i/web/status/1306904320894410752,"RT @ian_hickie: @amapresident @GregHuntMP Absolutely critical that digital mental health, which goes much further, is optimized, and become…",,
critical,2020-09-18 11:34:04,MelissaSweetDr,https://twitter.com/MelissaSweetDr,https://twitter.com/i/web/status/1306768420805828608,"RT @ian_hickie: @amapresident @GregHuntMP Absolutely critical that digital mental health, which goes much further, is optimized, and become…",,
place,2020-09-18 15:07:41,ausgov,https://twitter.com/ausgov,https://twitter.com/i/web/status/1306822178910932992,"@Chegrill1 Hi, We know this is a difficult time. If you want to talk to someone Head to Health is a good place to begin https://t.co/aDB2iJgkGB. Beyond Blue also has a dedicated coronavirus online and phone support service https://t.co/gSqwKXMuOO",,
place,2020-09-20 18:55:03,NDSS_AUS,https://twitter.com/NDSS_AUS,https://twitter.com/i/web/status/1307604172615938048,"Have you heard about the new website, Head to Health?   Whether you are trying to improve your own sense of wellbeing, looking for help with something that is bothering you, or helping someone you care about—Head to Health is a good place to start.  https://t.co/eaaUxkOaCN https://t.co/LKi6N3BD2V",,
optimize,2020-09-18 15:05:49,stelladevulder,https://twitter.com/stelladevulder,https://twitter.com/i/web/status/1306821707043225600,"RT @ian_hickie: @amapresident @GregHuntMP Absolutely critical that digital mental health, which goes much further, is optimized, and become…",,
optimize,2020-09-18 13:30:57,ProfMDFischer,https://twitter.com/ProfMDFischer,https://twitter.com/i/web/status/1306797833962496001,"RT @ian_hickie: @amapresident @GregHuntMP Absolutely critical that digital mental health, which goes much further, is optimized, and become…",,
optimize,2020-09-18 10:34:09,CroakeyNews,https://twitter.com/CroakeyNews,https://twitter.com/i/web/status/1306753340206755840,"RT @ian_hickie: @amapresident @GregHuntMP Absolutely critical that digital mental health, which goes much further, is optimized, and become…",,
optimize,2020-09-18 10:18:24,ian_hickie,https://twitter.com/ian_hickie,https://twitter.com/i/web/status/1306749377617174529,"@amapresident @GregHuntMP Absolutely critical that digital mental health, which goes much further, is optimized, and becomes a permanent infrastructure in our health system @GregHuntMP @Bowenchris @PatMcGorry @InnoWellOrg @BrainMind_Usyd @Sydney_Uni @RANZCP @CroakeyNews",,
optimize,2020-09-19 06:29:08,Leel06Lee,https://twitter.com/Leel06Lee,https://twitter.com/i/web/status/1307054067554947073,"RT @ian_hickie: @amapresident @GregHuntMP Absolutely critical that digital mental health, which goes much further, is optimized, and become…",,
optimize,2020-09-19 21:29:14,DrLisaSharwood,https://twitter.com/DrLisaSharwood,https://twitter.com/i/web/status/1307280585627328513,"RT @ian_hickie: @amapresident @GregHuntMP Absolutely critical that digital mental health, which goes much further, is optimized, and become…",,
optimize,2020-09-18 20:34:05,LillianBlau,https://twitter.com/LillianBlau,https://twitter.com/i/web/status/1306904320894410752,"RT @ian_hickie: @amapresident @GregHuntMP Absolutely critical that digital mental health, which goes much further, is optimized, and become…",,
optimize,2020-09-18 11:34:04,MelissaSweetDr,https://twitter.com/MelissaSweetDr,https://twitter.com/i/web/status/1306768420805828608,"RT @ian_hickie: @amapresident @GregHuntMP Absolutely critical that digital mental health, which goes much further, is optimized, and become…",,
victoria,2020-09-18 21:03:34,Coral39692241,https://twitter.com/Coral39692241,https://twitter.com/i/web/status/1306911741159194629,"RT @healthgovau: To help support people in Victoria, 15 new HeadtoHelp mental health clinics are opening to the public. Learn more at https…",,
victoria,2020-09-18 19:35:01,healthgovau,https://twitter.com/healthgovau,https://twitter.com/i/web/status/1306889455891099648,"To help support people in Victoria, 15 new HeadtoHelp mental health clinics are opening to the public. Learn more at https://t.co/TuekLVT0GZ https://t.co/NU1klo12DG",,
victoria,2020-09-19 09:15:24,HodsonStephanie,https://twitter.com/HodsonStephanie,https://twitter.com/i/web/status/1307095910388772864,"RT @healthgovau: To help support people in Victoria, 15 new HeadtoHelp mental health clinics are opening to the public. Learn more at https…",,
victoria,2020-09-21 13:20:14,MentalHealthVic,https://twitter.com/MentalHealthVic,https://twitter.com/i/web/status/1307882302018445319,"RT @healthgovau: To help support people in Victoria, 15 new HeadtoHelp mental health clinics are opening to the public. Learn more at https…",,
victoria,2020-09-19 09:31:23,judith_black,https://twitter.com/judith_black,https://twitter.com/i/web/status/1307099934693486594,"RT @healthgovau: To help support people in Victoria, 15 new HeadtoHelp mental health clinics are opening to the public. Learn more at https…",,
victoria,2020-09-18 20:06:50,JRHes,https://twitter.com/JRHes,https://twitter.com/i/web/status/1306897462385209345,"RT @healthgovau: To help support people in Victoria, 15 new HeadtoHelp mental health clinics are opening to the public. Learn more at https…",,
victoria,2020-09-18 19:51:11,ShazzaCook,https://twitter.com/ShazzaCook,https://twitter.com/i/web/status/1306893521991790593,"RT @healthgovau: To help support people in Victoria, 15 new HeadtoHelp mental health clinics are opening to the public. Learn more at https…",,
victoria,2020-09-21 16:19:01,PatMcGorry,https://twitter.com/PatMcGorry,https://twitter.com/i/web/status/1307927293877088256,"RT @healthgovau: To help support people in Victoria, 15 new HeadtoHelp mental health clinics are opening to the public. Learn more at https…",,
victoria,2020-09-21 14:01:45,Dpeters1977,https://twitter.com/Dpeters1977,https://twitter.com/i/web/status/1307892748809195520,"RT @healthgovau: To help support people in Victoria, 15 new HeadtoHelp mental health clinics are opening to the public. Learn more at https…",,
victoria,2020-09-17 21:35:30,SuicidePrevAU,https://twitter.com/SuicidePrevAU,https://twitter.com/i/web/status/1306557388284022789,RT @GregHuntMP: Victorians now have access to additional mental health support with 15 new dedicated mental health clinics open to the publ…,,
support,2020-09-18 21:03:34,Coral39692241,https://twitter.com/Coral39692241,https://twitter.com/i/web/status/1306911741159194629,"RT @healthgovau: To help support people in Victoria, 15 new HeadtoHelp mental health clinics are opening to the public. Learn more at https…",,
support,2020-09-16 15:33:24,IPCHealth_au,https://twitter.com/IPCHealth_au,https://twitter.com/i/web/status/1306103875649191936,RT @healthgovau: Online services can be a great option to support your mental health. If you aren’t feeling quite like yourself and need so…,,
support,2020-09-18 15:07:41,ausgov,https://twitter.com/ausgov,https://twitter.com/i/web/status/1306822178910932992,"@Chegrill1 Hi, We know this is a difficult time. If you want to talk to someone Head to Health is a good place to begin https://t.co/aDB2iJgkGB. Beyond Blue also has a dedicated coronavirus online and phone support service https://t.co/gSqwKXMuOO",,
support,2020-09-17 17:56:41,AusCGGeneva,https://twitter.com/AusCGGeneva,https://twitter.com/i/web/status/1306502319232749573,RT @healthgovau: Online services can be a great option to support your mental health. If you aren’t feeling quite like yourself and need so…,,
support,2020-09-16 13:45:02,healthgovau,https://twitter.com/healthgovau,https://twitter.com/i/web/status/1306076602070163458,"Online services can be a great option to support your mental health. If you aren’t feeling quite like yourself and need some extra support, visit https://t.co/3QWvsMDBVf to find trusted information and online and phone services. https://t.co/mwJoo9W3ng",,
support,2020-09-18 19:35:01,healthgovau,https://twitter.com/healthgovau,https://twitter.com/i/web/status/1306889455891099648,"To help support people in Victoria, 15 new HeadtoHelp mental health clinics are opening to the public. Learn more at https://t.co/TuekLVT0GZ https://t.co/NU1klo12DG",,
support,2020-09-19 17:30:09,healthgovau,https://twitter.com/healthgovau,https://twitter.com/i/web/status/1307220420752482305,Looking for mental health support but not sure where to start? Sam the chatbot can help. All you need to do is answer some of Sam's questions and you will be pointed to relevant mental health resources. Visit https://t.co/38IqKAsdag https://t.co/cLlxp2v2u2,,
support,2020-09-19 09:15:24,HodsonStephanie,https://twitter.com/HodsonStephanie,https://twitter.com/i/web/status/1307095910388772864,"RT @healthgovau: To help support people in Victoria, 15 new HeadtoHelp mental health clinics are opening to the public. Learn more at https…",,
support,2020-09-21 13:20:14,MentalHealthVic,https://twitter.com/MentalHealthVic,https://twitter.com/i/web/status/1307882302018445319,"RT @healthgovau: To help support people in Victoria, 15 new HeadtoHelp mental health clinics are opening to the public. Learn more at https…",,
support,2020-09-19 09:31:23,judith_black,https://twitter.com/judith_black,https://twitter.com/i/web/status/1307099934693486594,"RT @healthgovau: To help support people in Victoria, 15 new HeadtoHelp mental health clinics are opening to the public. Learn more at https…",,
recognise,2020-09-17 07:15:46,SaadiaPerth,https://twitter.com/SaadiaPerth,https://twitter.com/i/web/status/1306341030472581122,RT @ScottMorrisonMP: Well done @PatMcGorry and @orygen_aus. This new funding recognises the high quality of mental health research being do…,,
recognise,2020-09-17 10:48:04,InfoblazeAUS,https://twitter.com/InfoblazeAUS,https://twitter.com/i/web/status/1306394455218384896,RT @ScottMorrisonMP: Well done @PatMcGorry and @orygen_aus. This new funding recognises the high quality of mental health research being do…,,
recognise,2020-09-17 09:54:02,LiberalNSW,https://twitter.com/LiberalNSW,https://twitter.com/i/web/status/1306380859390398464,RT @ScottMorrisonMP: Well done @PatMcGorry and @orygen_aus. This new funding recognises the high quality of mental health research being do…,,
recognise,2020-09-16 20:10:31,Raf_Epstein,https://twitter.com/Raf_Epstein,https://twitter.com/i/web/status/1306173613393940480,RT @ScottMorrisonMP: Well done @PatMcGorry and @orygen_aus. This new funding recognises the high quality of mental health research being do…,,
recognise,2020-09-16 21:01:08,kenpcg,https://twitter.com/kenpcg,https://twitter.com/i/web/status/1306186351868403712,RT @ScottMorrisonMP: Well done @PatMcGorry and @orygen_aus. This new funding recognises the high quality of mental health research being do…,,
recognise,2020-09-16 20:29:36,willicash,https://twitter.com/willicash,https://twitter.com/i/web/status/1306178415007989760,RT @ScottMorrisonMP: Well done @PatMcGorry and @orygen_aus. This new funding recognises the high quality of mental health research being do…,,
recognise,2020-09-16 20:45:35,MsHumoresque,https://twitter.com/MsHumoresque,https://twitter.com/i/web/status/1306182438482132992,RT @ScottMorrisonMP: Well done @PatMcGorry and @orygen_aus. This new funding recognises the high quality of mental health research being do…,,
recognise,2020-09-17 10:34:16,LiberalAus,https://twitter.com/LiberalAus,https://twitter.com/i/web/status/1306390980845735937,RT @ScottMorrisonMP: Well done @PatMcGorry and @orygen_aus. This new funding recognises the high quality of mental health research being do…,,
recognise,2020-09-18 07:12:44,BKishb,https://twitter.com/BKishb,https://twitter.com/i/web/status/1306702653972307968,RT @ScottMorrisonMP: Well done @PatMcGorry and @orygen_aus. This new funding recognises the high quality of mental health research being do…,,
recognise,2020-09-20 19:16:09,BrianNODonoghue,https://twitter.com/BrianNODonoghue,https://twitter.com/i/web/status/1307609483770650624,RT @ScottMorrisonMP: Well done @PatMcGorry and @orygen_aus. This new funding recognises the high quality of mental health research being do…,,
international,2020-09-16 07:09:19,FeneleyJohn,https://twitter.com/FeneleyJohn,https://twitter.com/i/web/status/1305977015850344448,RT @ian_hickie: Fabulous recognition of the international leadership of ⁦@PatMcGorry⁩ @orygen and the quality of mental health research in…,,
international,2020-09-16 06:52:30,LindaSoars,https://twitter.com/LindaSoars,https://twitter.com/i/web/status/1305972784665747456,RT @ian_hickie: Fabulous recognition of the international leadership of ⁦@PatMcGorry⁩ @orygen and the quality of mental health research in…,,
international,2020-09-16 06:55:38,annmareeo,https://twitter.com/annmareeo,https://twitter.com/i/web/status/1305973574960775168,RT @ian_hickie: Fabulous recognition of the international leadership of ⁦@PatMcGorry⁩ @orygen and the quality of mental health research in…,,
international,2020-09-17 20:27:46,Tahnee_Bridson,https://twitter.com/Tahnee_Bridson,https://twitter.com/i/web/status/1306540342599020544,RT @ian_hickie: Fabulous recognition of the international leadership of ⁦@PatMcGorry⁩ @orygen and the quality of mental health research in…,,
international,2020-09-17 23:21:26,ingioz,https://twitter.com/ingioz,https://twitter.com/i/web/status/1306584048442114052,RT @ian_hickie: Fabulous recognition of the international leadership of ⁦@PatMcGorry⁩ @orygen and the quality of mental health research in…,,
international,2020-09-16 10:45:06,SelenaEwingED,https://twitter.com/SelenaEwingED,https://twitter.com/i/web/status/1306031320485642241,RT @ian_hickie: Fabulous recognition of the international leadership of ⁦@PatMcGorry⁩ @orygen and the quality of mental health research in…,,
international,2020-09-16 13:37:20,GeoffreyDonnan,https://twitter.com/GeoffreyDonnan,https://twitter.com/i/web/status/1306074663328522241,RT @ian_hickie: Fabulous recognition of the international leadership of ⁦@PatMcGorry⁩ @orygen and the quality of mental health research in…,,
international,2020-09-16 09:17:38,MadVet2000,https://twitter.com/MadVet2000,https://twitter.com/i/web/status/1306009308849729536,RT @ian_hickie: Fabulous recognition of the international leadership of ⁦@PatMcGorry⁩ @orygen and the quality of mental health research in…,,
international,2020-09-16 08:22:58,matthewrbroome,https://twitter.com/matthewrbroome,https://twitter.com/i/web/status/1305995552698630147,RT @ian_hickie: Fabulous recognition of the international leadership of ⁦@PatMcGorry⁩ @orygen and the quality of mental health research in…,,
international,2020-09-17 22:45:45,jackheath,https://twitter.com/jackheath,https://twitter.com/i/web/status/1306575068273676297,RT @ian_hickie: Fabulous recognition of the international leadership of ⁦@PatMcGorry⁩ @orygen and the quality of mental health research in…,,
dedicate,2020-09-18 15:07:41,ausgov,https://twitter.com/ausgov,https://twitter.com/i/web/status/1306822178910932992,"@Chegrill1 Hi, We know this is a difficult time. If you want to talk to someone Head to Health is a good place to begin https://t.co/aDB2iJgkGB. Beyond Blue also has a dedicated coronavirus online and phone support service https://t.co/gSqwKXMuOO",,
dedicate,2020-09-17 21:35:30,SuicidePrevAU,https://twitter.com/SuicidePrevAU,https://twitter.com/i/web/status/1306557388284022789,RT @GregHuntMP: Victorians now have access to additional mental health support with 15 new dedicated mental health clinics open to the publ…,,
dedicate,2020-09-17 10:28:38,fatima_ishfaq,https://twitter.com/fatima_ishfaq,https://twitter.com/i/web/status/1306389563527446528,RT @GregHuntMP: Victorians now have access to additional mental health support with 15 new dedicated mental health clinics open to the publ…,,
dedicate,2020-09-17 10:30:55,steffbbrown,https://twitter.com/steffbbrown,https://twitter.com/i/web/status/1306390138306486273,RT @GregHuntMP: Victorians now have access to additional mental health support with 15 new dedicated mental health clinics open to the publ…,,
dedicate,2020-09-17 19:00:32,Kellalea,https://twitter.com/Kellalea,https://twitter.com/i/web/status/1306518390375243776,RT @GregHuntMP: Victorians now have access to additional mental health support with 15 new dedicated mental health clinics open to the publ…,,
dedicate,2020-09-17 10:02:54,SenatorHume,https://twitter.com/SenatorHume,https://twitter.com/i/web/status/1306383087232638976,RT @GregHuntMP: Victorians now have access to additional mental health support with 15 new dedicated mental health clinics open to the publ…,,
dedicate,2020-09-18 10:44:35,semphn,https://twitter.com/semphn,https://twitter.com/i/web/status/1306755965803327488,RT @GregHuntMP: Victorians now have access to additional mental health support with 15 new dedicated mental health clinics open to the publ…,,
dedicate,2020-09-21 13:20:52,MentalHealthVic,https://twitter.com/MentalHealthVic,https://twitter.com/i/web/status/1307882462274412544,RT @GregHuntMP: Victorians now have access to additional mental health support with 15 new dedicated mental health clinics open to the publ…,,
dedicate,2020-09-17 10:01:59,welcomeandhello,https://twitter.com/welcomeandhello,https://twitter.com/i/web/status/1306382857481285632,RT @GregHuntMP: Victorians now have access to additional mental health support with 15 new dedicated mental health clinics open to the publ…,,
dedicate,2020-09-21 14:01:29,Dpeters1977,https://twitter.com/Dpeters1977,https://twitter.com/i/web/status/1307892683382296577,RT @GregHuntMP: Victorians now have access to additional mental health support with 15 new dedicated mental health clinics open to the publ…,,
leadership,2020-09-16 07:09:19,FeneleyJohn,https://twitter.com/FeneleyJohn,https://twitter.com/i/web/status/1305977015850344448,RT @ian_hickie: Fabulous recognition of the international leadership of ⁦@PatMcGorry⁩ @orygen and the quality of mental health research in…,,
leadership,2020-09-16 06:52:30,LindaSoars,https://twitter.com/LindaSoars,https://twitter.com/i/web/status/1305972784665747456,RT @ian_hickie: Fabulous recognition of the international leadership of ⁦@PatMcGorry⁩ @orygen and the quality of mental health research in…,,
leadership,2020-09-16 06:55:38,annmareeo,https://twitter.com/annmareeo,https://twitter.com/i/web/status/1305973574960775168,RT @ian_hickie: Fabulous recognition of the international leadership of ⁦@PatMcGorry⁩ @orygen and the quality of mental health research in…,,
leadership,2020-09-17 20:27:46,Tahnee_Bridson,https://twitter.com/Tahnee_Bridson,https://twitter.com/i/web/status/1306540342599020544,RT @ian_hickie: Fabulous recognition of the international leadership of ⁦@PatMcGorry⁩ @orygen and the quality of mental health research in…,,
leadership,2020-09-17 23:21:26,ingioz,https://twitter.com/ingioz,https://twitter.com/i/web/status/1306584048442114052,RT @ian_hickie: Fabulous recognition of the international leadership of ⁦@PatMcGorry⁩ @orygen and the quality of mental health research in…,,
leadership,2020-09-16 10:45:06,SelenaEwingED,https://twitter.com/SelenaEwingED,https://twitter.com/i/web/status/1306031320485642241,RT @ian_hickie: Fabulous recognition of the international leadership of ⁦@PatMcGorry⁩ @orygen and the quality of mental health research in…,,
leadership,2020-09-16 13:37:20,GeoffreyDonnan,https://twitter.com/GeoffreyDonnan,https://twitter.com/i/web/status/1306074663328522241,RT @ian_hickie: Fabulous recognition of the international leadership of ⁦@PatMcGorry⁩ @orygen and the quality of mental health research in…,,
leadership,2020-09-16 09:17:38,MadVet2000,https://twitter.com/MadVet2000,https://twitter.com/i/web/status/1306009308849729536,RT @ian_hickie: Fabulous recognition of the international leadership of ⁦@PatMcGorry⁩ @orygen and the quality of mental health research in…,,
leadership,2020-09-16 08:22:58,matthewrbroome,https://twitter.com/matthewrbroome,https://twitter.com/i/web/status/1305995552698630147,RT @ian_hickie: Fabulous recognition of the international leadership of ⁦@PatMcGorry⁩ @orygen and the quality of mental health research in…,,
leadership,2020-09-17 22:45:45,jackheath,https://twitter.com/jackheath,https://twitter.com/i/web/status/1306575068273676297,RT @ian_hickie: Fabulous recognition of the international leadership of ⁦@PatMcGorry⁩ @orygen and the quality of mental health research in…,,
need,2020-09-18 17:32:00,SpeechPathAus,https://twitter.com/SpeechPathAus,https://twitter.com/i/web/status/1306858495539654657,".@ScottMorrisonMP: “Patients will continue to have access to Medicare-subsidised telehealth for general practitioner, nursing, midwifery, allied health &amp; allied mental health services, where &amp; when they need them” for a further 6 months to 31 March 2021. https://t.co/QnDDrp2W1f https://t.co/Ia18FYtTvu",,
need,2020-09-16 15:33:24,IPCHealth_au,https://twitter.com/IPCHealth_au,https://twitter.com/i/web/status/1306103875649191936,RT @healthgovau: Online services can be a great option to support your mental health. If you aren’t feeling quite like yourself and need so…,,
need,2020-09-17 17:56:41,AusCGGeneva,https://twitter.com/AusCGGeneva,https://twitter.com/i/web/status/1306502319232749573,RT @healthgovau: Online services can be a great option to support your mental health. If you aren’t feeling quite like yourself and need so…,,
need,2020-09-16 13:45:02,healthgovau,https://twitter.com/healthgovau,https://twitter.com/i/web/status/1306076602070163458,"Online services can be a great option to support your mental health. If you aren’t feeling quite like yourself and need some extra support, visit https://t.co/3QWvsMDBVf to find trusted information and online and phone services. https://t.co/mwJoo9W3ng",,
need,2020-09-19 17:30:09,healthgovau,https://twitter.com/healthgovau,https://twitter.com/i/web/status/1307220420752482305,Looking for mental health support but not sure where to start? Sam the chatbot can help. All you need to do is answer some of Sam's questions and you will be pointed to relevant mental health resources. Visit https://t.co/38IqKAsdag https://t.co/cLlxp2v2u2,,
need,2020-09-22 12:45:03,nightdrperth,https://twitter.com/nightdrperth,https://twitter.com/i/web/status/1308235835750469632,The impacts of coronavirus are tough and it can impact our mental health. So we need to look after ourselves and be COVIDSafe.   Check out this video from the Department of Health: https://t.co/7JQGAy0ZMX  Find out more at: https://t.co/qM3OcDddII https://t.co/lxBwYS1IWM,,
need,2020-09-16 13:52:49,TEQSAGov,https://twitter.com/TEQSAGov,https://twitter.com/i/web/status/1306078560679911425,RT @healthgovau: Online services can be a great option to support your mental health. If you aren’t feeling quite like yourself and need so…,,
need,2020-09-18 04:00:00,AusHCCanada,https://twitter.com/AusHCCanada,https://twitter.com/i/web/status/1306654149858095104,RT @healthgovau: Online services can be a great option to support your mental health. If you aren’t feeling quite like yourself and need so…,,
need,2020-09-22 11:19:01,John_J_McGrath,https://twitter.com/John_J_McGrath,https://twitter.com/i/web/status/1308214182953672704,RT @maprc1: Important article about increased rates of #Mentalhealth issues in #women thanks to #COVID19 Action needed to prevent suffering…,COVID19,women
need,2020-09-22 09:50:55,maprc1,https://twitter.com/maprc1,https://twitter.com/i/web/status/1308192012399591424,Important article about increased rates of #Mentalhealth issues in #women thanks to #COVID19 Action needed to prevent suffering and deaths #womensmentalhealth @maprc1 @jayashrikulkar1 @CCSMonash @Monash_FMNHS @GregHuntMP   https://t.co/17GvsWquNj,COVID19,womensmentalhealth
online,2020-09-16 15:33:24,IPCHealth_au,https://twitter.com/IPCHealth_au,https://twitter.com/i/web/status/1306103875649191936,RT @healthgovau: Online services can be a great option to support your mental health. If you aren’t feeling quite like yourself and need so…,,
online,2020-09-18 15:07:41,ausgov,https://twitter.com/ausgov,https://twitter.com/i/web/status/1306822178910932992,"@Chegrill1 Hi, We know this is a difficult time. If you want to talk to someone Head to Health is a good place to begin https://t.co/aDB2iJgkGB. Beyond Blue also has a dedicated coronavirus online and phone support service https://t.co/gSqwKXMuOO",,
online,2020-09-17 17:56:41,AusCGGeneva,https://twitter.com/AusCGGeneva,https://twitter.com/i/web/status/1306502319232749573,RT @healthgovau: Online services can be a great option to support your mental health. If you aren’t feeling quite like yourself and need so…,,
online,2020-09-16 13:45:02,healthgovau,https://twitter.com/healthgovau,https://twitter.com/i/web/status/1306076602070163458,"Online services can be a great option to support your mental health. If you aren’t feeling quite like yourself and need some extra support, visit https://t.co/3QWvsMDBVf to find trusted information and online and phone services. https://t.co/mwJoo9W3ng",,
online,2020-09-16 13:52:49,TEQSAGov,https://twitter.com/TEQSAGov,https://twitter.com/i/web/status/1306078560679911425,RT @healthgovau: Online services can be a great option to support your mental health. If you aren’t feeling quite like yourself and need so…,,
online,2020-09-18 04:00:00,AusHCCanada,https://twitter.com/AusHCCanada,https://twitter.com/i/web/status/1306654149858095104,RT @healthgovau: Online services can be a great option to support your mental health. If you aren’t feeling quite like yourself and need so…,,
someone,2020-09-18 15:07:41,ausgov,https://twitter.com/ausgov,https://twitter.com/i/web/status/1306822178910932992,"@Chegrill1 Hi, We know this is a difficult time. If you want to talk to someone Head to Health is a good place to begin https://t.co/aDB2iJgkGB. Beyond Blue also has a dedicated coronavirus online and phone support service https://t.co/gSqwKXMuOO",,
someone,2020-09-20 18:55:03,NDSS_AUS,https://twitter.com/NDSS_AUS,https://twitter.com/i/web/status/1307604172615938048,"Have you heard about the new website, Head to Health?   Whether you are trying to improve your own sense of wellbeing, looking for help with something that is bothering you, or helping someone you care about—Head to Health is a good place to start.  https://t.co/eaaUxkOaCN https://t.co/LKi6N3BD2V",,
access,2020-09-18 17:32:00,SpeechPathAus,https://twitter.com/SpeechPathAus,https://twitter.com/i/web/status/1306858495539654657,".@ScottMorrisonMP: “Patients will continue to have access to Medicare-subsidised telehealth for general practitioner, nursing, midwifery, allied health &amp; allied mental health services, where &amp; when they need them” for a further 6 months to 31 March 2021. https://t.co/QnDDrp2W1f https://t.co/Ia18FYtTvu",,
access,2020-09-17 21:35:30,SuicidePrevAU,https://twitter.com/SuicidePrevAU,https://twitter.com/i/web/status/1306557388284022789,RT @GregHuntMP: Victorians now have access to additional mental health support with 15 new dedicated mental health clinics open to the publ…,,
access,2020-09-17 10:28:38,fatima_ishfaq,https://twitter.com/fatima_ishfaq,https://twitter.com/i/web/status/1306389563527446528,RT @GregHuntMP: Victorians now have access to additional mental health support with 15 new dedicated mental health clinics open to the publ…,,
access,2020-09-17 14:13:04,lucymdonoghue,https://twitter.com/lucymdonoghue,https://twitter.com/i/web/status/1306446045715472384,"RT @lonelyplanet: The trail runs along the Pacific Ocean and gives cyclists access to rainforest, hiking trails, surfing beaches, First Nat…",,
access,2020-09-17 10:30:55,steffbbrown,https://twitter.com/steffbbrown,https://twitter.com/i/web/status/1306390138306486273,RT @GregHuntMP: Victorians now have access to additional mental health support with 15 new dedicated mental health clinics open to the publ…,,
access,2020-09-17 19:00:32,Kellalea,https://twitter.com/Kellalea,https://twitter.com/i/web/status/1306518390375243776,RT @GregHuntMP: Victorians now have access to additional mental health support with 15 new dedicated mental health clinics open to the publ…,,
access,2020-09-17 10:02:54,SenatorHume,https://twitter.com/SenatorHume,https://twitter.com/i/web/status/1306383087232638976,RT @GregHuntMP: Victorians now have access to additional mental health support with 15 new dedicated mental health clinics open to the publ…,,
access,2020-09-18 10:44:35,semphn,https://twitter.com/semphn,https://twitter.com/i/web/status/1306755965803327488,RT @GregHuntMP: Victorians now have access to additional mental health support with 15 new dedicated mental health clinics open to the publ…,,
access,2020-09-21 13:20:52,MentalHealthVic,https://twitter.com/MentalHealthVic,https://twitter.com/i/web/status/1307882462274412544,RT @GregHuntMP: Victorians now have access to additional mental health support with 15 new dedicated mental health clinics open to the publ…,,
access,2020-09-17 10:01:59,welcomeandhello,https://twitter.com/welcomeandhello,https://twitter.com/i/web/status/1306382857481285632,RT @GregHuntMP: Victorians now have access to additional mental health support with 15 new dedicated mental health clinics open to the publ…,,
physical,2020-09-21 17:16:45,CovidNewsAlerts,https://twitter.com/CovidNewsAlerts,https://twitter.com/i/web/status/1307941823051169795,"RT @healthgovau: Staying active is really important for both our physical &amp; mental health, especially while we keep our distance to stop th…",,
physical,2020-09-18 10:38:17,UWAresearch,https://twitter.com/UWAresearch,https://twitter.com/i/web/status/1306754381451149312,RT @GroupOfEight: Improving the mental health and physical fitness of university students is the focus of a new mentor-based exercise progr…,,
service,2020-09-18 17:32:00,SpeechPathAus,https://twitter.com/SpeechPathAus,https://twitter.com/i/web/status/1306858495539654657,".@ScottMorrisonMP: “Patients will continue to have access to Medicare-subsidised telehealth for general practitioner, nursing, midwifery, allied health &amp; allied mental health services, where &amp; when they need them” for a further 6 months to 31 March 2021. https://t.co/QnDDrp2W1f https://t.co/Ia18FYtTvu",,
service,2020-09-16 15:33:24,IPCHealth_au,https://twitter.com/IPCHealth_au,https://twitter.com/i/web/status/1306103875649191936,RT @healthgovau: Online services can be a great option to support your mental health. If you aren’t feeling quite like yourself and need so…,,
service,2020-09-18 15:07:41,ausgov,https://twitter.com/ausgov,https://twitter.com/i/web/status/1306822178910932992,"@Chegrill1 Hi, We know this is a difficult time. If you want to talk to someone Head to Health is a good place to begin https://t.co/aDB2iJgkGB. Beyond Blue also has a dedicated coronavirus online and phone support service https://t.co/gSqwKXMuOO",,
service,2020-09-17 17:56:41,AusCGGeneva,https://twitter.com/AusCGGeneva,https://twitter.com/i/web/status/1306502319232749573,RT @healthgovau: Online services can be a great option to support your mental health. If you aren’t feeling quite like yourself and need so…,,
service,2020-09-16 13:45:02,healthgovau,https://twitter.com/healthgovau,https://twitter.com/i/web/status/1306076602070163458,"Online services can be a great option to support your mental health. If you aren’t feeling quite like yourself and need some extra support, visit https://t.co/3QWvsMDBVf to find trusted information and online and phone services. https://t.co/mwJoo9W3ng",,
service,2020-09-16 13:52:49,TEQSAGov,https://twitter.com/TEQSAGov,https://twitter.com/i/web/status/1306078560679911425,RT @healthgovau: Online services can be a great option to support your mental health. If you aren’t feeling quite like yourself and need so…,,
service,2020-09-18 04:00:00,AusHCCanada,https://twitter.com/AusHCCanada,https://twitter.com/i/web/status/1306654149858095104,RT @healthgovau: Online services can be a great option to support your mental health. If you aren’t feeling quite like yourself and need so…,,
service,2020-09-18 08:26:44,MelPetrakis,https://twitter.com/MelPetrakis,https://twitter.com/i/web/status/1306721273867722753,"Thanks to @GregHuntMP for this announcement, and to Commonwealth funding for this gap filling resource - a much needed help between GPs and (severe) mental health clinical services &amp;/or NDIS. https://t.co/tpHz3Kx8ZA",,
people,2020-09-18 21:03:34,Coral39692241,https://twitter.com/Coral39692241,https://twitter.com/i/web/status/1306911741159194629,"RT @healthgovau: To help support people in Victoria, 15 new HeadtoHelp mental health clinics are opening to the public. Learn more at https…",,
people,2020-09-18 19:35:01,healthgovau,https://twitter.com/healthgovau,https://twitter.com/i/web/status/1306889455891099648,"To help support people in Victoria, 15 new HeadtoHelp mental health clinics are opening to the public. Learn more at https://t.co/TuekLVT0GZ https://t.co/NU1klo12DG",,
people,2020-09-19 09:15:24,HodsonStephanie,https://twitter.com/HodsonStephanie,https://twitter.com/i/web/status/1307095910388772864,"RT @healthgovau: To help support people in Victoria, 15 new HeadtoHelp mental health clinics are opening to the public. Learn more at https…",,
people,2020-09-21 13:20:14,MentalHealthVic,https://twitter.com/MentalHealthVic,https://twitter.com/i/web/status/1307882302018445319,"RT @healthgovau: To help support people in Victoria, 15 new HeadtoHelp mental health clinics are opening to the public. Learn more at https…",,
people,2020-09-19 09:31:23,judith_black,https://twitter.com/judith_black,https://twitter.com/i/web/status/1307099934693486594,"RT @healthgovau: To help support people in Victoria, 15 new HeadtoHelp mental health clinics are opening to the public. Learn more at https…",,
people,2020-09-18 20:06:50,JRHes,https://twitter.com/JRHes,https://twitter.com/i/web/status/1306897462385209345,"RT @healthgovau: To help support people in Victoria, 15 new HeadtoHelp mental health clinics are opening to the public. Learn more at https…",,
people,2020-09-18 19:51:11,ShazzaCook,https://twitter.com/ShazzaCook,https://twitter.com/i/web/status/1306893521991790593,"RT @healthgovau: To help support people in Victoria, 15 new HeadtoHelp mental health clinics are opening to the public. Learn more at https…",,
people,2020-09-21 16:19:01,PatMcGorry,https://twitter.com/PatMcGorry,https://twitter.com/i/web/status/1307927293877088256,"RT @healthgovau: To help support people in Victoria, 15 new HeadtoHelp mental health clinics are opening to the public. Learn more at https…",,
people,2020-09-21 14:01:45,Dpeters1977,https://twitter.com/Dpeters1977,https://twitter.com/i/web/status/1307892748809195520,"RT @healthgovau: To help support people in Victoria, 15 new HeadtoHelp mental health clinics are opening to the public. Learn more at https…",,
people,2020-09-17 23:50:28,SallyRMelb,https://twitter.com/SallyRMelb,https://twitter.com/i/web/status/1306591351677411329,"We need a phone line like this Australia! Small investment for great benefit   “One of the first to get in touch was tv personality Dame Esther Rantzen. She founded the UK charity Silver Line, which offers a 24-hour phone line for lonely older people” https://t.co/wyCGP6llvF",,
thanks,2020-09-22 11:19:01,John_J_McGrath,https://twitter.com/John_J_McGrath,https://twitter.com/i/web/status/1308214182953672704,RT @maprc1: Important article about increased rates of #Mentalhealth issues in #women thanks to #COVID19 Action needed to prevent suffering…,COVID19,women
thanks,2020-09-22 09:50:55,maprc1,https://twitter.com/maprc1,https://twitter.com/i/web/status/1308192012399591424,Important article about increased rates of #Mentalhealth issues in #women thanks to #COVID19 Action needed to prevent suffering and deaths #womensmentalhealth @maprc1 @jayashrikulkar1 @CCSMonash @Monash_FMNHS @GregHuntMP   https://t.co/17GvsWquNj,COVID19,womensmentalhealth
thanks,2020-09-20 18:32:50,LaurenTruefeldt,https://twitter.com/LaurenTruefeldt,https://twitter.com/i/web/status/1307598583454023682,"RT @MelPetrakis: Thanks to @GregHuntMP for this announcement, and to Commonwealth funding for this gap filling resource - a much needed hel…",,
thanks,2020-09-17 13:04:07,themancave_aus,https://twitter.com/themancave_aus,https://twitter.com/i/web/status/1306428695318462470,This is huge for Victorians and young people struggling with their mental health. Thanks @GregHuntMP! https://t.co/s5qmjzEzUe,,
thanks,2020-09-20 10:44:19,PatMcGorry,https://twitter.com/PatMcGorry,https://twitter.com/i/web/status/1307480677143605248,"RT @MelPetrakis: Thanks to @GregHuntMP for this announcement, and to Commonwealth funding for this gap filling resource - a much needed hel…",,
thanks,2020-09-19 14:04:52,tandemcarers,https://twitter.com/tandemcarers,https://twitter.com/i/web/status/1307168758880858112,"RT @MelPetrakis: Thanks to @GregHuntMP for this announcement, and to Commonwealth funding for this gap filling resource - a much needed hel…",,
thanks,2020-09-18 08:26:44,MelPetrakis,https://twitter.com/MelPetrakis,https://twitter.com/i/web/status/1306721273867722753,"Thanks to @GregHuntMP for this announcement, and to Commonwealth funding for this gap filling resource - a much needed help between GPs and (severe) mental health clinical services &amp;/or NDIS. https://t.co/tpHz3Kx8ZA",,
thanks,2020-09-20 11:01:16,bprophetable,https://twitter.com/bprophetable,https://twitter.com/i/web/status/1307484939647033344,"RT @MelPetrakis: Thanks to @GregHuntMP for this announcement, and to Commonwealth funding for this gap filling resource - a much needed hel…",,
especially,2020-09-21 17:16:45,CovidNewsAlerts,https://twitter.com/CovidNewsAlerts,https://twitter.com/i/web/status/1307941823051169795,"RT @healthgovau: Staying active is really important for both our physical &amp; mental health, especially while we keep our distance to stop th…",,
absolutely,2020-09-18 15:05:49,stelladevulder,https://twitter.com/stelladevulder,https://twitter.com/i/web/status/1306821707043225600,"RT @ian_hickie: @amapresident @GregHuntMP Absolutely critical that digital mental health, which goes much further, is optimized, and become…",,
absolutely,2020-09-18 13:30:57,ProfMDFischer,https://twitter.com/ProfMDFischer,https://twitter.com/i/web/status/1306797833962496001,"RT @ian_hickie: @amapresident @GregHuntMP Absolutely critical that digital mental health, which goes much further, is optimized, and become…",,
absolutely,2020-09-18 10:34:09,CroakeyNews,https://twitter.com/CroakeyNews,https://twitter.com/i/web/status/1306753340206755840,"RT @ian_hickie: @amapresident @GregHuntMP Absolutely critical that digital mental health, which goes much further, is optimized, and become…",,
absolutely,2020-09-18 10:18:24,ian_hickie,https://twitter.com/ian_hickie,https://twitter.com/i/web/status/1306749377617174529,"@amapresident @GregHuntMP Absolutely critical that digital mental health, which goes much further, is optimized, and becomes a permanent infrastructure in our health system @GregHuntMP @Bowenchris @PatMcGorry @InnoWellOrg @BrainMind_Usyd @Sydney_Uni @RANZCP @CroakeyNews",,
absolutely,2020-09-19 06:29:08,Leel06Lee,https://twitter.com/Leel06Lee,https://twitter.com/i/web/status/1307054067554947073,"RT @ian_hickie: @amapresident @GregHuntMP Absolutely critical that digital mental health, which goes much further, is optimized, and become…",,
absolutely,2020-09-19 21:29:14,DrLisaSharwood,https://twitter.com/DrLisaSharwood,https://twitter.com/i/web/status/1307280585627328513,"RT @ian_hickie: @amapresident @GregHuntMP Absolutely critical that digital mental health, which goes much further, is optimized, and become…",,
absolutely,2020-09-18 20:34:05,LillianBlau,https://twitter.com/LillianBlau,https://twitter.com/i/web/status/1306904320894410752,"RT @ian_hickie: @amapresident @GregHuntMP Absolutely critical that digital mental health, which goes much further, is optimized, and become…",,
absolutely,2020-09-18 11:34:04,MelissaSweetDr,https://twitter.com/MelissaSweetDr,https://twitter.com/i/web/status/1306768420805828608,"RT @ian_hickie: @amapresident @GregHuntMP Absolutely critical that digital mental health, which goes much further, is optimized, and become…",,
victorian,2020-09-17 21:35:30,SuicidePrevAU,https://twitter.com/SuicidePrevAU,https://twitter.com/i/web/status/1306557388284022789,RT @GregHuntMP: Victorians now have access to additional mental health support with 15 new dedicated mental health clinics open to the publ…,,
victorian,2020-09-17 10:28:38,fatima_ishfaq,https://twitter.com/fatima_ishfaq,https://twitter.com/i/web/status/1306389563527446528,RT @GregHuntMP: Victorians now have access to additional mental health support with 15 new dedicated mental health clinics open to the publ…,,
victorian,2020-09-17 10:30:55,steffbbrown,https://twitter.com/steffbbrown,https://twitter.com/i/web/status/1306390138306486273,RT @GregHuntMP: Victorians now have access to additional mental health support with 15 new dedicated mental health clinics open to the publ…,,
victorian,2020-09-17 19:00:32,Kellalea,https://twitter.com/Kellalea,https://twitter.com/i/web/status/1306518390375243776,RT @GregHuntMP: Victorians now have access to additional mental health support with 15 new dedicated mental health clinics open to the publ…,,
victorian,2020-09-17 10:02:54,SenatorHume,https://twitter.com/SenatorHume,https://twitter.com/i/web/status/1306383087232638976,RT @GregHuntMP: Victorians now have access to additional mental health support with 15 new dedicated mental health clinics open to the publ…,,
victorian,2020-09-17 13:04:07,themancave_aus,https://twitter.com/themancave_aus,https://twitter.com/i/web/status/1306428695318462470,This is huge for Victorians and young people struggling with their mental health. Thanks @GregHuntMP! https://t.co/s5qmjzEzUe,,
victorian,2020-09-18 10:44:35,semphn,https://twitter.com/semphn,https://twitter.com/i/web/status/1306755965803327488,RT @GregHuntMP: Victorians now have access to additional mental health support with 15 new dedicated mental health clinics open to the publ…,,
victorian,2020-09-21 13:20:52,MentalHealthVic,https://twitter.com/MentalHealthVic,https://twitter.com/i/web/status/1307882462274412544,RT @GregHuntMP: Victorians now have access to additional mental health support with 15 new dedicated mental health clinics open to the publ…,,
victorian,2020-09-17 10:01:59,welcomeandhello,https://twitter.com/welcomeandhello,https://twitter.com/i/web/status/1306382857481285632,RT @GregHuntMP: Victorians now have access to additional mental health support with 15 new dedicated mental health clinics open to the publ…,,
victorian,2020-09-21 14:01:29,Dpeters1977,https://twitter.com/Dpeters1977,https://twitter.com/i/web/status/1307892683382296577,RT @GregHuntMP: Victorians now have access to additional mental health support with 15 new dedicated mental health clinics open to the publ…,,
trail,2020-09-17 14:13:04,lucymdonoghue,https://twitter.com/lucymdonoghue,https://twitter.com/i/web/status/1306446045715472384,"RT @lonelyplanet: The trail runs along the Pacific Ocean and gives cyclists access to rainforest, hiking trails, surfing beaches, First Nat…",,
impact,2020-09-22 12:45:03,nightdrperth,https://twitter.com/nightdrperth,https://twitter.com/i/web/status/1308235835750469632,The impacts of coronavirus are tough and it can impact our mental health. So we need to look after ourselves and be COVIDSafe.   Check out this video from the Department of Health: https://t.co/7JQGAy0ZMX  Find out more at: https://t.co/qM3OcDddII https://t.co/lxBwYS1IWM,,
impact,2020-09-17 10:30:56,ANUPopHealth,https://twitter.com/ANUPopHealth,https://twitter.com/i/web/status/1306390142827900928,"How has #COVID19 impacted social connectedness &amp; #Mentalhealth? Prof Banwell &amp; team have been awarded funding from @healthgovau to understand this, &amp; give a voice to young people, state border communities, &amp; those in coercive relationships👉https://t.co/BSueJPns2Z📸C Estanislao https://t.co/Smus4RIOOX",COVID19,Mentalhealth
impact,2020-09-17 12:13:58,scienceANU,https://twitter.com/scienceANU,https://twitter.com/i/web/status/1306416074036895744,RT @ANUPopHealth: How has #COVID19 impacted social connectedness &amp; #Mentalhealth? Prof Banwell &amp; team have been awarded funding from @healt…,COVID19,Mentalhealth
stay,2020-09-21 17:16:45,CovidNewsAlerts,https://twitter.com/CovidNewsAlerts,https://twitter.com/i/web/status/1307941823051169795,"RT @healthgovau: Staying active is really important for both our physical &amp; mental health, especially while we keep our distance to stop th…",,
funding,2020-09-17 07:15:46,SaadiaPerth,https://twitter.com/SaadiaPerth,https://twitter.com/i/web/status/1306341030472581122,RT @ScottMorrisonMP: Well done @PatMcGorry and @orygen_aus. This new funding recognises the high quality of mental health research being do…,,
funding,2020-09-17 10:48:04,InfoblazeAUS,https://twitter.com/InfoblazeAUS,https://twitter.com/i/web/status/1306394455218384896,RT @ScottMorrisonMP: Well done @PatMcGorry and @orygen_aus. This new funding recognises the high quality of mental health research being do…,,
funding,2020-09-17 09:54:02,LiberalNSW,https://twitter.com/LiberalNSW,https://twitter.com/i/web/status/1306380859390398464,RT @ScottMorrisonMP: Well done @PatMcGorry and @orygen_aus. This new funding recognises the high quality of mental health research being do…,,
funding,2020-09-16 20:10:31,Raf_Epstein,https://twitter.com/Raf_Epstein,https://twitter.com/i/web/status/1306173613393940480,RT @ScottMorrisonMP: Well done @PatMcGorry and @orygen_aus. This new funding recognises the high quality of mental health research being do…,,
funding,2020-09-16 21:01:08,kenpcg,https://twitter.com/kenpcg,https://twitter.com/i/web/status/1306186351868403712,RT @ScottMorrisonMP: Well done @PatMcGorry and @orygen_aus. This new funding recognises the high quality of mental health research being do…,,
funding,2020-09-16 20:29:36,willicash,https://twitter.com/willicash,https://twitter.com/i/web/status/1306178415007989760,RT @ScottMorrisonMP: Well done @PatMcGorry and @orygen_aus. This new funding recognises the high quality of mental health research being do…,,
funding,2020-09-16 20:45:35,MsHumoresque,https://twitter.com/MsHumoresque,https://twitter.com/i/web/status/1306182438482132992,RT @ScottMorrisonMP: Well done @PatMcGorry and @orygen_aus. This new funding recognises the high quality of mental health research being do…,,
funding,2020-09-17 10:34:16,LiberalAus,https://twitter.com/LiberalAus,https://twitter.com/i/web/status/1306390980845735937,RT @ScottMorrisonMP: Well done @PatMcGorry and @orygen_aus. This new funding recognises the high quality of mental health research being do…,,
funding,2020-09-20 18:32:50,LaurenTruefeldt,https://twitter.com/LaurenTruefeldt,https://twitter.com/i/web/status/1307598583454023682,"RT @MelPetrakis: Thanks to @GregHuntMP for this announcement, and to Commonwealth funding for this gap filling resource - a much needed hel…",,
funding,2020-09-17 10:30:56,ANUPopHealth,https://twitter.com/ANUPopHealth,https://twitter.com/i/web/status/1306390142827900928,"How has #COVID19 impacted social connectedness &amp; #Mentalhealth? Prof Banwell &amp; team have been awarded funding from @healthgovau to understand this, &amp; give a voice to young people, state border communities, &amp; those in coercive relationships👉https://t.co/BSueJPns2Z📸C Estanislao https://t.co/Smus4RIOOX",COVID19,Mentalhealth
start,2020-09-19 17:30:09,healthgovau,https://twitter.com/healthgovau,https://twitter.com/i/web/status/1307220420752482305,Looking for mental health support but not sure where to start? Sam the chatbot can help. All you need to do is answer some of Sam's questions and you will be pointed to relevant mental health resources. Visit https://t.co/38IqKAsdag https://t.co/cLlxp2v2u2,,
start,2020-09-20 18:55:03,NDSS_AUS,https://twitter.com/NDSS_AUS,https://twitter.com/i/web/status/1307604172615938048,"Have you heard about the new website, Head to Health?   Whether you are trying to improve your own sense of wellbeing, looking for help with something that is bothering you, or helping someone you care about—Head to Health is a good place to start.  https://t.co/eaaUxkOaCN https://t.co/LKi6N3BD2V",,
location,2020-09-18 21:52:01,jennicampbell9,https://twitter.com/jennicampbell9,https://twitter.com/i/web/status/1306923931933188096,RT @MarcBryantAus: Great to see the locations of the new #headtohelp mental health hubs across #Victoria  Our #skillssavelives campaign wit…,headtohelp,Victoria
location,2020-09-16 19:10:27,RuralDocsVIC,https://twitter.com/RuralDocsVIC,https://twitter.com/i/web/status/1306158498632183810,"RT @MurrayPHN: Today @GregHuntMP announced the locations of 15 new mental health hubs in Victoria. In the Murray PHN region, our hubs will…",,
phone,2020-09-18 15:07:41,ausgov,https://twitter.com/ausgov,https://twitter.com/i/web/status/1306822178910932992,"@Chegrill1 Hi, We know this is a difficult time. If you want to talk to someone Head to Health is a good place to begin https://t.co/aDB2iJgkGB. Beyond Blue also has a dedicated coronavirus online and phone support service https://t.co/gSqwKXMuOO",,
phone,2020-09-16 13:45:02,healthgovau,https://twitter.com/healthgovau,https://twitter.com/i/web/status/1306076602070163458,"Online services can be a great option to support your mental health. If you aren’t feeling quite like yourself and need some extra support, visit https://t.co/3QWvsMDBVf to find trusted information and online and phone services. https://t.co/mwJoo9W3ng",,
phone,2020-09-17 23:50:28,SallyRMelb,https://twitter.com/SallyRMelb,https://twitter.com/i/web/status/1306591351677411329,"We need a phone line like this Australia! Small investment for great benefit   “One of the first to get in touch was tv personality Dame Esther Rantzen. She founded the UK charity Silver Line, which offers a 24-hour phone line for lonely older people” https://t.co/wyCGP6llvF",,
opening,2020-09-18 21:03:34,Coral39692241,https://twitter.com/Coral39692241,https://twitter.com/i/web/status/1306911741159194629,"RT @healthgovau: To help support people in Victoria, 15 new HeadtoHelp mental health clinics are opening to the public. Learn more at https…",,
opening,2020-09-18 19:35:01,healthgovau,https://twitter.com/healthgovau,https://twitter.com/i/web/status/1306889455891099648,"To help support people in Victoria, 15 new HeadtoHelp mental health clinics are opening to the public. Learn more at https://t.co/TuekLVT0GZ https://t.co/NU1klo12DG",,
opening,2020-09-19 09:15:24,HodsonStephanie,https://twitter.com/HodsonStephanie,https://twitter.com/i/web/status/1307095910388772864,"RT @healthgovau: To help support people in Victoria, 15 new HeadtoHelp mental health clinics are opening to the public. Learn more at https…",,
opening,2020-09-21 13:20:14,MentalHealthVic,https://twitter.com/MentalHealthVic,https://twitter.com/i/web/status/1307882302018445319,"RT @healthgovau: To help support people in Victoria, 15 new HeadtoHelp mental health clinics are opening to the public. Learn more at https…",,
opening,2020-09-19 09:31:23,judith_black,https://twitter.com/judith_black,https://twitter.com/i/web/status/1307099934693486594,"RT @healthgovau: To help support people in Victoria, 15 new HeadtoHelp mental health clinics are opening to the public. Learn more at https…",,
opening,2020-09-18 20:06:50,JRHes,https://twitter.com/JRHes,https://twitter.com/i/web/status/1306897462385209345,"RT @healthgovau: To help support people in Victoria, 15 new HeadtoHelp mental health clinics are opening to the public. Learn more at https…",,
opening,2020-09-18 19:51:11,ShazzaCook,https://twitter.com/ShazzaCook,https://twitter.com/i/web/status/1306893521991790593,"RT @healthgovau: To help support people in Victoria, 15 new HeadtoHelp mental health clinics are opening to the public. Learn more at https…",,
opening,2020-09-21 16:19:01,PatMcGorry,https://twitter.com/PatMcGorry,https://twitter.com/i/web/status/1307927293877088256,"RT @healthgovau: To help support people in Victoria, 15 new HeadtoHelp mental health clinics are opening to the public. Learn more at https…",,
opening,2020-09-21 14:01:45,Dpeters1977,https://twitter.com/Dpeters1977,https://twitter.com/i/web/status/1307892748809195520,"RT @healthgovau: To help support people in Victoria, 15 new HeadtoHelp mental health clinics are opening to the public. Learn more at https…",,
research,2020-09-16 07:09:19,FeneleyJohn,https://twitter.com/FeneleyJohn,https://twitter.com/i/web/status/1305977015850344448,RT @ian_hickie: Fabulous recognition of the international leadership of ⁦@PatMcGorry⁩ @orygen and the quality of mental health research in…,,
research,2020-09-17 07:15:46,SaadiaPerth,https://twitter.com/SaadiaPerth,https://twitter.com/i/web/status/1306341030472581122,RT @ScottMorrisonMP: Well done @PatMcGorry and @orygen_aus. This new funding recognises the high quality of mental health research being do…,,
research,2020-09-16 06:52:30,LindaSoars,https://twitter.com/LindaSoars,https://twitter.com/i/web/status/1305972784665747456,RT @ian_hickie: Fabulous recognition of the international leadership of ⁦@PatMcGorry⁩ @orygen and the quality of mental health research in…,,
research,2020-09-16 06:55:38,annmareeo,https://twitter.com/annmareeo,https://twitter.com/i/web/status/1305973574960775168,RT @ian_hickie: Fabulous recognition of the international leadership of ⁦@PatMcGorry⁩ @orygen and the quality of mental health research in…,,
research,2020-09-17 20:27:46,Tahnee_Bridson,https://twitter.com/Tahnee_Bridson,https://twitter.com/i/web/status/1306540342599020544,RT @ian_hickie: Fabulous recognition of the international leadership of ⁦@PatMcGorry⁩ @orygen and the quality of mental health research in…,,
research,2020-09-17 23:21:26,ingioz,https://twitter.com/ingioz,https://twitter.com/i/web/status/1306584048442114052,RT @ian_hickie: Fabulous recognition of the international leadership of ⁦@PatMcGorry⁩ @orygen and the quality of mental health research in…,,
research,2020-09-17 10:48:04,InfoblazeAUS,https://twitter.com/InfoblazeAUS,https://twitter.com/i/web/status/1306394455218384896,RT @ScottMorrisonMP: Well done @PatMcGorry and @orygen_aus. This new funding recognises the high quality of mental health research being do…,,
research,2020-09-16 10:45:06,SelenaEwingED,https://twitter.com/SelenaEwingED,https://twitter.com/i/web/status/1306031320485642241,RT @ian_hickie: Fabulous recognition of the international leadership of ⁦@PatMcGorry⁩ @orygen and the quality of mental health research in…,,
research,2020-09-16 13:37:20,GeoffreyDonnan,https://twitter.com/GeoffreyDonnan,https://twitter.com/i/web/status/1306074663328522241,RT @ian_hickie: Fabulous recognition of the international leadership of ⁦@PatMcGorry⁩ @orygen and the quality of mental health research in…,,
research,2020-09-16 09:17:38,MadVet2000,https://twitter.com/MadVet2000,https://twitter.com/i/web/status/1306009308849729536,RT @ian_hickie: Fabulous recognition of the international leadership of ⁦@PatMcGorry⁩ @orygen and the quality of mental health research in…,,
http,2020-09-18 17:32:00,SpeechPathAus,https://twitter.com/SpeechPathAus,https://twitter.com/i/web/status/1306858495539654657,".@ScottMorrisonMP: “Patients will continue to have access to Medicare-subsidised telehealth for general practitioner, nursing, midwifery, allied health &amp; allied mental health services, where &amp; when they need them” for a further 6 months to 31 March 2021. https://t.co/QnDDrp2W1f https://t.co/Ia18FYtTvu",,
http,2020-09-18 10:35:42,RANZCP,https://twitter.com/RANZCP,https://twitter.com/i/web/status/1306753730054815745,The RANZCP welcomes the extension of the telehealth MBS item numbers. This is a welcome step towards a broader and more flexible long-term approach to mental health care in Australia #psychiatry #mentalhealth #telehealth  @GregHuntMP @ScottMorrisonMP @DrVinayLakra https://t.co/yBqowsdYVu,mentalhealth,telehealth
http,2020-09-18 21:03:34,Coral39692241,https://twitter.com/Coral39692241,https://twitter.com/i/web/status/1306911741159194629,"RT @healthgovau: To help support people in Victoria, 15 new HeadtoHelp mental health clinics are opening to the public. Learn more at https…",,
http,2020-09-18 15:07:41,ausgov,https://twitter.com/ausgov,https://twitter.com/i/web/status/1306822178910932992,"@Chegrill1 Hi, We know this is a difficult time. If you want to talk to someone Head to Health is a good place to begin https://t.co/aDB2iJgkGB. Beyond Blue also has a dedicated coronavirus online and phone support service https://t.co/gSqwKXMuOO",,
http,2020-09-16 13:45:02,healthgovau,https://twitter.com/healthgovau,https://twitter.com/i/web/status/1306076602070163458,"Online services can be a great option to support your mental health. If you aren’t feeling quite like yourself and need some extra support, visit https://t.co/3QWvsMDBVf to find trusted information and online and phone services. https://t.co/mwJoo9W3ng",,
http,2020-09-18 19:35:01,healthgovau,https://twitter.com/healthgovau,https://twitter.com/i/web/status/1306889455891099648,"To help support people in Victoria, 15 new HeadtoHelp mental health clinics are opening to the public. Learn more at https://t.co/TuekLVT0GZ https://t.co/NU1klo12DG",,
http,2020-09-19 17:30:09,healthgovau,https://twitter.com/healthgovau,https://twitter.com/i/web/status/1307220420752482305,Looking for mental health support but not sure where to start? Sam the chatbot can help. All you need to do is answer some of Sam's questions and you will be pointed to relevant mental health resources. Visit https://t.co/38IqKAsdag https://t.co/cLlxp2v2u2,,
http,2020-09-19 09:15:24,HodsonStephanie,https://twitter.com/HodsonStephanie,https://twitter.com/i/web/status/1307095910388772864,"RT @healthgovau: To help support people in Victoria, 15 new HeadtoHelp mental health clinics are opening to the public. Learn more at https…",,
http,2020-09-20 18:55:03,NDSS_AUS,https://twitter.com/NDSS_AUS,https://twitter.com/i/web/status/1307604172615938048,"Have you heard about the new website, Head to Health?   Whether you are trying to improve your own sense of wellbeing, looking for help with something that is bothering you, or helping someone you care about—Head to Health is a good place to start.  https://t.co/eaaUxkOaCN https://t.co/LKi6N3BD2V",,
http,2020-09-21 13:20:14,MentalHealthVic,https://twitter.com/MentalHealthVic,https://twitter.com/i/web/status/1307882302018445319,"RT @healthgovau: To help support people in Victoria, 15 new HeadtoHelp mental health clinics are opening to the public. Learn more at https…",,
learn,2020-09-18 21:03:34,Coral39692241,https://twitter.com/Coral39692241,https://twitter.com/i/web/status/1306911741159194629,"RT @healthgovau: To help support people in Victoria, 15 new HeadtoHelp mental health clinics are opening to the public. Learn more at https…",,
learn,2020-09-18 19:35:01,healthgovau,https://twitter.com/healthgovau,https://twitter.com/i/web/status/1306889455891099648,"To help support people in Victoria, 15 new HeadtoHelp mental health clinics are opening to the public. Learn more at https://t.co/TuekLVT0GZ https://t.co/NU1klo12DG",,
learn,2020-09-19 09:15:24,HodsonStephanie,https://twitter.com/HodsonStephanie,https://twitter.com/i/web/status/1307095910388772864,"RT @healthgovau: To help support people in Victoria, 15 new HeadtoHelp mental health clinics are opening to the public. Learn more at https…",,
learn,2020-09-21 13:20:14,MentalHealthVic,https://twitter.com/MentalHealthVic,https://twitter.com/i/web/status/1307882302018445319,"RT @healthgovau: To help support people in Victoria, 15 new HeadtoHelp mental health clinics are opening to the public. Learn more at https…",,
learn,2020-09-19 09:31:23,judith_black,https://twitter.com/judith_black,https://twitter.com/i/web/status/1307099934693486594,"RT @healthgovau: To help support people in Victoria, 15 new HeadtoHelp mental health clinics are opening to the public. Learn more at https…",,
learn,2020-09-18 20:06:50,JRHes,https://twitter.com/JRHes,https://twitter.com/i/web/status/1306897462385209345,"RT @healthgovau: To help support people in Victoria, 15 new HeadtoHelp mental health clinics are opening to the public. Learn more at https…",,
learn,2020-09-18 19:51:11,ShazzaCook,https://twitter.com/ShazzaCook,https://twitter.com/i/web/status/1306893521991790593,"RT @healthgovau: To help support people in Victoria, 15 new HeadtoHelp mental health clinics are opening to the public. Learn more at https…",,
learn,2020-09-21 16:19:01,PatMcGorry,https://twitter.com/PatMcGorry,https://twitter.com/i/web/status/1307927293877088256,"RT @healthgovau: To help support people in Victoria, 15 new HeadtoHelp mental health clinics are opening to the public. Learn more at https…",,
learn,2020-09-21 14:01:45,Dpeters1977,https://twitter.com/Dpeters1977,https://twitter.com/i/web/status/1307892748809195520,"RT @healthgovau: To help support people in Victoria, 15 new HeadtoHelp mental health clinics are opening to the public. Learn more at https…",,
digital,2020-09-18 15:05:49,stelladevulder,https://twitter.com/stelladevulder,https://twitter.com/i/web/status/1306821707043225600,"RT @ian_hickie: @amapresident @GregHuntMP Absolutely critical that digital mental health, which goes much further, is optimized, and become…",,
digital,2020-09-18 13:30:57,ProfMDFischer,https://twitter.com/ProfMDFischer,https://twitter.com/i/web/status/1306797833962496001,"RT @ian_hickie: @amapresident @GregHuntMP Absolutely critical that digital mental health, which goes much further, is optimized, and become…",,
digital,2020-09-18 10:34:09,CroakeyNews,https://twitter.com/CroakeyNews,https://twitter.com/i/web/status/1306753340206755840,"RT @ian_hickie: @amapresident @GregHuntMP Absolutely critical that digital mental health, which goes much further, is optimized, and become…",,
digital,2020-09-18 10:18:24,ian_hickie,https://twitter.com/ian_hickie,https://twitter.com/i/web/status/1306749377617174529,"@amapresident @GregHuntMP Absolutely critical that digital mental health, which goes much further, is optimized, and becomes a permanent infrastructure in our health system @GregHuntMP @Bowenchris @PatMcGorry @InnoWellOrg @BrainMind_Usyd @Sydney_Uni @RANZCP @CroakeyNews",,
digital,2020-09-19 06:29:08,Leel06Lee,https://twitter.com/Leel06Lee,https://twitter.com/i/web/status/1307054067554947073,"RT @ian_hickie: @amapresident @GregHuntMP Absolutely critical that digital mental health, which goes much further, is optimized, and become…",,
digital,2020-09-19 21:29:14,DrLisaSharwood,https://twitter.com/DrLisaSharwood,https://twitter.com/i/web/status/1307280585627328513,"RT @ian_hickie: @amapresident @GregHuntMP Absolutely critical that digital mental health, which goes much further, is optimized, and become…",,
digital,2020-09-18 20:34:05,LillianBlau,https://twitter.com/LillianBlau,https://twitter.com/i/web/status/1306904320894410752,"RT @ian_hickie: @amapresident @GregHuntMP Absolutely critical that digital mental health, which goes much further, is optimized, and become…",,
digital,2020-09-18 11:34:04,MelissaSweetDr,https://twitter.com/MelissaSweetDr,https://twitter.com/i/web/status/1306768420805828608,"RT @ian_hickie: @amapresident @GregHuntMP Absolutely critical that digital mental health, which goes much further, is optimized, and become…",,
improve,2020-09-20 18:55:03,NDSS_AUS,https://twitter.com/NDSS_AUS,https://twitter.com/i/web/status/1307604172615938048,"Have you heard about the new website, Head to Health?   Whether you are trying to improve your own sense of wellbeing, looking for help with something that is bothering you, or helping someone you care about—Head to Health is a good place to start.  https://t.co/eaaUxkOaCN https://t.co/LKi6N3BD2V",,
public,2020-09-18 21:03:34,Coral39692241,https://twitter.com/Coral39692241,https://twitter.com/i/web/status/1306911741159194629,"RT @healthgovau: To help support people in Victoria, 15 new HeadtoHelp mental health clinics are opening to the public. Learn more at https…",,
public,2020-09-18 19:35:01,healthgovau,https://twitter.com/healthgovau,https://twitter.com/i/web/status/1306889455891099648,"To help support people in Victoria, 15 new HeadtoHelp mental health clinics are opening to the public. Learn more at https://t.co/TuekLVT0GZ https://t.co/NU1klo12DG",,
public,2020-09-19 09:15:24,HodsonStephanie,https://twitter.com/HodsonStephanie,https://twitter.com/i/web/status/1307095910388772864,"RT @healthgovau: To help support people in Victoria, 15 new HeadtoHelp mental health clinics are opening to the public. Learn more at https…",,
public,2020-09-21 13:20:14,MentalHealthVic,https://twitter.com/MentalHealthVic,https://twitter.com/i/web/status/1307882302018445319,"RT @healthgovau: To help support people in Victoria, 15 new HeadtoHelp mental health clinics are opening to the public. Learn more at https…",,
public,2020-09-19 09:31:23,judith_black,https://twitter.com/judith_black,https://twitter.com/i/web/status/1307099934693486594,"RT @healthgovau: To help support people in Victoria, 15 new HeadtoHelp mental health clinics are opening to the public. Learn more at https…",,
public,2020-09-18 20:06:50,JRHes,https://twitter.com/JRHes,https://twitter.com/i/web/status/1306897462385209345,"RT @healthgovau: To help support people in Victoria, 15 new HeadtoHelp mental health clinics are opening to the public. Learn more at https…",,
public,2020-09-18 19:51:11,ShazzaCook,https://twitter.com/ShazzaCook,https://twitter.com/i/web/status/1306893521991790593,"RT @healthgovau: To help support people in Victoria, 15 new HeadtoHelp mental health clinics are opening to the public. Learn more at https…",,
public,2020-09-21 16:19:01,PatMcGorry,https://twitter.com/PatMcGorry,https://twitter.com/i/web/status/1307927293877088256,"RT @healthgovau: To help support people in Victoria, 15 new HeadtoHelp mental health clinics are opening to the public. Learn more at https…",,
public,2020-09-21 14:01:45,Dpeters1977,https://twitter.com/Dpeters1977,https://twitter.com/i/web/status/1307892748809195520,"RT @healthgovau: To help support people in Victoria, 15 new HeadtoHelp mental health clinics are opening to the public. Learn more at https…",,
clinic,2020-09-18 21:03:34,Coral39692241,https://twitter.com/Coral39692241,https://twitter.com/i/web/status/1306911741159194629,"RT @healthgovau: To help support people in Victoria, 15 new HeadtoHelp mental health clinics are opening to the public. Learn more at https…",,
clinic,2020-09-18 19:35:01,healthgovau,https://twitter.com/healthgovau,https://twitter.com/i/web/status/1306889455891099648,"To help support people in Victoria, 15 new HeadtoHelp mental health clinics are opening to the public. Learn more at https://t.co/TuekLVT0GZ https://t.co/NU1klo12DG",,
clinic,2020-09-19 09:15:24,HodsonStephanie,https://twitter.com/HodsonStephanie,https://twitter.com/i/web/status/1307095910388772864,"RT @healthgovau: To help support people in Victoria, 15 new HeadtoHelp mental health clinics are opening to the public. Learn more at https…",,
clinic,2020-09-21 13:20:14,MentalHealthVic,https://twitter.com/MentalHealthVic,https://twitter.com/i/web/status/1307882302018445319,"RT @healthgovau: To help support people in Victoria, 15 new HeadtoHelp mental health clinics are opening to the public. Learn more at https…",,
clinic,2020-09-19 09:31:23,judith_black,https://twitter.com/judith_black,https://twitter.com/i/web/status/1307099934693486594,"RT @healthgovau: To help support people in Victoria, 15 new HeadtoHelp mental health clinics are opening to the public. Learn more at https…",,
clinic,2020-09-18 20:06:50,JRHes,https://twitter.com/JRHes,https://twitter.com/i/web/status/1306897462385209345,"RT @healthgovau: To help support people in Victoria, 15 new HeadtoHelp mental health clinics are opening to the public. Learn more at https…",,
clinic,2020-09-18 19:51:11,ShazzaCook,https://twitter.com/ShazzaCook,https://twitter.com/i/web/status/1306893521991790593,"RT @healthgovau: To help support people in Victoria, 15 new HeadtoHelp mental health clinics are opening to the public. Learn more at https…",,
clinic,2020-09-21 16:19:01,PatMcGorry,https://twitter.com/PatMcGorry,https://twitter.com/i/web/status/1307927293877088256,"RT @healthgovau: To help support people in Victoria, 15 new HeadtoHelp mental health clinics are opening to the public. Learn more at https…",,
clinic,2020-09-21 14:01:45,Dpeters1977,https://twitter.com/Dpeters1977,https://twitter.com/i/web/status/1307892748809195520,"RT @healthgovau: To help support people in Victoria, 15 new HeadtoHelp mental health clinics are opening to the public. Learn more at https…",,
clinic,2020-09-17 21:35:30,SuicidePrevAU,https://twitter.com/SuicidePrevAU,https://twitter.com/i/web/status/1306557388284022789,RT @GregHuntMP: Victorians now have access to additional mental health support with 15 new dedicated mental health clinics open to the publ…,,
fabulous,2020-09-16 07:09:19,FeneleyJohn,https://twitter.com/FeneleyJohn,https://twitter.com/i/web/status/1305977015850344448,RT @ian_hickie: Fabulous recognition of the international leadership of ⁦@PatMcGorry⁩ @orygen and the quality of mental health research in…,,
fabulous,2020-09-16 06:52:30,LindaSoars,https://twitter.com/LindaSoars,https://twitter.com/i/web/status/1305972784665747456,RT @ian_hickie: Fabulous recognition of the international leadership of ⁦@PatMcGorry⁩ @orygen and the quality of mental health research in…,,
fabulous,2020-09-16 06:55:38,annmareeo,https://twitter.com/annmareeo,https://twitter.com/i/web/status/1305973574960775168,RT @ian_hickie: Fabulous recognition of the international leadership of ⁦@PatMcGorry⁩ @orygen and the quality of mental health research in…,,
fabulous,2020-09-17 20:27:46,Tahnee_Bridson,https://twitter.com/Tahnee_Bridson,https://twitter.com/i/web/status/1306540342599020544,RT @ian_hickie: Fabulous recognition of the international leadership of ⁦@PatMcGorry⁩ @orygen and the quality of mental health research in…,,
fabulous,2020-09-17 23:21:26,ingioz,https://twitter.com/ingioz,https://twitter.com/i/web/status/1306584048442114052,RT @ian_hickie: Fabulous recognition of the international leadership of ⁦@PatMcGorry⁩ @orygen and the quality of mental health research in…,,
fabulous,2020-09-16 10:45:06,SelenaEwingED,https://twitter.com/SelenaEwingED,https://twitter.com/i/web/status/1306031320485642241,RT @ian_hickie: Fabulous recognition of the international leadership of ⁦@PatMcGorry⁩ @orygen and the quality of mental health research in…,,
fabulous,2020-09-16 13:37:20,GeoffreyDonnan,https://twitter.com/GeoffreyDonnan,https://twitter.com/i/web/status/1306074663328522241,RT @ian_hickie: Fabulous recognition of the international leadership of ⁦@PatMcGorry⁩ @orygen and the quality of mental health research in…,,
fabulous,2020-09-16 09:17:38,MadVet2000,https://twitter.com/MadVet2000,https://twitter.com/i/web/status/1306009308849729536,RT @ian_hickie: Fabulous recognition of the international leadership of ⁦@PatMcGorry⁩ @orygen and the quality of mental health research in…,,
fabulous,2020-09-16 08:22:58,matthewrbroome,https://twitter.com/matthewrbroome,https://twitter.com/i/web/status/1305995552698630147,RT @ian_hickie: Fabulous recognition of the international leadership of ⁦@PatMcGorry⁩ @orygen and the quality of mental health research in…,,
fabulous,2020-09-17 22:45:45,jackheath,https://twitter.com/jackheath,https://twitter.com/i/web/status/1306575068273676297,RT @ian_hickie: Fabulous recognition of the international leadership of ⁦@PatMcGorry⁩ @orygen and the quality of mental health research in…,,
looking,2020-09-19 17:30:09,healthgovau,https://twitter.com/healthgovau,https://twitter.com/i/web/status/1307220420752482305,Looking for mental health support but not sure where to start? Sam the chatbot can help. All you need to do is answer some of Sam's questions and you will be pointed to relevant mental health resources. Visit https://t.co/38IqKAsdag https://t.co/cLlxp2v2u2,,
looking,2020-09-20 18:55:03,NDSS_AUS,https://twitter.com/NDSS_AUS,https://twitter.com/i/web/status/1307604172615938048,"Have you heard about the new website, Head to Health?   Whether you are trying to improve your own sense of wellbeing, looking for help with something that is bothering you, or helping someone you care about—Head to Health is a good place to start.  https://t.co/eaaUxkOaCN https://t.co/LKi6N3BD2V",,
active,2020-09-21 17:16:45,CovidNewsAlerts,https://twitter.com/CovidNewsAlerts,https://twitter.com/i/web/status/1307941823051169795,"RT @healthgovau: Staying active is really important for both our physical &amp; mental health, especially while we keep our distance to stop th…",,
quality,2020-09-16 07:09:19,FeneleyJohn,https://twitter.com/FeneleyJohn,https://twitter.com/i/web/status/1305977015850344448,RT @ian_hickie: Fabulous recognition of the international leadership of ⁦@PatMcGorry⁩ @orygen and the quality of mental health research in…,,
quality,2020-09-17 07:15:46,SaadiaPerth,https://twitter.com/SaadiaPerth,https://twitter.com/i/web/status/1306341030472581122,RT @ScottMorrisonMP: Well done @PatMcGorry and @orygen_aus. This new funding recognises the high quality of mental health research being do…,,
quality,2020-09-16 06:52:30,LindaSoars,https://twitter.com/LindaSoars,https://twitter.com/i/web/status/1305972784665747456,RT @ian_hickie: Fabulous recognition of the international leadership of ⁦@PatMcGorry⁩ @orygen and the quality of mental health research in…,,
quality,2020-09-16 06:55:38,annmareeo,https://twitter.com/annmareeo,https://twitter.com/i/web/status/1305973574960775168,RT @ian_hickie: Fabulous recognition of the international leadership of ⁦@PatMcGorry⁩ @orygen and the quality of mental health research in…,,
quality,2020-09-17 20:27:46,Tahnee_Bridson,https://twitter.com/Tahnee_Bridson,https://twitter.com/i/web/status/1306540342599020544,RT @ian_hickie: Fabulous recognition of the international leadership of ⁦@PatMcGorry⁩ @orygen and the quality of mental health research in…,,
quality,2020-09-17 23:21:26,ingioz,https://twitter.com/ingioz,https://twitter.com/i/web/status/1306584048442114052,RT @ian_hickie: Fabulous recognition of the international leadership of ⁦@PatMcGorry⁩ @orygen and the quality of mental health research in…,,
quality,2020-09-17 10:48:04,InfoblazeAUS,https://twitter.com/InfoblazeAUS,https://twitter.com/i/web/status/1306394455218384896,RT @ScottMorrisonMP: Well done @PatMcGorry and @orygen_aus. This new funding recognises the high quality of mental health research being do…,,
quality,2020-09-16 10:45:06,SelenaEwingED,https://twitter.com/SelenaEwingED,https://twitter.com/i/web/status/1306031320485642241,RT @ian_hickie: Fabulous recognition of the international leadership of ⁦@PatMcGorry⁩ @orygen and the quality of mental health research in…,,
quality,2020-09-16 13:37:20,GeoffreyDonnan,https://twitter.com/GeoffreyDonnan,https://twitter.com/i/web/status/1306074663328522241,RT @ian_hickie: Fabulous recognition of the international leadership of ⁦@PatMcGorry⁩ @orygen and the quality of mental health research in…,,
quality,2020-09-16 09:17:38,MadVet2000,https://twitter.com/MadVet2000,https://twitter.com/i/web/status/1306009308849729536,RT @ian_hickie: Fabulous recognition of the international leadership of ⁦@PatMcGorry⁩ @orygen and the quality of mental health research in…,,
recognition,2020-09-16 07:09:19,FeneleyJohn,https://twitter.com/FeneleyJohn,https://twitter.com/i/web/status/1305977015850344448,RT @ian_hickie: Fabulous recognition of the international leadership of ⁦@PatMcGorry⁩ @orygen and the quality of mental health research in…,,
recognition,2020-09-16 06:52:30,LindaSoars,https://twitter.com/LindaSoars,https://twitter.com/i/web/status/1305972784665747456,RT @ian_hickie: Fabulous recognition of the international leadership of ⁦@PatMcGorry⁩ @orygen and the quality of mental health research in…,,
recognition,2020-09-16 06:55:38,annmareeo,https://twitter.com/annmareeo,https://twitter.com/i/web/status/1305973574960775168,RT @ian_hickie: Fabulous recognition of the international leadership of ⁦@PatMcGorry⁩ @orygen and the quality of mental health research in…,,
recognition,2020-09-17 20:27:46,Tahnee_Bridson,https://twitter.com/Tahnee_Bridson,https://twitter.com/i/web/status/1306540342599020544,RT @ian_hickie: Fabulous recognition of the international leadership of ⁦@PatMcGorry⁩ @orygen and the quality of mental health research in…,,
recognition,2020-09-17 23:21:26,ingioz,https://twitter.com/ingioz,https://twitter.com/i/web/status/1306584048442114052,RT @ian_hickie: Fabulous recognition of the international leadership of ⁦@PatMcGorry⁩ @orygen and the quality of mental health research in…,,
recognition,2020-09-16 10:45:06,SelenaEwingED,https://twitter.com/SelenaEwingED,https://twitter.com/i/web/status/1306031320485642241,RT @ian_hickie: Fabulous recognition of the international leadership of ⁦@PatMcGorry⁩ @orygen and the quality of mental health research in…,,
recognition,2020-09-16 13:37:20,GeoffreyDonnan,https://twitter.com/GeoffreyDonnan,https://twitter.com/i/web/status/1306074663328522241,RT @ian_hickie: Fabulous recognition of the international leadership of ⁦@PatMcGorry⁩ @orygen and the quality of mental health research in…,,
recognition,2020-09-16 09:17:38,MadVet2000,https://twitter.com/MadVet2000,https://twitter.com/i/web/status/1306009308849729536,RT @ian_hickie: Fabulous recognition of the international leadership of ⁦@PatMcGorry⁩ @orygen and the quality of mental health research in…,,
recognition,2020-09-16 08:22:58,matthewrbroome,https://twitter.com/matthewrbroome,https://twitter.com/i/web/status/1305995552698630147,RT @ian_hickie: Fabulous recognition of the international leadership of ⁦@PatMcGorry⁩ @orygen and the quality of mental health research in…,,
recognition,2020-09-17 22:45:45,jackheath,https://twitter.com/jackheath,https://twitter.com/i/web/status/1306575068273676297,RT @ian_hickie: Fabulous recognition of the international leadership of ⁦@PatMcGorry⁩ @orygen and the quality of mental health research in…,,
early,2020-09-18 21:38:37,MarinaStehle,https://twitter.com/MarinaStehle,https://twitter.com/i/web/status/1306920558907371520,"@ScottMorrisonMP @PatMcGorry @orygen_aus I heard high doses of fish oil are helpful to ward off early signs of mental health issues (like vitamin c for early flu symptoms), very good for brain resilience, as is eating meat. Vegetarians are much more vulnerable to mental health issues.",,
additional,2020-09-17 21:35:30,SuicidePrevAU,https://twitter.com/SuicidePrevAU,https://twitter.com/i/web/status/1306557388284022789,RT @GregHuntMP: Victorians now have access to additional mental health support with 15 new dedicated mental health clinics open to the publ…,,
additional,2020-09-17 10:28:38,fatima_ishfaq,https://twitter.com/fatima_ishfaq,https://twitter.com/i/web/status/1306389563527446528,RT @GregHuntMP: Victorians now have access to additional mental health support with 15 new dedicated mental health clinics open to the publ…,,
additional,2020-09-17 10:30:55,steffbbrown,https://twitter.com/steffbbrown,https://twitter.com/i/web/status/1306390138306486273,RT @GregHuntMP: Victorians now have access to additional mental health support with 15 new dedicated mental health clinics open to the publ…,,
additional,2020-09-17 19:00:32,Kellalea,https://twitter.com/Kellalea,https://twitter.com/i/web/status/1306518390375243776,RT @GregHuntMP: Victorians now have access to additional mental health support with 15 new dedicated mental health clinics open to the publ…,,
additional,2020-09-17 10:02:54,SenatorHume,https://twitter.com/SenatorHume,https://twitter.com/i/web/status/1306383087232638976,RT @GregHuntMP: Victorians now have access to additional mental health support with 15 new dedicated mental health clinics open to the publ…,,
additional,2020-09-18 10:44:35,semphn,https://twitter.com/semphn,https://twitter.com/i/web/status/1306755965803327488,RT @GregHuntMP: Victorians now have access to additional mental health support with 15 new dedicated mental health clinics open to the publ…,,
additional,2020-09-21 13:20:52,MentalHealthVic,https://twitter.com/MentalHealthVic,https://twitter.com/i/web/status/1307882462274412544,RT @GregHuntMP: Victorians now have access to additional mental health support with 15 new dedicated mental health clinics open to the publ…,,
additional,2020-09-17 10:01:59,welcomeandhello,https://twitter.com/welcomeandhello,https://twitter.com/i/web/status/1306382857481285632,RT @GregHuntMP: Victorians now have access to additional mental health support with 15 new dedicated mental health clinics open to the publ…,,
additional,2020-09-21 14:01:29,Dpeters1977,https://twitter.com/Dpeters1977,https://twitter.com/i/web/status/1307892683382296577,RT @GregHuntMP: Victorians now have access to additional mental health support with 15 new dedicated mental health clinics open to the publ…,,
additional,2020-09-20 11:01:22,bprophetable,https://twitter.com/bprophetable,https://twitter.com/i/web/status/1307484966004039680,RT @GregHuntMP: Victorians now have access to additional mental health support with 15 new dedicated mental health clinics open to the publ…,,
