Topic,word1,word2,word3,word4,word5,word6,word7,word8,word9,word10
Topic 1,australia,country,anxiety,family,appear,lockdown,without,america,melbourne,issue
Topic 2,nurse,thing,time,incentive,evaluate,program,anxiety,normal,lonely,workforce
Topic 3,impact,coronavirus,tough,people,covid,partner,depression,stress,anxious,worry
Topic 4,depression,clinic,without,anxiety,tear,uncertainty,wonder,disbelief,heartache,suicide
Topic 5,focus,people,young,physical,response,welfare,national,central,essential,depression
