keyword,counts
timely,492
thread,461
‘coping,450
free,444
online,430
help,429
kid,424
dedicated,416
reminder,412
provides,407
forums,399
wellbeing,395
published,395
community,391
forum,371
app,368
strength,368
weakness,368
another,363
asking,362
life,361
tests,359
easy,357
tim,356
coronavirus',350
bushfires',350
launched,350
boost,347
page,347
support,346
welcome,343
thanks,343
website,337
information,336
stories,336
must,334
self-isolating,333
flatten,333
curve,333
people,330
connected,330
finding,330
#saferinternetday,330
rap,330
moderately,330
mindfully,330
ou,330
ways,329
members,325
best,322
includes,318
reduce,313
often,313
bad,311
used,311
beat,309
phone,305
updated,304
resources,304
looking,301
next,300
chair,300
thro,300
addressing,300
supporting,298
service,297
study,296
kindness,296
improve,294
routine,294
frontline,294
young,293
read,293
men,292
#1800respect,292
eheadspace,289
times,288
gov,285
commitment,285
toolkit,283
coronaviru,283
delivered,283
copin,283
ensure,283
wonder,283
articl,283
gets,283
role,280
developed,277
consuming,277
sift,277
technique,277
filter,277
assess,277
tirelessly,277
plays,277
adjustments,277
underst,277
understa,277
10th,277
