Topic,word1,word2,word3,word4,word5,word6,word7,word8,word9,word10
Topic 1,experience,people,support,australian,australia,victoria,wellbeing,service,physical,sexual
Topic 2,support,impact,someone,violence,launch,community,coronavirus,partner,#violence,available
Topic 3,include,support,resource,provide,#mentalhealth,guideline,#1800respect,thursday,disability,wishing
Topic 4,support,first,release,joint,today,paragraph,press,financial,service,people
Topic 5,covid,depression,trial,physical,woman,research,someone,current,life,australian
