keyword,created_at_local_time,screen_name,user_URL,tweet_URL,tweet_text,hashtag1,hashtag2
keeping,2020-08-12 16:13:13,italiancutie82,https://twitter.com/italiancutie82,https://twitter.com/i/web/status/1293430320008585216,"RT @healthgovau: Keeping a healthy routine, staying engaged and continuing to look forward are all ways to support your mental health durin…",,
keeping,2020-08-18 22:39:23,miffyjayne,https://twitter.com/miffyjayne,https://twitter.com/i/web/status/1295701826323415041,RT @johno0910: I need dozens of mental health nurses right now. Critical to support community based care &amp; keeping people out of ED. Succes…,,
keeping,2020-08-18 21:42:39,Mickholloways,https://twitter.com/Mickholloways,https://twitter.com/i/web/status/1295687549768232961,RT @johno0910: I need dozens of mental health nurses right now. Critical to support community based care &amp; keeping people out of ED. Succes…,,
keeping,2020-08-18 21:55:53,FostKim,https://twitter.com/FostKim,https://twitter.com/i/web/status/1295690881706545152,RT @johno0910: I need dozens of mental health nurses right now. Critical to support community based care &amp; keeping people out of ED. Succes…,,
keeping,2020-08-18 21:50:34,ian_hickie,https://twitter.com/ian_hickie,https://twitter.com/i/web/status/1295689544373661696,RT @johno0910: I need dozens of mental health nurses right now. Critical to support community based care &amp; keeping people out of ED. Succes…,,
keeping,2020-08-18 22:09:51,forestconsult,https://twitter.com/forestconsult,https://twitter.com/i/web/status/1295694397393141761,RT @johno0910: I need dozens of mental health nurses right now. Critical to support community based care &amp; keeping people out of ED. Succes…,,
#mentalhealth,2020-08-14 19:44:11,eachsch,https://twitter.com/eachsch,https://twitter.com/i/web/status/1294208184236650496,"Great having Sharon, from our headspace Knox services join @ScottMorrisonMP and @headspace_aus representatives today to discuss the impact COVID-19 is having on youth mental health.  We're committed to improving access to #mentalhealth services for young people. https://t.co/Q0k0xOEObk",mentalhealth,mentalhealth
#mentalhealth,2020-08-14 10:10:05,InnoWellOrg,https://twitter.com/InnoWellOrg,https://twitter.com/i/web/status/1294063708679933954,"#MentalHealth problems are challenging &amp; complicated. It's important to get support when faced with them.   Unfortunately, there are some myths about depression that make living with it hard to talk about.   Great read by @ReachOut_AUS https://t.co/62xYQPVoL4",MentalHealth,MentalHealth
#mentalhealth,2020-08-17 15:29:13,_ONEINFIVE_,https://twitter.com/_ONEINFIVE_,https://twitter.com/i/web/status/1295231186483068928,"RT @MentalHealthVic: The pandemic will hugely impact the #Mentalhealth of Vic, greatly increasing demand on services that keep people safe…",Mentalhealth,Mentalhealth
#mentalhealth,2020-08-17 13:35:52,SuicidePrevAU,https://twitter.com/SuicidePrevAU,https://twitter.com/i/web/status/1295202658546937856,Welcome news: $31.9 million to create 15 mental health clinics across Victoria and enhance #COVID19Vic #SuicidePrevention and #mentalhealth support. 9 clinics in Greater Melbourne and six in regional Victoria.  @headspace_aus @ScottMorrisonMP   https://t.co/VDbOqLFBaS,COVID19Vic,SuicidePrevention
#mentalhealth,2020-08-17 20:17:44,brettreilly,https://twitter.com/brettreilly,https://twitter.com/i/web/status/1295303793563721728,RT @MentalHealthVic: Today we welcome an additional $31.9 mil from the Fed Gov for 15 #Mentalhealth clinics across Victoria and $ to expand…,Mentalhealth,Mentalhealth
#mentalhealth,2020-08-18 18:21:35,Sian_NP,https://twitter.com/Sian_NP,https://twitter.com/i/web/status/1295636950603280384,"RT @MentalHealthVic: The pandemic will hugely impact the #Mentalhealth of Vic, greatly increasing demand on services that keep people safe…",Mentalhealth,Mentalhealth
#mentalhealth,2020-08-17 20:59:51,FostKim,https://twitter.com/FostKim,https://twitter.com/i/web/status/1295314391705911296,"RT @MentalHealthVic: These clinics will address the lasting impacts of #covid19Vic on the #Mentalhealth needs of Victorians, save lives &amp; h…",covid19Vic,Mentalhealth
#mentalhealth,2020-08-17 20:10:57,NeilEvansmail,https://twitter.com/NeilEvansmail,https://twitter.com/i/web/status/1295302086851084290,RT @MentalHealthVic: Today we welcome an additional $31.9 mil from the Fed Gov for 15 #Mentalhealth clinics across Victoria and $ to expand…,Mentalhealth,Mentalhealth
#mentalhealth,2020-08-17 15:11:49,MentalHealthVic,https://twitter.com/MentalHealthVic,https://twitter.com/i/web/status/1295226806333657088,Today we welcome an additional $31.9 mil from the Fed Gov for 15 #Mentalhealth clinics across Victoria and $ to expand mental health supports during #COVID19Victoria. This investment will save lives. @GregHuntMP  #SuicidePrevention https://t.co/639KSy7lrC,COVID19Victoria,SuicidePrevention
#mentalhealth,2020-08-17 15:23:47,MentalHealthVic,https://twitter.com/MentalHealthVic,https://twitter.com/i/web/status/1295229818473046016,"The pandemic will hugely impact the #Mentalhealth of Vic, greatly increasing demand on services that keep people safe &amp; reduce ER presentations. Today's Fed Gov announcement for 15 MH centres and other supports will help recovery &amp; save lives @GregHuntMP https://t.co/wbuhkwY6jb",Mentalhealth,Mentalhealth
severe,2020-08-13 06:47:51,kyaussie,https://twitter.com/kyaussie,https://twitter.com/i/web/status/1293650428668686339,RT @blackdoginst: A fast-acting nasal spray using #esketamine is showing promise overseas for patients with severe #depression. Studies sho…,depression,esketamine
severe,2020-08-13 10:58:31,anzmha,https://twitter.com/anzmha,https://twitter.com/i/web/status/1293713511219003393,RT @blackdoginst: A fast-acting nasal spray using #esketamine is showing promise overseas for patients with severe #depression. Studies sho…,depression,esketamine
critical,2020-08-18 19:33:21,JasonTrethowan,https://twitter.com/JasonTrethowan,https://twitter.com/i/web/status/1295655013574832128,"@GreenKirken @angelo_virgona @ian_hickie @Sian_NP @RhondaWilsonMHN @GregHuntMP @johno0910 @acnp_national @acn_tweet @PatMcGorry @AASW_ Not ignoring but reading and learning as always on Twitter. The workforce issue is real in mental health. The Government response to the Productivity Commission is critical. We must have team based care, vocational training and cultures of care that excite &amp; support clinicians.",,
critical,2020-08-18 22:39:23,miffyjayne,https://twitter.com/miffyjayne,https://twitter.com/i/web/status/1295701826323415041,RT @johno0910: I need dozens of mental health nurses right now. Critical to support community based care &amp; keeping people out of ED. Succes…,,
critical,2020-08-18 21:42:39,Mickholloways,https://twitter.com/Mickholloways,https://twitter.com/i/web/status/1295687549768232961,RT @johno0910: I need dozens of mental health nurses right now. Critical to support community based care &amp; keeping people out of ED. Succes…,,
critical,2020-08-18 21:55:53,FostKim,https://twitter.com/FostKim,https://twitter.com/i/web/status/1295690881706545152,RT @johno0910: I need dozens of mental health nurses right now. Critical to support community based care &amp; keeping people out of ED. Succes…,,
critical,2020-08-18 21:50:34,ian_hickie,https://twitter.com/ian_hickie,https://twitter.com/i/web/status/1295689544373661696,RT @johno0910: I need dozens of mental health nurses right now. Critical to support community based care &amp; keeping people out of ED. Succes…,,
critical,2020-08-18 22:09:51,forestconsult,https://twitter.com/forestconsult,https://twitter.com/i/web/status/1295694397393141761,RT @johno0910: I need dozens of mental health nurses right now. Critical to support community based care &amp; keeping people out of ED. Succes…,,
touch,2020-08-15 00:06:12,Cassie638,https://twitter.com/Cassie638,https://twitter.com/i/web/status/1294274123342819328,"RT @healthgovau: Make mental health a priority. Eat well, stay active, stay in touch and seek help if needed.",,
touch,2020-08-14 13:41:38,michaelpurvis64,https://twitter.com/michaelpurvis64,https://twitter.com/i/web/status/1294116949597675521,"RT @healthgovau: Make mental health a priority. Eat well, stay active, stay in touch and seek help if needed.",,
using,2020-08-13 06:47:51,kyaussie,https://twitter.com/kyaussie,https://twitter.com/i/web/status/1293650428668686339,RT @blackdoginst: A fast-acting nasal spray using #esketamine is showing promise overseas for patients with severe #depression. Studies sho…,depression,esketamine
using,2020-08-17 22:33:03,ANVAM_Director,https://twitter.com/ANVAM_Director,https://twitter.com/i/web/status/1295337846803320834,"@PatMcGorry @headspace_aus @ScottMorrisonMP We need innovative in mental health at this time.  Demand points to using ALL our mental health resources - our art therapists are highly qualified, experienced and ready to.",,
using,2020-08-13 10:58:31,anzmha,https://twitter.com/anzmha,https://twitter.com/i/web/status/1293713511219003393,RT @blackdoginst: A fast-acting nasal spray using #esketamine is showing promise overseas for patients with severe #depression. Studies sho…,depression,esketamine
important,2020-08-14 10:10:05,InnoWellOrg,https://twitter.com/InnoWellOrg,https://twitter.com/i/web/status/1294063708679933954,"#MentalHealth problems are challenging &amp; complicated. It's important to get support when faced with them.   Unfortunately, there are some myths about depression that make living with it hard to talk about.   Great read by @ReachOut_AUS https://t.co/62xYQPVoL4",MentalHealth,MentalHealth
important,2020-08-18 14:18:22,IPCHealth_au,https://twitter.com/IPCHealth_au,https://twitter.com/i/web/status/1295575744777601024,RT @healthgovau: It is more important than ever that we remain socially and emotionally connected. If you need mental health information or…,,
important,2020-08-18 13:55:57,NCCgovau,https://twitter.com/NCCgovau,https://twitter.com/i/web/status/1295570102046224384,RT @healthgovau: It is more important than ever that we remain socially and emotionally connected. If you need mental health information or…,,
important,2020-08-18 13:44:50,Qld_MHC,https://twitter.com/Qld_MHC,https://twitter.com/i/web/status/1295567302474125318,RT @healthgovau: It is more important than ever that we remain socially and emotionally connected. If you need mental health information or…,,
important,2020-08-18 19:33:49,ASPForg,https://twitter.com/ASPForg,https://twitter.com/i/web/status/1295655130554159105,RT @healthgovau: It is more important than ever that we remain socially and emotionally connected. If you need mental health information or…,,
important,2020-08-18 14:54:20,TEQSAGov,https://twitter.com/TEQSAGov,https://twitter.com/i/web/status/1295584795125092354,RT @healthgovau: It is more important than ever that we remain socially and emotionally connected. If you need mental health information or…,,
important,2020-08-18 13:49:01,darlingdownshhs,https://twitter.com/darlingdownshhs,https://twitter.com/i/web/status/1295568357932990465,RT @healthgovau: It is more important than ever that we remain socially and emotionally connected. If you need mental health information or…,,
important,2020-08-17 20:35:00,DedousisAnna,https://twitter.com/DedousisAnna,https://twitter.com/i/web/status/1295308138342621184,RT @DrVanessaCobham: Such an important message - evidence-based parenting interventions are the frontline of mental health care for so many…,,
important,2020-08-18 11:05:53,SenSHenderson,https://twitter.com/SenSHenderson,https://twitter.com/i/web/status/1295527302458089472,So important to reach out for mental health support if you need it.   See my joint release with @GregHuntMP on this significant investment by the @ScottMorrisonMP Govt in mental health clinics including for regional Victoria.   https://t.co/FAourFbIob https://t.co/IZDn10RYkn,,
important,2020-08-17 12:37:22,DrVanessaCobham,https://twitter.com/DrVanessaCobham,https://twitter.com/i/web/status/1295187936053321728,Such an important message - evidence-based parenting interventions are the frontline of mental health care for so many children &amp; should attract a Medicare rebate @NMHC @GregHuntMP @AnnastaciaMP https://t.co/dCvxP21psc,,
priority,2020-08-15 00:06:12,Cassie638,https://twitter.com/Cassie638,https://twitter.com/i/web/status/1294274123342819328,"RT @healthgovau: Make mental health a priority. Eat well, stay active, stay in touch and seek help if needed.",,
priority,2020-08-14 13:41:38,michaelpurvis64,https://twitter.com/michaelpurvis64,https://twitter.com/i/web/status/1294116949597675521,"RT @healthgovau: Make mental health a priority. Eat well, stay active, stay in touch and seek help if needed.",,
active,2020-08-13 15:45:00,ceda_news,https://twitter.com/ceda_news,https://twitter.com/i/web/status/1293785606426963973,"With speakers including @ScottMorrisonMP on Australia's COVID response, @JuliaGillard on mental health, as well as other leaders from government, business &amp; the community, watch some highlights from our interactive livestreams over the past few months  https://t.co/n2MSHwIRsu",,
active,2020-08-15 00:06:12,Cassie638,https://twitter.com/Cassie638,https://twitter.com/i/web/status/1294274123342819328,"RT @healthgovau: Make mental health a priority. Eat well, stay active, stay in touch and seek help if needed.",,
active,2020-08-14 13:41:38,michaelpurvis64,https://twitter.com/michaelpurvis64,https://twitter.com/i/web/status/1294116949597675521,"RT @healthgovau: Make mental health a priority. Eat well, stay active, stay in touch and seek help if needed.",,
active,2020-08-15 10:16:49,ShazzaCook,https://twitter.com/ShazzaCook,https://twitter.com/i/web/status/1294427792176644096,RT @healthgovau: Being active makes a big difference to your physical and mental health. Find a daily activity that works for you while sta…,,
active,2020-08-16 05:44:36,ManjitK6987,https://twitter.com/ManjitK6987,https://twitter.com/i/web/status/1294721675078979584,"RT @NeuroscienceNew: Active social connection is the strongest protective factor for depression, a new study reports. Additionally, sedenta…",,
today,2020-08-14 19:44:11,eachsch,https://twitter.com/eachsch,https://twitter.com/i/web/status/1294208184236650496,"Great having Sharon, from our headspace Knox services join @ScottMorrisonMP and @headspace_aus representatives today to discuss the impact COVID-19 is having on youth mental health.  We're committed to improving access to #mentalhealth services for young people. https://t.co/Q0k0xOEObk",mentalhealth,mentalhealth
today,2020-08-17 20:17:44,brettreilly,https://twitter.com/brettreilly,https://twitter.com/i/web/status/1295303793563721728,RT @MentalHealthVic: Today we welcome an additional $31.9 mil from the Fed Gov for 15 #Mentalhealth clinics across Victoria and $ to expand…,Mentalhealth,Mentalhealth
today,2020-08-17 20:10:57,NeilEvansmail,https://twitter.com/NeilEvansmail,https://twitter.com/i/web/status/1295302086851084290,RT @MentalHealthVic: Today we welcome an additional $31.9 mil from the Fed Gov for 15 #Mentalhealth clinics across Victoria and $ to expand…,Mentalhealth,Mentalhealth
today,2020-08-18 08:20:09,RachelEMenzies,https://twitter.com/RachelEMenzies,https://twitter.com/i/web/status/1295485594257293312,"New publication out today! 🎉 Findings include significant relationships between death anxiety and all 6 symptom domains of #OCD including checking, contamination, hoarding &amp; obsessions, even after controlling for neuroticism @matteo_zuccala @LSharpeUsyd  https://t.co/EVGmfLDJY8 https://t.co/yWqzu5DSJx",OCD,OCD
today,2020-08-17 17:12:28,ian_hickie,https://twitter.com/ian_hickie,https://twitter.com/i/web/status/1295257169806254081,@9NewsMelb @GregHuntMP 1/2 Today's announcements of substantial and immediate expansion of team-based mental health care in Victoria is very welcome. It sets the right direction for what is really required in response to COVID19. Similar developments also needed urgently in other states. @PatsKarvelas,,
today,2020-08-17 15:11:49,MentalHealthVic,https://twitter.com/MentalHealthVic,https://twitter.com/i/web/status/1295226806333657088,Today we welcome an additional $31.9 mil from the Fed Gov for 15 #Mentalhealth clinics across Victoria and $ to expand mental health supports during #COVID19Victoria. This investment will save lives. @GregHuntMP  #SuicidePrevention https://t.co/639KSy7lrC,COVID19Victoria,SuicidePrevention
today,2020-08-17 15:23:47,MentalHealthVic,https://twitter.com/MentalHealthVic,https://twitter.com/i/web/status/1295229818473046016,"The pandemic will hugely impact the #Mentalhealth of Vic, greatly increasing demand on services that keep people safe &amp; reduce ER presentations. Today's Fed Gov announcement for 15 MH centres and other supports will help recovery &amp; save lives @GregHuntMP https://t.co/wbuhkwY6jb",Mentalhealth,Mentalhealth
today,2020-08-17 16:23:03,MentalHealthVic,https://twitter.com/MentalHealthVic,https://twitter.com/i/web/status/1295244731853619200,"The pandemic will hugely impact the #Mentalhealth of Vic, greatly increasing demand on services that keep people safe &amp; reduce ER presentations. Today's Fed Gov announcement for 15 MH clinics and other supports will help recovery &amp; save lives @GregHuntMP https://t.co/wbuhkwY6jb",Mentalhealth,Mentalhealth
today,2020-08-13 20:40:20,chitombo,https://twitter.com/chitombo,https://twitter.com/i/web/status/1293859929393000448,"RT @zarahsultana: Congratulations to everyone getting their A Level results today!  Results Day is usually full of anxiety, but the Governm…",,
today,2020-08-17 20:17:13,ms_dingo,https://twitter.com/ms_dingo,https://twitter.com/i/web/status/1295303664676962305,RT @MentalHealthVic: Today we welcome an additional $31.9 mil from the Fed Gov for 15 #Mentalhealth clinics across Victoria and $ to expand…,Mentalhealth,Mentalhealth
child,2020-08-17 12:37:22,DrVanessaCobham,https://twitter.com/DrVanessaCobham,https://twitter.com/i/web/status/1295187936053321728,Such an important message - evidence-based parenting interventions are the frontline of mental health care for so many children &amp; should attract a Medicare rebate @NMHC @GregHuntMP @AnnastaciaMP https://t.co/dCvxP21psc,,
child,2020-08-14 10:30:41,AustPsych,https://twitter.com/AustPsych,https://twitter.com/i/web/status/1294068895230369798,"In some parts of the country, the anxiety associated with the pandemic is real and present. Find out how to help manage these feelings. Learn the facts, practise self-care, and read tips on how to talk to your children https://t.co/BPckJ4zSIS  #mentalhealth #psychology #COVID19",COVID19,psychology
fast-acting,2020-08-13 06:47:51,kyaussie,https://twitter.com/kyaussie,https://twitter.com/i/web/status/1293650428668686339,RT @blackdoginst: A fast-acting nasal spray using #esketamine is showing promise overseas for patients with severe #depression. Studies sho…,depression,esketamine
fast-acting,2020-08-13 10:58:31,anzmha,https://twitter.com/anzmha,https://twitter.com/i/web/status/1293713511219003393,RT @blackdoginst: A fast-acting nasal spray using #esketamine is showing promise overseas for patients with severe #depression. Studies sho…,depression,esketamine
succes,2020-08-18 22:39:23,miffyjayne,https://twitter.com/miffyjayne,https://twitter.com/i/web/status/1295701826323415041,RT @johno0910: I need dozens of mental health nurses right now. Critical to support community based care &amp; keeping people out of ED. Succes…,,
succes,2020-08-18 21:42:39,Mickholloways,https://twitter.com/Mickholloways,https://twitter.com/i/web/status/1295687549768232961,RT @johno0910: I need dozens of mental health nurses right now. Critical to support community based care &amp; keeping people out of ED. Succes…,,
succes,2020-08-18 21:55:53,FostKim,https://twitter.com/FostKim,https://twitter.com/i/web/status/1295690881706545152,RT @johno0910: I need dozens of mental health nurses right now. Critical to support community based care &amp; keeping people out of ED. Succes…,,
succes,2020-08-18 21:50:34,ian_hickie,https://twitter.com/ian_hickie,https://twitter.com/i/web/status/1295689544373661696,RT @johno0910: I need dozens of mental health nurses right now. Critical to support community based care &amp; keeping people out of ED. Succes…,,
succes,2020-08-18 22:09:51,forestconsult,https://twitter.com/forestconsult,https://twitter.com/i/web/status/1295694397393141761,RT @johno0910: I need dozens of mental health nurses right now. Critical to support community based care &amp; keeping people out of ED. Succes…,,
community,2020-08-13 15:45:00,ceda_news,https://twitter.com/ceda_news,https://twitter.com/i/web/status/1293785606426963973,"With speakers including @ScottMorrisonMP on Australia's COVID response, @JuliaGillard on mental health, as well as other leaders from government, business &amp; the community, watch some highlights from our interactive livestreams over the past few months  https://t.co/n2MSHwIRsu",,
community,2020-08-18 22:39:23,miffyjayne,https://twitter.com/miffyjayne,https://twitter.com/i/web/status/1295701826323415041,RT @johno0910: I need dozens of mental health nurses right now. Critical to support community based care &amp; keeping people out of ED. Succes…,,
community,2020-08-18 21:42:39,Mickholloways,https://twitter.com/Mickholloways,https://twitter.com/i/web/status/1295687549768232961,RT @johno0910: I need dozens of mental health nurses right now. Critical to support community based care &amp; keeping people out of ED. Succes…,,
community,2020-08-18 21:55:53,FostKim,https://twitter.com/FostKim,https://twitter.com/i/web/status/1295690881706545152,RT @johno0910: I need dozens of mental health nurses right now. Critical to support community based care &amp; keeping people out of ED. Succes…,,
community,2020-08-18 21:50:34,ian_hickie,https://twitter.com/ian_hickie,https://twitter.com/i/web/status/1295689544373661696,RT @johno0910: I need dozens of mental health nurses right now. Critical to support community based care &amp; keeping people out of ED. Succes…,,
community,2020-08-18 22:09:51,forestconsult,https://twitter.com/forestconsult,https://twitter.com/i/web/status/1295694397393141761,RT @johno0910: I need dozens of mental health nurses right now. Critical to support community based care &amp; keeping people out of ED. Succes…,,
people,2020-08-14 19:44:11,eachsch,https://twitter.com/eachsch,https://twitter.com/i/web/status/1294208184236650496,"Great having Sharon, from our headspace Knox services join @ScottMorrisonMP and @headspace_aus representatives today to discuss the impact COVID-19 is having on youth mental health.  We're committed to improving access to #mentalhealth services for young people. https://t.co/Q0k0xOEObk",mentalhealth,mentalhealth
people,2020-08-13 20:49:48,BrianNODonoghue,https://twitter.com/BrianNODonoghue,https://twitter.com/i/web/status/1293862312332259328,RT @orygen_aus: The impact of COVID-19 on young people is and will continue to be immense. Orygen welcomes yesterday's funding announcement…,,
people,2020-08-17 15:29:13,_ONEINFIVE_,https://twitter.com/_ONEINFIVE_,https://twitter.com/i/web/status/1295231186483068928,"RT @MentalHealthVic: The pandemic will hugely impact the #Mentalhealth of Vic, greatly increasing demand on services that keep people safe…",Mentalhealth,Mentalhealth
people,2020-08-18 22:39:23,miffyjayne,https://twitter.com/miffyjayne,https://twitter.com/i/web/status/1295701826323415041,RT @johno0910: I need dozens of mental health nurses right now. Critical to support community based care &amp; keeping people out of ED. Succes…,,
people,2020-08-18 21:42:39,Mickholloways,https://twitter.com/Mickholloways,https://twitter.com/i/web/status/1295687549768232961,RT @johno0910: I need dozens of mental health nurses right now. Critical to support community based care &amp; keeping people out of ED. Succes…,,
people,2020-08-18 18:21:35,Sian_NP,https://twitter.com/Sian_NP,https://twitter.com/i/web/status/1295636950603280384,"RT @MentalHealthVic: The pandemic will hugely impact the #Mentalhealth of Vic, greatly increasing demand on services that keep people safe…",Mentalhealth,Mentalhealth
people,2020-08-18 21:55:53,FostKim,https://twitter.com/FostKim,https://twitter.com/i/web/status/1295690881706545152,RT @johno0910: I need dozens of mental health nurses right now. Critical to support community based care &amp; keeping people out of ED. Succes…,,
people,2020-08-18 21:50:34,ian_hickie,https://twitter.com/ian_hickie,https://twitter.com/i/web/status/1295689544373661696,RT @johno0910: I need dozens of mental health nurses right now. Critical to support community based care &amp; keeping people out of ED. Succes…,,
people,2020-08-17 15:23:47,MentalHealthVic,https://twitter.com/MentalHealthVic,https://twitter.com/i/web/status/1295229818473046016,"The pandemic will hugely impact the #Mentalhealth of Vic, greatly increasing demand on services that keep people safe &amp; reduce ER presentations. Today's Fed Gov announcement for 15 MH centres and other supports will help recovery &amp; save lives @GregHuntMP https://t.co/wbuhkwY6jb",Mentalhealth,Mentalhealth
people,2020-08-17 16:23:03,MentalHealthVic,https://twitter.com/MentalHealthVic,https://twitter.com/i/web/status/1295244731853619200,"The pandemic will hugely impact the #Mentalhealth of Vic, greatly increasing demand on services that keep people safe &amp; reduce ER presentations. Today's Fed Gov announcement for 15 MH clinics and other supports will help recovery &amp; save lives @GregHuntMP https://t.co/wbuhkwY6jb",Mentalhealth,Mentalhealth
patient,2020-08-13 12:33:07,tamworth1965,https://twitter.com/tamworth1965,https://twitter.com/i/web/status/1293737317446778880,RT @drrjgoodman: @GregHuntMP Thank you @GregHuntMP this is fantastic &amp; very welcomed by my patients in Melbourne at this time. However we’v…,,
patient,2020-08-13 11:02:06,drrjgoodman,https://twitter.com/drrjgoodman,https://twitter.com/i/web/status/1293714411534786561,@GregHuntMP Thank you @GregHuntMP this is fantastic &amp; very welcomed by my patients in Melbourne at this time. However we’ve been told by Medicare that the new item numbers for the Mental Health Care Plan review for the additional sessions is still being worked out? Can you help? @RACGP,,
patient,2020-08-13 06:47:51,kyaussie,https://twitter.com/kyaussie,https://twitter.com/i/web/status/1293650428668686339,RT @blackdoginst: A fast-acting nasal spray using #esketamine is showing promise overseas for patients with severe #depression. Studies sho…,depression,esketamine
patient,2020-08-13 15:57:41,welcomeandhello,https://twitter.com/welcomeandhello,https://twitter.com/i/web/status/1293788797222584320,"54% for yoga stress reduction is a strong result. I think yoga is underestimated in its impact on reducing anxiety &amp; restoring a calmer mind. My daughter did it as inpatient at EI stage &amp; it noticeably helped quiet her racing mind while lying on mat, w blanket &amp; music at the end https://t.co/Djzt4e7SU8",,
patient,2020-08-13 10:58:31,anzmha,https://twitter.com/anzmha,https://twitter.com/i/web/status/1293713511219003393,RT @blackdoginst: A fast-acting nasal spray using #esketamine is showing promise overseas for patients with severe #depression. Studies sho…,depression,esketamine
pandemic,2020-08-17 15:29:13,_ONEINFIVE_,https://twitter.com/_ONEINFIVE_,https://twitter.com/i/web/status/1295231186483068928,"RT @MentalHealthVic: The pandemic will hugely impact the #Mentalhealth of Vic, greatly increasing demand on services that keep people safe…",Mentalhealth,Mentalhealth
pandemic,2020-08-18 18:21:35,Sian_NP,https://twitter.com/Sian_NP,https://twitter.com/i/web/status/1295636950603280384,"RT @MentalHealthVic: The pandemic will hugely impact the #Mentalhealth of Vic, greatly increasing demand on services that keep people safe…",Mentalhealth,Mentalhealth
pandemic,2020-08-13 14:23:00,dlmetcalf,https://twitter.com/dlmetcalf,https://twitter.com/i/web/status/1293764971629654016,"RT @billbowtell: Facts build trust. Truth might be embarrassing or unpleasant, but in a pandemic vital to reduce needless anxiety and pain.…",,
pandemic,2020-08-17 15:23:47,MentalHealthVic,https://twitter.com/MentalHealthVic,https://twitter.com/i/web/status/1295229818473046016,"The pandemic will hugely impact the #Mentalhealth of Vic, greatly increasing demand on services that keep people safe &amp; reduce ER presentations. Today's Fed Gov announcement for 15 MH centres and other supports will help recovery &amp; save lives @GregHuntMP https://t.co/wbuhkwY6jb",Mentalhealth,Mentalhealth
pandemic,2020-08-17 16:23:03,MentalHealthVic,https://twitter.com/MentalHealthVic,https://twitter.com/i/web/status/1295244731853619200,"The pandemic will hugely impact the #Mentalhealth of Vic, greatly increasing demand on services that keep people safe &amp; reduce ER presentations. Today's Fed Gov announcement for 15 MH clinics and other supports will help recovery &amp; save lives @GregHuntMP https://t.co/wbuhkwY6jb",Mentalhealth,Mentalhealth
pandemic,2020-08-14 10:30:41,AustPsych,https://twitter.com/AustPsych,https://twitter.com/i/web/status/1294068895230369798,"In some parts of the country, the anxiety associated with the pandemic is real and present. Find out how to help manage these feelings. Learn the facts, practise self-care, and read tips on how to talk to your children https://t.co/BPckJ4zSIS  #mentalhealth #psychology #COVID19",COVID19,psychology
pandemic,2020-08-18 08:13:47,PatMcGorry,https://twitter.com/PatMcGorry,https://twitter.com/i/web/status/1295483993995931648,"RT @MentalHealthVic: The pandemic will hugely impact the #Mentalhealth of Vic, greatly increasing demand on services that keep people safe…",Mentalhealth,Mentalhealth
pandemic,2020-08-18 10:17:09,tandemcarers,https://twitter.com/tandemcarers,https://twitter.com/i/web/status/1295515040498368512,"RT @MentalHealthVic: The pandemic will hugely impact the #Mentalhealth of Vic, greatly increasing demand on services that keep people safe…",Mentalhealth,Mentalhealth
pandemic,2020-08-17 17:17:49,Dpeters1977,https://twitter.com/Dpeters1977,https://twitter.com/i/web/status/1295258513623511041,"RT @MentalHealthVic: The pandemic will hugely impact the #Mentalhealth of Vic, greatly increasing demand on services that keep people safe…",Mentalhealth,Mentalhealth
pandemic,2020-08-18 08:18:40,jmagjnagjmag,https://twitter.com/jmagjnagjmag,https://twitter.com/i/web/status/1295485220829818881,"RT @MentalHealthVic: The pandemic will hugely impact the #Mentalhealth of Vic, greatly increasing demand on services that keep people safe…",Mentalhealth,Mentalhealth
information,2020-08-18 14:18:22,IPCHealth_au,https://twitter.com/IPCHealth_au,https://twitter.com/i/web/status/1295575744777601024,RT @healthgovau: It is more important than ever that we remain socially and emotionally connected. If you need mental health information or…,,
information,2020-08-18 13:55:57,NCCgovau,https://twitter.com/NCCgovau,https://twitter.com/i/web/status/1295570102046224384,RT @healthgovau: It is more important than ever that we remain socially and emotionally connected. If you need mental health information or…,,
information,2020-08-18 13:44:50,Qld_MHC,https://twitter.com/Qld_MHC,https://twitter.com/i/web/status/1295567302474125318,RT @healthgovau: It is more important than ever that we remain socially and emotionally connected. If you need mental health information or…,,
information,2020-08-18 19:33:49,ASPForg,https://twitter.com/ASPForg,https://twitter.com/i/web/status/1295655130554159105,RT @healthgovau: It is more important than ever that we remain socially and emotionally connected. If you need mental health information or…,,
information,2020-08-18 14:54:20,TEQSAGov,https://twitter.com/TEQSAGov,https://twitter.com/i/web/status/1295584795125092354,RT @healthgovau: It is more important than ever that we remain socially and emotionally connected. If you need mental health information or…,,
information,2020-08-18 13:49:01,darlingdownshhs,https://twitter.com/darlingdownshhs,https://twitter.com/i/web/status/1295568357932990465,RT @healthgovau: It is more important than ever that we remain socially and emotionally connected. If you need mental health information or…,,
need,2020-08-15 09:10:57,PatMcGorry,https://twitter.com/PatMcGorry,https://twitter.com/i/web/status/1294411216090062848,Put your hand up https://t.co/qEJE4wm4mY via @YouTube  Kieran O'Connell's captures the mood of many Australians struggling with mental health. Just put your hand up &amp; show you need help. Could be life-saving @headspace_aus @orygen_aus @LifelineAust @beyondblue @ScottMorrisonMP,,
need,2020-08-18 14:18:22,IPCHealth_au,https://twitter.com/IPCHealth_au,https://twitter.com/i/web/status/1295575744777601024,RT @healthgovau: It is more important than ever that we remain socially and emotionally connected. If you need mental health information or…,,
need,2020-08-18 13:55:57,NCCgovau,https://twitter.com/NCCgovau,https://twitter.com/i/web/status/1295570102046224384,RT @healthgovau: It is more important than ever that we remain socially and emotionally connected. If you need mental health information or…,,
need,2020-08-18 13:44:50,Qld_MHC,https://twitter.com/Qld_MHC,https://twitter.com/i/web/status/1295567302474125318,RT @healthgovau: It is more important than ever that we remain socially and emotionally connected. If you need mental health information or…,,
need,2020-08-18 19:33:49,ASPForg,https://twitter.com/ASPForg,https://twitter.com/i/web/status/1295655130554159105,RT @healthgovau: It is more important than ever that we remain socially and emotionally connected. If you need mental health information or…,,
need,2020-08-18 14:54:20,TEQSAGov,https://twitter.com/TEQSAGov,https://twitter.com/i/web/status/1295584795125092354,RT @healthgovau: It is more important than ever that we remain socially and emotionally connected. If you need mental health information or…,,
need,2020-08-18 13:49:01,darlingdownshhs,https://twitter.com/darlingdownshhs,https://twitter.com/i/web/status/1295568357932990465,RT @healthgovau: It is more important than ever that we remain socially and emotionally connected. If you need mental health information or…,,
need,2020-08-18 11:05:53,SenSHenderson,https://twitter.com/SenSHenderson,https://twitter.com/i/web/status/1295527302458089472,So important to reach out for mental health support if you need it.   See my joint release with @GregHuntMP on this significant investment by the @ScottMorrisonMP Govt in mental health clinics including for regional Victoria.   https://t.co/FAourFbIob https://t.co/IZDn10RYkn,,
need,2020-08-18 22:39:23,miffyjayne,https://twitter.com/miffyjayne,https://twitter.com/i/web/status/1295701826323415041,RT @johno0910: I need dozens of mental health nurses right now. Critical to support community based care &amp; keeping people out of ED. Succes…,,
need,2020-08-18 21:42:39,Mickholloways,https://twitter.com/Mickholloways,https://twitter.com/i/web/status/1295687549768232961,RT @johno0910: I need dozens of mental health nurses right now. Critical to support community based care &amp; keeping people out of ED. Succes…,,
clinic,2020-08-18 19:33:21,JasonTrethowan,https://twitter.com/JasonTrethowan,https://twitter.com/i/web/status/1295655013574832128,"@GreenKirken @angelo_virgona @ian_hickie @Sian_NP @RhondaWilsonMHN @GregHuntMP @johno0910 @acnp_national @acn_tweet @PatMcGorry @AASW_ Not ignoring but reading and learning as always on Twitter. The workforce issue is real in mental health. The Government response to the Productivity Commission is critical. We must have team based care, vocational training and cultures of care that excite &amp; support clinicians.",,
clinic,2020-08-18 11:05:53,SenSHenderson,https://twitter.com/SenSHenderson,https://twitter.com/i/web/status/1295527302458089472,So important to reach out for mental health support if you need it.   See my joint release with @GregHuntMP on this significant investment by the @ScottMorrisonMP Govt in mental health clinics including for regional Victoria.   https://t.co/FAourFbIob https://t.co/IZDn10RYkn,,
clinic,2020-08-17 13:39:24,political_alert,https://twitter.com/political_alert,https://twitter.com/i/web/status/1295203548162973696,RT @SuicidePrevAU: Welcome news: $31.9 million to create 15 mental health clinics across Victoria and enhance #COVID19Vic #SuicidePreventio…,COVID19Vic,COVID19Vic
clinic,2020-08-17 13:35:52,SuicidePrevAU,https://twitter.com/SuicidePrevAU,https://twitter.com/i/web/status/1295202658546937856,Welcome news: $31.9 million to create 15 mental health clinics across Victoria and enhance #COVID19Vic #SuicidePrevention and #mentalhealth support. 9 clinics in Greater Melbourne and six in regional Victoria.  @headspace_aus @ScottMorrisonMP   https://t.co/VDbOqLFBaS,COVID19Vic,SuicidePrevention
clinic,2020-08-17 20:17:44,brettreilly,https://twitter.com/brettreilly,https://twitter.com/i/web/status/1295303793563721728,RT @MentalHealthVic: Today we welcome an additional $31.9 mil from the Fed Gov for 15 #Mentalhealth clinics across Victoria and $ to expand…,Mentalhealth,Mentalhealth
clinic,2020-08-17 20:59:51,FostKim,https://twitter.com/FostKim,https://twitter.com/i/web/status/1295314391705911296,"RT @MentalHealthVic: These clinics will address the lasting impacts of #covid19Vic on the #Mentalhealth needs of Victorians, save lives &amp; h…",covid19Vic,Mentalhealth
clinic,2020-08-17 20:10:57,NeilEvansmail,https://twitter.com/NeilEvansmail,https://twitter.com/i/web/status/1295302086851084290,RT @MentalHealthVic: Today we welcome an additional $31.9 mil from the Fed Gov for 15 #Mentalhealth clinics across Victoria and $ to expand…,Mentalhealth,Mentalhealth
clinic,2020-08-17 13:47:09,Kylie_E_King,https://twitter.com/Kylie_E_King,https://twitter.com/i/web/status/1295205497709027329,RT @SuicidePrevAU: Welcome news: $31.9 million to create 15 mental health clinics across Victoria and enhance #COVID19Vic #SuicidePreventio…,COVID19Vic,COVID19Vic
clinic,2020-08-17 15:11:49,MentalHealthVic,https://twitter.com/MentalHealthVic,https://twitter.com/i/web/status/1295226806333657088,Today we welcome an additional $31.9 mil from the Fed Gov for 15 #Mentalhealth clinics across Victoria and $ to expand mental health supports during #COVID19Victoria. This investment will save lives. @GregHuntMP  #SuicidePrevention https://t.co/639KSy7lrC,COVID19Victoria,SuicidePrevention
clinic,2020-08-17 15:32:38,MentalHealthVic,https://twitter.com/MentalHealthVic,https://twitter.com/i/web/status/1295232044134408192,"These centres will address the lasting impacts of #covid19Vic on the #Mentalhealth needs of Victorians, save lives &amp; help us recover. Hopefully the foundation for fully fledged clinics with ongoing funding across the country. @GregHuntMP https://t.co/RLpFQsiuMZ",covid19Vic,Mentalhealth
#depression,2020-08-17 17:09:21,ASPForg,https://twitter.com/ASPForg,https://twitter.com/i/web/status/1295256386746617858,"#Depression, with #anxiety, feeling tired, not coping and poor concentration is a secret but very common illness, which will affect 20% of Australians. As a sufferer or as a supporter of someone with this illness, you are not alone. We understand and want to help. #suicide",anxiety,suicide
#depression,2020-08-13 06:47:51,kyaussie,https://twitter.com/kyaussie,https://twitter.com/i/web/status/1293650428668686339,RT @blackdoginst: A fast-acting nasal spray using #esketamine is showing promise overseas for patients with severe #depression. Studies sho…,depression,esketamine
#depression,2020-08-13 10:58:31,anzmha,https://twitter.com/anzmha,https://twitter.com/i/web/status/1293713511219003393,RT @blackdoginst: A fast-acting nasal spray using #esketamine is showing promise overseas for patients with severe #depression. Studies sho…,depression,esketamine
base,2020-08-17 20:35:00,DedousisAnna,https://twitter.com/DedousisAnna,https://twitter.com/i/web/status/1295308138342621184,RT @DrVanessaCobham: Such an important message - evidence-based parenting interventions are the frontline of mental health care for so many…,,
base,2020-08-18 19:33:21,JasonTrethowan,https://twitter.com/JasonTrethowan,https://twitter.com/i/web/status/1295655013574832128,"@GreenKirken @angelo_virgona @ian_hickie @Sian_NP @RhondaWilsonMHN @GregHuntMP @johno0910 @acnp_national @acn_tweet @PatMcGorry @AASW_ Not ignoring but reading and learning as always on Twitter. The workforce issue is real in mental health. The Government response to the Productivity Commission is critical. We must have team based care, vocational training and cultures of care that excite &amp; support clinicians.",,
base,2020-08-18 22:39:23,miffyjayne,https://twitter.com/miffyjayne,https://twitter.com/i/web/status/1295701826323415041,RT @johno0910: I need dozens of mental health nurses right now. Critical to support community based care &amp; keeping people out of ED. Succes…,,
base,2020-08-18 21:42:39,Mickholloways,https://twitter.com/Mickholloways,https://twitter.com/i/web/status/1295687549768232961,RT @johno0910: I need dozens of mental health nurses right now. Critical to support community based care &amp; keeping people out of ED. Succes…,,
base,2020-08-18 21:55:53,FostKim,https://twitter.com/FostKim,https://twitter.com/i/web/status/1295690881706545152,RT @johno0910: I need dozens of mental health nurses right now. Critical to support community based care &amp; keeping people out of ED. Succes…,,
base,2020-08-17 17:12:28,ian_hickie,https://twitter.com/ian_hickie,https://twitter.com/i/web/status/1295257169806254081,@9NewsMelb @GregHuntMP 1/2 Today's announcements of substantial and immediate expansion of team-based mental health care in Victoria is very welcome. It sets the right direction for what is really required in response to COVID19. Similar developments also needed urgently in other states. @PatsKarvelas,,
base,2020-08-18 21:50:34,ian_hickie,https://twitter.com/ian_hickie,https://twitter.com/i/web/status/1295689544373661696,RT @johno0910: I need dozens of mental health nurses right now. Critical to support community based care &amp; keeping people out of ED. Succes…,,
base,2020-08-17 12:37:22,DrVanessaCobham,https://twitter.com/DrVanessaCobham,https://twitter.com/i/web/status/1295187936053321728,Such an important message - evidence-based parenting interventions are the frontline of mental health care for so many children &amp; should attract a Medicare rebate @NMHC @GregHuntMP @AnnastaciaMP https://t.co/dCvxP21psc,,
base,2020-08-17 15:57:09,AaronFrostPhD,https://twitter.com/AaronFrostPhD,https://twitter.com/i/web/status/1295238216044302336,RT @DrVanessaCobham: Such an important message - evidence-based parenting interventions are the frontline of mental health care for so many…,,
base,2020-08-18 22:09:51,forestconsult,https://twitter.com/forestconsult,https://twitter.com/i/web/status/1295694397393141761,RT @johno0910: I need dozens of mental health nurses right now. Critical to support community based care &amp; keeping people out of ED. Succes…,,
difference,2020-08-15 10:16:49,ShazzaCook,https://twitter.com/ShazzaCook,https://twitter.com/i/web/status/1294427792176644096,RT @healthgovau: Being active makes a big difference to your physical and mental health. Find a daily activity that works for you while sta…,,
difference,2020-08-17 08:05:40,FLMirabelli,https://twitter.com/FLMirabelli,https://twitter.com/i/web/status/1295119560601792512,@ScottMorrisonMP will be announcing a further $27M in funding towards mental health services for Victorians today. Lots of people are suffering. Reach out - it could make a huge difference to someone who is in crisis #melbournelockdown2020 #MentalHealthMatters,melbournelockdown2020,MentalHealthMatters
experience,2020-08-16 07:46:13,Friendcare61,https://twitter.com/Friendcare61,https://twitter.com/i/web/status/1294752278511882241,RT @AnxietyUK: Group therapy can be a great way to share your experiences with others whilst learning tips on how to manage your #anxiety.…,anxiety,anxiety
experience,2020-08-17 22:33:03,ANVAM_Director,https://twitter.com/ANVAM_Director,https://twitter.com/i/web/status/1295337846803320834,"@PatMcGorry @headspace_aus @ScottMorrisonMP We need innovative in mental health at this time.  Demand points to using ALL our mental health resources - our art therapists are highly qualified, experienced and ready to.",,
promise,2020-08-13 06:47:51,kyaussie,https://twitter.com/kyaussie,https://twitter.com/i/web/status/1293650428668686339,RT @blackdoginst: A fast-acting nasal spray using #esketamine is showing promise overseas for patients with severe #depression. Studies sho…,depression,esketamine
promise,2020-08-13 10:58:31,anzmha,https://twitter.com/anzmha,https://twitter.com/i/web/status/1293713511219003393,RT @blackdoginst: A fast-acting nasal spray using #esketamine is showing promise overseas for patients with severe #depression. Studies sho…,depression,esketamine
dozen,2020-08-18 22:39:23,miffyjayne,https://twitter.com/miffyjayne,https://twitter.com/i/web/status/1295701826323415041,RT @johno0910: I need dozens of mental health nurses right now. Critical to support community based care &amp; keeping people out of ED. Succes…,,
dozen,2020-08-18 21:42:39,Mickholloways,https://twitter.com/Mickholloways,https://twitter.com/i/web/status/1295687549768232961,RT @johno0910: I need dozens of mental health nurses right now. Critical to support community based care &amp; keeping people out of ED. Succes…,,
dozen,2020-08-18 21:55:53,FostKim,https://twitter.com/FostKim,https://twitter.com/i/web/status/1295690881706545152,RT @johno0910: I need dozens of mental health nurses right now. Critical to support community based care &amp; keeping people out of ED. Succes…,,
dozen,2020-08-18 21:50:34,ian_hickie,https://twitter.com/ian_hickie,https://twitter.com/i/web/status/1295689544373661696,RT @johno0910: I need dozens of mental health nurses right now. Critical to support community based care &amp; keeping people out of ED. Succes…,,
dozen,2020-08-18 22:09:51,forestconsult,https://twitter.com/forestconsult,https://twitter.com/i/web/status/1295694397393141761,RT @johno0910: I need dozens of mental health nurses right now. Critical to support community based care &amp; keeping people out of ED. Succes…,,
connect,2020-08-18 14:18:22,IPCHealth_au,https://twitter.com/IPCHealth_au,https://twitter.com/i/web/status/1295575744777601024,RT @healthgovau: It is more important than ever that we remain socially and emotionally connected. If you need mental health information or…,,
connect,2020-08-18 13:55:57,NCCgovau,https://twitter.com/NCCgovau,https://twitter.com/i/web/status/1295570102046224384,RT @healthgovau: It is more important than ever that we remain socially and emotionally connected. If you need mental health information or…,,
connect,2020-08-18 13:44:50,Qld_MHC,https://twitter.com/Qld_MHC,https://twitter.com/i/web/status/1295567302474125318,RT @healthgovau: It is more important than ever that we remain socially and emotionally connected. If you need mental health information or…,,
connect,2020-08-18 19:33:49,ASPForg,https://twitter.com/ASPForg,https://twitter.com/i/web/status/1295655130554159105,RT @healthgovau: It is more important than ever that we remain socially and emotionally connected. If you need mental health information or…,,
connect,2020-08-18 14:54:20,TEQSAGov,https://twitter.com/TEQSAGov,https://twitter.com/i/web/status/1295584795125092354,RT @healthgovau: It is more important than ever that we remain socially and emotionally connected. If you need mental health information or…,,
connect,2020-08-18 13:49:01,darlingdownshhs,https://twitter.com/darlingdownshhs,https://twitter.com/i/web/status/1295568357932990465,RT @healthgovau: It is more important than ever that we remain socially and emotionally connected. If you need mental health information or…,,
connect,2020-08-16 05:44:36,ManjitK6987,https://twitter.com/ManjitK6987,https://twitter.com/i/web/status/1294721675078979584,"RT @NeuroscienceNew: Active social connection is the strongest protective factor for depression, a new study reports. Additionally, sedenta…",,
great,2020-08-14 19:44:11,eachsch,https://twitter.com/eachsch,https://twitter.com/i/web/status/1294208184236650496,"Great having Sharon, from our headspace Knox services join @ScottMorrisonMP and @headspace_aus representatives today to discuss the impact COVID-19 is having on youth mental health.  We're committed to improving access to #mentalhealth services for young people. https://t.co/Q0k0xOEObk",mentalhealth,mentalhealth
great,2020-08-14 10:10:05,InnoWellOrg,https://twitter.com/InnoWellOrg,https://twitter.com/i/web/status/1294063708679933954,"#MentalHealth problems are challenging &amp; complicated. It's important to get support when faced with them.   Unfortunately, there are some myths about depression that make living with it hard to talk about.   Great read by @ReachOut_AUS https://t.co/62xYQPVoL4",MentalHealth,MentalHealth
great,2020-08-16 07:46:13,Friendcare61,https://twitter.com/Friendcare61,https://twitter.com/i/web/status/1294752278511882241,RT @AnxietyUK: Group therapy can be a great way to share your experiences with others whilst learning tips on how to manage your #anxiety.…,anxiety,anxiety
great,2020-08-17 15:29:13,_ONEINFIVE_,https://twitter.com/_ONEINFIVE_,https://twitter.com/i/web/status/1295231186483068928,"RT @MentalHealthVic: The pandemic will hugely impact the #Mentalhealth of Vic, greatly increasing demand on services that keep people safe…",Mentalhealth,Mentalhealth
great,2020-08-17 13:35:52,SuicidePrevAU,https://twitter.com/SuicidePrevAU,https://twitter.com/i/web/status/1295202658546937856,Welcome news: $31.9 million to create 15 mental health clinics across Victoria and enhance #COVID19Vic #SuicidePrevention and #mentalhealth support. 9 clinics in Greater Melbourne and six in regional Victoria.  @headspace_aus @ScottMorrisonMP   https://t.co/VDbOqLFBaS,COVID19Vic,SuicidePrevention
great,2020-08-18 18:21:35,Sian_NP,https://twitter.com/Sian_NP,https://twitter.com/i/web/status/1295636950603280384,"RT @MentalHealthVic: The pandemic will hugely impact the #Mentalhealth of Vic, greatly increasing demand on services that keep people safe…",Mentalhealth,Mentalhealth
great,2020-08-17 15:23:47,MentalHealthVic,https://twitter.com/MentalHealthVic,https://twitter.com/i/web/status/1295229818473046016,"The pandemic will hugely impact the #Mentalhealth of Vic, greatly increasing demand on services that keep people safe &amp; reduce ER presentations. Today's Fed Gov announcement for 15 MH centres and other supports will help recovery &amp; save lives @GregHuntMP https://t.co/wbuhkwY6jb",Mentalhealth,Mentalhealth
great,2020-08-17 16:23:03,MentalHealthVic,https://twitter.com/MentalHealthVic,https://twitter.com/i/web/status/1295244731853619200,"The pandemic will hugely impact the #Mentalhealth of Vic, greatly increasing demand on services that keep people safe &amp; reduce ER presentations. Today's Fed Gov announcement for 15 MH clinics and other supports will help recovery &amp; save lives @GregHuntMP https://t.co/wbuhkwY6jb",Mentalhealth,Mentalhealth
great,2020-08-18 08:13:47,PatMcGorry,https://twitter.com/PatMcGorry,https://twitter.com/i/web/status/1295483993995931648,"RT @MentalHealthVic: The pandemic will hugely impact the #Mentalhealth of Vic, greatly increasing demand on services that keep people safe…",Mentalhealth,Mentalhealth
great,2020-08-18 10:17:09,tandemcarers,https://twitter.com/tandemcarers,https://twitter.com/i/web/status/1295515040498368512,"RT @MentalHealthVic: The pandemic will hugely impact the #Mentalhealth of Vic, greatly increasing demand on services that keep people safe…",Mentalhealth,Mentalhealth
spray,2020-08-13 06:47:51,kyaussie,https://twitter.com/kyaussie,https://twitter.com/i/web/status/1293650428668686339,RT @blackdoginst: A fast-acting nasal spray using #esketamine is showing promise overseas for patients with severe #depression. Studies sho…,depression,esketamine
spray,2020-08-13 10:58:31,anzmha,https://twitter.com/anzmha,https://twitter.com/i/web/status/1293713511219003393,RT @blackdoginst: A fast-acting nasal spray using #esketamine is showing promise overseas for patients with severe #depression. Studies sho…,depression,esketamine
emotionally,2020-08-18 14:18:22,IPCHealth_au,https://twitter.com/IPCHealth_au,https://twitter.com/i/web/status/1295575744777601024,RT @healthgovau: It is more important than ever that we remain socially and emotionally connected. If you need mental health information or…,,
emotionally,2020-08-18 13:55:57,NCCgovau,https://twitter.com/NCCgovau,https://twitter.com/i/web/status/1295570102046224384,RT @healthgovau: It is more important than ever that we remain socially and emotionally connected. If you need mental health information or…,,
emotionally,2020-08-18 13:44:50,Qld_MHC,https://twitter.com/Qld_MHC,https://twitter.com/i/web/status/1295567302474125318,RT @healthgovau: It is more important than ever that we remain socially and emotionally connected. If you need mental health information or…,,
emotionally,2020-08-18 19:33:49,ASPForg,https://twitter.com/ASPForg,https://twitter.com/i/web/status/1295655130554159105,RT @healthgovau: It is more important than ever that we remain socially and emotionally connected. If you need mental health information or…,,
emotionally,2020-08-18 14:54:20,TEQSAGov,https://twitter.com/TEQSAGov,https://twitter.com/i/web/status/1295584795125092354,RT @healthgovau: It is more important than ever that we remain socially and emotionally connected. If you need mental health information or…,,
emotionally,2020-08-18 13:49:01,darlingdownshhs,https://twitter.com/darlingdownshhs,https://twitter.com/i/web/status/1295568357932990465,RT @healthgovau: It is more important than ever that we remain socially and emotionally connected. If you need mental health information or…,,
remain,2020-08-18 14:18:22,IPCHealth_au,https://twitter.com/IPCHealth_au,https://twitter.com/i/web/status/1295575744777601024,RT @healthgovau: It is more important than ever that we remain socially and emotionally connected. If you need mental health information or…,,
remain,2020-08-18 13:55:57,NCCgovau,https://twitter.com/NCCgovau,https://twitter.com/i/web/status/1295570102046224384,RT @healthgovau: It is more important than ever that we remain socially and emotionally connected. If you need mental health information or…,,
remain,2020-08-18 13:44:50,Qld_MHC,https://twitter.com/Qld_MHC,https://twitter.com/i/web/status/1295567302474125318,RT @healthgovau: It is more important than ever that we remain socially and emotionally connected. If you need mental health information or…,,
remain,2020-08-18 19:33:49,ASPForg,https://twitter.com/ASPForg,https://twitter.com/i/web/status/1295655130554159105,RT @healthgovau: It is more important than ever that we remain socially and emotionally connected. If you need mental health information or…,,
remain,2020-08-18 14:54:20,TEQSAGov,https://twitter.com/TEQSAGov,https://twitter.com/i/web/status/1295584795125092354,RT @healthgovau: It is more important than ever that we remain socially and emotionally connected. If you need mental health information or…,,
remain,2020-08-18 13:49:01,darlingdownshhs,https://twitter.com/darlingdownshhs,https://twitter.com/i/web/status/1295568357932990465,RT @healthgovau: It is more important than ever that we remain socially and emotionally connected. If you need mental health information or…,,
right,2020-08-18 22:39:23,miffyjayne,https://twitter.com/miffyjayne,https://twitter.com/i/web/status/1295701826323415041,RT @johno0910: I need dozens of mental health nurses right now. Critical to support community based care &amp; keeping people out of ED. Succes…,,
right,2020-08-18 21:42:39,Mickholloways,https://twitter.com/Mickholloways,https://twitter.com/i/web/status/1295687549768232961,RT @johno0910: I need dozens of mental health nurses right now. Critical to support community based care &amp; keeping people out of ED. Succes…,,
right,2020-08-18 21:55:53,FostKim,https://twitter.com/FostKim,https://twitter.com/i/web/status/1295690881706545152,RT @johno0910: I need dozens of mental health nurses right now. Critical to support community based care &amp; keeping people out of ED. Succes…,,
right,2020-08-17 17:12:28,ian_hickie,https://twitter.com/ian_hickie,https://twitter.com/i/web/status/1295257169806254081,@9NewsMelb @GregHuntMP 1/2 Today's announcements of substantial and immediate expansion of team-based mental health care in Victoria is very welcome. It sets the right direction for what is really required in response to COVID19. Similar developments also needed urgently in other states. @PatsKarvelas,,
right,2020-08-18 21:50:34,ian_hickie,https://twitter.com/ian_hickie,https://twitter.com/i/web/status/1295689544373661696,RT @johno0910: I need dozens of mental health nurses right now. Critical to support community based care &amp; keeping people out of ED. Succes…,,
right,2020-08-18 22:09:51,forestconsult,https://twitter.com/forestconsult,https://twitter.com/i/web/status/1295694397393141761,RT @johno0910: I need dozens of mental health nurses right now. Critical to support community based care &amp; keeping people out of ED. Succes…,,
right,2020-08-14 08:00:00,AccessAbleMH,https://twitter.com/AccessAbleMH,https://twitter.com/i/web/status/1294030973634453504,"RT @getmentemia: It's normal to feel anxiety, frustration, even anger, right now. Our Health Psychology Specialist Dr Fiona Crichton shares…",,
victoria,2020-08-18 11:05:53,SenSHenderson,https://twitter.com/SenSHenderson,https://twitter.com/i/web/status/1295527302458089472,So important to reach out for mental health support if you need it.   See my joint release with @GregHuntMP on this significant investment by the @ScottMorrisonMP Govt in mental health clinics including for regional Victoria.   https://t.co/FAourFbIob https://t.co/IZDn10RYkn,,
victoria,2020-08-17 13:39:24,political_alert,https://twitter.com/political_alert,https://twitter.com/i/web/status/1295203548162973696,RT @SuicidePrevAU: Welcome news: $31.9 million to create 15 mental health clinics across Victoria and enhance #COVID19Vic #SuicidePreventio…,COVID19Vic,COVID19Vic
victoria,2020-08-17 15:06:29,SkyNewsAust,https://twitter.com/SkyNewsAust,https://twitter.com/i/web/status/1295225466081574912,Health Minister @GregHuntMP has announced a federal funding boost of $32 million for the Victorian mental health response.  https://t.co/oPoyjYDSuK,,
victoria,2020-08-17 13:35:52,SuicidePrevAU,https://twitter.com/SuicidePrevAU,https://twitter.com/i/web/status/1295202658546937856,Welcome news: $31.9 million to create 15 mental health clinics across Victoria and enhance #COVID19Vic #SuicidePrevention and #mentalhealth support. 9 clinics in Greater Melbourne and six in regional Victoria.  @headspace_aus @ScottMorrisonMP   https://t.co/VDbOqLFBaS,COVID19Vic,SuicidePrevention
victoria,2020-08-17 20:17:44,brettreilly,https://twitter.com/brettreilly,https://twitter.com/i/web/status/1295303793563721728,RT @MentalHealthVic: Today we welcome an additional $31.9 mil from the Fed Gov for 15 #Mentalhealth clinics across Victoria and $ to expand…,Mentalhealth,Mentalhealth
victoria,2020-08-17 20:59:51,FostKim,https://twitter.com/FostKim,https://twitter.com/i/web/status/1295314391705911296,"RT @MentalHealthVic: These clinics will address the lasting impacts of #covid19Vic on the #Mentalhealth needs of Victorians, save lives &amp; h…",covid19Vic,Mentalhealth
victoria,2020-08-17 20:10:57,NeilEvansmail,https://twitter.com/NeilEvansmail,https://twitter.com/i/web/status/1295302086851084290,RT @MentalHealthVic: Today we welcome an additional $31.9 mil from the Fed Gov for 15 #Mentalhealth clinics across Victoria and $ to expand…,Mentalhealth,Mentalhealth
victoria,2020-08-17 13:47:09,Kylie_E_King,https://twitter.com/Kylie_E_King,https://twitter.com/i/web/status/1295205497709027329,RT @SuicidePrevAU: Welcome news: $31.9 million to create 15 mental health clinics across Victoria and enhance #COVID19Vic #SuicidePreventio…,COVID19Vic,COVID19Vic
victoria,2020-08-17 17:12:28,ian_hickie,https://twitter.com/ian_hickie,https://twitter.com/i/web/status/1295257169806254081,@9NewsMelb @GregHuntMP 1/2 Today's announcements of substantial and immediate expansion of team-based mental health care in Victoria is very welcome. It sets the right direction for what is really required in response to COVID19. Similar developments also needed urgently in other states. @PatsKarvelas,,
victoria,2020-08-17 15:11:49,MentalHealthVic,https://twitter.com/MentalHealthVic,https://twitter.com/i/web/status/1295226806333657088,Today we welcome an additional $31.9 mil from the Fed Gov for 15 #Mentalhealth clinics across Victoria and $ to expand mental health supports during #COVID19Victoria. This investment will save lives. @GregHuntMP  #SuicidePrevention https://t.co/639KSy7lrC,COVID19Victoria,SuicidePrevention
covid,2020-08-14 19:44:11,eachsch,https://twitter.com/eachsch,https://twitter.com/i/web/status/1294208184236650496,"Great having Sharon, from our headspace Knox services join @ScottMorrisonMP and @headspace_aus representatives today to discuss the impact COVID-19 is having on youth mental health.  We're committed to improving access to #mentalhealth services for young people. https://t.co/Q0k0xOEObk",mentalhealth,mentalhealth
covid,2020-08-13 20:49:48,BrianNODonoghue,https://twitter.com/BrianNODonoghue,https://twitter.com/i/web/status/1293862312332259328,RT @orygen_aus: The impact of COVID-19 on young people is and will continue to be immense. Orygen welcomes yesterday's funding announcement…,,
covid,2020-08-13 15:45:00,ceda_news,https://twitter.com/ceda_news,https://twitter.com/i/web/status/1293785606426963973,"With speakers including @ScottMorrisonMP on Australia's COVID response, @JuliaGillard on mental health, as well as other leaders from government, business &amp; the community, watch some highlights from our interactive livestreams over the past few months  https://t.co/n2MSHwIRsu",,
covid,2020-08-17 13:39:24,political_alert,https://twitter.com/political_alert,https://twitter.com/i/web/status/1295203548162973696,RT @SuicidePrevAU: Welcome news: $31.9 million to create 15 mental health clinics across Victoria and enhance #COVID19Vic #SuicidePreventio…,COVID19Vic,COVID19Vic
covid,2020-08-17 13:35:52,SuicidePrevAU,https://twitter.com/SuicidePrevAU,https://twitter.com/i/web/status/1295202658546937856,Welcome news: $31.9 million to create 15 mental health clinics across Victoria and enhance #COVID19Vic #SuicidePrevention and #mentalhealth support. 9 clinics in Greater Melbourne and six in regional Victoria.  @headspace_aus @ScottMorrisonMP   https://t.co/VDbOqLFBaS,COVID19Vic,SuicidePrevention
covid,2020-08-17 20:59:51,FostKim,https://twitter.com/FostKim,https://twitter.com/i/web/status/1295314391705911296,"RT @MentalHealthVic: These clinics will address the lasting impacts of #covid19Vic on the #Mentalhealth needs of Victorians, save lives &amp; h…",covid19Vic,Mentalhealth
covid,2020-08-17 13:47:09,Kylie_E_King,https://twitter.com/Kylie_E_King,https://twitter.com/i/web/status/1295205497709027329,RT @SuicidePrevAU: Welcome news: $31.9 million to create 15 mental health clinics across Victoria and enhance #COVID19Vic #SuicidePreventio…,COVID19Vic,COVID19Vic
covid,2020-08-17 17:12:28,ian_hickie,https://twitter.com/ian_hickie,https://twitter.com/i/web/status/1295257169806254081,@9NewsMelb @GregHuntMP 1/2 Today's announcements of substantial and immediate expansion of team-based mental health care in Victoria is very welcome. It sets the right direction for what is really required in response to COVID19. Similar developments also needed urgently in other states. @PatsKarvelas,,
covid,2020-08-17 15:11:49,MentalHealthVic,https://twitter.com/MentalHealthVic,https://twitter.com/i/web/status/1295226806333657088,Today we welcome an additional $31.9 mil from the Fed Gov for 15 #Mentalhealth clinics across Victoria and $ to expand mental health supports during #COVID19Victoria. This investment will save lives. @GregHuntMP  #SuicidePrevention https://t.co/639KSy7lrC,COVID19Victoria,SuicidePrevention
covid,2020-08-17 15:32:38,MentalHealthVic,https://twitter.com/MentalHealthVic,https://twitter.com/i/web/status/1295232044134408192,"These centres will address the lasting impacts of #covid19Vic on the #Mentalhealth needs of Victorians, save lives &amp; help us recover. Hopefully the foundation for fully fledged clinics with ongoing funding across the country. @GregHuntMP https://t.co/RLpFQsiuMZ",covid19Vic,Mentalhealth
study,2020-08-16 05:44:36,ManjitK6987,https://twitter.com/ManjitK6987,https://twitter.com/i/web/status/1294721675078979584,"RT @NeuroscienceNew: Active social connection is the strongest protective factor for depression, a new study reports. Additionally, sedenta…",,
increase,2020-08-15 08:26:21,twtrrr,https://twitter.com/twtrrr,https://twitter.com/i/web/status/1294399992954630144,"@challengeAU An excellent article about why #JobSeeker should be increased. It expresses well my own anxiety about any  ‘snap-back” to the old rate, as well my belief that this is not the only area that needs an increase - DSP and rent assistance too. #KeepTheRate #auspol",auspol,KeepTheRate
impact,2020-08-14 19:44:11,eachsch,https://twitter.com/eachsch,https://twitter.com/i/web/status/1294208184236650496,"Great having Sharon, from our headspace Knox services join @ScottMorrisonMP and @headspace_aus representatives today to discuss the impact COVID-19 is having on youth mental health.  We're committed to improving access to #mentalhealth services for young people. https://t.co/Q0k0xOEObk",mentalhealth,mentalhealth
impact,2020-08-13 20:49:48,BrianNODonoghue,https://twitter.com/BrianNODonoghue,https://twitter.com/i/web/status/1293862312332259328,RT @orygen_aus: The impact of COVID-19 on young people is and will continue to be immense. Orygen welcomes yesterday's funding announcement…,,
impact,2020-08-17 15:29:13,_ONEINFIVE_,https://twitter.com/_ONEINFIVE_,https://twitter.com/i/web/status/1295231186483068928,"RT @MentalHealthVic: The pandemic will hugely impact the #Mentalhealth of Vic, greatly increasing demand on services that keep people safe…",Mentalhealth,Mentalhealth
impact,2020-08-18 18:21:35,Sian_NP,https://twitter.com/Sian_NP,https://twitter.com/i/web/status/1295636950603280384,"RT @MentalHealthVic: The pandemic will hugely impact the #Mentalhealth of Vic, greatly increasing demand on services that keep people safe…",Mentalhealth,Mentalhealth
impact,2020-08-17 20:59:51,FostKim,https://twitter.com/FostKim,https://twitter.com/i/web/status/1295314391705911296,"RT @MentalHealthVic: These clinics will address the lasting impacts of #covid19Vic on the #Mentalhealth needs of Victorians, save lives &amp; h…",covid19Vic,Mentalhealth
impact,2020-08-17 15:23:47,MentalHealthVic,https://twitter.com/MentalHealthVic,https://twitter.com/i/web/status/1295229818473046016,"The pandemic will hugely impact the #Mentalhealth of Vic, greatly increasing demand on services that keep people safe &amp; reduce ER presentations. Today's Fed Gov announcement for 15 MH centres and other supports will help recovery &amp; save lives @GregHuntMP https://t.co/wbuhkwY6jb",Mentalhealth,Mentalhealth
impact,2020-08-17 15:32:38,MentalHealthVic,https://twitter.com/MentalHealthVic,https://twitter.com/i/web/status/1295232044134408192,"These centres will address the lasting impacts of #covid19Vic on the #Mentalhealth needs of Victorians, save lives &amp; help us recover. Hopefully the foundation for fully fledged clinics with ongoing funding across the country. @GregHuntMP https://t.co/RLpFQsiuMZ",covid19Vic,Mentalhealth
impact,2020-08-17 16:22:17,MentalHealthVic,https://twitter.com/MentalHealthVic,https://twitter.com/i/web/status/1295244542057181184,"These clinics will address the lasting impacts of #covid19Vic on the #Mentalhealth needs of Victorians, save lives &amp; help us recover. Hopefully the foundation for fully fledged centres with ongoing funding across the country. @GregHuntMP https://t.co/RLpFQsiuMZ",covid19Vic,Mentalhealth
impact,2020-08-17 16:23:03,MentalHealthVic,https://twitter.com/MentalHealthVic,https://twitter.com/i/web/status/1295244731853619200,"The pandemic will hugely impact the #Mentalhealth of Vic, greatly increasing demand on services that keep people safe &amp; reduce ER presentations. Today's Fed Gov announcement for 15 MH clinics and other supports will help recovery &amp; save lives @GregHuntMP https://t.co/wbuhkwY6jb",Mentalhealth,Mentalhealth
impact,2020-08-13 15:57:41,welcomeandhello,https://twitter.com/welcomeandhello,https://twitter.com/i/web/status/1293788797222584320,"54% for yoga stress reduction is a strong result. I think yoga is underestimated in its impact on reducing anxiety &amp; restoring a calmer mind. My daughter did it as inpatient at EI stage &amp; it noticeably helped quiet her racing mind while lying on mat, w blanket &amp; music at the end https://t.co/Djzt4e7SU8",,
welcome,2020-08-13 20:49:48,BrianNODonoghue,https://twitter.com/BrianNODonoghue,https://twitter.com/i/web/status/1293862312332259328,RT @orygen_aus: The impact of COVID-19 on young people is and will continue to be immense. Orygen welcomes yesterday's funding announcement…,,
welcome,2020-08-13 12:33:07,tamworth1965,https://twitter.com/tamworth1965,https://twitter.com/i/web/status/1293737317446778880,RT @drrjgoodman: @GregHuntMP Thank you @GregHuntMP this is fantastic &amp; very welcomed by my patients in Melbourne at this time. However we’v…,,
welcome,2020-08-13 11:02:06,drrjgoodman,https://twitter.com/drrjgoodman,https://twitter.com/i/web/status/1293714411534786561,@GregHuntMP Thank you @GregHuntMP this is fantastic &amp; very welcomed by my patients in Melbourne at this time. However we’ve been told by Medicare that the new item numbers for the Mental Health Care Plan review for the additional sessions is still being worked out? Can you help? @RACGP,,
welcome,2020-08-17 13:39:24,political_alert,https://twitter.com/political_alert,https://twitter.com/i/web/status/1295203548162973696,RT @SuicidePrevAU: Welcome news: $31.9 million to create 15 mental health clinics across Victoria and enhance #COVID19Vic #SuicidePreventio…,COVID19Vic,COVID19Vic
welcome,2020-08-17 13:35:52,SuicidePrevAU,https://twitter.com/SuicidePrevAU,https://twitter.com/i/web/status/1295202658546937856,Welcome news: $31.9 million to create 15 mental health clinics across Victoria and enhance #COVID19Vic #SuicidePrevention and #mentalhealth support. 9 clinics in Greater Melbourne and six in regional Victoria.  @headspace_aus @ScottMorrisonMP   https://t.co/VDbOqLFBaS,COVID19Vic,SuicidePrevention
welcome,2020-08-17 20:17:44,brettreilly,https://twitter.com/brettreilly,https://twitter.com/i/web/status/1295303793563721728,RT @MentalHealthVic: Today we welcome an additional $31.9 mil from the Fed Gov for 15 #Mentalhealth clinics across Victoria and $ to expand…,Mentalhealth,Mentalhealth
welcome,2020-08-17 20:10:57,NeilEvansmail,https://twitter.com/NeilEvansmail,https://twitter.com/i/web/status/1295302086851084290,RT @MentalHealthVic: Today we welcome an additional $31.9 mil from the Fed Gov for 15 #Mentalhealth clinics across Victoria and $ to expand…,Mentalhealth,Mentalhealth
welcome,2020-08-17 13:47:09,Kylie_E_King,https://twitter.com/Kylie_E_King,https://twitter.com/i/web/status/1295205497709027329,RT @SuicidePrevAU: Welcome news: $31.9 million to create 15 mental health clinics across Victoria and enhance #COVID19Vic #SuicidePreventio…,COVID19Vic,COVID19Vic
welcome,2020-08-17 17:12:28,ian_hickie,https://twitter.com/ian_hickie,https://twitter.com/i/web/status/1295257169806254081,@9NewsMelb @GregHuntMP 1/2 Today's announcements of substantial and immediate expansion of team-based mental health care in Victoria is very welcome. It sets the right direction for what is really required in response to COVID19. Similar developments also needed urgently in other states. @PatsKarvelas,,
welcome,2020-08-17 15:11:49,MentalHealthVic,https://twitter.com/MentalHealthVic,https://twitter.com/i/web/status/1295226806333657088,Today we welcome an additional $31.9 mil from the Fed Gov for 15 #Mentalhealth clinics across Victoria and $ to expand mental health supports during #COVID19Victoria. This investment will save lives. @GregHuntMP  #SuicidePrevention https://t.co/639KSy7lrC,COVID19Victoria,SuicidePrevention
across,2020-08-17 13:39:24,political_alert,https://twitter.com/political_alert,https://twitter.com/i/web/status/1295203548162973696,RT @SuicidePrevAU: Welcome news: $31.9 million to create 15 mental health clinics across Victoria and enhance #COVID19Vic #SuicidePreventio…,COVID19Vic,COVID19Vic
across,2020-08-17 13:35:52,SuicidePrevAU,https://twitter.com/SuicidePrevAU,https://twitter.com/i/web/status/1295202658546937856,Welcome news: $31.9 million to create 15 mental health clinics across Victoria and enhance #COVID19Vic #SuicidePrevention and #mentalhealth support. 9 clinics in Greater Melbourne and six in regional Victoria.  @headspace_aus @ScottMorrisonMP   https://t.co/VDbOqLFBaS,COVID19Vic,SuicidePrevention
across,2020-08-17 20:17:44,brettreilly,https://twitter.com/brettreilly,https://twitter.com/i/web/status/1295303793563721728,RT @MentalHealthVic: Today we welcome an additional $31.9 mil from the Fed Gov for 15 #Mentalhealth clinics across Victoria and $ to expand…,Mentalhealth,Mentalhealth
across,2020-08-17 20:10:57,NeilEvansmail,https://twitter.com/NeilEvansmail,https://twitter.com/i/web/status/1295302086851084290,RT @MentalHealthVic: Today we welcome an additional $31.9 mil from the Fed Gov for 15 #Mentalhealth clinics across Victoria and $ to expand…,Mentalhealth,Mentalhealth
across,2020-08-17 13:47:09,Kylie_E_King,https://twitter.com/Kylie_E_King,https://twitter.com/i/web/status/1295205497709027329,RT @SuicidePrevAU: Welcome news: $31.9 million to create 15 mental health clinics across Victoria and enhance #COVID19Vic #SuicidePreventio…,COVID19Vic,COVID19Vic
across,2020-08-17 15:11:49,MentalHealthVic,https://twitter.com/MentalHealthVic,https://twitter.com/i/web/status/1295226806333657088,Today we welcome an additional $31.9 mil from the Fed Gov for 15 #Mentalhealth clinics across Victoria and $ to expand mental health supports during #COVID19Victoria. This investment will save lives. @GregHuntMP  #SuicidePrevention https://t.co/639KSy7lrC,COVID19Victoria,SuicidePrevention
across,2020-08-17 15:32:38,MentalHealthVic,https://twitter.com/MentalHealthVic,https://twitter.com/i/web/status/1295232044134408192,"These centres will address the lasting impacts of #covid19Vic on the #Mentalhealth needs of Victorians, save lives &amp; help us recover. Hopefully the foundation for fully fledged clinics with ongoing funding across the country. @GregHuntMP https://t.co/RLpFQsiuMZ",covid19Vic,Mentalhealth
across,2020-08-17 16:22:17,MentalHealthVic,https://twitter.com/MentalHealthVic,https://twitter.com/i/web/status/1295244542057181184,"These clinics will address the lasting impacts of #covid19Vic on the #Mentalhealth needs of Victorians, save lives &amp; help us recover. Hopefully the foundation for fully fledged centres with ongoing funding across the country. @GregHuntMP https://t.co/RLpFQsiuMZ",covid19Vic,Mentalhealth
across,2020-08-17 20:17:13,ms_dingo,https://twitter.com/ms_dingo,https://twitter.com/i/web/status/1295303664676962305,RT @MentalHealthVic: Today we welcome an additional $31.9 mil from the Fed Gov for 15 #Mentalhealth clinics across Victoria and $ to expand…,Mentalhealth,Mentalhealth
across,2020-08-17 20:08:02,GregHuntMP,https://twitter.com/GregHuntMP,https://twitter.com/i/web/status/1295301353133105152,RT @MentalHealthVic: Today we welcome an additional $31.9 mil from the Fed Gov for 15 #Mentalhealth clinics across Victoria and $ to expand…,Mentalhealth,Mentalhealth
service,2020-08-14 19:44:11,eachsch,https://twitter.com/eachsch,https://twitter.com/i/web/status/1294208184236650496,"Great having Sharon, from our headspace Knox services join @ScottMorrisonMP and @headspace_aus representatives today to discuss the impact COVID-19 is having on youth mental health.  We're committed to improving access to #mentalhealth services for young people. https://t.co/Q0k0xOEObk",mentalhealth,mentalhealth
service,2020-08-17 15:29:13,_ONEINFIVE_,https://twitter.com/_ONEINFIVE_,https://twitter.com/i/web/status/1295231186483068928,"RT @MentalHealthVic: The pandemic will hugely impact the #Mentalhealth of Vic, greatly increasing demand on services that keep people safe…",Mentalhealth,Mentalhealth
service,2020-08-18 18:21:35,Sian_NP,https://twitter.com/Sian_NP,https://twitter.com/i/web/status/1295636950603280384,"RT @MentalHealthVic: The pandemic will hugely impact the #Mentalhealth of Vic, greatly increasing demand on services that keep people safe…",Mentalhealth,Mentalhealth
service,2020-08-17 15:23:47,MentalHealthVic,https://twitter.com/MentalHealthVic,https://twitter.com/i/web/status/1295229818473046016,"The pandemic will hugely impact the #Mentalhealth of Vic, greatly increasing demand on services that keep people safe &amp; reduce ER presentations. Today's Fed Gov announcement for 15 MH centres and other supports will help recovery &amp; save lives @GregHuntMP https://t.co/wbuhkwY6jb",Mentalhealth,Mentalhealth
service,2020-08-17 16:23:03,MentalHealthVic,https://twitter.com/MentalHealthVic,https://twitter.com/i/web/status/1295244731853619200,"The pandemic will hugely impact the #Mentalhealth of Vic, greatly increasing demand on services that keep people safe &amp; reduce ER presentations. Today's Fed Gov announcement for 15 MH clinics and other supports will help recovery &amp; save lives @GregHuntMP https://t.co/wbuhkwY6jb",Mentalhealth,Mentalhealth
service,2020-08-18 08:13:47,PatMcGorry,https://twitter.com/PatMcGorry,https://twitter.com/i/web/status/1295483993995931648,"RT @MentalHealthVic: The pandemic will hugely impact the #Mentalhealth of Vic, greatly increasing demand on services that keep people safe…",Mentalhealth,Mentalhealth
service,2020-08-17 08:05:40,FLMirabelli,https://twitter.com/FLMirabelli,https://twitter.com/i/web/status/1295119560601792512,@ScottMorrisonMP will be announcing a further $27M in funding towards mental health services for Victorians today. Lots of people are suffering. Reach out - it could make a huge difference to someone who is in crisis #melbournelockdown2020 #MentalHealthMatters,melbournelockdown2020,MentalHealthMatters
service,2020-08-18 10:17:09,tandemcarers,https://twitter.com/tandemcarers,https://twitter.com/i/web/status/1295515040498368512,"RT @MentalHealthVic: The pandemic will hugely impact the #Mentalhealth of Vic, greatly increasing demand on services that keep people safe…",Mentalhealth,Mentalhealth
service,2020-08-17 17:17:49,Dpeters1977,https://twitter.com/Dpeters1977,https://twitter.com/i/web/status/1295258513623511041,"RT @MentalHealthVic: The pandemic will hugely impact the #Mentalhealth of Vic, greatly increasing demand on services that keep people safe…",Mentalhealth,Mentalhealth
service,2020-08-18 08:18:40,jmagjnagjmag,https://twitter.com/jmagjnagjmag,https://twitter.com/i/web/status/1295485220829818881,"RT @MentalHealthVic: The pandemic will hugely impact the #Mentalhealth of Vic, greatly increasing demand on services that keep people safe…",Mentalhealth,Mentalhealth
nurse,2020-08-18 22:39:23,miffyjayne,https://twitter.com/miffyjayne,https://twitter.com/i/web/status/1295701826323415041,RT @johno0910: I need dozens of mental health nurses right now. Critical to support community based care &amp; keeping people out of ED. Succes…,,
nurse,2020-08-18 21:42:39,Mickholloways,https://twitter.com/Mickholloways,https://twitter.com/i/web/status/1295687549768232961,RT @johno0910: I need dozens of mental health nurses right now. Critical to support community based care &amp; keeping people out of ED. Succes…,,
nurse,2020-08-18 21:55:53,FostKim,https://twitter.com/FostKim,https://twitter.com/i/web/status/1295690881706545152,RT @johno0910: I need dozens of mental health nurses right now. Critical to support community based care &amp; keeping people out of ED. Succes…,,
nurse,2020-08-18 21:50:34,ian_hickie,https://twitter.com/ian_hickie,https://twitter.com/i/web/status/1295689544373661696,RT @johno0910: I need dozens of mental health nurses right now. Critical to support community based care &amp; keeping people out of ED. Succes…,,
nurse,2020-08-18 22:09:51,forestconsult,https://twitter.com/forestconsult,https://twitter.com/i/web/status/1295694397393141761,RT @johno0910: I need dozens of mental health nurses right now. Critical to support community based care &amp; keeping people out of ED. Succes…,,
manage,2020-08-16 07:46:13,Friendcare61,https://twitter.com/Friendcare61,https://twitter.com/i/web/status/1294752278511882241,RT @AnxietyUK: Group therapy can be a great way to share your experiences with others whilst learning tips on how to manage your #anxiety.…,anxiety,anxiety
manage,2020-08-14 10:30:41,AustPsych,https://twitter.com/AustPsych,https://twitter.com/i/web/status/1294068895230369798,"In some parts of the country, the anxiety associated with the pandemic is real and present. Find out how to help manage these feelings. Learn the facts, practise self-care, and read tips on how to talk to your children https://t.co/BPckJ4zSIS  #mentalhealth #psychology #COVID19",COVID19,psychology
#covid19vic,2020-08-17 13:39:24,political_alert,https://twitter.com/political_alert,https://twitter.com/i/web/status/1295203548162973696,RT @SuicidePrevAU: Welcome news: $31.9 million to create 15 mental health clinics across Victoria and enhance #COVID19Vic #SuicidePreventio…,COVID19Vic,COVID19Vic
#covid19vic,2020-08-17 13:35:52,SuicidePrevAU,https://twitter.com/SuicidePrevAU,https://twitter.com/i/web/status/1295202658546937856,Welcome news: $31.9 million to create 15 mental health clinics across Victoria and enhance #COVID19Vic #SuicidePrevention and #mentalhealth support. 9 clinics in Greater Melbourne and six in regional Victoria.  @headspace_aus @ScottMorrisonMP   https://t.co/VDbOqLFBaS,COVID19Vic,SuicidePrevention
#covid19vic,2020-08-17 20:59:51,FostKim,https://twitter.com/FostKim,https://twitter.com/i/web/status/1295314391705911296,"RT @MentalHealthVic: These clinics will address the lasting impacts of #covid19Vic on the #Mentalhealth needs of Victorians, save lives &amp; h…",covid19Vic,Mentalhealth
#covid19vic,2020-08-17 13:47:09,Kylie_E_King,https://twitter.com/Kylie_E_King,https://twitter.com/i/web/status/1295205497709027329,RT @SuicidePrevAU: Welcome news: $31.9 million to create 15 mental health clinics across Victoria and enhance #COVID19Vic #SuicidePreventio…,COVID19Vic,COVID19Vic
#covid19vic,2020-08-17 15:11:49,MentalHealthVic,https://twitter.com/MentalHealthVic,https://twitter.com/i/web/status/1295226806333657088,Today we welcome an additional $31.9 mil from the Fed Gov for 15 #Mentalhealth clinics across Victoria and $ to expand mental health supports during #COVID19Victoria. This investment will save lives. @GregHuntMP  #SuicidePrevention https://t.co/639KSy7lrC,COVID19Victoria,SuicidePrevention
#covid19vic,2020-08-17 15:32:38,MentalHealthVic,https://twitter.com/MentalHealthVic,https://twitter.com/i/web/status/1295232044134408192,"These centres will address the lasting impacts of #covid19Vic on the #Mentalhealth needs of Victorians, save lives &amp; help us recover. Hopefully the foundation for fully fledged clinics with ongoing funding across the country. @GregHuntMP https://t.co/RLpFQsiuMZ",covid19Vic,Mentalhealth
#covid19vic,2020-08-17 16:22:17,MentalHealthVic,https://twitter.com/MentalHealthVic,https://twitter.com/i/web/status/1295244542057181184,"These clinics will address the lasting impacts of #covid19Vic on the #Mentalhealth needs of Victorians, save lives &amp; help us recover. Hopefully the foundation for fully fledged centres with ongoing funding across the country. @GregHuntMP https://t.co/RLpFQsiuMZ",covid19Vic,Mentalhealth
#covid19vic,2020-08-17 23:04:10,PatMcGorry,https://twitter.com/PatMcGorry,https://twitter.com/i/web/status/1295345676050546693,"RT @MentalHealthVic: These clinics will address the lasting impacts of #covid19Vic on the #Mentalhealth needs of Victorians, save lives &amp; h…",covid19Vic,Mentalhealth
#covid19vic,2020-08-17 14:06:31,MurrayPHN,https://twitter.com/MurrayPHN,https://twitter.com/i/web/status/1295210375139299328,RT @SuicidePrevAU: Welcome news: $31.9 million to create 15 mental health clinics across Victoria and enhance #COVID19Vic #SuicidePreventio…,COVID19Vic,COVID19Vic
#covid19vic,2020-08-17 13:50:44,Friendcare61,https://twitter.com/Friendcare61,https://twitter.com/i/web/status/1295206401485099008,RT @SuicidePrevAU: Welcome news: $31.9 million to create 15 mental health clinics across Victoria and enhance #COVID19Vic #SuicidePreventio…,COVID19Vic,COVID19Vic
socially,2020-08-18 14:18:22,IPCHealth_au,https://twitter.com/IPCHealth_au,https://twitter.com/i/web/status/1295575744777601024,RT @healthgovau: It is more important than ever that we remain socially and emotionally connected. If you need mental health information or…,,
socially,2020-08-18 13:55:57,NCCgovau,https://twitter.com/NCCgovau,https://twitter.com/i/web/status/1295570102046224384,RT @healthgovau: It is more important than ever that we remain socially and emotionally connected. If you need mental health information or…,,
socially,2020-08-18 13:44:50,Qld_MHC,https://twitter.com/Qld_MHC,https://twitter.com/i/web/status/1295567302474125318,RT @healthgovau: It is more important than ever that we remain socially and emotionally connected. If you need mental health information or…,,
socially,2020-08-18 19:33:49,ASPForg,https://twitter.com/ASPForg,https://twitter.com/i/web/status/1295655130554159105,RT @healthgovau: It is more important than ever that we remain socially and emotionally connected. If you need mental health information or…,,
socially,2020-08-18 14:54:20,TEQSAGov,https://twitter.com/TEQSAGov,https://twitter.com/i/web/status/1295584795125092354,RT @healthgovau: It is more important than ever that we remain socially and emotionally connected. If you need mental health information or…,,
socially,2020-08-18 13:49:01,darlingdownshhs,https://twitter.com/darlingdownshhs,https://twitter.com/i/web/status/1295568357932990465,RT @healthgovau: It is more important than ever that we remain socially and emotionally connected. If you need mental health information or…,,
anxiety,2020-08-17 17:09:21,ASPForg,https://twitter.com/ASPForg,https://twitter.com/i/web/status/1295256386746617858,"#Depression, with #anxiety, feeling tired, not coping and poor concentration is a secret but very common illness, which will affect 20% of Australians. As a sufferer or as a supporter of someone with this illness, you are not alone. We understand and want to help. #suicide",anxiety,suicide
anxiety,2020-08-16 07:46:13,Friendcare61,https://twitter.com/Friendcare61,https://twitter.com/i/web/status/1294752278511882241,RT @AnxietyUK: Group therapy can be a great way to share your experiences with others whilst learning tips on how to manage your #anxiety.…,anxiety,anxiety
anxiety,2020-08-18 08:20:09,RachelEMenzies,https://twitter.com/RachelEMenzies,https://twitter.com/i/web/status/1295485594257293312,"New publication out today! 🎉 Findings include significant relationships between death anxiety and all 6 symptom domains of #OCD including checking, contamination, hoarding &amp; obsessions, even after controlling for neuroticism @matteo_zuccala @LSharpeUsyd  https://t.co/EVGmfLDJY8 https://t.co/yWqzu5DSJx",OCD,OCD
anxiety,2020-08-13 14:23:00,dlmetcalf,https://twitter.com/dlmetcalf,https://twitter.com/i/web/status/1293764971629654016,"RT @billbowtell: Facts build trust. Truth might be embarrassing or unpleasant, but in a pandemic vital to reduce needless anxiety and pain.…",,
anxiety,2020-08-13 20:40:20,chitombo,https://twitter.com/chitombo,https://twitter.com/i/web/status/1293859929393000448,"RT @zarahsultana: Congratulations to everyone getting their A Level results today!  Results Day is usually full of anxiety, but the Governm…",,
anxiety,2020-08-13 15:57:41,welcomeandhello,https://twitter.com/welcomeandhello,https://twitter.com/i/web/status/1293788797222584320,"54% for yoga stress reduction is a strong result. I think yoga is underestimated in its impact on reducing anxiety &amp; restoring a calmer mind. My daughter did it as inpatient at EI stage &amp; it noticeably helped quiet her racing mind while lying on mat, w blanket &amp; music at the end https://t.co/Djzt4e7SU8",,
anxiety,2020-08-15 08:26:21,twtrrr,https://twitter.com/twtrrr,https://twitter.com/i/web/status/1294399992954630144,"@challengeAU An excellent article about why #JobSeeker should be increased. It expresses well my own anxiety about any  ‘snap-back” to the old rate, as well my belief that this is not the only area that needs an increase - DSP and rent assistance too. #KeepTheRate #auspol",auspol,KeepTheRate
anxiety,2020-08-14 10:30:41,AustPsych,https://twitter.com/AustPsych,https://twitter.com/i/web/status/1294068895230369798,"In some parts of the country, the anxiety associated with the pandemic is real and present. Find out how to help manage these feelings. Learn the facts, practise self-care, and read tips on how to talk to your children https://t.co/BPckJ4zSIS  #mentalhealth #psychology #COVID19",COVID19,psychology
anxiety,2020-08-17 14:43:08,anthonyjhannan,https://twitter.com/anthonyjhannan,https://twitter.com/i/web/status/1295219590159429632,RT @UniMelbMDHS: 🥳 Congratulations @carrasimpson on your first original manuscript!   Carra's research is on how anxiety/depression 🧠 and o…,,
anxiety,2020-08-18 19:38:43,YallopDiana,https://twitter.com/YallopDiana,https://twitter.com/i/web/status/1295656363633213440,"@colonelhogans 2/2 profile talking abt mental health challenges now or the past eg lovely Melissa Leong Masterchef, Aaron Wood dep Lord Mayor Melb,Sian Prior writer  wrote great bk Shy living with anxiety.Beyond Blue online 150 p booklet Managing Anx.looks comprehensive.",,
support,2020-08-14 10:10:05,InnoWellOrg,https://twitter.com/InnoWellOrg,https://twitter.com/i/web/status/1294063708679933954,"#MentalHealth problems are challenging &amp; complicated. It's important to get support when faced with them.   Unfortunately, there are some myths about depression that make living with it hard to talk about.   Great read by @ReachOut_AUS https://t.co/62xYQPVoL4",MentalHealth,MentalHealth
support,2020-08-12 16:13:13,italiancutie82,https://twitter.com/italiancutie82,https://twitter.com/i/web/status/1293430320008585216,"RT @healthgovau: Keeping a healthy routine, staying engaged and continuing to look forward are all ways to support your mental health durin…",,
support,2020-08-17 17:09:21,ASPForg,https://twitter.com/ASPForg,https://twitter.com/i/web/status/1295256386746617858,"#Depression, with #anxiety, feeling tired, not coping and poor concentration is a secret but very common illness, which will affect 20% of Australians. As a sufferer or as a supporter of someone with this illness, you are not alone. We understand and want to help. #suicide",anxiety,suicide
support,2020-08-18 19:33:21,JasonTrethowan,https://twitter.com/JasonTrethowan,https://twitter.com/i/web/status/1295655013574832128,"@GreenKirken @angelo_virgona @ian_hickie @Sian_NP @RhondaWilsonMHN @GregHuntMP @johno0910 @acnp_national @acn_tweet @PatMcGorry @AASW_ Not ignoring but reading and learning as always on Twitter. The workforce issue is real in mental health. The Government response to the Productivity Commission is critical. We must have team based care, vocational training and cultures of care that excite &amp; support clinicians.",,
support,2020-08-18 11:05:53,SenSHenderson,https://twitter.com/SenSHenderson,https://twitter.com/i/web/status/1295527302458089472,So important to reach out for mental health support if you need it.   See my joint release with @GregHuntMP on this significant investment by the @ScottMorrisonMP Govt in mental health clinics including for regional Victoria.   https://t.co/FAourFbIob https://t.co/IZDn10RYkn,,
support,2020-08-18 22:39:23,miffyjayne,https://twitter.com/miffyjayne,https://twitter.com/i/web/status/1295701826323415041,RT @johno0910: I need dozens of mental health nurses right now. Critical to support community based care &amp; keeping people out of ED. Succes…,,
support,2020-08-17 13:35:52,SuicidePrevAU,https://twitter.com/SuicidePrevAU,https://twitter.com/i/web/status/1295202658546937856,Welcome news: $31.9 million to create 15 mental health clinics across Victoria and enhance #COVID19Vic #SuicidePrevention and #mentalhealth support. 9 clinics in Greater Melbourne and six in regional Victoria.  @headspace_aus @ScottMorrisonMP   https://t.co/VDbOqLFBaS,COVID19Vic,SuicidePrevention
support,2020-08-18 21:42:39,Mickholloways,https://twitter.com/Mickholloways,https://twitter.com/i/web/status/1295687549768232961,RT @johno0910: I need dozens of mental health nurses right now. Critical to support community based care &amp; keeping people out of ED. Succes…,,
support,2020-08-18 21:55:53,FostKim,https://twitter.com/FostKim,https://twitter.com/i/web/status/1295690881706545152,RT @johno0910: I need dozens of mental health nurses right now. Critical to support community based care &amp; keeping people out of ED. Succes…,,
support,2020-08-18 21:50:34,ian_hickie,https://twitter.com/ian_hickie,https://twitter.com/i/web/status/1295689544373661696,RT @johno0910: I need dozens of mental health nurses right now. Critical to support community based care &amp; keeping people out of ED. Succes…,,
