keyword,counts
site,264
experien,264
welcome,260
ppl,248
intellectual,246
#disability,246
#mentalh,240
extension,229
created,225
lived,204
receive,199
#covid19vic,194
news,185
#medicare,185
digital,179
expanded,166
makes,161
works,161
enhance,161
big,154
access,146
showing,139
technologies,139
f2f,139
care;,139
training,139
thank,139
ab,139
program,139
may,134
difference,134
activity,134
future,134
active,119
#depression,114
positive,114
help,113
youth,111
team,111
learn,111
exercise,111
disorders,110
spoke,110
arabic,110
strong,110
ten,110
#go8,110
researchers,110
awarded,110
$7,110
harness,110
artificial,110
extremely,110
living,110
today,101
idea,101
restrictions,95
thanks,92
million,92
anxiety,92
find,90
daily,89
young,85
sessions,83
session,82
resources,82
emotional,82
announcement,80
better,79
#anxiety,79
subsidised,79
provide,76
funding,73
first,69
increased,69
speaking,69
#rcpsychic,69
virtual,69
congress,69
1530,69
freq,69
interested,69
mood,69
minds,69
2021,69
doors,69
enjoy,69
experiencing,69
drought,69
check,69
series,69
ocd,69
range,69
healthy,69
mum,69
safaa,69
hakim,69
forward,69
refugee,69
backgrounds,69
