Topic,word1,word2,word3,word4,word5,word6,word7,word8,word9,word10
Topic 1,anxiety,importantly,out-of-pocket,highlight,cost,insuran,feeling,important,friend,down
Topic 2,suicide,prevention,affect,support,change,awareness,raise,#worldsuicidepreventionday,#strandedaussies,flight
Topic 3,family,biloela,lonely,#qanda,think,thought,island,spare,money,making
Topic 4,covid,important,social,anxiety,#covid19,medium,inform,ongoing,chief,federal
Topic 5,people,telehealth,consider,issue,something,actually,eroding,government,medicare,fund
