Topic,word1,word2,word3,word4,word5,word6,word7,word8,word9,word10
Topic 1,follow,come,overwhelmin,advice,stopping,protest,distance,create,mentally,physically
Topic 2,australian,wellbeing,future,border,important,especially,taking,beyond,dedicate,citizen
Topic 3,collective,lockdown,crisis,lonely,strain,second,truly,anger,depression,economic
Topic 4,impact,coronavirus,tough,active,make,physical,work,daily,difference,activity
Topic 5,impact,wellbeing,suffer,economy,social,along,recession,unemployment,experience,pandemic
