Topic,word1,word2,word3,word4,word5,word6,word7,word8,word9,word10
Topic 1,country,covid,depression,australia,manage,anxiety,government,stress,worry,learn
Topic 2,nurse,people,anxiety,focus,community,physical,support,thing,response,young
Topic 3,impact,partner,anxiety,tough,coronavirus,australian,depression,australia,#depression,information
Topic 4,depression,people,action,patient,community,partner,seperated,sadness,understand,loneliness
Topic 5,nurse,access,depression,need,anxiety,minister,time,program,incentive,evaluate
