Topic,word1,word2,word3,word4,word5,word6,word7,word8,word9,word10
Topic 1,support,beyond,people,service,available,working,discussion,self-isolating,connect,someone
Topic 2,support,pandemic,covid,impact,great,people,wellbeing,vital,dedicate,beyond
Topic 3,australian,welcome,address,today,across,clinic,need,additional,difficult,commitment
Topic 4,impact,service,support,important,covid,life,help,continue,social,outbreak
Topic 5,people,young,connect,important,resource,parent,carer,clinic,australia,victoria
