Topic,word1,word2,word3,word4,word5,word6,word7,word8,word9,word10
Topic 1,anxiety,family,biloela,medium,#covid19,importantly,cost,out-of-pocket,highlight,lonely
Topic 2,suicide,family,australia,prevention,change,affect,depression,anxiety,#worldsuicidepreventionday,awareness
Topic 3,people,government,something,actually,consider,issue,eroding,telehealth,extend,medicare
Topic 4,covid,support,chief,deputy,#7news,federal,minister,medical,officer,update
Topic 5,parent,suicide,important,engage,bird,coronavirus,pandemic,defence,advocate,cutting
