keyword,created_at_local_time,screen_name,user_URL,tweet_URL,tweet_text,hashtag1,hashtag2
suffer,2020-08-30 06:48:40,minnie736,https://twitter.com/minnie736,https://twitter.com/i/web/status/1299811226864640000,"@GregHuntMP Physical, Social and Emotional Health before Productivity and Profit. Many Elderly are Isolated and Vulnerable. Many suffer Anxiety and Depression Mental Health is significant to Morbidity in Aged Care. More Time is needed to  deliver care .. sit and listen .. be supportive.",,
suffer,2020-08-27 16:20:59,lealovinglifea1,https://twitter.com/lealovinglifea1,https://twitter.com/i/web/status/1298868092433506305,Children will suffer from mental health issues if they don‘t have strong family surroundings! #AFairGoForLove #removethecap @ScottMorrisonMP @PeterDutton_MP @GregHuntMP https://t.co/xLBqnhHu0w,AFairGoForLove,removethecap
suffer,2020-08-27 16:23:22,autumn_daze00,https://twitter.com/autumn_daze00,https://twitter.com/i/web/status/1298868691661021185,RT @lealovinglifea1: Children will suffer from mental health issues if they don‘t have strong family surroundings! #AFairGoForLove #removet…,AFairGoForLove,AFairGoForLove
suffer,2020-08-27 16:43:09,Sahanchan89,https://twitter.com/Sahanchan89,https://twitter.com/i/web/status/1298873670811738112,RT @lealovinglifea1: Children will suffer from mental health issues if they don‘t have strong family surroundings! #AFairGoForLove #removet…,AFairGoForLove,AFairGoForLove
suffer,2020-08-27 16:21:35,nicola38381851,https://twitter.com/nicola38381851,https://twitter.com/i/web/status/1298868243541553152,RT @lealovinglifea1: Children will suffer from mental health issues if they don‘t have strong family surroundings! #AFairGoForLove #removet…,AFairGoForLove,AFairGoForLove
additional,2020-08-28 10:10:59,UniMelbPoche,https://twitter.com/UniMelbPoche,https://twitter.com/i/web/status/1299137367182209024,"RT @NACCHOAustralia: Mental health, suicide prevention remain high priorities! @healthgovau is providing 10 additional Medicare subsidised…",,
additional,2020-08-29 12:24:33,cbpatsisp,https://twitter.com/cbpatsisp,https://twitter.com/i/web/status/1299533368669822977,"RT @NACCHOAustralia: Mental health, suicide prevention remain high priorities! @healthgovau is providing 10 additional Medicare subsidised…",,
additional,2020-08-27 17:13:50,hcfinn,https://twitter.com/hcfinn,https://twitter.com/i/web/status/1298881390612631555,"RT @NACCHOAustralia: Mental health, suicide prevention remain high priorities! @healthgovau is providing 10 additional Medicare subsidised…",,
additional,2020-08-28 13:59:16,PeterHi60563598,https://twitter.com/PeterHi60563598,https://twitter.com/i/web/status/1299194815607840768,"RT @NACCHOAustralia: Mental health, suicide prevention remain high priorities! @healthgovau is providing 10 additional Medicare subsidised…",,
additional,2020-08-27 15:51:34,SummerMayFinlay,https://twitter.com/SummerMayFinlay,https://twitter.com/i/web/status/1298860689541312512,"RT @NACCHOAustralia: Mental health, suicide prevention remain high priorities! @healthgovau is providing 10 additional Medicare subsidised…",,
additional,2020-08-31 12:05:41,MegBastard,https://twitter.com/MegBastard,https://twitter.com/i/web/status/1300253395647782913,"RT @NACCHOAustralia: Mental health, suicide prevention remain high priorities! @healthgovau is providing 10 additional Medicare subsidised…",,
additional,2020-08-29 05:07:11,SkeenLiv,https://twitter.com/SkeenLiv,https://twitter.com/i/web/status/1299423301584945161,"RT @NACCHOAustralia: Mental health, suicide prevention remain high priorities! @healthgovau is providing 10 additional Medicare subsidised…",,
additional,2020-08-27 15:31:24,CycloneLizzy,https://twitter.com/CycloneLizzy,https://twitter.com/i/web/status/1298855615071055872,"RT @NACCHOAustralia: Mental health, suicide prevention remain high priorities! @healthgovau is providing 10 additional Medicare subsidised…",,
additional,2020-08-29 10:11:31,FIL20032014,https://twitter.com/FIL20032014,https://twitter.com/i/web/status/1299499887067721728,"RT @NACCHOAustralia: Mental health, suicide prevention remain high priorities! @healthgovau is providing 10 additional Medicare subsidised…",,
additional,2020-08-29 07:28:49,LIME__Network,https://twitter.com/LIME__Network,https://twitter.com/i/web/status/1299458944125906945,"RT @NACCHOAustralia: Mental health, suicide prevention remain high priorities! @healthgovau is providing 10 additional Medicare subsidised…",,
#afairgoforlove,2020-08-30 00:34:33,sreeura,https://twitter.com/sreeura,https://twitter.com/i/web/status/1299717077712793602,"RT @occhocochoy: #AFairGoForLove #LoveIsNotToursim #removethecap We cannot know that when we can see each other to my lover, we feel that i…",AFairGoForLove,removethecap
#afairgoforlove,2020-08-27 17:02:22,hiba_akmal,https://twitter.com/hiba_akmal,https://twitter.com/i/web/status/1298878504952422401,"RT @occhocochoy: #AFairGoForLove #LoveIsNotToursim #removethecap We cannot know that when we can see each other to my lover, we feel that i…",AFairGoForLove,removethecap
#afairgoforlove,2020-08-27 16:38:14,jagney007,https://twitter.com/jagney007,https://twitter.com/i/web/status/1298872432539795456,"RT @occhocochoy: #AFairGoForLove #LoveIsNotToursim #removethecap We cannot know that when we can see each other to my lover, we feel that i…",AFairGoForLove,removethecap
#afairgoforlove,2020-08-27 18:43:20,Asu15151,https://twitter.com/Asu15151,https://twitter.com/i/web/status/1298903914742296577,"RT @occhocochoy: #AFairGoForLove #LoveIsNotToursim #removethecap We cannot know that when we can see each other to my lover, we feel that i…",AFairGoForLove,removethecap
#afairgoforlove,2020-08-27 17:00:06,mekiran4u,https://twitter.com/mekiran4u,https://twitter.com/i/web/status/1298877935873454082,"RT @occhocochoy: #AFairGoForLove #LoveIsNotToursim #removethecap We cannot know that when we can see each other to my lover, we feel that i…",AFairGoForLove,removethecap
#afairgoforlove,2020-08-27 16:20:59,lealovinglifea1,https://twitter.com/lealovinglifea1,https://twitter.com/i/web/status/1298868092433506305,Children will suffer from mental health issues if they don‘t have strong family surroundings! #AFairGoForLove #removethecap @ScottMorrisonMP @PeterDutton_MP @GregHuntMP https://t.co/xLBqnhHu0w,AFairGoForLove,removethecap
#afairgoforlove,2020-08-27 16:23:22,autumn_daze00,https://twitter.com/autumn_daze00,https://twitter.com/i/web/status/1298868691661021185,RT @lealovinglifea1: Children will suffer from mental health issues if they don‘t have strong family surroundings! #AFairGoForLove #removet…,AFairGoForLove,AFairGoForLove
#afairgoforlove,2020-08-27 16:36:09,almightypuja,https://twitter.com/almightypuja,https://twitter.com/i/web/status/1298871909518516225,"RT @occhocochoy: #AFairGoForLove #LoveIsNotToursim #removethecap We cannot know that when we can see each other to my lover, we feel that i…",AFairGoForLove,removethecap
#afairgoforlove,2020-08-27 16:08:13,Sahanchan89,https://twitter.com/Sahanchan89,https://twitter.com/i/web/status/1298864876752965632,"@GregHuntMP you do not need to spend millions on mental health if you allowed Binational couples to reunite. We will quarantine, we will get tested but allow us that opportunity in the very least. Surely you must see this #LoveIsNotTourism #AFairGoForLove",AFairGoForLove,LoveIsNotTourism
#afairgoforlove,2020-08-27 16:43:09,Sahanchan89,https://twitter.com/Sahanchan89,https://twitter.com/i/web/status/1298873670811738112,RT @lealovinglifea1: Children will suffer from mental health issues if they don‘t have strong family surroundings! #AFairGoForLove #removet…,AFairGoForLove,AFairGoForLove
right,2020-08-26 20:05:13,ingioz,https://twitter.com/ingioz,https://twitter.com/i/web/status/1298562131852312576,RT @Just_1_Reason: Asking if someone is ok is the right thing to do! @ingioz @blackdoginst #depression,depression,depression
right,2020-08-27 08:51:08,The_NewLiberals,https://twitter.com/The_NewLiberals,https://twitter.com/i/web/status/1298754881327493120,RT @figstuff: Punch this tweet out as important to @ScottMorrisonMP     A RIGHT regarding farmers with mental health suicide hurting famili…,,
right,2020-08-27 12:23:28,AnodyneParadigm,https://twitter.com/AnodyneParadigm,https://twitter.com/i/web/status/1298808319252013057,RT @figstuff: Punch this tweet out as important to @ScottMorrisonMP     A RIGHT regarding farmers with mental health suicide hurting famili…,,
right,2020-08-26 23:05:42,figstuff,https://twitter.com/figstuff,https://twitter.com/i/web/status/1298607555489329155,Punch this tweet out as important to @ScottMorrisonMP     A RIGHT regarding farmers with mental health suicide hurting families animals country  where does it start   The Spirit of Life=WATER your lingo you might  understood  @ScottMorrisonMP  @PeterDutton_MP    WATER IS LIFE https://t.co/oeRExLlYwo,,
right,2020-08-31 19:32:00,LilSushiRollElf,https://twitter.com/LilSushiRollElf,https://twitter.com/i/web/status/1300365713123627009,"@Toddrick_Fox Oh believe me I've been anxious as fuck since it came to Australia, plus my home state is in full lockdown and I'm constantly out and about running errands and shopping since I'm the only one able to drive right now, I;m at a state where the stress is just normal rip",,
covid,2020-08-28 12:56:35,AllergyWhispers,https://twitter.com/AllergyWhispers,https://twitter.com/i/web/status/1299179040490749952,RT @DrEricLevi: Almost every COVID death is a lonely death. Let’s be mindful of that. Many of these patients died alone or with one carer w…,,
covid,2020-08-26 08:11:56,JasonTrethowan,https://twitter.com/JasonTrethowan,https://twitter.com/i/web/status/1298382628265984000,RT @GregHuntMP: COVID-19 restrictions can be tough on mental health.   That’s why the Morrison Government has: •         extended telehealt…,,
covid,2020-08-26 17:00:07,2093Arts,https://twitter.com/2093Arts,https://twitter.com/i/web/status/1298515551367528448,RT @GregHuntMP: COVID-19 restrictions can be tough on mental health.   That’s why the Morrison Government has: •         extended telehealt…,,
covid,2020-08-29 15:41:51,DrAsthaTomar,https://twitter.com/DrAsthaTomar,https://twitter.com/i/web/status/1299583018214936579,Isn’t it too early to look at such data when #COVIDVIC19 is still panning out and mental health impact will be felt for a long time even when the pandemic ends? We need to continue to be watchful and be prepared for the crisis ahead. @RANZCP @VicGovDHHS @GregHuntMP We have to. https://t.co/r9Q2sRm2xH,COVIDVIC19,COVIDVIC19
covid,2020-08-27 18:41:42,Asu15151,https://twitter.com/Asu15151,https://twitter.com/i/web/status/1298903504023478276,RT @Danni2827: COVID19 is serious but so is the mental health of Australian Citizens who are being kept away from their partners and famili…,,
covid,2020-08-30 09:22:38,CarolRi29641054,https://twitter.com/CarolRi29641054,https://twitter.com/i/web/status/1299849975019401216,"RT @TheKouk: Before Covid-19 pole-axed the economy, private sector business investment was in depression. From a peak in the June qtr 2012,…",,
covid,2020-08-26 08:19:13,storedotcomau,https://twitter.com/storedotcomau,https://twitter.com/i/web/status/1298384461751443456,RT @GregHuntMP: COVID-19 restrictions can be tough on mental health.   That’s why the Morrison Government has: •         extended telehealt…,,
covid,2020-08-27 16:16:16,Sahanchan89,https://twitter.com/Sahanchan89,https://twitter.com/i/web/status/1298866905923624960,RT @Danni2827: COVID19 is serious but so is the mental health of Australian Citizens who are being kept away from their partners and famili…,,
covid,2020-09-01 20:12:02,nick_coatsworth,https://twitter.com/nick_coatsworth,https://twitter.com/i/web/status/1300738178320486400,"RT @healthgovau: No matter how COVID-19 has affected you, adjusting to the changes can take some time. Keep track of how you are feeling an…",,
covid,2020-08-27 16:12:24,nicola38381851,https://twitter.com/nicola38381851,https://twitter.com/i/web/status/1298865932308115456,RT @Danni2827: COVID19 is serious but so is the mental health of Australian Citizens who are being kept away from their partners and famili…,,
stress,2020-08-29 15:42:37,hcfinn,https://twitter.com/hcfinn,https://twitter.com/i/web/status/1299583210129563648,"RT @OtherSociology: In Australia, racism explains 30 per cent of depression and over 50 per cent of chronic stress experienced by Aborigin…",,
stress,2020-08-29 11:48:11,lovepre91961313,https://twitter.com/lovepre91961313,https://twitter.com/i/web/status/1299524215087849473,"RT @Mummuworld: I would like to wake up and see on the news Borders open again all over the world This stress and anxiety is unique, I ha…",,
stress,2020-09-01 00:20:00,AusCGGeneva,https://twitter.com/AusCGGeneva,https://twitter.com/i/web/status/1300438192936628224,"RT @healthgovau: The impacts of the coronavirus outbreak, isolation and restrictions can make us feel anxious, stressed or overwhelmed. It’…",,
stress,2020-08-29 17:29:02,RoxanneAbejuel,https://twitter.com/RoxanneAbejuel,https://twitter.com/i/web/status/1299609994434760709,"RT @Mummuworld: I would like to wake up and see on the news Borders open again all over the world This stress and anxiety is unique, I ha…",,
stress,2020-08-29 19:08:22,almightypuja,https://twitter.com/almightypuja,https://twitter.com/i/web/status/1299634988732674048,"RT @Mummuworld: I would like to wake up and see on the news Borders open again all over the world This stress and anxiety is unique, I ha…",,
stress,2020-08-26 10:29:20,doctorjan6,https://twitter.com/doctorjan6,https://twitter.com/i/web/status/1298417206707986432,"RT @healthgovau: The impacts of the coronavirus outbreak, isolation and restrictions can make us feel anxious, stressed or overwhelmed. It’…",,
stress,2020-08-27 08:40:02,Ahpra,https://twitter.com/Ahpra,https://twitter.com/i/web/status/1298752088587948032,"RT @healthgovau: The impacts of the coronavirus outbreak, isolation and restrictions can make us feel anxious, stressed or overwhelmed. It’…",,
stress,2020-08-26 19:02:55,boomerangmadi,https://twitter.com/boomerangmadi,https://twitter.com/i/web/status/1298546455582404609,"RT @healthgovau: The impacts of the coronavirus outbreak, isolation and restrictions can make us feel anxious, stressed or overwhelmed. It’…",,
stress,2020-08-29 10:42:50,afairgoforlove,https://twitter.com/afairgoforlove,https://twitter.com/i/web/status/1299507770463457281,"RT @Mummuworld: I would like to wake up and see on the news Borders open again all over the world This stress and anxiety is unique, I ha…",,
stress,2020-08-27 20:12:15,Member4King,https://twitter.com/Member4King,https://twitter.com/i/web/status/1298926292096520194,"RT @healthgovau: The impacts of the coronavirus outbreak, isolation and restrictions can make us feel anxious, stressed or overwhelmed. It’…",,
outbreak,2020-09-01 00:20:00,AusCGGeneva,https://twitter.com/AusCGGeneva,https://twitter.com/i/web/status/1300438192936628224,"RT @healthgovau: The impacts of the coronavirus outbreak, isolation and restrictions can make us feel anxious, stressed or overwhelmed. It’…",,
outbreak,2020-08-26 10:29:20,doctorjan6,https://twitter.com/doctorjan6,https://twitter.com/i/web/status/1298417206707986432,"RT @healthgovau: The impacts of the coronavirus outbreak, isolation and restrictions can make us feel anxious, stressed or overwhelmed. It’…",,
outbreak,2020-08-27 08:40:02,Ahpra,https://twitter.com/Ahpra,https://twitter.com/i/web/status/1298752088587948032,"RT @healthgovau: The impacts of the coronavirus outbreak, isolation and restrictions can make us feel anxious, stressed or overwhelmed. It’…",,
outbreak,2020-08-26 19:02:55,boomerangmadi,https://twitter.com/boomerangmadi,https://twitter.com/i/web/status/1298546455582404609,"RT @healthgovau: The impacts of the coronavirus outbreak, isolation and restrictions can make us feel anxious, stressed or overwhelmed. It’…",,
outbreak,2020-08-27 20:12:15,Member4King,https://twitter.com/Member4King,https://twitter.com/i/web/status/1298926292096520194,"RT @healthgovau: The impacts of the coronavirus outbreak, isolation and restrictions can make us feel anxious, stressed or overwhelmed. It’…",,
outbreak,2020-08-27 02:40:07,BrissieMurri,https://twitter.com/BrissieMurri,https://twitter.com/i/web/status/1298661515000651777,"RT @healthgovau: The impacts of the coronavirus outbreak, isolation and restrictions can make us feel anxious, stressed or overwhelmed. It’…",,
telehealt,2020-08-26 08:11:56,JasonTrethowan,https://twitter.com/JasonTrethowan,https://twitter.com/i/web/status/1298382628265984000,RT @GregHuntMP: COVID-19 restrictions can be tough on mental health.   That’s why the Morrison Government has: •         extended telehealt…,,
telehealt,2020-08-26 17:00:07,2093Arts,https://twitter.com/2093Arts,https://twitter.com/i/web/status/1298515551367528448,RT @GregHuntMP: COVID-19 restrictions can be tough on mental health.   That’s why the Morrison Government has: •         extended telehealt…,,
telehealt,2020-08-26 08:19:13,storedotcomau,https://twitter.com/storedotcomau,https://twitter.com/i/web/status/1298384461751443456,RT @GregHuntMP: COVID-19 restrictions can be tough on mental health.   That’s why the Morrison Government has: •         extended telehealt…,,
telehealt,2020-08-26 08:01:15,MatthewMellor,https://twitter.com/MatthewMellor,https://twitter.com/i/web/status/1298379939868155904,RT @GregHuntMP: COVID-19 restrictions can be tough on mental health.   That’s why the Morrison Government has: •         extended telehealt…,,
telehealt,2020-08-26 09:00:26,fatima_ishfaq,https://twitter.com/fatima_ishfaq,https://twitter.com/i/web/status/1298394835712225280,RT @GregHuntMP: COVID-19 restrictions can be tough on mental health.   That’s why the Morrison Government has: •         extended telehealt…,,
telehealt,2020-08-26 12:47:18,LiberalAus,https://twitter.com/LiberalAus,https://twitter.com/i/web/status/1298451926732816386,RT @GregHuntMP: COVID-19 restrictions can be tough on mental health.   That’s why the Morrison Government has: •         extended telehealt…,,
telehealt,2020-09-01 08:27:05,FLMirabelli,https://twitter.com/FLMirabelli,https://twitter.com/i/web/status/1300560772053889024,People seeking mental health support need options. 44% of recent consultations were through Telehealth. Come on  @GregHuntMP make Telehealth a permanent option for all Australians. #melbournelockdown2020 #melbournelockdown,melbournelockdown,melbournelockdown2020
child,2020-08-27 16:20:59,lealovinglifea1,https://twitter.com/lealovinglifea1,https://twitter.com/i/web/status/1298868092433506305,Children will suffer from mental health issues if they don‘t have strong family surroundings! #AFairGoForLove #removethecap @ScottMorrisonMP @PeterDutton_MP @GregHuntMP https://t.co/xLBqnhHu0w,AFairGoForLove,removethecap
child,2020-08-27 16:23:22,autumn_daze00,https://twitter.com/autumn_daze00,https://twitter.com/i/web/status/1298868691661021185,RT @lealovinglifea1: Children will suffer from mental health issues if they don‘t have strong family surroundings! #AFairGoForLove #removet…,AFairGoForLove,AFairGoForLove
child,2020-08-27 16:43:09,Sahanchan89,https://twitter.com/Sahanchan89,https://twitter.com/i/web/status/1298873670811738112,RT @lealovinglifea1: Children will suffer from mental health issues if they don‘t have strong family surroundings! #AFairGoForLove #removet…,AFairGoForLove,AFairGoForLove
child,2020-08-27 16:21:35,nicola38381851,https://twitter.com/nicola38381851,https://twitter.com/i/web/status/1298868243541553152,RT @lealovinglifea1: Children will suffer from mental health issues if they don‘t have strong family surroundings! #AFairGoForLove #removet…,AFairGoForLove,AFairGoForLove
suicide,2020-08-28 10:10:59,UniMelbPoche,https://twitter.com/UniMelbPoche,https://twitter.com/i/web/status/1299137367182209024,"RT @NACCHOAustralia: Mental health, suicide prevention remain high priorities! @healthgovau is providing 10 additional Medicare subsidised…",,
suicide,2020-08-29 12:24:33,cbpatsisp,https://twitter.com/cbpatsisp,https://twitter.com/i/web/status/1299533368669822977,"RT @NACCHOAustralia: Mental health, suicide prevention remain high priorities! @healthgovau is providing 10 additional Medicare subsidised…",,
suicide,2020-08-30 21:37:38,_ONEINFIVE_,https://twitter.com/_ONEINFIVE_,https://twitter.com/i/web/status/1300034943188234241,This is really terrific.  But why does the conversation always lead back to youth mental health - rather than mental health for all? Especially given M30-50 are most at risk of suicide #auspol @GregHuntMP @Bowenchris @MartinFoleyMP https://t.co/giRQFGwKf4,auspol,auspol
suicide,2020-08-27 17:13:50,hcfinn,https://twitter.com/hcfinn,https://twitter.com/i/web/status/1298881390612631555,"RT @NACCHOAustralia: Mental health, suicide prevention remain high priorities! @healthgovau is providing 10 additional Medicare subsidised…",,
suicide,2020-08-27 08:51:08,The_NewLiberals,https://twitter.com/The_NewLiberals,https://twitter.com/i/web/status/1298754881327493120,RT @figstuff: Punch this tweet out as important to @ScottMorrisonMP     A RIGHT regarding farmers with mental health suicide hurting famili…,,
suicide,2020-08-28 13:59:16,PeterHi60563598,https://twitter.com/PeterHi60563598,https://twitter.com/i/web/status/1299194815607840768,"RT @NACCHOAustralia: Mental health, suicide prevention remain high priorities! @healthgovau is providing 10 additional Medicare subsidised…",,
suicide,2020-08-27 15:51:34,SummerMayFinlay,https://twitter.com/SummerMayFinlay,https://twitter.com/i/web/status/1298860689541312512,"RT @NACCHOAustralia: Mental health, suicide prevention remain high priorities! @healthgovau is providing 10 additional Medicare subsidised…",,
suicide,2020-08-31 12:05:41,MegBastard,https://twitter.com/MegBastard,https://twitter.com/i/web/status/1300253395647782913,"RT @NACCHOAustralia: Mental health, suicide prevention remain high priorities! @healthgovau is providing 10 additional Medicare subsidised…",,
suicide,2020-08-29 05:07:11,SkeenLiv,https://twitter.com/SkeenLiv,https://twitter.com/i/web/status/1299423301584945161,"RT @NACCHOAustralia: Mental health, suicide prevention remain high priorities! @healthgovau is providing 10 additional Medicare subsidised…",,
suicide,2020-08-27 10:43:32,C_Bratter,https://twitter.com/C_Bratter,https://twitter.com/i/web/status/1298783167571091456,"@maslowsflawed @ScottMorrisonMP So let’s just wait for the final figures eg twelve months after the lockdowns for suicides/attempted, overdoses, bankruptcy, alcoholism, mental health for young and old, family violence and family breakdowns etc.  in the meantime take care everyone ❤️💔❤️",,
remain,2020-08-28 10:10:59,UniMelbPoche,https://twitter.com/UniMelbPoche,https://twitter.com/i/web/status/1299137367182209024,"RT @NACCHOAustralia: Mental health, suicide prevention remain high priorities! @healthgovau is providing 10 additional Medicare subsidised…",,
remain,2020-08-29 12:24:33,cbpatsisp,https://twitter.com/cbpatsisp,https://twitter.com/i/web/status/1299533368669822977,"RT @NACCHOAustralia: Mental health, suicide prevention remain high priorities! @healthgovau is providing 10 additional Medicare subsidised…",,
remain,2020-08-27 17:13:50,hcfinn,https://twitter.com/hcfinn,https://twitter.com/i/web/status/1298881390612631555,"RT @NACCHOAustralia: Mental health, suicide prevention remain high priorities! @healthgovau is providing 10 additional Medicare subsidised…",,
remain,2020-08-28 13:59:16,PeterHi60563598,https://twitter.com/PeterHi60563598,https://twitter.com/i/web/status/1299194815607840768,"RT @NACCHOAustralia: Mental health, suicide prevention remain high priorities! @healthgovau is providing 10 additional Medicare subsidised…",,
remain,2020-08-27 15:51:34,SummerMayFinlay,https://twitter.com/SummerMayFinlay,https://twitter.com/i/web/status/1298860689541312512,"RT @NACCHOAustralia: Mental health, suicide prevention remain high priorities! @healthgovau is providing 10 additional Medicare subsidised…",,
remain,2020-08-31 12:05:41,MegBastard,https://twitter.com/MegBastard,https://twitter.com/i/web/status/1300253395647782913,"RT @NACCHOAustralia: Mental health, suicide prevention remain high priorities! @healthgovau is providing 10 additional Medicare subsidised…",,
remain,2020-08-29 05:07:11,SkeenLiv,https://twitter.com/SkeenLiv,https://twitter.com/i/web/status/1299423301584945161,"RT @NACCHOAustralia: Mental health, suicide prevention remain high priorities! @healthgovau is providing 10 additional Medicare subsidised…",,
remain,2020-08-27 15:31:24,CycloneLizzy,https://twitter.com/CycloneLizzy,https://twitter.com/i/web/status/1298855615071055872,"RT @NACCHOAustralia: Mental health, suicide prevention remain high priorities! @healthgovau is providing 10 additional Medicare subsidised…",,
remain,2020-08-29 10:11:31,FIL20032014,https://twitter.com/FIL20032014,https://twitter.com/i/web/status/1299499887067721728,"RT @NACCHOAustralia: Mental health, suicide prevention remain high priorities! @healthgovau is providing 10 additional Medicare subsidised…",,
remain,2020-08-29 07:28:49,LIME__Network,https://twitter.com/LIME__Network,https://twitter.com/i/web/status/1299458944125906945,"RT @NACCHOAustralia: Mental health, suicide prevention remain high priorities! @healthgovau is providing 10 additional Medicare subsidised…",,
extend,2020-08-26 08:11:56,JasonTrethowan,https://twitter.com/JasonTrethowan,https://twitter.com/i/web/status/1298382628265984000,RT @GregHuntMP: COVID-19 restrictions can be tough on mental health.   That’s why the Morrison Government has: •         extended telehealt…,,
extend,2020-08-26 17:00:07,2093Arts,https://twitter.com/2093Arts,https://twitter.com/i/web/status/1298515551367528448,RT @GregHuntMP: COVID-19 restrictions can be tough on mental health.   That’s why the Morrison Government has: •         extended telehealt…,,
extend,2020-08-26 08:19:13,storedotcomau,https://twitter.com/storedotcomau,https://twitter.com/i/web/status/1298384461751443456,RT @GregHuntMP: COVID-19 restrictions can be tough on mental health.   That’s why the Morrison Government has: •         extended telehealt…,,
extend,2020-08-26 08:01:15,MatthewMellor,https://twitter.com/MatthewMellor,https://twitter.com/i/web/status/1298379939868155904,RT @GregHuntMP: COVID-19 restrictions can be tough on mental health.   That’s why the Morrison Government has: •         extended telehealt…,,
extend,2020-08-26 09:00:26,fatima_ishfaq,https://twitter.com/fatima_ishfaq,https://twitter.com/i/web/status/1298394835712225280,RT @GregHuntMP: COVID-19 restrictions can be tough on mental health.   That’s why the Morrison Government has: •         extended telehealt…,,
extend,2020-08-26 12:47:18,LiberalAus,https://twitter.com/LiberalAus,https://twitter.com/i/web/status/1298451926732816386,RT @GregHuntMP: COVID-19 restrictions can be tough on mental health.   That’s why the Morrison Government has: •         extended telehealt…,,
overwhelm,2020-09-01 00:20:00,AusCGGeneva,https://twitter.com/AusCGGeneva,https://twitter.com/i/web/status/1300438192936628224,"RT @healthgovau: The impacts of the coronavirus outbreak, isolation and restrictions can make us feel anxious, stressed or overwhelmed. It’…",,
overwhelm,2020-08-26 10:29:20,doctorjan6,https://twitter.com/doctorjan6,https://twitter.com/i/web/status/1298417206707986432,"RT @healthgovau: The impacts of the coronavirus outbreak, isolation and restrictions can make us feel anxious, stressed or overwhelmed. It’…",,
overwhelm,2020-08-27 08:40:02,Ahpra,https://twitter.com/Ahpra,https://twitter.com/i/web/status/1298752088587948032,"RT @healthgovau: The impacts of the coronavirus outbreak, isolation and restrictions can make us feel anxious, stressed or overwhelmed. It’…",,
overwhelm,2020-08-26 19:02:55,boomerangmadi,https://twitter.com/boomerangmadi,https://twitter.com/i/web/status/1298546455582404609,"RT @healthgovau: The impacts of the coronavirus outbreak, isolation and restrictions can make us feel anxious, stressed or overwhelmed. It’…",,
overwhelm,2020-08-27 20:12:15,Member4King,https://twitter.com/Member4King,https://twitter.com/i/web/status/1298926292096520194,"RT @healthgovau: The impacts of the coronavirus outbreak, isolation and restrictions can make us feel anxious, stressed or overwhelmed. It’…",,
overwhelm,2020-08-27 02:40:07,BrissieMurri,https://twitter.com/BrissieMurri,https://twitter.com/i/web/status/1298661515000651777,"RT @healthgovau: The impacts of the coronavirus outbreak, isolation and restrictions can make us feel anxious, stressed or overwhelmed. It’…",,
depression,2020-08-29 09:15:29,PatMcGorry,https://twitter.com/PatMcGorry,https://twitter.com/i/web/status/1299485784769134592,RT @NAMICommunicate: A new study shows that young adults are reporting the highest levels of symptoms of anxiety and depression.  https://t…,,
depression,2020-08-29 15:42:37,hcfinn,https://twitter.com/hcfinn,https://twitter.com/i/web/status/1299583210129563648,"RT @OtherSociology: In Australia, racism explains 30 per cent of depression and over 50 per cent of chronic stress experienced by Aborigin…",,
depression,2020-08-26 20:05:13,ingioz,https://twitter.com/ingioz,https://twitter.com/i/web/status/1298562131852312576,RT @Just_1_Reason: Asking if someone is ok is the right thing to do! @ingioz @blackdoginst #depression,depression,depression
depression,2020-08-30 06:48:40,minnie736,https://twitter.com/minnie736,https://twitter.com/i/web/status/1299811226864640000,"@GregHuntMP Physical, Social and Emotional Health before Productivity and Profit. Many Elderly are Isolated and Vulnerable. Many suffer Anxiety and Depression Mental Health is significant to Morbidity in Aged Care. More Time is needed to  deliver care .. sit and listen .. be supportive.",,
depression,2020-08-30 09:22:38,CarolRi29641054,https://twitter.com/CarolRi29641054,https://twitter.com/i/web/status/1299849975019401216,"RT @TheKouk: Before Covid-19 pole-axed the economy, private sector business investment was in depression. From a peak in the June qtr 2012,…",,
depression,2020-08-27 17:01:40,mekiran4u,https://twitter.com/mekiran4u,https://twitter.com/i/web/status/1298878330930782208,RT @harithtwee: Dear @ScottMorrisonMP it is crucial time. Your students need help from you. So many are in depression and cannot able to sl…,,
depression,2020-08-30 11:51:18,PhilCygnus,https://twitter.com/PhilCygnus,https://twitter.com/i/web/status/1299887385845481472,"RT @TheKouk: Before Covid-19 pole-axed the economy, private sector business investment was in depression. From a peak in the June qtr 2012,…",,
depression,2020-08-26 16:19:45,ASPForg,https://twitter.com/ASPForg,https://twitter.com/i/web/status/1298505391962312706,"The term #Bipolar is medical jargon referring to two opposite aspects of illnesses that affect your mood. At one end of the illness, we have #depression. At the other end, we have an equally disabling condition, known as #hypomania or the more severe form called mania.",Bipolar,hypomania
depression,2020-09-01 20:25:55,PatMcGorry,https://twitter.com/PatMcGorry,https://twitter.com/i/web/status/1300741670544187392,RT @campbellclaret: So @britishGQ asked me ‘what does depression actually feel like?’  This is my answer. Long read!!  https://t.co/oZswFzE…,,
depression,2020-08-29 16:49:33,Dpeters1977,https://twitter.com/Dpeters1977,https://twitter.com/i/web/status/1299600055809105920,"RT @OtherSociology: In Australia, racism explains 30 per cent of depression and over 50 per cent of chronic stress experienced by Aborigin…",,
australia,2020-08-28 10:10:59,UniMelbPoche,https://twitter.com/UniMelbPoche,https://twitter.com/i/web/status/1299137367182209024,"RT @NACCHOAustralia: Mental health, suicide prevention remain high priorities! @healthgovau is providing 10 additional Medicare subsidised…",,
australia,2020-08-29 12:24:33,cbpatsisp,https://twitter.com/cbpatsisp,https://twitter.com/i/web/status/1299533368669822977,"RT @NACCHOAustralia: Mental health, suicide prevention remain high priorities! @healthgovau is providing 10 additional Medicare subsidised…",,
australia,2020-08-27 17:13:50,hcfinn,https://twitter.com/hcfinn,https://twitter.com/i/web/status/1298881390612631555,"RT @NACCHOAustralia: Mental health, suicide prevention remain high priorities! @healthgovau is providing 10 additional Medicare subsidised…",,
australia,2020-08-29 15:42:37,hcfinn,https://twitter.com/hcfinn,https://twitter.com/i/web/status/1299583210129563648,"RT @OtherSociology: In Australia, racism explains 30 per cent of depression and over 50 per cent of chronic stress experienced by Aborigin…",,
australia,2020-08-27 18:41:42,Asu15151,https://twitter.com/Asu15151,https://twitter.com/i/web/status/1298903504023478276,RT @Danni2827: COVID19 is serious but so is the mental health of Australian Citizens who are being kept away from their partners and famili…,,
australia,2020-08-29 12:16:21,koukli86,https://twitter.com/koukli86,https://twitter.com/i/web/status/1299531305026232320,"RT @Samizzle_Songz: Dear @ScottMorrisonMP @PeterDutton_MP @GregHuntMP  If you really care about Australians mental health, think about the…",,
australia,2020-08-27 16:16:16,Sahanchan89,https://twitter.com/Sahanchan89,https://twitter.com/i/web/status/1298866905923624960,RT @Danni2827: COVID19 is serious but so is the mental health of Australian Citizens who are being kept away from their partners and famili…,,
australia,2020-08-27 16:12:24,nicola38381851,https://twitter.com/nicola38381851,https://twitter.com/i/web/status/1298865932308115456,RT @Danni2827: COVID19 is serious but so is the mental health of Australian Citizens who are being kept away from their partners and famili…,,
australia,2020-08-28 13:59:16,PeterHi60563598,https://twitter.com/PeterHi60563598,https://twitter.com/i/web/status/1299194815607840768,"RT @NACCHOAustralia: Mental health, suicide prevention remain high priorities! @healthgovau is providing 10 additional Medicare subsidised…",,
australia,2020-08-27 16:38:49,LetMeFlyAus,https://twitter.com/LetMeFlyAus,https://twitter.com/i/web/status/1298872579969527808,RT @Danni2827: COVID19 is serious but so is the mental health of Australian Citizens who are being kept away from their partners and famili…,,
family,2020-08-27 16:20:59,lealovinglifea1,https://twitter.com/lealovinglifea1,https://twitter.com/i/web/status/1298868092433506305,Children will suffer from mental health issues if they don‘t have strong family surroundings! #AFairGoForLove #removethecap @ScottMorrisonMP @PeterDutton_MP @GregHuntMP https://t.co/xLBqnhHu0w,AFairGoForLove,removethecap
family,2020-08-27 16:23:22,autumn_daze00,https://twitter.com/autumn_daze00,https://twitter.com/i/web/status/1298868691661021185,RT @lealovinglifea1: Children will suffer from mental health issues if they don‘t have strong family surroundings! #AFairGoForLove #removet…,AFairGoForLove,AFairGoForLove
family,2020-08-27 16:43:09,Sahanchan89,https://twitter.com/Sahanchan89,https://twitter.com/i/web/status/1298873670811738112,RT @lealovinglifea1: Children will suffer from mental health issues if they don‘t have strong family surroundings! #AFairGoForLove #removet…,AFairGoForLove,AFairGoForLove
family,2020-08-27 16:21:35,nicola38381851,https://twitter.com/nicola38381851,https://twitter.com/i/web/status/1298868243541553152,RT @lealovinglifea1: Children will suffer from mental health issues if they don‘t have strong family surroundings! #AFairGoForLove #removet…,AFairGoForLove,AFairGoForLove
family,2020-08-27 10:43:32,C_Bratter,https://twitter.com/C_Bratter,https://twitter.com/i/web/status/1298783167571091456,"@maslowsflawed @ScottMorrisonMP So let’s just wait for the final figures eg twelve months after the lockdowns for suicides/attempted, overdoses, bankruptcy, alcoholism, mental health for young and old, family violence and family breakdowns etc.  in the meantime take care everyone ❤️💔❤️",,
family,2020-08-27 15:26:52,IAHA_National,https://twitter.com/IAHA_National,https://twitter.com/i/web/status/1298854473922564097,"RT @healthgovau: When we can’t see our friends and family regularly, it can be harder to keep on top of things. It’s normal to feel anxious…",,
important,2020-08-27 08:51:08,The_NewLiberals,https://twitter.com/The_NewLiberals,https://twitter.com/i/web/status/1298754881327493120,RT @figstuff: Punch this tweet out as important to @ScottMorrisonMP     A RIGHT regarding farmers with mental health suicide hurting famili…,,
important,2020-08-27 12:23:28,AnodyneParadigm,https://twitter.com/AnodyneParadigm,https://twitter.com/i/web/status/1298808319252013057,RT @figstuff: Punch this tweet out as important to @ScottMorrisonMP     A RIGHT regarding farmers with mental health suicide hurting famili…,,
important,2020-08-26 23:05:42,figstuff,https://twitter.com/figstuff,https://twitter.com/i/web/status/1298607555489329155,Punch this tweet out as important to @ScottMorrisonMP     A RIGHT regarding farmers with mental health suicide hurting families animals country  where does it start   The Spirit of Life=WATER your lingo you might  understood  @ScottMorrisonMP  @PeterDutton_MP    WATER IS LIFE https://t.co/oeRExLlYwo,,
important,2020-08-26 15:14:43,ian_hickie,https://twitter.com/ian_hickie,https://twitter.com/i/web/status/1298489027104931846,"@GregHuntMP @BrainMind_Usyd @CSART_world @PatMcGorry @SabraLane @LindaMottram @PatsKarvelas Of course, the main mental health initiative is JobKeeper; our modelling suggests extension to 2022 (appropriately modified to include those who are most vulnerable and targeted regionally) will save the most lives. After that, better education support is most important for youth",,
important,2020-09-01 10:00:40,RANZCP,https://twitter.com/RANZCP,https://twitter.com/i/web/status/1300584320760000514,There are psychological impacts of public health measures to contain the virus which can cause heightened stress and anxiety. It is important to keep an eye out for signs of anxiety in yourself and loved ones https://t.co/pTAKDMK41P #COVID19 https://t.co/kGRhzgv6la,COVID19,COVID19
coronavirus,2020-09-01 00:20:00,AusCGGeneva,https://twitter.com/AusCGGeneva,https://twitter.com/i/web/status/1300438192936628224,"RT @healthgovau: The impacts of the coronavirus outbreak, isolation and restrictions can make us feel anxious, stressed or overwhelmed. It’…",,
coronavirus,2020-08-26 10:29:20,doctorjan6,https://twitter.com/doctorjan6,https://twitter.com/i/web/status/1298417206707986432,"RT @healthgovau: The impacts of the coronavirus outbreak, isolation and restrictions can make us feel anxious, stressed or overwhelmed. It’…",,
coronavirus,2020-08-28 14:44:04,rubin_angela,https://twitter.com/rubin_angela,https://twitter.com/i/web/status/1299206090194780160,RT @healthgovau: The impacts of coronavirus are tough and can impact our mental health. We need to make sure we look after ourselves and se…,,
coronavirus,2020-08-27 08:40:02,Ahpra,https://twitter.com/Ahpra,https://twitter.com/i/web/status/1298752088587948032,"RT @healthgovau: The impacts of the coronavirus outbreak, isolation and restrictions can make us feel anxious, stressed or overwhelmed. It’…",,
coronavirus,2020-08-31 22:03:33,natmill,https://twitter.com/natmill,https://twitter.com/i/web/status/1300403853691514880,"RT @UTSSocialImpact: Fear of the unknown is one of the biggest factors that drives anxiety, and the coronavirus really puts on us a huge l…",,
coronavirus,2020-08-26 19:02:55,boomerangmadi,https://twitter.com/boomerangmadi,https://twitter.com/i/web/status/1298546455582404609,"RT @healthgovau: The impacts of the coronavirus outbreak, isolation and restrictions can make us feel anxious, stressed or overwhelmed. It’…",,
coronavirus,2020-08-31 06:57:41,OT7AreMyReason,https://twitter.com/OT7AreMyReason,https://twitter.com/i/web/status/1300175883089502209,RT @healthgovau: The impacts of coronavirus are tough and can impact our mental health. We need to make sure we look after ourselves and se…,,
coronavirus,2020-08-28 13:59:09,john_cronin48,https://twitter.com/john_cronin48,https://twitter.com/i/web/status/1299194784666402816,RT @healthgovau: The impacts of coronavirus are tough and can impact our mental health. We need to make sure we look after ourselves and se…,,
coronavirus,2020-08-31 10:35:25,4c7f21ac5bb74b0,https://twitter.com/4c7f21ac5bb74b0,https://twitter.com/i/web/status/1300230678370418695,RT @healthgovau: The impacts of coronavirus are tough and can impact our mental health. We need to make sure we look after ourselves and se…,,
coronavirus,2020-08-26 12:36:46,vesres,https://twitter.com/vesres,https://twitter.com/i/web/status/1298449279787233280,RT @healthgovau: The impacts of coronavirus are tough and can impact our mental health. We need to make sure we look after ourselves and se…,,
following,2020-08-27 09:03:53,marxdeane,https://twitter.com/marxdeane,https://twitter.com/i/web/status/1298758090263732224,RT @johno0910: Quiz of the day: which of the following sectors R going well: 1 aged care; 2 disability care; 3 mental health; 4 indigenous…,,
following,2020-08-27 09:04:32,Bloss55,https://twitter.com/Bloss55,https://twitter.com/i/web/status/1298758255405985792,RT @johno0910: Quiz of the day: which of the following sectors R going well: 1 aged care; 2 disability care; 3 mental health; 4 indigenous…,,
following,2020-08-27 10:22:57,stelladevulder,https://twitter.com/stelladevulder,https://twitter.com/i/web/status/1298777989459529738,RT @johno0910: Quiz of the day: which of the following sectors R going well: 1 aged care; 2 disability care; 3 mental health; 4 indigenous…,,
following,2020-08-27 10:39:28,tuppsmiles,https://twitter.com/tuppsmiles,https://twitter.com/i/web/status/1298782146459365378,RT @johno0910: Quiz of the day: which of the following sectors R going well: 1 aged care; 2 disability care; 3 mental health; 4 indigenous…,,
following,2020-08-27 08:58:09,johno0910,https://twitter.com/johno0910,https://twitter.com/i/web/status/1298756647225942016,Quiz of the day: which of the following sectors R going well: 1 aged care; 2 disability care; 3 mental health; 4 indigenous health; none of the above? @RosenbergSeb @ian_hickie @Bowenchris @GregHuntMP,,
nurse,2020-08-26 08:20:49,Sian_NP,https://twitter.com/Sian_NP,https://twitter.com/i/web/status/1298384863947444225,@GregHuntMP I wonder if you could now include credentialed mental health #nurses and nurse practitioners @GregHuntMP and enable our community to access us in an affordable manner. They want it. We want it. @PatMcGorry @WestVicPHN @tuppsmiles @RhondaWilsonMHN #yearofthenurseandmidwife,nurses,yearofthenurseandmidwife
nurse,2020-08-26 07:50:36,jsam_1967,https://twitter.com/jsam_1967,https://twitter.com/i/web/status/1298377263520468992,RT @Sian_NP: @PatMcGorry We could help expand the workforce tomorrow Pat if Cred mental health nurses and nurse practitioners were immediat…,,
nurse,2020-08-26 10:53:56,tuppsmiles,https://twitter.com/tuppsmiles,https://twitter.com/i/web/status/1298423398368833537,RT @Sian_NP: @GregHuntMP I wonder if you could now include credentialed mental health #nurses and nurse practitioners @GregHuntMP and enabl…,nurses,nurses
australian,2020-08-27 18:41:42,Asu15151,https://twitter.com/Asu15151,https://twitter.com/i/web/status/1298903504023478276,RT @Danni2827: COVID19 is serious but so is the mental health of Australian Citizens who are being kept away from their partners and famili…,,
australian,2020-08-29 12:16:21,koukli86,https://twitter.com/koukli86,https://twitter.com/i/web/status/1299531305026232320,"RT @Samizzle_Songz: Dear @ScottMorrisonMP @PeterDutton_MP @GregHuntMP  If you really care about Australians mental health, think about the…",,
australian,2020-08-27 16:16:16,Sahanchan89,https://twitter.com/Sahanchan89,https://twitter.com/i/web/status/1298866905923624960,RT @Danni2827: COVID19 is serious but so is the mental health of Australian Citizens who are being kept away from their partners and famili…,,
australian,2020-08-27 16:12:24,nicola38381851,https://twitter.com/nicola38381851,https://twitter.com/i/web/status/1298865932308115456,RT @Danni2827: COVID19 is serious but so is the mental health of Australian Citizens who are being kept away from their partners and famili…,,
australian,2020-08-27 16:38:49,LetMeFlyAus,https://twitter.com/LetMeFlyAus,https://twitter.com/i/web/status/1298872579969527808,RT @Danni2827: COVID19 is serious but so is the mental health of Australian Citizens who are being kept away from their partners and famili…,,
australian,2020-09-01 08:27:05,FLMirabelli,https://twitter.com/FLMirabelli,https://twitter.com/i/web/status/1300560772053889024,People seeking mental health support need options. 44% of recent consultations were through Telehealth. Come on  @GregHuntMP make Telehealth a permanent option for all Australians. #melbournelockdown2020 #melbournelockdown,melbournelockdown,melbournelockdown2020
anxious,2020-09-01 00:20:00,AusCGGeneva,https://twitter.com/AusCGGeneva,https://twitter.com/i/web/status/1300438192936628224,"RT @healthgovau: The impacts of the coronavirus outbreak, isolation and restrictions can make us feel anxious, stressed or overwhelmed. It’…",,
anxious,2020-08-26 10:29:20,doctorjan6,https://twitter.com/doctorjan6,https://twitter.com/i/web/status/1298417206707986432,"RT @healthgovau: The impacts of the coronavirus outbreak, isolation and restrictions can make us feel anxious, stressed or overwhelmed. It’…",,
anxious,2020-08-27 08:40:02,Ahpra,https://twitter.com/Ahpra,https://twitter.com/i/web/status/1298752088587948032,"RT @healthgovau: The impacts of the coronavirus outbreak, isolation and restrictions can make us feel anxious, stressed or overwhelmed. It’…",,
anxious,2020-08-26 19:02:55,boomerangmadi,https://twitter.com/boomerangmadi,https://twitter.com/i/web/status/1298546455582404609,"RT @healthgovau: The impacts of the coronavirus outbreak, isolation and restrictions can make us feel anxious, stressed or overwhelmed. It’…",,
anxious,2020-08-27 20:12:15,Member4King,https://twitter.com/Member4King,https://twitter.com/i/web/status/1298926292096520194,"RT @healthgovau: The impacts of the coronavirus outbreak, isolation and restrictions can make us feel anxious, stressed or overwhelmed. It’…",,
anxious,2020-08-27 02:40:07,BrissieMurri,https://twitter.com/BrissieMurri,https://twitter.com/i/web/status/1298661515000651777,"RT @healthgovau: The impacts of the coronavirus outbreak, isolation and restrictions can make us feel anxious, stressed or overwhelmed. It’…",,
anxious,2020-08-27 15:26:52,IAHA_National,https://twitter.com/IAHA_National,https://twitter.com/i/web/status/1298854473922564097,"RT @healthgovau: When we can’t see our friends and family regularly, it can be harder to keep on top of things. It’s normal to feel anxious…",,
anxious,2020-08-31 19:32:00,LilSushiRollElf,https://twitter.com/LilSushiRollElf,https://twitter.com/i/web/status/1300365713123627009,"@Toddrick_Fox Oh believe me I've been anxious as fuck since it came to Australia, plus my home state is in full lockdown and I'm constantly out and about running errands and shopping since I'm the only one able to drive right now, I;m at a state where the stress is just normal rip",,
anxious,2020-08-26 18:43:31,Andrew_Griffith,https://twitter.com/Andrew_Griffith,https://twitter.com/i/web/status/1298541574624870400,"Australia: 'Depressed, anxious, bored, frustrated': Christmas Island detainees struggle with isolation #Immigration  https://t.co/qhqYNd2zh1 #multiand cit #feedly",feedly,multiand
people,2020-08-30 21:31:36,23biwg,https://twitter.com/23biwg,https://twitter.com/i/web/status/1300033425999450114,@GregBla81247728 or we have a few more people read through and follow the suggestions in The Kit: the advocacy we choose to do https://t.co/E5ZyE1HN6C It's can get very lonely when you are trying to do this by yourself https://t.co/UbwnkcU78c https://t.co/BJVRzsZYMc,,
people,2020-09-01 08:27:05,FLMirabelli,https://twitter.com/FLMirabelli,https://twitter.com/i/web/status/1300560772053889024,People seeking mental health support need options. 44% of recent consultations were through Telehealth. Come on  @GregHuntMP make Telehealth a permanent option for all Australians. #melbournelockdown2020 #melbournelockdown,melbournelockdown,melbournelockdown2020
people,2020-08-27 12:31:49,YallopDiana,https://twitter.com/YallopDiana,https://twitter.com/i/web/status/1298810420422033409,"@NCISH_UK 2/2 debate based on false assumptions He will be releasing figures on monthly basis now. However he warned against complacency .Clear increase in number of people who have high levels of distress related to social dislocation, anxiety re jobs,  etc",,
people,2020-08-29 23:34:37,EllisonAmy,https://twitter.com/EllisonAmy,https://twitter.com/i/web/status/1299701995314376712,@MrMikeHalligan most people just watch it for the chateaus. There's usually a niche crowd watching from Aus. I suspect with Melbourne lockdown and stage 3 for the rest of us that there will be a lot of people awake and watching (dreaming). Looks like the dam is faring ok.,,
people,2020-08-26 19:34:24,PplJustLikeUs,https://twitter.com/PplJustLikeUs,https://twitter.com/i/web/status/1298554379818082305,"Secrets+lies ABF commissioner told Senate’s committee he planned to house 250 immi detainees, at over $55m on #ChristmasIsland They will be “section 501s”   But people transferred already included “people who are owed protection obligations in Australia”. https://t.co/AfDjgfsrbu",ChristmasIsland,ChristmasIsland
people,2020-08-26 21:35:22,ASRC1,https://twitter.com/ASRC1,https://twitter.com/i/web/status/1298584819769647104,"“We’re very concerned that people held on Christmas Island don’t have access to effective internet and communication with the outside world will be severely compromised,” Carolyn Graydon, principal lawyer for the ASRC. #Auspol  https://t.co/AlPjJndQyW",Auspol,Auspol
#removethecap,2020-08-30 00:34:33,sreeura,https://twitter.com/sreeura,https://twitter.com/i/web/status/1299717077712793602,"RT @occhocochoy: #AFairGoForLove #LoveIsNotToursim #removethecap We cannot know that when we can see each other to my lover, we feel that i…",AFairGoForLove,removethecap
#removethecap,2020-08-27 17:02:22,hiba_akmal,https://twitter.com/hiba_akmal,https://twitter.com/i/web/status/1298878504952422401,"RT @occhocochoy: #AFairGoForLove #LoveIsNotToursim #removethecap We cannot know that when we can see each other to my lover, we feel that i…",AFairGoForLove,removethecap
#removethecap,2020-08-27 16:38:14,jagney007,https://twitter.com/jagney007,https://twitter.com/i/web/status/1298872432539795456,"RT @occhocochoy: #AFairGoForLove #LoveIsNotToursim #removethecap We cannot know that when we can see each other to my lover, we feel that i…",AFairGoForLove,removethecap
#removethecap,2020-08-27 18:43:20,Asu15151,https://twitter.com/Asu15151,https://twitter.com/i/web/status/1298903914742296577,"RT @occhocochoy: #AFairGoForLove #LoveIsNotToursim #removethecap We cannot know that when we can see each other to my lover, we feel that i…",AFairGoForLove,removethecap
#removethecap,2020-08-27 17:00:06,mekiran4u,https://twitter.com/mekiran4u,https://twitter.com/i/web/status/1298877935873454082,"RT @occhocochoy: #AFairGoForLove #LoveIsNotToursim #removethecap We cannot know that when we can see each other to my lover, we feel that i…",AFairGoForLove,removethecap
#removethecap,2020-08-27 16:20:59,lealovinglifea1,https://twitter.com/lealovinglifea1,https://twitter.com/i/web/status/1298868092433506305,Children will suffer from mental health issues if they don‘t have strong family surroundings! #AFairGoForLove #removethecap @ScottMorrisonMP @PeterDutton_MP @GregHuntMP https://t.co/xLBqnhHu0w,AFairGoForLove,removethecap
#removethecap,2020-08-27 16:36:09,almightypuja,https://twitter.com/almightypuja,https://twitter.com/i/web/status/1298871909518516225,"RT @occhocochoy: #AFairGoForLove #LoveIsNotToursim #removethecap We cannot know that when we can see each other to my lover, we feel that i…",AFairGoForLove,removethecap
#removethecap,2020-08-27 16:55:41,nicola38381851,https://twitter.com/nicola38381851,https://twitter.com/i/web/status/1298876825213362177,"RT @occhocochoy: #AFairGoForLove #LoveIsNotToursim #removethecap We cannot know that when we can see each other to my lover, we feel that i…",AFairGoForLove,removethecap
#removethecap,2020-08-27 16:40:22,LetMeFlyAus,https://twitter.com/LetMeFlyAus,https://twitter.com/i/web/status/1298872968743804928,"RT @occhocochoy: #AFairGoForLove #LoveIsNotToursim #removethecap We cannot know that when we can see each other to my lover, we feel that i…",AFairGoForLove,removethecap
medicare,2020-08-28 10:10:59,UniMelbPoche,https://twitter.com/UniMelbPoche,https://twitter.com/i/web/status/1299137367182209024,"RT @NACCHOAustralia: Mental health, suicide prevention remain high priorities! @healthgovau is providing 10 additional Medicare subsidised…",,
medicare,2020-08-29 12:24:33,cbpatsisp,https://twitter.com/cbpatsisp,https://twitter.com/i/web/status/1299533368669822977,"RT @NACCHOAustralia: Mental health, suicide prevention remain high priorities! @healthgovau is providing 10 additional Medicare subsidised…",,
medicare,2020-08-27 17:13:50,hcfinn,https://twitter.com/hcfinn,https://twitter.com/i/web/status/1298881390612631555,"RT @NACCHOAustralia: Mental health, suicide prevention remain high priorities! @healthgovau is providing 10 additional Medicare subsidised…",,
medicare,2020-08-28 13:59:16,PeterHi60563598,https://twitter.com/PeterHi60563598,https://twitter.com/i/web/status/1299194815607840768,"RT @NACCHOAustralia: Mental health, suicide prevention remain high priorities! @healthgovau is providing 10 additional Medicare subsidised…",,
medicare,2020-08-27 15:51:34,SummerMayFinlay,https://twitter.com/SummerMayFinlay,https://twitter.com/i/web/status/1298860689541312512,"RT @NACCHOAustralia: Mental health, suicide prevention remain high priorities! @healthgovau is providing 10 additional Medicare subsidised…",,
medicare,2020-08-31 12:05:41,MegBastard,https://twitter.com/MegBastard,https://twitter.com/i/web/status/1300253395647782913,"RT @NACCHOAustralia: Mental health, suicide prevention remain high priorities! @healthgovau is providing 10 additional Medicare subsidised…",,
medicare,2020-08-29 05:07:11,SkeenLiv,https://twitter.com/SkeenLiv,https://twitter.com/i/web/status/1299423301584945161,"RT @NACCHOAustralia: Mental health, suicide prevention remain high priorities! @healthgovau is providing 10 additional Medicare subsidised…",,
medicare,2020-08-27 15:31:24,CycloneLizzy,https://twitter.com/CycloneLizzy,https://twitter.com/i/web/status/1298855615071055872,"RT @NACCHOAustralia: Mental health, suicide prevention remain high priorities! @healthgovau is providing 10 additional Medicare subsidised…",,
medicare,2020-08-29 10:11:31,FIL20032014,https://twitter.com/FIL20032014,https://twitter.com/i/web/status/1299499887067721728,"RT @NACCHOAustralia: Mental health, suicide prevention remain high priorities! @healthgovau is providing 10 additional Medicare subsidised…",,
medicare,2020-08-29 07:28:49,LIME__Network,https://twitter.com/LIME__Network,https://twitter.com/i/web/status/1299458944125906945,"RT @NACCHOAustralia: Mental health, suicide prevention remain high priorities! @healthgovau is providing 10 additional Medicare subsidised…",,
anxiety,2020-08-29 09:15:29,PatMcGorry,https://twitter.com/PatMcGorry,https://twitter.com/i/web/status/1299485784769134592,RT @NAMICommunicate: A new study shows that young adults are reporting the highest levels of symptoms of anxiety and depression.  https://t…,,
anxiety,2020-08-30 06:48:40,minnie736,https://twitter.com/minnie736,https://twitter.com/i/web/status/1299811226864640000,"@GregHuntMP Physical, Social and Emotional Health before Productivity and Profit. Many Elderly are Isolated and Vulnerable. Many suffer Anxiety and Depression Mental Health is significant to Morbidity in Aged Care. More Time is needed to  deliver care .. sit and listen .. be supportive.",,
anxiety,2020-08-29 11:48:11,lovepre91961313,https://twitter.com/lovepre91961313,https://twitter.com/i/web/status/1299524215087849473,"RT @Mummuworld: I would like to wake up and see on the news Borders open again all over the world This stress and anxiety is unique, I ha…",,
anxiety,2020-08-29 17:29:02,RoxanneAbejuel,https://twitter.com/RoxanneAbejuel,https://twitter.com/i/web/status/1299609994434760709,"RT @Mummuworld: I would like to wake up and see on the news Borders open again all over the world This stress and anxiety is unique, I ha…",,
anxiety,2020-08-29 19:08:22,almightypuja,https://twitter.com/almightypuja,https://twitter.com/i/web/status/1299634988732674048,"RT @Mummuworld: I would like to wake up and see on the news Borders open again all over the world This stress and anxiety is unique, I ha…",,
anxiety,2020-08-31 22:03:33,natmill,https://twitter.com/natmill,https://twitter.com/i/web/status/1300403853691514880,"RT @UTSSocialImpact: Fear of the unknown is one of the biggest factors that drives anxiety, and the coronavirus really puts on us a huge l…",,
anxiety,2020-08-28 12:56:36,LRussellWolpe,https://twitter.com/LRussellWolpe,https://twitter.com/i/web/status/1299179046576599040,RT @statnews: Trump's pledge that a vaccine would be available by the end of 2020 or maybe even sooner is sure to fuel additional anxiety…,,
anxiety,2020-08-29 10:42:50,afairgoforlove,https://twitter.com/afairgoforlove,https://twitter.com/i/web/status/1299507770463457281,"RT @Mummuworld: I would like to wake up and see on the news Borders open again all over the world This stress and anxiety is unique, I ha…",,
anxiety,2020-08-27 12:31:49,YallopDiana,https://twitter.com/YallopDiana,https://twitter.com/i/web/status/1298810420422033409,"@NCISH_UK 2/2 debate based on false assumptions He will be releasing figures on monthly basis now. However he warned against complacency .Clear increase in number of people who have high levels of distress related to social dislocation, anxiety re jobs,  etc",,
anxiety,2020-09-01 10:00:40,RANZCP,https://twitter.com/RANZCP,https://twitter.com/i/web/status/1300584320760000514,There are psychological impacts of public health measures to contain the virus which can cause heightened stress and anxiety. It is important to keep an eye out for signs of anxiety in yourself and loved ones https://t.co/pTAKDMK41P #COVID19 https://t.co/kGRhzgv6la,COVID19,COVID19
morrison,2020-08-26 08:11:56,JasonTrethowan,https://twitter.com/JasonTrethowan,https://twitter.com/i/web/status/1298382628265984000,RT @GregHuntMP: COVID-19 restrictions can be tough on mental health.   That’s why the Morrison Government has: •         extended telehealt…,,
morrison,2020-09-01 19:52:48,AlexDevantier,https://twitter.com/AlexDevantier,https://twitter.com/i/web/status/1300733338387279874,RT @slsandpet: @Jessica85345840 @edie_le @jaci_wiley @AlexDevantier @DanielAndrewsMP @ScottMorrisonMP @AngusTaylorMP There are mental healt…,,
morrison,2020-08-26 17:00:07,2093Arts,https://twitter.com/2093Arts,https://twitter.com/i/web/status/1298515551367528448,RT @GregHuntMP: COVID-19 restrictions can be tough on mental health.   That’s why the Morrison Government has: •         extended telehealt…,,
morrison,2020-08-27 08:51:08,The_NewLiberals,https://twitter.com/The_NewLiberals,https://twitter.com/i/web/status/1298754881327493120,RT @figstuff: Punch this tweet out as important to @ScottMorrisonMP     A RIGHT regarding farmers with mental health suicide hurting famili…,,
morrison,2020-08-27 17:01:40,mekiran4u,https://twitter.com/mekiran4u,https://twitter.com/i/web/status/1298878330930782208,RT @harithtwee: Dear @ScottMorrisonMP it is crucial time. Your students need help from you. So many are in depression and cannot able to sl…,,
morrison,2020-08-31 16:12:03,jazzbby91,https://twitter.com/jazzbby91,https://twitter.com/i/web/status/1300315395673317377,RT @lucilcka: Woooow this video is exactly what I could do if @ScottMorrisonMP would agree that is better to open the borders for the menta…,,
morrison,2020-08-27 16:20:59,lealovinglifea1,https://twitter.com/lealovinglifea1,https://twitter.com/i/web/status/1298868092433506305,Children will suffer from mental health issues if they don‘t have strong family surroundings! #AFairGoForLove #removethecap @ScottMorrisonMP @PeterDutton_MP @GregHuntMP https://t.co/xLBqnhHu0w,AFairGoForLove,removethecap
morrison,2020-08-29 12:16:21,koukli86,https://twitter.com/koukli86,https://twitter.com/i/web/status/1299531305026232320,"RT @Samizzle_Songz: Dear @ScottMorrisonMP @PeterDutton_MP @GregHuntMP  If you really care about Australians mental health, think about the…",,
morrison,2020-08-26 08:19:13,storedotcomau,https://twitter.com/storedotcomau,https://twitter.com/i/web/status/1298384461751443456,RT @GregHuntMP: COVID-19 restrictions can be tough on mental health.   That’s why the Morrison Government has: •         extended telehealt…,,
morrison,2020-08-31 01:48:35,lucilcka,https://twitter.com/lucilcka,https://twitter.com/i/web/status/1300098097796837391,Woooow this video is exactly what I could do if @ScottMorrisonMP would agree that is better to open the borders for the mental health and economy of his own country. 👏 https://t.co/IMCVINub2Y,,
lockdown,2020-08-27 10:43:32,C_Bratter,https://twitter.com/C_Bratter,https://twitter.com/i/web/status/1298783167571091456,"@maslowsflawed @ScottMorrisonMP So let’s just wait for the final figures eg twelve months after the lockdowns for suicides/attempted, overdoses, bankruptcy, alcoholism, mental health for young and old, family violence and family breakdowns etc.  in the meantime take care everyone ❤️💔❤️",,
lockdown,2020-09-01 08:27:05,FLMirabelli,https://twitter.com/FLMirabelli,https://twitter.com/i/web/status/1300560772053889024,People seeking mental health support need options. 44% of recent consultations were through Telehealth. Come on  @GregHuntMP make Telehealth a permanent option for all Australians. #melbournelockdown2020 #melbournelockdown,melbournelockdown,melbournelockdown2020
lockdown,2020-08-31 08:34:55,PredatoryDenier,https://twitter.com/PredatoryDenier,https://twitter.com/i/web/status/1300200355486195714,RT @TheFlatEartherr: Massive anti lockdown and anti mask protest happening in Melbourne Australia on the 2nd of September. Wish I could be…,,
lockdown,2020-08-29 23:34:37,EllisonAmy,https://twitter.com/EllisonAmy,https://twitter.com/i/web/status/1299701995314376712,@MrMikeHalligan most people just watch it for the chateaus. There's usually a niche crowd watching from Aus. I suspect with Melbourne lockdown and stage 3 for the rest of us that there will be a lot of people awake and watching (dreaming). Looks like the dam is faring ok.,,
lockdown,2020-08-31 19:32:00,LilSushiRollElf,https://twitter.com/LilSushiRollElf,https://twitter.com/i/web/status/1300365713123627009,"@Toddrick_Fox Oh believe me I've been anxious as fuck since it came to Australia, plus my home state is in full lockdown and I'm constantly out and about running errands and shopping since I'm the only one able to drive right now, I;m at a state where the stress is just normal rip",,
lockdown,2020-08-27 12:34:20,IdeologeeBlog,https://twitter.com/IdeologeeBlog,https://twitter.com/i/web/status/1298811054466543616,"@isobelroe There was no need for Australia to push for a COVID investigation, the smoking gun is the timing of the virus. Wuhan went into lockdown the same week 20,000 US troops began entering Europe for war games in January. An obvious bio attack. https://t.co/0zDVcjC8QR",,
lockdown,2020-08-28 06:47:05,amcl2004,https://twitter.com/amcl2004,https://twitter.com/i/web/status/1299086051739271168,Awake up Victoria &amp; Australia - The 'zero-risk' #COVID19 illusion | @Johnkehoe23   French President Macron: We can't shut the country down because the collateral damage of lockdown is considerable. Zero risk never exists in any society. #auspol   https://t.co/THlqxboLnK,auspol,COVID19
lockdown,2020-08-31 11:24:26,davidmaglov,https://twitter.com/davidmaglov,https://twitter.com/i/web/status/1300243015533879297,RT @TheFlatEartherr: Massive anti lockdown and anti mask protest happening in Melbourne Australia on the 2nd of September. Wish I could be…,,
lockdown,2020-08-26 22:05:59,beckyhardingnz,https://twitter.com/beckyhardingnz,https://twitter.com/i/web/status/1298592524810874881,RT @MoirMeyer: Aussie &amp; Bangladeshi researchers assess impact of COVID-19 lockdown:  🔴Lockdown measures caused 47% of families’ incomes to…,,
isolation,2020-09-01 00:20:00,AusCGGeneva,https://twitter.com/AusCGGeneva,https://twitter.com/i/web/status/1300438192936628224,"RT @healthgovau: The impacts of the coronavirus outbreak, isolation and restrictions can make us feel anxious, stressed or overwhelmed. It’…",,
isolation,2020-08-26 10:29:20,doctorjan6,https://twitter.com/doctorjan6,https://twitter.com/i/web/status/1298417206707986432,"RT @healthgovau: The impacts of the coronavirus outbreak, isolation and restrictions can make us feel anxious, stressed or overwhelmed. It’…",,
isolation,2020-08-27 08:40:02,Ahpra,https://twitter.com/Ahpra,https://twitter.com/i/web/status/1298752088587948032,"RT @healthgovau: The impacts of the coronavirus outbreak, isolation and restrictions can make us feel anxious, stressed or overwhelmed. It’…",,
isolation,2020-08-26 19:02:55,boomerangmadi,https://twitter.com/boomerangmadi,https://twitter.com/i/web/status/1298546455582404609,"RT @healthgovau: The impacts of the coronavirus outbreak, isolation and restrictions can make us feel anxious, stressed or overwhelmed. It’…",,
isolation,2020-08-27 20:12:15,Member4King,https://twitter.com/Member4King,https://twitter.com/i/web/status/1298926292096520194,"RT @healthgovau: The impacts of the coronavirus outbreak, isolation and restrictions can make us feel anxious, stressed or overwhelmed. It’…",,
isolation,2020-08-27 02:40:07,BrissieMurri,https://twitter.com/BrissieMurri,https://twitter.com/i/web/status/1298661515000651777,"RT @healthgovau: The impacts of the coronavirus outbreak, isolation and restrictions can make us feel anxious, stressed or overwhelmed. It’…",,
isolation,2020-08-26 18:43:31,Andrew_Griffith,https://twitter.com/Andrew_Griffith,https://twitter.com/i/web/status/1298541574624870400,"Australia: 'Depressed, anxious, bored, frustrated': Christmas Island detainees struggle with isolation #Immigration  https://t.co/qhqYNd2zh1 #multiand cit #feedly",feedly,multiand
tough,2020-08-26 08:11:56,JasonTrethowan,https://twitter.com/JasonTrethowan,https://twitter.com/i/web/status/1298382628265984000,RT @GregHuntMP: COVID-19 restrictions can be tough on mental health.   That’s why the Morrison Government has: •         extended telehealt…,,
tough,2020-08-26 17:00:07,2093Arts,https://twitter.com/2093Arts,https://twitter.com/i/web/status/1298515551367528448,RT @GregHuntMP: COVID-19 restrictions can be tough on mental health.   That’s why the Morrison Government has: •         extended telehealt…,,
tough,2020-08-26 08:19:13,storedotcomau,https://twitter.com/storedotcomau,https://twitter.com/i/web/status/1298384461751443456,RT @GregHuntMP: COVID-19 restrictions can be tough on mental health.   That’s why the Morrison Government has: •         extended telehealt…,,
tough,2020-08-26 08:01:15,MatthewMellor,https://twitter.com/MatthewMellor,https://twitter.com/i/web/status/1298379939868155904,RT @GregHuntMP: COVID-19 restrictions can be tough on mental health.   That’s why the Morrison Government has: •         extended telehealt…,,
tough,2020-08-28 14:44:04,rubin_angela,https://twitter.com/rubin_angela,https://twitter.com/i/web/status/1299206090194780160,RT @healthgovau: The impacts of coronavirus are tough and can impact our mental health. We need to make sure we look after ourselves and se…,,
tough,2020-08-26 09:00:26,fatima_ishfaq,https://twitter.com/fatima_ishfaq,https://twitter.com/i/web/status/1298394835712225280,RT @GregHuntMP: COVID-19 restrictions can be tough on mental health.   That’s why the Morrison Government has: •         extended telehealt…,,
tough,2020-08-31 06:57:41,OT7AreMyReason,https://twitter.com/OT7AreMyReason,https://twitter.com/i/web/status/1300175883089502209,RT @healthgovau: The impacts of coronavirus are tough and can impact our mental health. We need to make sure we look after ourselves and se…,,
tough,2020-08-26 12:47:18,LiberalAus,https://twitter.com/LiberalAus,https://twitter.com/i/web/status/1298451926732816386,RT @GregHuntMP: COVID-19 restrictions can be tough on mental health.   That’s why the Morrison Government has: •         extended telehealt…,,
tough,2020-08-28 13:59:09,john_cronin48,https://twitter.com/john_cronin48,https://twitter.com/i/web/status/1299194784666402816,RT @healthgovau: The impacts of coronavirus are tough and can impact our mental health. We need to make sure we look after ourselves and se…,,
tough,2020-08-31 10:35:25,4c7f21ac5bb74b0,https://twitter.com/4c7f21ac5bb74b0,https://twitter.com/i/web/status/1300230678370418695,RT @healthgovau: The impacts of coronavirus are tough and can impact our mental health. We need to make sure we look after ourselves and se…,,
disability,2020-08-27 09:03:53,marxdeane,https://twitter.com/marxdeane,https://twitter.com/i/web/status/1298758090263732224,RT @johno0910: Quiz of the day: which of the following sectors R going well: 1 aged care; 2 disability care; 3 mental health; 4 indigenous…,,
disability,2020-08-27 09:04:32,Bloss55,https://twitter.com/Bloss55,https://twitter.com/i/web/status/1298758255405985792,RT @johno0910: Quiz of the day: which of the following sectors R going well: 1 aged care; 2 disability care; 3 mental health; 4 indigenous…,,
disability,2020-08-27 10:22:57,stelladevulder,https://twitter.com/stelladevulder,https://twitter.com/i/web/status/1298777989459529738,RT @johno0910: Quiz of the day: which of the following sectors R going well: 1 aged care; 2 disability care; 3 mental health; 4 indigenous…,,
disability,2020-08-27 10:39:28,tuppsmiles,https://twitter.com/tuppsmiles,https://twitter.com/i/web/status/1298782146459365378,RT @johno0910: Quiz of the day: which of the following sectors R going well: 1 aged care; 2 disability care; 3 mental health; 4 indigenous…,,
disability,2020-08-27 08:58:09,johno0910,https://twitter.com/johno0910,https://twitter.com/i/web/status/1298756647225942016,Quiz of the day: which of the following sectors R going well: 1 aged care; 2 disability care; 3 mental health; 4 indigenous health; none of the above? @RosenbergSeb @ian_hickie @Bowenchris @GregHuntMP,,
issue,2020-09-01 19:42:52,mraaronmeadows,https://twitter.com/mraaronmeadows,https://twitter.com/i/web/status/1300730838120718337,@GregHuntMP .Mental health issues to rise when #Jobkeeper payments get lower #libfail #auspol   https://t.co/9v7YiyCw3k,auspol,libfail
issue,2020-08-27 16:20:59,lealovinglifea1,https://twitter.com/lealovinglifea1,https://twitter.com/i/web/status/1298868092433506305,Children will suffer from mental health issues if they don‘t have strong family surroundings! #AFairGoForLove #removethecap @ScottMorrisonMP @PeterDutton_MP @GregHuntMP https://t.co/xLBqnhHu0w,AFairGoForLove,removethecap
issue,2020-08-27 16:23:22,autumn_daze00,https://twitter.com/autumn_daze00,https://twitter.com/i/web/status/1298868691661021185,RT @lealovinglifea1: Children will suffer from mental health issues if they don‘t have strong family surroundings! #AFairGoForLove #removet…,AFairGoForLove,AFairGoForLove
issue,2020-08-27 16:43:09,Sahanchan89,https://twitter.com/Sahanchan89,https://twitter.com/i/web/status/1298873670811738112,RT @lealovinglifea1: Children will suffer from mental health issues if they don‘t have strong family surroundings! #AFairGoForLove #removet…,AFairGoForLove,AFairGoForLove
issue,2020-08-27 16:21:35,nicola38381851,https://twitter.com/nicola38381851,https://twitter.com/i/web/status/1298868243541553152,RT @lealovinglifea1: Children will suffer from mental health issues if they don‘t have strong family surroundings! #AFairGoForLove #removet…,AFairGoForLove,AFairGoForLove
issue,2020-08-30 15:08:23,justicehealth,https://twitter.com/justicehealth,https://twitter.com/i/web/status/1299936985033797632,@jokowi @MinPres @ScottMorrisonMP @Indonesia @UN_HRC  We spare a moment to remember the mental health issues of West Papuans.  Traumatised by the Indonesian military police for over 50 years of occupation. UN DUTCH INDONESIA  Australia TOTALLY RESPONSIBLE https://t.co/Pv3OqG7u3f,,
restriction,2020-08-26 08:11:56,JasonTrethowan,https://twitter.com/JasonTrethowan,https://twitter.com/i/web/status/1298382628265984000,RT @GregHuntMP: COVID-19 restrictions can be tough on mental health.   That’s why the Morrison Government has: •         extended telehealt…,,
restriction,2020-08-26 17:00:07,2093Arts,https://twitter.com/2093Arts,https://twitter.com/i/web/status/1298515551367528448,RT @GregHuntMP: COVID-19 restrictions can be tough on mental health.   That’s why the Morrison Government has: •         extended telehealt…,,
restriction,2020-09-01 00:20:00,AusCGGeneva,https://twitter.com/AusCGGeneva,https://twitter.com/i/web/status/1300438192936628224,"RT @healthgovau: The impacts of the coronavirus outbreak, isolation and restrictions can make us feel anxious, stressed or overwhelmed. It’…",,
restriction,2020-08-26 08:19:13,storedotcomau,https://twitter.com/storedotcomau,https://twitter.com/i/web/status/1298384461751443456,RT @GregHuntMP: COVID-19 restrictions can be tough on mental health.   That’s why the Morrison Government has: •         extended telehealt…,,
restriction,2020-08-26 10:29:20,doctorjan6,https://twitter.com/doctorjan6,https://twitter.com/i/web/status/1298417206707986432,"RT @healthgovau: The impacts of the coronavirus outbreak, isolation and restrictions can make us feel anxious, stressed or overwhelmed. It’…",,
restriction,2020-08-26 08:01:15,MatthewMellor,https://twitter.com/MatthewMellor,https://twitter.com/i/web/status/1298379939868155904,RT @GregHuntMP: COVID-19 restrictions can be tough on mental health.   That’s why the Morrison Government has: •         extended telehealt…,,
restriction,2020-08-27 08:40:02,Ahpra,https://twitter.com/Ahpra,https://twitter.com/i/web/status/1298752088587948032,"RT @healthgovau: The impacts of the coronavirus outbreak, isolation and restrictions can make us feel anxious, stressed or overwhelmed. It’…",,
restriction,2020-08-26 09:00:26,fatima_ishfaq,https://twitter.com/fatima_ishfaq,https://twitter.com/i/web/status/1298394835712225280,RT @GregHuntMP: COVID-19 restrictions can be tough on mental health.   That’s why the Morrison Government has: •         extended telehealt…,,
restriction,2020-08-26 19:02:55,boomerangmadi,https://twitter.com/boomerangmadi,https://twitter.com/i/web/status/1298546455582404609,"RT @healthgovau: The impacts of the coronavirus outbreak, isolation and restrictions can make us feel anxious, stressed or overwhelmed. It’…",,
restriction,2020-08-26 12:47:18,LiberalAus,https://twitter.com/LiberalAus,https://twitter.com/i/web/status/1298451926732816386,RT @GregHuntMP: COVID-19 restrictions can be tough on mental health.   That’s why the Morrison Government has: •         extended telehealt…,,
surroundings,2020-08-27 16:20:59,lealovinglifea1,https://twitter.com/lealovinglifea1,https://twitter.com/i/web/status/1298868092433506305,Children will suffer from mental health issues if they don‘t have strong family surroundings! #AFairGoForLove #removethecap @ScottMorrisonMP @PeterDutton_MP @GregHuntMP https://t.co/xLBqnhHu0w,AFairGoForLove,removethecap
surroundings,2020-08-27 16:23:22,autumn_daze00,https://twitter.com/autumn_daze00,https://twitter.com/i/web/status/1298868691661021185,RT @lealovinglifea1: Children will suffer from mental health issues if they don‘t have strong family surroundings! #AFairGoForLove #removet…,AFairGoForLove,AFairGoForLove
surroundings,2020-08-27 16:43:09,Sahanchan89,https://twitter.com/Sahanchan89,https://twitter.com/i/web/status/1298873670811738112,RT @lealovinglifea1: Children will suffer from mental health issues if they don‘t have strong family surroundings! #AFairGoForLove #removet…,AFairGoForLove,AFairGoForLove
surroundings,2020-08-27 16:21:35,nicola38381851,https://twitter.com/nicola38381851,https://twitter.com/i/web/status/1298868243541553152,RT @lealovinglifea1: Children will suffer from mental health issues if they don‘t have strong family surroundings! #AFairGoForLove #removet…,AFairGoForLove,AFairGoForLove
going,2020-08-27 09:03:53,marxdeane,https://twitter.com/marxdeane,https://twitter.com/i/web/status/1298758090263732224,RT @johno0910: Quiz of the day: which of the following sectors R going well: 1 aged care; 2 disability care; 3 mental health; 4 indigenous…,,
going,2020-08-27 09:04:32,Bloss55,https://twitter.com/Bloss55,https://twitter.com/i/web/status/1298758255405985792,RT @johno0910: Quiz of the day: which of the following sectors R going well: 1 aged care; 2 disability care; 3 mental health; 4 indigenous…,,
going,2020-08-27 10:22:57,stelladevulder,https://twitter.com/stelladevulder,https://twitter.com/i/web/status/1298777989459529738,RT @johno0910: Quiz of the day: which of the following sectors R going well: 1 aged care; 2 disability care; 3 mental health; 4 indigenous…,,
going,2020-08-27 10:39:28,tuppsmiles,https://twitter.com/tuppsmiles,https://twitter.com/i/web/status/1298782146459365378,RT @johno0910: Quiz of the day: which of the following sectors R going well: 1 aged care; 2 disability care; 3 mental health; 4 indigenous…,,
going,2020-08-27 08:58:09,johno0910,https://twitter.com/johno0910,https://twitter.com/i/web/status/1298756647225942016,Quiz of the day: which of the following sectors R going well: 1 aged care; 2 disability care; 3 mental health; 4 indigenous health; none of the above? @RosenbergSeb @ian_hickie @Bowenchris @GregHuntMP,,
sector,2020-08-30 09:22:38,CarolRi29641054,https://twitter.com/CarolRi29641054,https://twitter.com/i/web/status/1299849975019401216,"RT @TheKouk: Before Covid-19 pole-axed the economy, private sector business investment was in depression. From a peak in the June qtr 2012,…",,
sector,2020-08-27 09:03:53,marxdeane,https://twitter.com/marxdeane,https://twitter.com/i/web/status/1298758090263732224,RT @johno0910: Quiz of the day: which of the following sectors R going well: 1 aged care; 2 disability care; 3 mental health; 4 indigenous…,,
sector,2020-08-30 11:51:18,PhilCygnus,https://twitter.com/PhilCygnus,https://twitter.com/i/web/status/1299887385845481472,"RT @TheKouk: Before Covid-19 pole-axed the economy, private sector business investment was in depression. From a peak in the June qtr 2012,…",,
sector,2020-08-27 09:04:32,Bloss55,https://twitter.com/Bloss55,https://twitter.com/i/web/status/1298758255405985792,RT @johno0910: Quiz of the day: which of the following sectors R going well: 1 aged care; 2 disability care; 3 mental health; 4 indigenous…,,
sector,2020-08-27 10:22:57,stelladevulder,https://twitter.com/stelladevulder,https://twitter.com/i/web/status/1298777989459529738,RT @johno0910: Quiz of the day: which of the following sectors R going well: 1 aged care; 2 disability care; 3 mental health; 4 indigenous…,,
sector,2020-08-27 10:39:28,tuppsmiles,https://twitter.com/tuppsmiles,https://twitter.com/i/web/status/1298782146459365378,RT @johno0910: Quiz of the day: which of the following sectors R going well: 1 aged care; 2 disability care; 3 mental health; 4 indigenous…,,
sector,2020-08-30 19:59:52,Sunsplashsun,https://twitter.com/Sunsplashsun,https://twitter.com/i/web/status/1300010337001861122,"RT @TheKouk: Before Covid-19 pole-axed the economy, private sector business investment was in depression. From a peak in the June qtr 2012,…",,
sector,2020-08-27 08:58:09,johno0910,https://twitter.com/johno0910,https://twitter.com/i/web/status/1298756647225942016,Quiz of the day: which of the following sectors R going well: 1 aged care; 2 disability care; 3 mental health; 4 indigenous health; none of the above? @RosenbergSeb @ian_hickie @Bowenchris @GregHuntMP,,
impact,2020-08-29 15:41:51,DrAsthaTomar,https://twitter.com/DrAsthaTomar,https://twitter.com/i/web/status/1299583018214936579,Isn’t it too early to look at such data when #COVIDVIC19 is still panning out and mental health impact will be felt for a long time even when the pandemic ends? We need to continue to be watchful and be prepared for the crisis ahead. @RANZCP @VicGovDHHS @GregHuntMP We have to. https://t.co/r9Q2sRm2xH,COVIDVIC19,COVIDVIC19
impact,2020-09-01 00:20:00,AusCGGeneva,https://twitter.com/AusCGGeneva,https://twitter.com/i/web/status/1300438192936628224,"RT @healthgovau: The impacts of the coronavirus outbreak, isolation and restrictions can make us feel anxious, stressed or overwhelmed. It’…",,
impact,2020-08-26 10:29:20,doctorjan6,https://twitter.com/doctorjan6,https://twitter.com/i/web/status/1298417206707986432,"RT @healthgovau: The impacts of the coronavirus outbreak, isolation and restrictions can make us feel anxious, stressed or overwhelmed. It’…",,
impact,2020-08-28 14:44:04,rubin_angela,https://twitter.com/rubin_angela,https://twitter.com/i/web/status/1299206090194780160,RT @healthgovau: The impacts of coronavirus are tough and can impact our mental health. We need to make sure we look after ourselves and se…,,
impact,2020-08-27 08:40:02,Ahpra,https://twitter.com/Ahpra,https://twitter.com/i/web/status/1298752088587948032,"RT @healthgovau: The impacts of the coronavirus outbreak, isolation and restrictions can make us feel anxious, stressed or overwhelmed. It’…",,
impact,2020-08-31 22:03:33,natmill,https://twitter.com/natmill,https://twitter.com/i/web/status/1300403853691514880,"RT @UTSSocialImpact: Fear of the unknown is one of the biggest factors that drives anxiety, and the coronavirus really puts on us a huge l…",,
impact,2020-08-26 19:02:55,boomerangmadi,https://twitter.com/boomerangmadi,https://twitter.com/i/web/status/1298546455582404609,"RT @healthgovau: The impacts of the coronavirus outbreak, isolation and restrictions can make us feel anxious, stressed or overwhelmed. It’…",,
impact,2020-08-31 06:57:41,OT7AreMyReason,https://twitter.com/OT7AreMyReason,https://twitter.com/i/web/status/1300175883089502209,RT @healthgovau: The impacts of coronavirus are tough and can impact our mental health. We need to make sure we look after ourselves and se…,,
impact,2020-08-28 13:59:09,john_cronin48,https://twitter.com/john_cronin48,https://twitter.com/i/web/status/1299194784666402816,RT @healthgovau: The impacts of coronavirus are tough and can impact our mental health. We need to make sure we look after ourselves and se…,,
impact,2020-08-31 10:35:25,4c7f21ac5bb74b0,https://twitter.com/4c7f21ac5bb74b0,https://twitter.com/i/web/status/1300230678370418695,RT @healthgovau: The impacts of coronavirus are tough and can impact our mental health. We need to make sure we look after ourselves and se…,,
indigenous,2020-08-27 09:03:53,marxdeane,https://twitter.com/marxdeane,https://twitter.com/i/web/status/1298758090263732224,RT @johno0910: Quiz of the day: which of the following sectors R going well: 1 aged care; 2 disability care; 3 mental health; 4 indigenous…,,
indigenous,2020-08-27 09:04:32,Bloss55,https://twitter.com/Bloss55,https://twitter.com/i/web/status/1298758255405985792,RT @johno0910: Quiz of the day: which of the following sectors R going well: 1 aged care; 2 disability care; 3 mental health; 4 indigenous…,,
indigenous,2020-08-27 10:22:57,stelladevulder,https://twitter.com/stelladevulder,https://twitter.com/i/web/status/1298777989459529738,RT @johno0910: Quiz of the day: which of the following sectors R going well: 1 aged care; 2 disability care; 3 mental health; 4 indigenous…,,
indigenous,2020-08-27 10:39:28,tuppsmiles,https://twitter.com/tuppsmiles,https://twitter.com/i/web/status/1298782146459365378,RT @johno0910: Quiz of the day: which of the following sectors R going well: 1 aged care; 2 disability care; 3 mental health; 4 indigenous…,,
indigenous,2020-08-27 08:58:09,johno0910,https://twitter.com/johno0910,https://twitter.com/i/web/status/1298756647225942016,Quiz of the day: which of the following sectors R going well: 1 aged care; 2 disability care; 3 mental health; 4 indigenous health; none of the above? @RosenbergSeb @ian_hickie @Bowenchris @GregHuntMP,,
government,2020-08-26 08:11:56,JasonTrethowan,https://twitter.com/JasonTrethowan,https://twitter.com/i/web/status/1298382628265984000,RT @GregHuntMP: COVID-19 restrictions can be tough on mental health.   That’s why the Morrison Government has: •         extended telehealt…,,
government,2020-08-26 17:00:07,2093Arts,https://twitter.com/2093Arts,https://twitter.com/i/web/status/1298515551367528448,RT @GregHuntMP: COVID-19 restrictions can be tough on mental health.   That’s why the Morrison Government has: •         extended telehealt…,,
government,2020-08-26 08:19:13,storedotcomau,https://twitter.com/storedotcomau,https://twitter.com/i/web/status/1298384461751443456,RT @GregHuntMP: COVID-19 restrictions can be tough on mental health.   That’s why the Morrison Government has: •         extended telehealt…,,
government,2020-08-26 08:01:15,MatthewMellor,https://twitter.com/MatthewMellor,https://twitter.com/i/web/status/1298379939868155904,RT @GregHuntMP: COVID-19 restrictions can be tough on mental health.   That’s why the Morrison Government has: •         extended telehealt…,,
government,2020-08-26 09:00:26,fatima_ishfaq,https://twitter.com/fatima_ishfaq,https://twitter.com/i/web/status/1298394835712225280,RT @GregHuntMP: COVID-19 restrictions can be tough on mental health.   That’s why the Morrison Government has: •         extended telehealt…,,
government,2020-08-26 12:47:18,LiberalAus,https://twitter.com/LiberalAus,https://twitter.com/i/web/status/1298451926732816386,RT @GregHuntMP: COVID-19 restrictions can be tough on mental health.   That’s why the Morrison Government has: •         extended telehealt…,,
government,2020-08-29 09:15:26,PatMcGorry,https://twitter.com/PatMcGorry,https://twitter.com/i/web/status/1299485773083729921,Peak age group for mental ill health onset and high risk for social and economic impacts of COVID. Governments with foresight have recognised this @GregHuntMP @ScottMorrisonMP @MartinFoleyMP @DanielAndrewsMP and will need to continue on @headspace_aus @orygen_aus #earlypsychosis https://t.co/XnK5cijhoC,earlypsychosis,earlypsychosis
strong,2020-08-27 16:20:59,lealovinglifea1,https://twitter.com/lealovinglifea1,https://twitter.com/i/web/status/1298868092433506305,Children will suffer from mental health issues if they don‘t have strong family surroundings! #AFairGoForLove #removethecap @ScottMorrisonMP @PeterDutton_MP @GregHuntMP https://t.co/xLBqnhHu0w,AFairGoForLove,removethecap
strong,2020-08-27 16:23:22,autumn_daze00,https://twitter.com/autumn_daze00,https://twitter.com/i/web/status/1298868691661021185,RT @lealovinglifea1: Children will suffer from mental health issues if they don‘t have strong family surroundings! #AFairGoForLove #removet…,AFairGoForLove,AFairGoForLove
strong,2020-08-27 16:43:09,Sahanchan89,https://twitter.com/Sahanchan89,https://twitter.com/i/web/status/1298873670811738112,RT @lealovinglifea1: Children will suffer from mental health issues if they don‘t have strong family surroundings! #AFairGoForLove #removet…,AFairGoForLove,AFairGoForLove
strong,2020-08-27 16:21:35,nicola38381851,https://twitter.com/nicola38381851,https://twitter.com/i/web/status/1298868243541553152,RT @lealovinglifea1: Children will suffer from mental health issues if they don‘t have strong family surroundings! #AFairGoForLove #removet…,AFairGoForLove,AFairGoForLove
famili,2020-08-27 08:51:08,The_NewLiberals,https://twitter.com/The_NewLiberals,https://twitter.com/i/web/status/1298754881327493120,RT @figstuff: Punch this tweet out as important to @ScottMorrisonMP     A RIGHT regarding farmers with mental health suicide hurting famili…,,
famili,2020-08-27 18:41:42,Asu15151,https://twitter.com/Asu15151,https://twitter.com/i/web/status/1298903504023478276,RT @Danni2827: COVID19 is serious but so is the mental health of Australian Citizens who are being kept away from their partners and famili…,,
famili,2020-08-27 16:16:16,Sahanchan89,https://twitter.com/Sahanchan89,https://twitter.com/i/web/status/1298866905923624960,RT @Danni2827: COVID19 is serious but so is the mental health of Australian Citizens who are being kept away from their partners and famili…,,
famili,2020-08-27 16:12:24,nicola38381851,https://twitter.com/nicola38381851,https://twitter.com/i/web/status/1298865932308115456,RT @Danni2827: COVID19 is serious but so is the mental health of Australian Citizens who are being kept away from their partners and famili…,,
famili,2020-08-27 16:38:49,LetMeFlyAus,https://twitter.com/LetMeFlyAus,https://twitter.com/i/web/status/1298872579969527808,RT @Danni2827: COVID19 is serious but so is the mental health of Australian Citizens who are being kept away from their partners and famili…,,
famili,2020-08-27 12:23:28,AnodyneParadigm,https://twitter.com/AnodyneParadigm,https://twitter.com/i/web/status/1298808319252013057,RT @figstuff: Punch this tweet out as important to @ScottMorrisonMP     A RIGHT regarding farmers with mental health suicide hurting famili…,,
famili,2020-08-26 23:05:42,figstuff,https://twitter.com/figstuff,https://twitter.com/i/web/status/1298607555489329155,Punch this tweet out as important to @ScottMorrisonMP     A RIGHT regarding farmers with mental health suicide hurting families animals country  where does it start   The Spirit of Life=WATER your lingo you might  understood  @ScottMorrisonMP  @PeterDutton_MP    WATER IS LIFE https://t.co/oeRExLlYwo,,
famili,2020-08-26 22:05:59,beckyhardingnz,https://twitter.com/beckyhardingnz,https://twitter.com/i/web/status/1298592524810874881,RT @MoirMeyer: Aussie &amp; Bangladeshi researchers assess impact of COVID-19 lockdown:  🔴Lockdown measures caused 47% of families’ incomes to…,,
prevention,2020-08-28 10:10:59,UniMelbPoche,https://twitter.com/UniMelbPoche,https://twitter.com/i/web/status/1299137367182209024,"RT @NACCHOAustralia: Mental health, suicide prevention remain high priorities! @healthgovau is providing 10 additional Medicare subsidised…",,
prevention,2020-08-29 12:24:33,cbpatsisp,https://twitter.com/cbpatsisp,https://twitter.com/i/web/status/1299533368669822977,"RT @NACCHOAustralia: Mental health, suicide prevention remain high priorities! @healthgovau is providing 10 additional Medicare subsidised…",,
prevention,2020-08-27 17:13:50,hcfinn,https://twitter.com/hcfinn,https://twitter.com/i/web/status/1298881390612631555,"RT @NACCHOAustralia: Mental health, suicide prevention remain high priorities! @healthgovau is providing 10 additional Medicare subsidised…",,
prevention,2020-08-28 13:59:16,PeterHi60563598,https://twitter.com/PeterHi60563598,https://twitter.com/i/web/status/1299194815607840768,"RT @NACCHOAustralia: Mental health, suicide prevention remain high priorities! @healthgovau is providing 10 additional Medicare subsidised…",,
prevention,2020-08-27 15:51:34,SummerMayFinlay,https://twitter.com/SummerMayFinlay,https://twitter.com/i/web/status/1298860689541312512,"RT @NACCHOAustralia: Mental health, suicide prevention remain high priorities! @healthgovau is providing 10 additional Medicare subsidised…",,
prevention,2020-08-31 12:05:41,MegBastard,https://twitter.com/MegBastard,https://twitter.com/i/web/status/1300253395647782913,"RT @NACCHOAustralia: Mental health, suicide prevention remain high priorities! @healthgovau is providing 10 additional Medicare subsidised…",,
prevention,2020-08-29 05:07:11,SkeenLiv,https://twitter.com/SkeenLiv,https://twitter.com/i/web/status/1299423301584945161,"RT @NACCHOAustralia: Mental health, suicide prevention remain high priorities! @healthgovau is providing 10 additional Medicare subsidised…",,
prevention,2020-08-27 15:31:24,CycloneLizzy,https://twitter.com/CycloneLizzy,https://twitter.com/i/web/status/1298855615071055872,"RT @NACCHOAustralia: Mental health, suicide prevention remain high priorities! @healthgovau is providing 10 additional Medicare subsidised…",,
prevention,2020-08-29 10:11:31,FIL20032014,https://twitter.com/FIL20032014,https://twitter.com/i/web/status/1299499887067721728,"RT @NACCHOAustralia: Mental health, suicide prevention remain high priorities! @healthgovau is providing 10 additional Medicare subsidised…",,
prevention,2020-08-29 07:28:49,LIME__Network,https://twitter.com/LIME__Network,https://twitter.com/i/web/status/1299458944125906945,"RT @NACCHOAustralia: Mental health, suicide prevention remain high priorities! @healthgovau is providing 10 additional Medicare subsidised…",,
subsidise,2020-08-28 10:10:59,UniMelbPoche,https://twitter.com/UniMelbPoche,https://twitter.com/i/web/status/1299137367182209024,"RT @NACCHOAustralia: Mental health, suicide prevention remain high priorities! @healthgovau is providing 10 additional Medicare subsidised…",,
subsidise,2020-08-29 12:24:33,cbpatsisp,https://twitter.com/cbpatsisp,https://twitter.com/i/web/status/1299533368669822977,"RT @NACCHOAustralia: Mental health, suicide prevention remain high priorities! @healthgovau is providing 10 additional Medicare subsidised…",,
subsidise,2020-08-27 17:13:50,hcfinn,https://twitter.com/hcfinn,https://twitter.com/i/web/status/1298881390612631555,"RT @NACCHOAustralia: Mental health, suicide prevention remain high priorities! @healthgovau is providing 10 additional Medicare subsidised…",,
subsidise,2020-08-28 13:59:16,PeterHi60563598,https://twitter.com/PeterHi60563598,https://twitter.com/i/web/status/1299194815607840768,"RT @NACCHOAustralia: Mental health, suicide prevention remain high priorities! @healthgovau is providing 10 additional Medicare subsidised…",,
subsidise,2020-08-27 15:51:34,SummerMayFinlay,https://twitter.com/SummerMayFinlay,https://twitter.com/i/web/status/1298860689541312512,"RT @NACCHOAustralia: Mental health, suicide prevention remain high priorities! @healthgovau is providing 10 additional Medicare subsidised…",,
subsidise,2020-08-31 12:05:41,MegBastard,https://twitter.com/MegBastard,https://twitter.com/i/web/status/1300253395647782913,"RT @NACCHOAustralia: Mental health, suicide prevention remain high priorities! @healthgovau is providing 10 additional Medicare subsidised…",,
subsidise,2020-08-29 05:07:11,SkeenLiv,https://twitter.com/SkeenLiv,https://twitter.com/i/web/status/1299423301584945161,"RT @NACCHOAustralia: Mental health, suicide prevention remain high priorities! @healthgovau is providing 10 additional Medicare subsidised…",,
subsidise,2020-08-27 15:31:24,CycloneLizzy,https://twitter.com/CycloneLizzy,https://twitter.com/i/web/status/1298855615071055872,"RT @NACCHOAustralia: Mental health, suicide prevention remain high priorities! @healthgovau is providing 10 additional Medicare subsidised…",,
subsidise,2020-08-29 10:11:31,FIL20032014,https://twitter.com/FIL20032014,https://twitter.com/i/web/status/1299499887067721728,"RT @NACCHOAustralia: Mental health, suicide prevention remain high priorities! @healthgovau is providing 10 additional Medicare subsidised…",,
subsidise,2020-08-29 07:28:49,LIME__Network,https://twitter.com/LIME__Network,https://twitter.com/i/web/status/1299458944125906945,"RT @NACCHOAustralia: Mental health, suicide prevention remain high priorities! @healthgovau is providing 10 additional Medicare subsidised…",,
melbourne,2020-09-01 08:27:05,FLMirabelli,https://twitter.com/FLMirabelli,https://twitter.com/i/web/status/1300560772053889024,People seeking mental health support need options. 44% of recent consultations were through Telehealth. Come on  @GregHuntMP make Telehealth a permanent option for all Australians. #melbournelockdown2020 #melbournelockdown,melbournelockdown,melbournelockdown2020
melbourne,2020-08-31 08:34:55,PredatoryDenier,https://twitter.com/PredatoryDenier,https://twitter.com/i/web/status/1300200355486195714,RT @TheFlatEartherr: Massive anti lockdown and anti mask protest happening in Melbourne Australia on the 2nd of September. Wish I could be…,,
melbourne,2020-08-29 23:34:37,EllisonAmy,https://twitter.com/EllisonAmy,https://twitter.com/i/web/status/1299701995314376712,@MrMikeHalligan most people just watch it for the chateaus. There's usually a niche crowd watching from Aus. I suspect with Melbourne lockdown and stage 3 for the rest of us that there will be a lot of people awake and watching (dreaming). Looks like the dam is faring ok.,,
melbourne,2020-08-31 11:24:26,davidmaglov,https://twitter.com/davidmaglov,https://twitter.com/i/web/status/1300243015533879297,RT @TheFlatEartherr: Massive anti lockdown and anti mask protest happening in Melbourne Australia on the 2nd of September. Wish I could be…,,
