Topic,word1,word2,word3,word4,word5,word6,word7,word8,word9,word10
Topic 1,people,lonely,death,friend,scott,citizen,depression,another,morrison,situation
Topic 2,depression,people,future,government,struggle,really,worrying,dealing,ausralian,anxiety
Topic 3,aussie,feeling,helplessness,shame,hopelessness,#financialabuse,humiliation,reall,morrison,scott
Topic 4,anxiety,minister,think,people,causing,cause,damage,#strandedaussies,happening,depression
Topic 5,anything,anyone,government,australian,lonely,going,look,wrong,criminal,cruel
