Topic,word1,word2,word3,word4,word5,word6,word7,word8,word9,word10
Topic 1,important,thing,discover,maintain,work,among,anxiety,pandemic,support,australian
Topic 2,support,clinic,victorian,tomorrow,access,dedicate,additional,victoria,today,provide
Topic 3,thanks,resource,#covid19,access,anxiety,family,vital,speaking,disability,remember
Topic 4,referral,advice,struggle,830am,wraparound,impact,across,support,people,campaign
Topic 5,university,student,improve,focus,fitness,mentor-based,exercise,physical,progr,partner
