Topic,word1,word2,word3,word4,word5,word6,word7,word8,word9,word10
Topic 1,coronavirus,student,take,massive,unable,nurse,anxiety,stress,anxious,depression
Topic 2,extend,world,australian,look,around,christmas,strand,chaos,20000,government
Topic 3,allow,partner,additional,suicide,priority,medicare,prevention,provide,subsidise,remain
Topic 4,people,covid,death,depression,need,option,suicide,telehealth,nurse,#auspol
Topic 5,important,family,impact,#afairgoforlove,physical,#removethecap,possible,reunion,friend,suicide
