keyword,created_at_local_time,screen_name,user_URL,tweet_URL,tweet_text,hashtag1,hashtag2
family,2020-08-24 09:31:28,ARNA_Tweets,https://twitter.com/ARNA_Tweets,https://twitter.com/i/web/status/1297677870979059715,"RT @healthgovau: When we can’t see our friends &amp; family regularly, it can be hard to keep on top of things. It's normal to feel anxious, ov…",,
family,2020-08-24 20:06:26,ozvascdoc,https://twitter.com/ozvascdoc,https://twitter.com/i/web/status/1297837666017267713,"RT @healthgovau: When we can’t see our friends &amp; family regularly, it can be hard to keep on top of things. It's normal to feel anxious, ov…",,
family,2020-08-24 14:26:17,AusEmbAfg,https://twitter.com/AusEmbAfg,https://twitter.com/i/web/status/1297752061740802049,"RT @healthgovau: When we can’t see our friends &amp; family regularly, it can be hard to keep on top of things. It's normal to feel anxious, ov…",,
family,2020-08-25 17:22:18,NRHAlliance,https://twitter.com/NRHAlliance,https://twitter.com/i/web/status/1298158747009744898,"RT @healthgovau: When we can’t see our friends &amp; family regularly, it can be hard to keep on top of things. It's normal to feel anxious, ov…",,
family,2020-08-25 16:54:25,IAHA_National,https://twitter.com/IAHA_National,https://twitter.com/i/web/status/1298151730685739008,"RT @healthgovau: When we can’t see our friends &amp; family regularly, it can be hard to keep on top of things. It's normal to feel anxious, ov…",,
covid,2020-08-21 08:48:47,English_Aus,https://twitter.com/English_Aus,https://twitter.com/i/web/status/1296579964779794432,"RT @healthgovau: The impacts of COVID-19 can make us feel anxious, stressed or worried. Learn about how you can manage your mental wellbein…",,
covid,2020-08-19 17:15:40,Dpeters1977,https://twitter.com/Dpeters1977,https://twitter.com/i/web/status/1295982752173453313,RT @PWDAustralia: Mr Chan is worried because his mother is at high risk of COVID due to her age. He has had high levels of anxiety and trou…,,
covid,2020-08-22 17:59:32,SophieSocialist,https://twitter.com/SophieSocialist,https://twitter.com/i/web/status/1297080953404157953,"@Russputin2 @JMcK2018 @_Ultra_Mar @vogrady2132 @albericie @australian You are right on. Anxiety is so personal. You can come through some hyper-aware times then feel somewhat normal. However, Covid19 has brought back to the surface heightened wakefulness. PTSD is just under the surface Regards to all who feel #anxiety Fed Govt does not reassure",anxiety,anxiety
covid,2020-08-19 01:16:51,sreeura,https://twitter.com/sreeura,https://twitter.com/i/web/status/1295741455630098432,RT @WaditwarP: @ScottMorrisonMP The restrictions on international travel may or may not help in eradication of Covid19 but how will you man…,,
covid,2020-08-20 00:15:12,sreeura,https://twitter.com/sreeura,https://twitter.com/i/web/status/1296088330250014721,RT @lealovinglifea1: @GregHuntMP People then won‘t suffer from COVID19 anymore but from its consequences - mental health issues due to the…,,
covid,2020-08-20 14:36:29,ausgov,https://twitter.com/ausgov,https://twitter.com/i/web/status/1296305079226515457,"RT @healthgovau: The impacts of COVID-19 can make us feel anxious, stressed or worried. Learn about how you can manage your mental wellbein…",,
covid,2020-08-19 02:00:00,9NewsMelb,https://twitter.com/9NewsMelb,https://twitter.com/i/web/status/1295752315983536128,"The rollout of COVID marshals in South Australia is under fire, with supermarket workers slamming the plan, saying it will make them the focal point of community anger and anxiety. #9News   https://t.co/VXF3xFD08M",9News,9News
covid,2020-08-20 13:01:38,atsils,https://twitter.com/atsils,https://twitter.com/i/web/status/1296281208251248641,"RT @healthgovau: The impacts of COVID-19 can make us feel anxious, stressed or worried. Learn about how you can manage your mental wellbein…",,
covid,2020-08-20 13:01:31,QldAmbulance,https://twitter.com/QldAmbulance,https://twitter.com/i/web/status/1296281179578970113,"RT @healthgovau: The impacts of COVID-19 can make us feel anxious, stressed or worried. Learn about how you can manage your mental wellbein…",,
covid,2020-08-24 10:29:09,ian_hickie,https://twitter.com/ian_hickie,https://twitter.com/i/web/status/1297692384638038018,"A focus on the (mental and physical) health and welfare of young people, should be a central focus of the national response to COVID19; Many of the potential adverse outcomes (including suicide) are preventable with the right choices now! @GregHuntMP @PatMcGorry @PatsKarvelas https://t.co/qZ2UTKvQd8",,
response,2020-08-24 14:40:28,RNRos,https://twitter.com/RNRos,https://twitter.com/i/web/status/1297755630120235008,"RT @ian_hickie: A focus on the (mental and physical) health and welfare of young people, should be a central focus of the national response…",,
response,2020-08-24 15:02:55,AlanJMitchell_,https://twitter.com/AlanJMitchell_,https://twitter.com/i/web/status/1297761282171367424,"RT @ian_hickie: A focus on the (mental and physical) health and welfare of young people, should be a central focus of the national response…",,
response,2020-08-24 14:49:06,gdtoogood,https://twitter.com/gdtoogood,https://twitter.com/i/web/status/1297757804397133824,"RT @ian_hickie: A focus on the (mental and physical) health and welfare of young people, should be a central focus of the national response…",,
response,2020-08-24 15:18:30,amcl2004,https://twitter.com/amcl2004,https://twitter.com/i/web/status/1297765205464608768,"RT @ian_hickie: A focus on the (mental and physical) health and welfare of young people, should be a central focus of the national response…",,
response,2020-08-21 10:13:39,peggymel2001,https://twitter.com/peggymel2001,https://twitter.com/i/web/status/1296601321445797888,"RT @ian_hickie: As 'lockdown fatigue' sets in, the toll on mental health will require an urgent response ⁦@GregHuntMP⁩ ⁦@PatMcGorry⁩ ⁦@Pats…",,
response,2020-08-24 10:29:09,ian_hickie,https://twitter.com/ian_hickie,https://twitter.com/i/web/status/1297692384638038018,"A focus on the (mental and physical) health and welfare of young people, should be a central focus of the national response to COVID19; Many of the potential adverse outcomes (including suicide) are preventable with the right choices now! @GregHuntMP @PatMcGorry @PatsKarvelas https://t.co/qZ2UTKvQd8",,
response,2020-08-24 10:30:17,AllergyWhispers,https://twitter.com/AllergyWhispers,https://twitter.com/i/web/status/1297692670576345088,"RT @ian_hickie: A focus on the (mental and physical) health and welfare of young people, should be a central focus of the national response…",,
response,2020-08-24 11:34:13,MJA_Editor,https://twitter.com/MJA_Editor,https://twitter.com/i/web/status/1297708760425627649,"RT @ian_hickie: A focus on the (mental and physical) health and welfare of young people, should be a central focus of the national response…",,
response,2020-08-24 14:59:26,pauline_mh1,https://twitter.com/pauline_mh1,https://twitter.com/i/web/status/1297760404693688321,"RT @ian_hickie: A focus on the (mental and physical) health and welfare of young people, should be a central focus of the national response…",,
response,2020-08-24 11:40:32,LMStrategy,https://twitter.com/LMStrategy,https://twitter.com/i/web/status/1297710350234656769,"RT @ian_hickie: A focus on the (mental and physical) health and welfare of young people, should be a central focus of the national response…",,
australia,2020-08-19 01:10:27,sreeura,https://twitter.com/sreeura,https://twitter.com/i/web/status/1295739846745444353,RT @nehasandhu123: Always felt pride that Australia cares the most about the mental health issues. What about the mental health of the #Aus…,,
australia,2020-08-21 20:43:58,sreeura,https://twitter.com/sreeura,https://twitter.com/i/web/status/1296759947946909696,"RT @Samizzle_Songz: 🇦🇺❤🇬🇭@ScottMorrisonMP yes Australia is not like other countries, but other countries appear to care more about families…",,
australia,2020-08-21 20:45:08,lealovinglifea1,https://twitter.com/lealovinglifea1,https://twitter.com/i/web/status/1296760240797560834,"RT @Samizzle_Songz: 🇦🇺❤🇬🇭@ScottMorrisonMP yes Australia is not like other countries, but other countries appear to care more about families…",,
australia,2020-08-23 10:22:37,Nucleon39642876,https://twitter.com/Nucleon39642876,https://twitter.com/i/web/status/1297328352718516224,"RT @Samizzle_Songz: 🇦🇺❤🇬🇭@ScottMorrisonMP yes Australia is not like other countries, but other countries appear to care more about families…",,
australia,2020-08-23 10:25:56,autumn_daze00,https://twitter.com/autumn_daze00,https://twitter.com/i/web/status/1297329186978140161,"RT @Samizzle_Songz: 🇦🇺❤🇬🇭@ScottMorrisonMP yes Australia is not like other countries, but other countries appear to care more about families…",,
australia,2020-08-21 20:33:42,afairgoforlove,https://twitter.com/afairgoforlove,https://twitter.com/i/web/status/1296757362699599872,"RT @Samizzle_Songz: 🇦🇺❤🇬🇭@ScottMorrisonMP yes Australia is not like other countries, but other countries appear to care more about families…",,
australia,2020-08-19 17:15:40,Dpeters1977,https://twitter.com/Dpeters1977,https://twitter.com/i/web/status/1295982752173453313,RT @PWDAustralia: Mr Chan is worried because his mother is at high risk of COVID due to her age. He has had high levels of anxiety and trou…,,
australia,2020-08-22 17:59:32,SophieSocialist,https://twitter.com/SophieSocialist,https://twitter.com/i/web/status/1297080953404157953,"@Russputin2 @JMcK2018 @_Ultra_Mar @vogrady2132 @albericie @australian You are right on. Anxiety is so personal. You can come through some hyper-aware times then feel somewhat normal. However, Covid19 has brought back to the surface heightened wakefulness. PTSD is just under the surface Regards to all who feel #anxiety Fed Govt does not reassure",anxiety,anxiety
australia,2020-08-19 12:30:00,sreeura,https://twitter.com/sreeura,https://twitter.com/i/web/status/1295910861639282688,RT @Danni2827: The mental health of Australians left without their partners with no end in sight. #AFairGoForLove   @ScottMorrisonMP @Peter…,AFairGoForLove,AFairGoForLove
australia,2020-08-20 10:50:59,sreeura,https://twitter.com/sreeura,https://twitter.com/i/web/status/1296248330255622144,RT @nicola38381851: The mental health of Australians is important too &amp; not knowing when we will see our partners again is impacting our me…,,
time,2020-08-21 18:03:36,PatMcGorry,https://twitter.com/PatMcGorry,https://twitter.com/i/web/status/1296719586675445760,RT @RANZCP: Times of heightened stress and anxiety can exacerbate existing mental health issues. If you’re worried about yourself or someon…,,
time,2020-08-22 17:59:32,SophieSocialist,https://twitter.com/SophieSocialist,https://twitter.com/i/web/status/1297080953404157953,"@Russputin2 @JMcK2018 @_Ultra_Mar @vogrady2132 @albericie @australian You are right on. Anxiety is so personal. You can come through some hyper-aware times then feel somewhat normal. However, Covid19 has brought back to the surface heightened wakefulness. PTSD is just under the surface Regards to all who feel #anxiety Fed Govt does not reassure",anxiety,anxiety
time,2020-08-24 08:58:30,RNRos,https://twitter.com/RNRos,https://twitter.com/i/web/status/1297669571902451712,RT @Sian_NP: @johno0910 @LRussellWolpe @ian_hickie @RosenbergSeb Yes and the Mental Health Nurse Incentive Program evaluated 5 times. Each…,,
time,2020-08-23 13:46:02,Mickholloways,https://twitter.com/Mickholloways,https://twitter.com/i/web/status/1297379547055194113,RT @Sian_NP: @johno0910 @LRussellWolpe @ian_hickie @RosenbergSeb Yes and the Mental Health Nurse Incentive Program evaluated 5 times. Each…,,
time,2020-08-25 08:20:48,suevmurray,https://twitter.com/suevmurray,https://twitter.com/i/web/status/1298022471832985600,RT @Sian_NP: @johno0910 @LRussellWolpe @ian_hickie @RosenbergSeb Yes and the Mental Health Nurse Incentive Program evaluated 5 times. Each…,,
time,2020-08-21 18:04:14,MentalHealthVic,https://twitter.com/MentalHealthVic,https://twitter.com/i/web/status/1296719749670244353,RT @RANZCP: Times of heightened stress and anxiety can exacerbate existing mental health issues. If you’re worried about yourself or someon…,,
time,2020-08-24 09:01:31,LRussellWolpe,https://twitter.com/LRussellWolpe,https://twitter.com/i/web/status/1297670332195540994,RT @Sian_NP: @johno0910 @LRussellWolpe @ian_hickie @RosenbergSeb Yes and the Mental Health Nurse Incentive Program evaluated 5 times. Each…,,
time,2020-08-23 15:48:09,tuppsmiles,https://twitter.com/tuppsmiles,https://twitter.com/i/web/status/1297410279081312256,RT @Sian_NP: @johno0910 @LRussellWolpe @ian_hickie @RosenbergSeb Yes and the Mental Health Nurse Incentive Program evaluated 5 times. Each…,,
time,2020-08-23 13:52:32,nearlynana,https://twitter.com/nearlynana,https://twitter.com/i/web/status/1297381181646753796,RT @Sian_NP: @johno0910 @LRussellWolpe @ian_hickie @RosenbergSeb Yes and the Mental Health Nurse Incentive Program evaluated 5 times. Each…,,
time,2020-08-25 16:16:18,afairgoforlove,https://twitter.com/afairgoforlove,https://twitter.com/i/web/status/1298142137876221953,@AlanTudgeMP @3AWNeilMitchell #LoveIsNotTourism #LoveIsEssential #afairgoforlove Can we look at the depression and suicide rates for being kept from our partners for an indefinite amount of time? 💔 https://t.co/Pc3yTctL56,afairgoforlove,LoveIsNotTourism
normal,2020-08-22 17:59:32,SophieSocialist,https://twitter.com/SophieSocialist,https://twitter.com/i/web/status/1297080953404157953,"@Russputin2 @JMcK2018 @_Ultra_Mar @vogrady2132 @albericie @australian You are right on. Anxiety is so personal. You can come through some hyper-aware times then feel somewhat normal. However, Covid19 has brought back to the surface heightened wakefulness. PTSD is just under the surface Regards to all who feel #anxiety Fed Govt does not reassure",anxiety,anxiety
normal,2020-08-24 09:31:28,ARNA_Tweets,https://twitter.com/ARNA_Tweets,https://twitter.com/i/web/status/1297677870979059715,"RT @healthgovau: When we can’t see our friends &amp; family regularly, it can be hard to keep on top of things. It's normal to feel anxious, ov…",,
normal,2020-08-24 20:06:26,ozvascdoc,https://twitter.com/ozvascdoc,https://twitter.com/i/web/status/1297837666017267713,"RT @healthgovau: When we can’t see our friends &amp; family regularly, it can be hard to keep on top of things. It's normal to feel anxious, ov…",,
normal,2020-08-24 14:26:17,AusEmbAfg,https://twitter.com/AusEmbAfg,https://twitter.com/i/web/status/1297752061740802049,"RT @healthgovau: When we can’t see our friends &amp; family regularly, it can be hard to keep on top of things. It's normal to feel anxious, ov…",,
normal,2020-08-25 17:22:18,NRHAlliance,https://twitter.com/NRHAlliance,https://twitter.com/i/web/status/1298158747009744898,"RT @healthgovau: When we can’t see our friends &amp; family regularly, it can be hard to keep on top of things. It's normal to feel anxious, ov…",,
normal,2020-08-25 16:54:25,IAHA_National,https://twitter.com/IAHA_National,https://twitter.com/i/web/status/1298151730685739008,"RT @healthgovau: When we can’t see our friends &amp; family regularly, it can be hard to keep on top of things. It's normal to feel anxious, ov…",,
issue,2020-08-19 01:10:27,sreeura,https://twitter.com/sreeura,https://twitter.com/i/web/status/1295739846745444353,RT @nehasandhu123: Always felt pride that Australia cares the most about the mental health issues. What about the mental health of the #Aus…,,
issue,2020-08-21 18:03:36,PatMcGorry,https://twitter.com/PatMcGorry,https://twitter.com/i/web/status/1296719586675445760,RT @RANZCP: Times of heightened stress and anxiety can exacerbate existing mental health issues. If you’re worried about yourself or someon…,,
issue,2020-08-20 00:15:12,sreeura,https://twitter.com/sreeura,https://twitter.com/i/web/status/1296088330250014721,RT @lealovinglifea1: @GregHuntMP People then won‘t suffer from COVID19 anymore but from its consequences - mental health issues due to the…,,
issue,2020-08-25 18:10:31,VerschurenFred,https://twitter.com/VerschurenFred,https://twitter.com/i/web/status/1298170881382858754,Around 300 people in the first lockdown committed suicide in the first week in Vic alone.😥🌹 Mental health issues related to lock down and the pandemic are especially hard for people with depression. The charity MIND has a 24-hour helpline: 1300 554 660 By David Green - Facebook,,
issue,2020-08-21 18:04:14,MentalHealthVic,https://twitter.com/MentalHealthVic,https://twitter.com/i/web/status/1296719749670244353,RT @RANZCP: Times of heightened stress and anxiety can exacerbate existing mental health issues. If you’re worried about yourself or someon…,,
incentive,2020-08-24 08:58:30,RNRos,https://twitter.com/RNRos,https://twitter.com/i/web/status/1297669571902451712,RT @Sian_NP: @johno0910 @LRussellWolpe @ian_hickie @RosenbergSeb Yes and the Mental Health Nurse Incentive Program evaluated 5 times. Each…,,
incentive,2020-08-23 13:46:02,Mickholloways,https://twitter.com/Mickholloways,https://twitter.com/i/web/status/1297379547055194113,RT @Sian_NP: @johno0910 @LRussellWolpe @ian_hickie @RosenbergSeb Yes and the Mental Health Nurse Incentive Program evaluated 5 times. Each…,,
incentive,2020-08-25 08:20:48,suevmurray,https://twitter.com/suevmurray,https://twitter.com/i/web/status/1298022471832985600,RT @Sian_NP: @johno0910 @LRussellWolpe @ian_hickie @RosenbergSeb Yes and the Mental Health Nurse Incentive Program evaluated 5 times. Each…,,
incentive,2020-08-24 09:01:31,LRussellWolpe,https://twitter.com/LRussellWolpe,https://twitter.com/i/web/status/1297670332195540994,RT @Sian_NP: @johno0910 @LRussellWolpe @ian_hickie @RosenbergSeb Yes and the Mental Health Nurse Incentive Program evaluated 5 times. Each…,,
incentive,2020-08-23 15:48:09,tuppsmiles,https://twitter.com/tuppsmiles,https://twitter.com/i/web/status/1297410279081312256,RT @Sian_NP: @johno0910 @LRussellWolpe @ian_hickie @RosenbergSeb Yes and the Mental Health Nurse Incentive Program evaluated 5 times. Each…,,
incentive,2020-08-23 13:52:32,nearlynana,https://twitter.com/nearlynana,https://twitter.com/i/web/status/1297381181646753796,RT @Sian_NP: @johno0910 @LRussellWolpe @ian_hickie @RosenbergSeb Yes and the Mental Health Nurse Incentive Program evaluated 5 times. Each…,,
incentive,2020-08-23 14:31:57,Dpeters1977,https://twitter.com/Dpeters1977,https://twitter.com/i/web/status/1297391099825156098,RT @Sian_NP: @johno0910 @LRussellWolpe @ian_hickie @RosenbergSeb Yes and the Mental Health Nurse Incentive Program evaluated 5 times. Each…,,
incentive,2020-08-23 14:18:14,johno0910,https://twitter.com/johno0910,https://twitter.com/i/web/status/1297387647170523141,RT @Sian_NP: @johno0910 @LRussellWolpe @ian_hickie @RosenbergSeb Yes and the Mental Health Nurse Incentive Program evaluated 5 times. Each…,,
anxious,2020-08-21 08:48:47,English_Aus,https://twitter.com/English_Aus,https://twitter.com/i/web/status/1296579964779794432,"RT @healthgovau: The impacts of COVID-19 can make us feel anxious, stressed or worried. Learn about how you can manage your mental wellbein…",,
anxious,2020-08-24 17:36:03,Friendcare61,https://twitter.com/Friendcare61,https://twitter.com/i/web/status/1297799819952447491,RT @AnxietyUK: As the country is starting to return to work it’s understandable that people may feel #anxious about this. Anxiety UK can pr…,anxious,anxious
anxious,2020-08-24 09:31:28,ARNA_Tweets,https://twitter.com/ARNA_Tweets,https://twitter.com/i/web/status/1297677870979059715,"RT @healthgovau: When we can’t see our friends &amp; family regularly, it can be hard to keep on top of things. It's normal to feel anxious, ov…",,
anxious,2020-08-20 14:36:29,ausgov,https://twitter.com/ausgov,https://twitter.com/i/web/status/1296305079226515457,"RT @healthgovau: The impacts of COVID-19 can make us feel anxious, stressed or worried. Learn about how you can manage your mental wellbein…",,
anxious,2020-08-24 20:06:26,ozvascdoc,https://twitter.com/ozvascdoc,https://twitter.com/i/web/status/1297837666017267713,"RT @healthgovau: When we can’t see our friends &amp; family regularly, it can be hard to keep on top of things. It's normal to feel anxious, ov…",,
anxious,2020-08-20 13:01:38,atsils,https://twitter.com/atsils,https://twitter.com/i/web/status/1296281208251248641,"RT @healthgovau: The impacts of COVID-19 can make us feel anxious, stressed or worried. Learn about how you can manage your mental wellbein…",,
anxious,2020-08-24 14:26:17,AusEmbAfg,https://twitter.com/AusEmbAfg,https://twitter.com/i/web/status/1297752061740802049,"RT @healthgovau: When we can’t see our friends &amp; family regularly, it can be hard to keep on top of things. It's normal to feel anxious, ov…",,
anxious,2020-08-20 13:01:31,QldAmbulance,https://twitter.com/QldAmbulance,https://twitter.com/i/web/status/1296281179578970113,"RT @healthgovau: The impacts of COVID-19 can make us feel anxious, stressed or worried. Learn about how you can manage your mental wellbein…",,
anxious,2020-08-20 13:10:34,GarvanInstitute,https://twitter.com/GarvanInstitute,https://twitter.com/i/web/status/1296283457912369152,"RT @healthgovau: The impacts of COVID-19 can make us feel anxious, stressed or worried. Learn about how you can manage your mental wellbein…",,
anxious,2020-08-25 17:22:18,NRHAlliance,https://twitter.com/NRHAlliance,https://twitter.com/i/web/status/1298158747009744898,"RT @healthgovau: When we can’t see our friends &amp; family regularly, it can be hard to keep on top of things. It's normal to feel anxious, ov…",,
america,2020-08-24 13:47:23,LifeCo34475951,https://twitter.com/LifeCo34475951,https://twitter.com/i/web/status/1297742274579910659,RT @CarySimonds9: MELBOURNE (Australia) - 2nd FULL LOCKDOWN without no end. America Could Be Next! https://t.co/0z0kxalFed,,
america,2020-08-24 15:30:31,Ozzietruther,https://twitter.com/Ozzietruther,https://twitter.com/i/web/status/1297768229419417600,RT @CarySimonds9: MELBOURNE (Australia) - 2nd FULL LOCKDOWN without no end. America Could Be Next! https://t.co/0z0kxalFed,,
america,2020-08-24 11:31:37,pekeaboonana,https://twitter.com/pekeaboonana,https://twitter.com/i/web/status/1297708107913519105,RT @CarySimonds9: MELBOURNE (Australia) - 2nd FULL LOCKDOWN without no end. America Could Be Next! https://t.co/0z0kxalFed,,
disbelief,2020-08-21 11:44:03,autumn_daze00,https://twitter.com/autumn_daze00,https://twitter.com/i/web/status/1296624072931987456,RT @chefsami_la: 162 days without him. 162 days of tears and heartache. Anxiety and depression. Wonder. Hope. Fear. Uncertainty. Disbelief.…,,
disbelief,2020-08-21 11:21:53,lovepre91961313,https://twitter.com/lovepre91961313,https://twitter.com/i/web/status/1296618494201434112,RT @chefsami_la: 162 days without him. 162 days of tears and heartache. Anxiety and depression. Wonder. Hope. Fear. Uncertainty. Disbelief.…,,
disbelief,2020-08-21 17:55:42,lealovinglifea1,https://twitter.com/lealovinglifea1,https://twitter.com/i/web/status/1296717598822993920,RT @chefsami_la: 162 days without him. 162 days of tears and heartache. Anxiety and depression. Wonder. Hope. Fear. Uncertainty. Disbelief.…,,
disbelief,2020-08-21 11:54:04,KSabaroedin,https://twitter.com/KSabaroedin,https://twitter.com/i/web/status/1296626590613254145,RT @chefsami_la: 162 days without him. 162 days of tears and heartache. Anxiety and depression. Wonder. Hope. Fear. Uncertainty. Disbelief.…,,
welfare,2020-08-24 14:40:28,RNRos,https://twitter.com/RNRos,https://twitter.com/i/web/status/1297755630120235008,"RT @ian_hickie: A focus on the (mental and physical) health and welfare of young people, should be a central focus of the national response…",,
welfare,2020-08-24 15:02:55,AlanJMitchell_,https://twitter.com/AlanJMitchell_,https://twitter.com/i/web/status/1297761282171367424,"RT @ian_hickie: A focus on the (mental and physical) health and welfare of young people, should be a central focus of the national response…",,
welfare,2020-08-24 14:49:06,gdtoogood,https://twitter.com/gdtoogood,https://twitter.com/i/web/status/1297757804397133824,"RT @ian_hickie: A focus on the (mental and physical) health and welfare of young people, should be a central focus of the national response…",,
welfare,2020-08-24 15:18:30,amcl2004,https://twitter.com/amcl2004,https://twitter.com/i/web/status/1297765205464608768,"RT @ian_hickie: A focus on the (mental and physical) health and welfare of young people, should be a central focus of the national response…",,
welfare,2020-08-24 10:29:09,ian_hickie,https://twitter.com/ian_hickie,https://twitter.com/i/web/status/1297692384638038018,"A focus on the (mental and physical) health and welfare of young people, should be a central focus of the national response to COVID19; Many of the potential adverse outcomes (including suicide) are preventable with the right choices now! @GregHuntMP @PatMcGorry @PatsKarvelas https://t.co/qZ2UTKvQd8",,
welfare,2020-08-24 10:30:17,AllergyWhispers,https://twitter.com/AllergyWhispers,https://twitter.com/i/web/status/1297692670576345088,"RT @ian_hickie: A focus on the (mental and physical) health and welfare of young people, should be a central focus of the national response…",,
welfare,2020-08-24 11:34:13,MJA_Editor,https://twitter.com/MJA_Editor,https://twitter.com/i/web/status/1297708760425627649,"RT @ian_hickie: A focus on the (mental and physical) health and welfare of young people, should be a central focus of the national response…",,
welfare,2020-08-24 14:59:26,pauline_mh1,https://twitter.com/pauline_mh1,https://twitter.com/i/web/status/1297760404693688321,"RT @ian_hickie: A focus on the (mental and physical) health and welfare of young people, should be a central focus of the national response…",,
welfare,2020-08-24 11:40:32,LMStrategy,https://twitter.com/LMStrategy,https://twitter.com/i/web/status/1297710350234656769,"RT @ian_hickie: A focus on the (mental and physical) health and welfare of young people, should be a central focus of the national response…",,
evaluate,2020-08-24 08:58:30,RNRos,https://twitter.com/RNRos,https://twitter.com/i/web/status/1297669571902451712,RT @Sian_NP: @johno0910 @LRussellWolpe @ian_hickie @RosenbergSeb Yes and the Mental Health Nurse Incentive Program evaluated 5 times. Each…,,
evaluate,2020-08-23 13:46:02,Mickholloways,https://twitter.com/Mickholloways,https://twitter.com/i/web/status/1297379547055194113,RT @Sian_NP: @johno0910 @LRussellWolpe @ian_hickie @RosenbergSeb Yes and the Mental Health Nurse Incentive Program evaluated 5 times. Each…,,
evaluate,2020-08-25 08:20:48,suevmurray,https://twitter.com/suevmurray,https://twitter.com/i/web/status/1298022471832985600,RT @Sian_NP: @johno0910 @LRussellWolpe @ian_hickie @RosenbergSeb Yes and the Mental Health Nurse Incentive Program evaluated 5 times. Each…,,
evaluate,2020-08-24 09:01:31,LRussellWolpe,https://twitter.com/LRussellWolpe,https://twitter.com/i/web/status/1297670332195540994,RT @Sian_NP: @johno0910 @LRussellWolpe @ian_hickie @RosenbergSeb Yes and the Mental Health Nurse Incentive Program evaluated 5 times. Each…,,
evaluate,2020-08-23 15:48:09,tuppsmiles,https://twitter.com/tuppsmiles,https://twitter.com/i/web/status/1297410279081312256,RT @Sian_NP: @johno0910 @LRussellWolpe @ian_hickie @RosenbergSeb Yes and the Mental Health Nurse Incentive Program evaluated 5 times. Each…,,
evaluate,2020-08-23 13:52:32,nearlynana,https://twitter.com/nearlynana,https://twitter.com/i/web/status/1297381181646753796,RT @Sian_NP: @johno0910 @LRussellWolpe @ian_hickie @RosenbergSeb Yes and the Mental Health Nurse Incentive Program evaluated 5 times. Each…,,
evaluate,2020-08-23 14:31:57,Dpeters1977,https://twitter.com/Dpeters1977,https://twitter.com/i/web/status/1297391099825156098,RT @Sian_NP: @johno0910 @LRussellWolpe @ian_hickie @RosenbergSeb Yes and the Mental Health Nurse Incentive Program evaluated 5 times. Each…,,
evaluate,2020-08-23 14:18:14,johno0910,https://twitter.com/johno0910,https://twitter.com/i/web/status/1297387647170523141,RT @Sian_NP: @johno0910 @LRussellWolpe @ian_hickie @RosenbergSeb Yes and the Mental Health Nurse Incentive Program evaluated 5 times. Each…,,
partner,2020-08-19 12:30:00,sreeura,https://twitter.com/sreeura,https://twitter.com/i/web/status/1295910861639282688,RT @Danni2827: The mental health of Australians left without their partners with no end in sight. #AFairGoForLove   @ScottMorrisonMP @Peter…,AFairGoForLove,AFairGoForLove
partner,2020-08-19 14:15:47,sreeura,https://twitter.com/sreeura,https://twitter.com/i/web/status/1295937481330679810,"RT @JoelyTuray: Only those people that are seperated by their partners can understand the pain, the depression, the sadness and loneliness…",,
partner,2020-08-20 10:50:59,sreeura,https://twitter.com/sreeura,https://twitter.com/i/web/status/1296248330255622144,RT @nicola38381851: The mental health of Australians is important too &amp; not knowing when we will see our partners again is impacting our me…,,
partner,2020-08-21 22:35:38,sreeura,https://twitter.com/sreeura,https://twitter.com/i/web/status/1296788046189178881,RT @Nawal63389780: How about the mental health of people being split apart from their other half? #bringourpartnershome  #LoveIsNotTourisma…,bringourpartnershome,bringourpartnershome
partner,2020-08-19 18:20:05,hiba_akmal,https://twitter.com/hiba_akmal,https://twitter.com/i/web/status/1295998962160164864,"RT @JoelyTuray: Only those people that are seperated by their partners can understand the pain, the depression, the sadness and loneliness…",,
partner,2020-08-19 14:32:28,lovepre91961313,https://twitter.com/lovepre91961313,https://twitter.com/i/web/status/1295941680462348289,"RT @JoelyTuray: Only those people that are seperated by their partners can understand the pain, the depression, the sadness and loneliness…",,
partner,2020-08-20 11:57:35,lovepre91961313,https://twitter.com/lovepre91961313,https://twitter.com/i/web/status/1296265088425287680,RT @nicola38381851: The mental health of Australians is important too &amp; not knowing when we will see our partners again is impacting our me…,,
partner,2020-08-21 23:01:08,lovepre91961313,https://twitter.com/lovepre91961313,https://twitter.com/i/web/status/1296794466078978050,RT @Nawal63389780: How about the mental health of people being split apart from their other half? #bringourpartnershome  #LoveIsNotTourisma…,bringourpartnershome,bringourpartnershome
partner,2020-08-20 05:53:41,koukli86,https://twitter.com/koukli86,https://twitter.com/i/web/status/1296173510788866048,"RT @JoelyTuray: Only those people that are seperated by their partners can understand the pain, the depression, the sadness and loneliness…",,
partner,2020-08-20 11:41:02,wintertriangel,https://twitter.com/wintertriangel,https://twitter.com/i/web/status/1296260923477209090,"RT @JoelyTuray: Only those people that are seperated by their partners can understand the pain, the depression, the sadness and loneliness…",,
heartache,2020-08-21 11:44:03,autumn_daze00,https://twitter.com/autumn_daze00,https://twitter.com/i/web/status/1296624072931987456,RT @chefsami_la: 162 days without him. 162 days of tears and heartache. Anxiety and depression. Wonder. Hope. Fear. Uncertainty. Disbelief.…,,
heartache,2020-08-21 11:21:53,lovepre91961313,https://twitter.com/lovepre91961313,https://twitter.com/i/web/status/1296618494201434112,RT @chefsami_la: 162 days without him. 162 days of tears and heartache. Anxiety and depression. Wonder. Hope. Fear. Uncertainty. Disbelief.…,,
heartache,2020-08-21 17:55:42,lealovinglifea1,https://twitter.com/lealovinglifea1,https://twitter.com/i/web/status/1296717598822993920,RT @chefsami_la: 162 days without him. 162 days of tears and heartache. Anxiety and depression. Wonder. Hope. Fear. Uncertainty. Disbelief.…,,
heartache,2020-08-21 11:54:04,KSabaroedin,https://twitter.com/KSabaroedin,https://twitter.com/i/web/status/1296626590613254145,RT @chefsami_la: 162 days without him. 162 days of tears and heartache. Anxiety and depression. Wonder. Hope. Fear. Uncertainty. Disbelief.…,,
people,2020-08-22 21:13:00,NatInsurBrokers,https://twitter.com/NatInsurBrokers,https://twitter.com/i/web/status/1297129641933598725,🔷Mental Health is real 🔷Sucide rates are increasing  🔷Only action can help 🔷Stop talking 🔷Open the borders 🔷Our Aussie farmers rely on it @ScottMorrisonMP @GladysB @DanielAndrewsMP #farmersfirst #Mentalhealth #CommonSense #peoplefirst #AgTwitter @nswdpi @VicGovDHHS https://t.co/zc9u2tB6BL,AgTwitter,peoplefirst
people,2020-08-24 17:36:03,Friendcare61,https://twitter.com/Friendcare61,https://twitter.com/i/web/status/1297799819952447491,RT @AnxietyUK: As the country is starting to return to work it’s understandable that people may feel #anxious about this. Anxiety UK can pr…,anxious,anxious
people,2020-08-24 14:40:28,RNRos,https://twitter.com/RNRos,https://twitter.com/i/web/status/1297755630120235008,"RT @ian_hickie: A focus on the (mental and physical) health and welfare of young people, should be a central focus of the national response…",,
people,2020-08-19 14:15:47,sreeura,https://twitter.com/sreeura,https://twitter.com/i/web/status/1295937481330679810,"RT @JoelyTuray: Only those people that are seperated by their partners can understand the pain, the depression, the sadness and loneliness…",,
people,2020-08-20 00:15:12,sreeura,https://twitter.com/sreeura,https://twitter.com/i/web/status/1296088330250014721,RT @lealovinglifea1: @GregHuntMP People then won‘t suffer from COVID19 anymore but from its consequences - mental health issues due to the…,,
people,2020-08-21 22:35:38,sreeura,https://twitter.com/sreeura,https://twitter.com/i/web/status/1296788046189178881,RT @Nawal63389780: How about the mental health of people being split apart from their other half? #bringourpartnershome  #LoveIsNotTourisma…,bringourpartnershome,bringourpartnershome
people,2020-08-19 18:20:05,hiba_akmal,https://twitter.com/hiba_akmal,https://twitter.com/i/web/status/1295998962160164864,"RT @JoelyTuray: Only those people that are seperated by their partners can understand the pain, the depression, the sadness and loneliness…",,
people,2020-08-25 09:03:29,ingioz,https://twitter.com/ingioz,https://twitter.com/i/web/status/1298033213944688642,"RT @orygen_aus: FOCUS GROUP | As part of Orygen's project on inflammation in youth depression, we invite young people with lived experience…",,
people,2020-08-19 14:32:28,lovepre91961313,https://twitter.com/lovepre91961313,https://twitter.com/i/web/status/1295941680462348289,"RT @JoelyTuray: Only those people that are seperated by their partners can understand the pain, the depression, the sadness and loneliness…",,
people,2020-08-21 23:01:08,lovepre91961313,https://twitter.com/lovepre91961313,https://twitter.com/i/web/status/1296794466078978050,RT @Nawal63389780: How about the mental health of people being split apart from their other half? #bringourpartnershome  #LoveIsNotTourisma…,bringourpartnershome,bringourpartnershome
workforce,2020-08-24 08:49:01,RNRos,https://twitter.com/RNRos,https://twitter.com/i/web/status/1297667187809742849,RT @Sian_NP: @PatMcGorry How’s about allowing a very skilled workforce access to MBS? Gee now that would be amazing @GregHuntMP What you re…,,
workforce,2020-08-25 22:40:35,jasonmharrison2,https://twitter.com/jasonmharrison2,https://twitter.com/i/web/status/1298238845209567232,RT @Sian_NP: @PatMcGorry We could help expand the workforce tomorrow Pat if Cred mental health nurses and nurse practitioners were immediat…,,
workforce,2020-08-25 22:21:52,LornaMoxham,https://twitter.com/LornaMoxham,https://twitter.com/i/web/status/1298234135949930497,RT @Sian_NP: @PatMcGorry We could help expand the workforce tomorrow Pat if Cred mental health nurses and nurse practitioners were immediat…,,
workforce,2020-08-25 16:17:09,tuppsmiles,https://twitter.com/tuppsmiles,https://twitter.com/i/web/status/1298142352201007104,RT @Sian_NP: @PatMcGorry We could help expand the workforce tomorrow Pat if Cred mental health nurses and nurse practitioners were immediat…,,
workforce,2020-08-23 17:23:25,AccessAbleMH,https://twitter.com/AccessAbleMH,https://twitter.com/i/web/status/1297434251915231232,RT @Sian_NP: @PatMcGorry How’s about allowing a very skilled workforce access to MBS? Gee now that would be amazing @GregHuntMP What you re…,,
tear,2020-08-21 11:44:03,autumn_daze00,https://twitter.com/autumn_daze00,https://twitter.com/i/web/status/1296624072931987456,RT @chefsami_la: 162 days without him. 162 days of tears and heartache. Anxiety and depression. Wonder. Hope. Fear. Uncertainty. Disbelief.…,,
tear,2020-08-21 11:21:53,lovepre91961313,https://twitter.com/lovepre91961313,https://twitter.com/i/web/status/1296618494201434112,RT @chefsami_la: 162 days without him. 162 days of tears and heartache. Anxiety and depression. Wonder. Hope. Fear. Uncertainty. Disbelief.…,,
tear,2020-08-21 17:55:42,lealovinglifea1,https://twitter.com/lealovinglifea1,https://twitter.com/i/web/status/1296717598822993920,RT @chefsami_la: 162 days without him. 162 days of tears and heartache. Anxiety and depression. Wonder. Hope. Fear. Uncertainty. Disbelief.…,,
tear,2020-08-21 11:54:04,KSabaroedin,https://twitter.com/KSabaroedin,https://twitter.com/i/web/status/1296626590613254145,RT @chefsami_la: 162 days without him. 162 days of tears and heartache. Anxiety and depression. Wonder. Hope. Fear. Uncertainty. Disbelief.…,,
anxiety,2020-08-19 10:01:59,IPCHealth_au,https://twitter.com/IPCHealth_au,https://twitter.com/i/web/status/1295873610498752513,RT @Child_Adversity: Struggling to talk to your young ones about #masks for #coronavirus? Noticing #anxiety and fear? @RCN_AUS has develope…,anxiety,masks
anxiety,2020-08-21 11:44:03,autumn_daze00,https://twitter.com/autumn_daze00,https://twitter.com/i/web/status/1296624072931987456,RT @chefsami_la: 162 days without him. 162 days of tears and heartache. Anxiety and depression. Wonder. Hope. Fear. Uncertainty. Disbelief.…,,
anxiety,2020-08-21 01:27:29,ASPForg,https://twitter.com/ASPForg,https://twitter.com/i/web/status/1296468906392133634,"“If you’re looking for a sign not to kill yourself, this is it.” – Unknown #suicideprevention #anxiety #ASPF #SaveALife #quoteoftheday",anxiety,suicideprevention
anxiety,2020-08-21 18:03:36,PatMcGorry,https://twitter.com/PatMcGorry,https://twitter.com/i/web/status/1296719586675445760,RT @RANZCP: Times of heightened stress and anxiety can exacerbate existing mental health issues. If you’re worried about yourself or someon…,,
anxiety,2020-08-24 17:36:03,Friendcare61,https://twitter.com/Friendcare61,https://twitter.com/i/web/status/1297799819952447491,RT @AnxietyUK: As the country is starting to return to work it’s understandable that people may feel #anxious about this. Anxiety UK can pr…,anxious,anxious
anxiety,2020-08-19 22:35:01,Judetomyfriends,https://twitter.com/Judetomyfriends,https://twitter.com/i/web/status/1296063117789556736,"@SZKeene @lachlanmccall @Asher_Wolf @friendlyjordies @AusUnemployment Hey Suzanne, ditto here re: female/age, low serotonin(+major depression, anxiety disorder, ptsd &amp; fm ), on Newstart for years b4 granted DSP and I can promise you Jordan is NOT criticising unwitting 'members' of AUWU. He is exposing the exec's/hierachy only.",,
anxiety,2020-08-19 17:15:40,Dpeters1977,https://twitter.com/Dpeters1977,https://twitter.com/i/web/status/1295982752173453313,RT @PWDAustralia: Mr Chan is worried because his mother is at high risk of COVID due to her age. He has had high levels of anxiety and trou…,,
anxiety,2020-08-22 17:59:32,SophieSocialist,https://twitter.com/SophieSocialist,https://twitter.com/i/web/status/1297080953404157953,"@Russputin2 @JMcK2018 @_Ultra_Mar @vogrady2132 @albericie @australian You are right on. Anxiety is so personal. You can come through some hyper-aware times then feel somewhat normal. However, Covid19 has brought back to the surface heightened wakefulness. PTSD is just under the surface Regards to all who feel #anxiety Fed Govt does not reassure",anxiety,anxiety
anxiety,2020-08-19 20:20:47,LindaSoars,https://twitter.com/LindaSoars,https://twitter.com/i/web/status/1296029334361141254,"RT @nessmcd: Asthma phenotypes based on extra pulm #treatabletraits.  The impact of phys. inactivity, obesity and anxiety/depression in sev…",treatabletraits,treatabletraits
anxiety,2020-08-20 21:25:35,sreeura,https://twitter.com/sreeura,https://twitter.com/i/web/status/1296408032428068867,"RT @JoelyTuray: We might have depression, anxiety and be so lonely but these things make us stronger. @ScottMorrisonMP  #grantoffshorepartn…",,
essential,2020-08-24 09:03:46,figstuff,https://twitter.com/figstuff,https://twitter.com/i/web/status/1297670900288909313,Masked show essential? Buying a yatch in Greece essential? Feeding cattle over NSWBorder ESSENTIAL  Doctors Nurses Carers ESSENTIAL  Trucks carrying food stock ESSENTIAL  Football  essential @ScottMorrisonMP Pay rise essential?  Compassion Empathy Love Mental health ESSENTIAL YES https://t.co/62K0xqcwPt,,
essential,2020-08-25 16:16:18,afairgoforlove,https://twitter.com/afairgoforlove,https://twitter.com/i/web/status/1298142137876221953,@AlanTudgeMP @3AWNeilMitchell #LoveIsNotTourism #LoveIsEssential #afairgoforlove Can we look at the depression and suicide rates for being kept from our partners for an indefinite amount of time? 💔 https://t.co/Pc3yTctL56,afairgoforlove,LoveIsNotTourism
lonely,2020-08-20 21:25:35,sreeura,https://twitter.com/sreeura,https://twitter.com/i/web/status/1296408032428068867,"RT @JoelyTuray: We might have depression, anxiety and be so lonely but these things make us stronger. @ScottMorrisonMP  #grantoffshorepartn…",,
lonely,2020-08-20 21:53:45,lovepre91961313,https://twitter.com/lovepre91961313,https://twitter.com/i/web/status/1296415119732350977,"RT @JoelyTuray: We might have depression, anxiety and be so lonely but these things make us stronger. @ScottMorrisonMP  #grantoffshorepartn…",,
lonely,2020-08-21 05:27:15,lealovinglifea1,https://twitter.com/lealovinglifea1,https://twitter.com/i/web/status/1296529245251010560,"RT @JoelyTuray: We might have depression, anxiety and be so lonely but these things make us stronger. @ScottMorrisonMP  #grantoffshorepartn…",,
lonely,2020-08-20 23:27:28,PujaBhansali3,https://twitter.com/PujaBhansali3,https://twitter.com/i/web/status/1296438702621765639,"RT @JoelyTuray: We might have depression, anxiety and be so lonely but these things make us stronger. @ScottMorrisonMP  #grantoffshorepartn…",,
lonely,2020-08-20 17:34:50,Songheart,https://twitter.com/Songheart,https://twitter.com/i/web/status/1296349961857073153,@ArachneLatro @AnnastaciaMP Yes many elderly like my infirm mother are sad and lonely. But as long as Annastacia gives football coaches and trucking billionaires exemptions why shouldn't people with genuine reasons get them.,,
lonely,2020-08-20 22:29:22,AilsaRayner,https://twitter.com/AilsaRayner,https://twitter.com/i/web/status/1296424084620881921,"RT @FaceyJoanne: Recovery journeys can be tough and lonely filled with self doubt, shame and stigma. It doesn't have to be that way. I know…",,
lonely,2020-08-24 17:03:45,fullrootme,https://twitter.com/fullrootme,https://twitter.com/i/web/status/1297791688790773760,"Just for those of you who are not from Melbourne, Australia.  This is real life.  We have the strictest lockdown in the world &amp; it’s really taking a toll on a lot of people’s mental health. Including mine. I’m usually a fun person lifting spiritus. Ive never felt down &amp; lonely. https://t.co/dYSCgmQxuS",,
lonely,2020-08-23 10:23:20,drtanakadune,https://twitter.com/drtanakadune,https://twitter.com/i/web/status/1297328536609386498,@otrowers_md @mflorianmd @YSL_MD @RenaMalikMD @DavidBassilyDO @angiesmith_uro @rachelsrubin1 @JenAngerMD @NityaAbraham @glemack @KKseattle @MeenaDavuluri @mariannaalperin @MarianAcevedoMD @CTanrikutMD @shene11e @jfitzgeraldMD @MeadowGood @aloyoga @onepeloton @_sarahesteele @gsy_md @DrSCohen @kmenhaji_md @GoodmanZJeremy @CassandraKisby @qinpanzee @globalgyno @jalexmd_910 @NellyWeledji 1. Tanaka Dune - Zimbabwean-Canadian-US green card holder - who lives in Australia 🇦🇺 - I love travel 🧳 fashion and a good wine - let’s not forget sunbathing  2. I’m in stage 4 lockdown - it’s lonely 3. @DrTMDune @WitkosRobinson @AfricanWomenAu @teni_brown,,
central,2020-08-24 14:40:28,RNRos,https://twitter.com/RNRos,https://twitter.com/i/web/status/1297755630120235008,"RT @ian_hickie: A focus on the (mental and physical) health and welfare of young people, should be a central focus of the national response…",,
central,2020-08-24 15:02:55,AlanJMitchell_,https://twitter.com/AlanJMitchell_,https://twitter.com/i/web/status/1297761282171367424,"RT @ian_hickie: A focus on the (mental and physical) health and welfare of young people, should be a central focus of the national response…",,
central,2020-08-24 14:49:06,gdtoogood,https://twitter.com/gdtoogood,https://twitter.com/i/web/status/1297757804397133824,"RT @ian_hickie: A focus on the (mental and physical) health and welfare of young people, should be a central focus of the national response…",,
central,2020-08-24 15:18:30,amcl2004,https://twitter.com/amcl2004,https://twitter.com/i/web/status/1297765205464608768,"RT @ian_hickie: A focus on the (mental and physical) health and welfare of young people, should be a central focus of the national response…",,
central,2020-08-24 10:29:09,ian_hickie,https://twitter.com/ian_hickie,https://twitter.com/i/web/status/1297692384638038018,"A focus on the (mental and physical) health and welfare of young people, should be a central focus of the national response to COVID19; Many of the potential adverse outcomes (including suicide) are preventable with the right choices now! @GregHuntMP @PatMcGorry @PatsKarvelas https://t.co/qZ2UTKvQd8",,
central,2020-08-24 10:30:17,AllergyWhispers,https://twitter.com/AllergyWhispers,https://twitter.com/i/web/status/1297692670576345088,"RT @ian_hickie: A focus on the (mental and physical) health and welfare of young people, should be a central focus of the national response…",,
central,2020-08-24 11:34:13,MJA_Editor,https://twitter.com/MJA_Editor,https://twitter.com/i/web/status/1297708760425627649,"RT @ian_hickie: A focus on the (mental and physical) health and welfare of young people, should be a central focus of the national response…",,
central,2020-08-24 14:59:26,pauline_mh1,https://twitter.com/pauline_mh1,https://twitter.com/i/web/status/1297760404693688321,"RT @ian_hickie: A focus on the (mental and physical) health and welfare of young people, should be a central focus of the national response…",,
central,2020-08-24 11:40:32,LMStrategy,https://twitter.com/LMStrategy,https://twitter.com/i/web/status/1297710350234656769,"RT @ian_hickie: A focus on the (mental and physical) health and welfare of young people, should be a central focus of the national response…",,
program,2020-08-24 08:58:30,RNRos,https://twitter.com/RNRos,https://twitter.com/i/web/status/1297669571902451712,RT @Sian_NP: @johno0910 @LRussellWolpe @ian_hickie @RosenbergSeb Yes and the Mental Health Nurse Incentive Program evaluated 5 times. Each…,,
program,2020-08-23 13:46:02,Mickholloways,https://twitter.com/Mickholloways,https://twitter.com/i/web/status/1297379547055194113,RT @Sian_NP: @johno0910 @LRussellWolpe @ian_hickie @RosenbergSeb Yes and the Mental Health Nurse Incentive Program evaluated 5 times. Each…,,
program,2020-08-25 08:20:48,suevmurray,https://twitter.com/suevmurray,https://twitter.com/i/web/status/1298022471832985600,RT @Sian_NP: @johno0910 @LRussellWolpe @ian_hickie @RosenbergSeb Yes and the Mental Health Nurse Incentive Program evaluated 5 times. Each…,,
program,2020-08-24 09:01:31,LRussellWolpe,https://twitter.com/LRussellWolpe,https://twitter.com/i/web/status/1297670332195540994,RT @Sian_NP: @johno0910 @LRussellWolpe @ian_hickie @RosenbergSeb Yes and the Mental Health Nurse Incentive Program evaluated 5 times. Each…,,
program,2020-08-23 15:48:09,tuppsmiles,https://twitter.com/tuppsmiles,https://twitter.com/i/web/status/1297410279081312256,RT @Sian_NP: @johno0910 @LRussellWolpe @ian_hickie @RosenbergSeb Yes and the Mental Health Nurse Incentive Program evaluated 5 times. Each…,,
program,2020-08-23 13:52:32,nearlynana,https://twitter.com/nearlynana,https://twitter.com/i/web/status/1297381181646753796,RT @Sian_NP: @johno0910 @LRussellWolpe @ian_hickie @RosenbergSeb Yes and the Mental Health Nurse Incentive Program evaluated 5 times. Each…,,
program,2020-08-23 14:31:57,Dpeters1977,https://twitter.com/Dpeters1977,https://twitter.com/i/web/status/1297391099825156098,RT @Sian_NP: @johno0910 @LRussellWolpe @ian_hickie @RosenbergSeb Yes and the Mental Health Nurse Incentive Program evaluated 5 times. Each…,,
program,2020-08-23 14:18:14,johno0910,https://twitter.com/johno0910,https://twitter.com/i/web/status/1297387647170523141,RT @Sian_NP: @johno0910 @LRussellWolpe @ian_hickie @RosenbergSeb Yes and the Mental Health Nurse Incentive Program evaluated 5 times. Each…,,
physical,2020-08-24 14:40:28,RNRos,https://twitter.com/RNRos,https://twitter.com/i/web/status/1297755630120235008,"RT @ian_hickie: A focus on the (mental and physical) health and welfare of young people, should be a central focus of the national response…",,
physical,2020-08-22 16:19:07,sreeura,https://twitter.com/sreeura,https://twitter.com/i/web/status/1297055683653730305,RT @coach_marcela: Public health is not just about physical health... What about the mental health? 💔   @ScottMorrisonMP @ausgov @dfat @DFA…,,
physical,2020-08-22 20:34:04,lovepre91961313,https://twitter.com/lovepre91961313,https://twitter.com/i/web/status/1297119841686454273,RT @coach_marcela: Public health is not just about physical health... What about the mental health? 💔   @ScottMorrisonMP @ausgov @dfat @DFA…,,
physical,2020-08-24 15:02:55,AlanJMitchell_,https://twitter.com/AlanJMitchell_,https://twitter.com/i/web/status/1297761282171367424,"RT @ian_hickie: A focus on the (mental and physical) health and welfare of young people, should be a central focus of the national response…",,
physical,2020-08-24 14:49:06,gdtoogood,https://twitter.com/gdtoogood,https://twitter.com/i/web/status/1297757804397133824,"RT @ian_hickie: A focus on the (mental and physical) health and welfare of young people, should be a central focus of the national response…",,
physical,2020-08-24 15:18:30,amcl2004,https://twitter.com/amcl2004,https://twitter.com/i/web/status/1297765205464608768,"RT @ian_hickie: A focus on the (mental and physical) health and welfare of young people, should be a central focus of the national response…",,
physical,2020-08-20 21:12:30,ProfCCollins,https://twitter.com/ProfCCollins,https://twitter.com/i/web/status/1296404741086486528,RT @thefitdietitian: Psychologists are just one part of the mental and physical health care team. How about broadening the support so we ca…,,
physical,2020-08-24 10:29:09,ian_hickie,https://twitter.com/ian_hickie,https://twitter.com/i/web/status/1297692384638038018,"A focus on the (mental and physical) health and welfare of young people, should be a central focus of the national response to COVID19; Many of the potential adverse outcomes (including suicide) are preventable with the right choices now! @GregHuntMP @PatMcGorry @PatsKarvelas https://t.co/qZ2UTKvQd8",,
physical,2020-08-24 10:30:17,AllergyWhispers,https://twitter.com/AllergyWhispers,https://twitter.com/i/web/status/1297692670576345088,"RT @ian_hickie: A focus on the (mental and physical) health and welfare of young people, should be a central focus of the national response…",,
physical,2020-08-24 11:34:13,MJA_Editor,https://twitter.com/MJA_Editor,https://twitter.com/i/web/status/1297708760425627649,"RT @ian_hickie: A focus on the (mental and physical) health and welfare of young people, should be a central focus of the national response…",,
without,2020-08-21 11:44:03,autumn_daze00,https://twitter.com/autumn_daze00,https://twitter.com/i/web/status/1296624072931987456,RT @chefsami_la: 162 days without him. 162 days of tears and heartache. Anxiety and depression. Wonder. Hope. Fear. Uncertainty. Disbelief.…,,
without,2020-08-19 12:30:00,sreeura,https://twitter.com/sreeura,https://twitter.com/i/web/status/1295910861639282688,RT @Danni2827: The mental health of Australians left without their partners with no end in sight. #AFairGoForLove   @ScottMorrisonMP @Peter…,AFairGoForLove,AFairGoForLove
without,2020-08-21 11:21:53,lovepre91961313,https://twitter.com/lovepre91961313,https://twitter.com/i/web/status/1296618494201434112,RT @chefsami_la: 162 days without him. 162 days of tears and heartache. Anxiety and depression. Wonder. Hope. Fear. Uncertainty. Disbelief.…,,
without,2020-08-23 08:32:39,hbowly,https://twitter.com/hbowly,https://twitter.com/i/web/status/1297300681804492800,RT @keith04282922: @SeismicPirate @Vapingit @RushmoreExt23 #vapingsaveslives without side effects like suicide or depression. #WeVapeWeVote…,vapingsaveslives,WeVapeWeVote
without,2020-08-21 17:55:42,lealovinglifea1,https://twitter.com/lealovinglifea1,https://twitter.com/i/web/status/1296717598822993920,RT @chefsami_la: 162 days without him. 162 days of tears and heartache. Anxiety and depression. Wonder. Hope. Fear. Uncertainty. Disbelief.…,,
without,2020-08-21 11:54:04,KSabaroedin,https://twitter.com/KSabaroedin,https://twitter.com/i/web/status/1296626590613254145,RT @chefsami_la: 162 days without him. 162 days of tears and heartache. Anxiety and depression. Wonder. Hope. Fear. Uncertainty. Disbelief.…,,
without,2020-08-24 13:47:23,LifeCo34475951,https://twitter.com/LifeCo34475951,https://twitter.com/i/web/status/1297742274579910659,RT @CarySimonds9: MELBOURNE (Australia) - 2nd FULL LOCKDOWN without no end. America Could Be Next! https://t.co/0z0kxalFed,,
without,2020-08-24 15:30:31,Ozzietruther,https://twitter.com/Ozzietruther,https://twitter.com/i/web/status/1297768229419417600,RT @CarySimonds9: MELBOURNE (Australia) - 2nd FULL LOCKDOWN without no end. America Could Be Next! https://t.co/0z0kxalFed,,
without,2020-08-24 11:31:37,pekeaboonana,https://twitter.com/pekeaboonana,https://twitter.com/i/web/status/1297708107913519105,RT @CarySimonds9: MELBOURNE (Australia) - 2nd FULL LOCKDOWN without no end. America Could Be Next! https://t.co/0z0kxalFed,,
focus,2020-08-24 14:40:28,RNRos,https://twitter.com/RNRos,https://twitter.com/i/web/status/1297755630120235008,"RT @ian_hickie: A focus on the (mental and physical) health and welfare of young people, should be a central focus of the national response…",,
focus,2020-08-25 09:03:29,ingioz,https://twitter.com/ingioz,https://twitter.com/i/web/status/1298033213944688642,"RT @orygen_aus: FOCUS GROUP | As part of Orygen's project on inflammation in youth depression, we invite young people with lived experience…",,
focus,2020-08-24 15:02:55,AlanJMitchell_,https://twitter.com/AlanJMitchell_,https://twitter.com/i/web/status/1297761282171367424,"RT @ian_hickie: A focus on the (mental and physical) health and welfare of young people, should be a central focus of the national response…",,
focus,2020-08-24 14:49:06,gdtoogood,https://twitter.com/gdtoogood,https://twitter.com/i/web/status/1297757804397133824,"RT @ian_hickie: A focus on the (mental and physical) health and welfare of young people, should be a central focus of the national response…",,
focus,2020-08-24 15:18:30,amcl2004,https://twitter.com/amcl2004,https://twitter.com/i/web/status/1297765205464608768,"RT @ian_hickie: A focus on the (mental and physical) health and welfare of young people, should be a central focus of the national response…",,
focus,2020-08-24 10:29:09,ian_hickie,https://twitter.com/ian_hickie,https://twitter.com/i/web/status/1297692384638038018,"A focus on the (mental and physical) health and welfare of young people, should be a central focus of the national response to COVID19; Many of the potential adverse outcomes (including suicide) are preventable with the right choices now! @GregHuntMP @PatMcGorry @PatsKarvelas https://t.co/qZ2UTKvQd8",,
focus,2020-08-24 10:30:17,AllergyWhispers,https://twitter.com/AllergyWhispers,https://twitter.com/i/web/status/1297692670576345088,"RT @ian_hickie: A focus on the (mental and physical) health and welfare of young people, should be a central focus of the national response…",,
focus,2020-08-24 15:00:01,PatMcGorry,https://twitter.com/PatMcGorry,https://twitter.com/i/web/status/1297760550315675648,"RT @orygen_aus: FOCUS GROUP | As part of Orygen's project on inflammation in youth depression, we invite young people with lived experience…",,
focus,2020-08-24 11:34:13,MJA_Editor,https://twitter.com/MJA_Editor,https://twitter.com/i/web/status/1297708760425627649,"RT @ian_hickie: A focus on the (mental and physical) health and welfare of young people, should be a central focus of the national response…",,
focus,2020-08-24 14:59:26,pauline_mh1,https://twitter.com/pauline_mh1,https://twitter.com/i/web/status/1297760404693688321,"RT @ian_hickie: A focus on the (mental and physical) health and welfare of young people, should be a central focus of the national response…",,
tough,2020-08-20 00:34:53,EmbajadaEcuAUS,https://twitter.com/EmbajadaEcuAUS,https://twitter.com/i/web/status/1296093284775759872,RT @healthgovau: The impacts of coronavirus are tough and can impact our mental health. We need to make sure we look after ourselves and se…,,
tough,2020-08-20 06:58:07,EmbajadaEcuAUS,https://twitter.com/EmbajadaEcuAUS,https://twitter.com/i/web/status/1296189725804380161,RT @healthgovau: The impacts of coronavirus are tough and can impact our mental health. We need to make sure we look after ourselves and se…,,
tough,2020-08-25 13:43:51,_PHAA_,https://twitter.com/_PHAA_,https://twitter.com/i/web/status/1298103770748878848,RT @healthgovau: The impacts of coronavirus are tough and can impact our mental health. We need to make sure we look after ourselves and se…,,
tough,2020-08-21 13:10:37,Delphicana,https://twitter.com/Delphicana,https://twitter.com/i/web/status/1296645858209878016,RT @healthgovau: The impacts of coronavirus are tough and can impact our mental health. We need to make sure we look after ourselves and se…,,
tough,2020-08-24 04:10:24,4c7f21ac5bb74b0,https://twitter.com/4c7f21ac5bb74b0,https://twitter.com/i/web/status/1297597072678379521,RT @healthgovau: The impacts of coronavirus are tough and can impact our mental health. We need to make sure we look after ourselves and se…,,
tough,2020-08-25 22:35:15,sir_alex52,https://twitter.com/sir_alex52,https://twitter.com/i/web/status/1298237504223473664,RT @healthgovau: The impacts of coronavirus are tough and can impact our mental health. We need to make sure we look after ourselves and se…,,
tough,2020-08-20 07:40:55,kweku76,https://twitter.com/kweku76,https://twitter.com/i/web/status/1296200496764469248,RT @healthgovau: The impacts of coronavirus are tough and can impact our mental health. We need to make sure we look after ourselves and se…,,
tough,2020-08-20 22:29:22,AilsaRayner,https://twitter.com/AilsaRayner,https://twitter.com/i/web/status/1296424084620881921,"RT @FaceyJoanne: Recovery journeys can be tough and lonely filled with self doubt, shame and stigma. It doesn't have to be that way. I know…",,
tough,2020-08-25 08:24:42,ianfmusgrave,https://twitter.com/ianfmusgrave,https://twitter.com/i/web/status/1298023456706093057,RT @healthgovau: The impacts of coronavirus are tough and can impact our mental health. We need to make sure we look after ourselves and se…,,
tough,2020-08-19 08:04:03,captcorbo,https://twitter.com/captcorbo,https://twitter.com/i/web/status/1295843929808449537,RT @healthgovau: The impacts of coronavirus are tough and can impact our mental health. We need to make sure we look after ourselves and se…,,
uncertainty,2020-08-21 11:44:03,autumn_daze00,https://twitter.com/autumn_daze00,https://twitter.com/i/web/status/1296624072931987456,RT @chefsami_la: 162 days without him. 162 days of tears and heartache. Anxiety and depression. Wonder. Hope. Fear. Uncertainty. Disbelief.…,,
uncertainty,2020-08-21 11:21:53,lovepre91961313,https://twitter.com/lovepre91961313,https://twitter.com/i/web/status/1296618494201434112,RT @chefsami_la: 162 days without him. 162 days of tears and heartache. Anxiety and depression. Wonder. Hope. Fear. Uncertainty. Disbelief.…,,
uncertainty,2020-08-21 17:55:42,lealovinglifea1,https://twitter.com/lealovinglifea1,https://twitter.com/i/web/status/1296717598822993920,RT @chefsami_la: 162 days without him. 162 days of tears and heartache. Anxiety and depression. Wonder. Hope. Fear. Uncertainty. Disbelief.…,,
uncertainty,2020-08-21 11:54:04,KSabaroedin,https://twitter.com/KSabaroedin,https://twitter.com/i/web/status/1296626590613254145,RT @chefsami_la: 162 days without him. 162 days of tears and heartache. Anxiety and depression. Wonder. Hope. Fear. Uncertainty. Disbelief.…,,
melbourne,2020-08-20 21:05:56,Johnm32211721,https://twitter.com/Johnm32211721,https://twitter.com/i/web/status/1296403086597132289,"@NuffNuf24803005 @SitoulaYunesh @ScottMorrisonMP Regarding Melbourne’s stage 4 lockdown  1. Keep masks mandatory until a vaccine becomes available. 2. Reopen gyms for mental health, but must follow strict measuree. 3. All vulnerable to stay in lockdown but be supported. 4. Re open Melbourne. Keep restaurants takeaway. No clubs.",,
melbourne,2020-08-24 13:47:23,LifeCo34475951,https://twitter.com/LifeCo34475951,https://twitter.com/i/web/status/1297742274579910659,RT @CarySimonds9: MELBOURNE (Australia) - 2nd FULL LOCKDOWN without no end. America Could Be Next! https://t.co/0z0kxalFed,,
melbourne,2020-08-24 17:03:45,fullrootme,https://twitter.com/fullrootme,https://twitter.com/i/web/status/1297791688790773760,"Just for those of you who are not from Melbourne, Australia.  This is real life.  We have the strictest lockdown in the world &amp; it’s really taking a toll on a lot of people’s mental health. Including mine. I’m usually a fun person lifting spiritus. Ive never felt down &amp; lonely. https://t.co/dYSCgmQxuS",,
melbourne,2020-08-24 15:30:31,Ozzietruther,https://twitter.com/Ozzietruther,https://twitter.com/i/web/status/1297768229419417600,RT @CarySimonds9: MELBOURNE (Australia) - 2nd FULL LOCKDOWN without no end. America Could Be Next! https://t.co/0z0kxalFed,,
melbourne,2020-08-24 11:31:37,pekeaboonana,https://twitter.com/pekeaboonana,https://twitter.com/i/web/status/1297708107913519105,RT @CarySimonds9: MELBOURNE (Australia) - 2nd FULL LOCKDOWN without no end. America Could Be Next! https://t.co/0z0kxalFed,,
coronavirus,2020-08-19 10:01:59,IPCHealth_au,https://twitter.com/IPCHealth_au,https://twitter.com/i/web/status/1295873610498752513,RT @Child_Adversity: Struggling to talk to your young ones about #masks for #coronavirus? Noticing #anxiety and fear? @RCN_AUS has develope…,anxiety,masks
coronavirus,2020-08-20 00:34:53,EmbajadaEcuAUS,https://twitter.com/EmbajadaEcuAUS,https://twitter.com/i/web/status/1296093284775759872,RT @healthgovau: The impacts of coronavirus are tough and can impact our mental health. We need to make sure we look after ourselves and se…,,
coronavirus,2020-08-20 06:58:07,EmbajadaEcuAUS,https://twitter.com/EmbajadaEcuAUS,https://twitter.com/i/web/status/1296189725804380161,RT @healthgovau: The impacts of coronavirus are tough and can impact our mental health. We need to make sure we look after ourselves and se…,,
coronavirus,2020-08-25 13:43:51,_PHAA_,https://twitter.com/_PHAA_,https://twitter.com/i/web/status/1298103770748878848,RT @healthgovau: The impacts of coronavirus are tough and can impact our mental health. We need to make sure we look after ourselves and se…,,
coronavirus,2020-08-21 13:10:37,Delphicana,https://twitter.com/Delphicana,https://twitter.com/i/web/status/1296645858209878016,RT @healthgovau: The impacts of coronavirus are tough and can impact our mental health. We need to make sure we look after ourselves and se…,,
coronavirus,2020-08-24 04:10:24,4c7f21ac5bb74b0,https://twitter.com/4c7f21ac5bb74b0,https://twitter.com/i/web/status/1297597072678379521,RT @healthgovau: The impacts of coronavirus are tough and can impact our mental health. We need to make sure we look after ourselves and se…,,
coronavirus,2020-08-25 22:35:15,sir_alex52,https://twitter.com/sir_alex52,https://twitter.com/i/web/status/1298237504223473664,RT @healthgovau: The impacts of coronavirus are tough and can impact our mental health. We need to make sure we look after ourselves and se…,,
coronavirus,2020-08-20 07:40:55,kweku76,https://twitter.com/kweku76,https://twitter.com/i/web/status/1296200496764469248,RT @healthgovau: The impacts of coronavirus are tough and can impact our mental health. We need to make sure we look after ourselves and se…,,
coronavirus,2020-08-25 08:24:42,ianfmusgrave,https://twitter.com/ianfmusgrave,https://twitter.com/i/web/status/1298023456706093057,RT @healthgovau: The impacts of coronavirus are tough and can impact our mental health. We need to make sure we look after ourselves and se…,,
coronavirus,2020-08-19 08:04:03,captcorbo,https://twitter.com/captcorbo,https://twitter.com/i/web/status/1295843929808449537,RT @healthgovau: The impacts of coronavirus are tough and can impact our mental health. We need to make sure we look after ourselves and se…,,
thing,2020-08-20 21:25:35,sreeura,https://twitter.com/sreeura,https://twitter.com/i/web/status/1296408032428068867,"RT @JoelyTuray: We might have depression, anxiety and be so lonely but these things make us stronger. @ScottMorrisonMP  #grantoffshorepartn…",,
thing,2020-08-24 09:31:28,ARNA_Tweets,https://twitter.com/ARNA_Tweets,https://twitter.com/i/web/status/1297677870979059715,"RT @healthgovau: When we can’t see our friends &amp; family regularly, it can be hard to keep on top of things. It's normal to feel anxious, ov…",,
thing,2020-08-20 21:53:45,lovepre91961313,https://twitter.com/lovepre91961313,https://twitter.com/i/web/status/1296415119732350977,"RT @JoelyTuray: We might have depression, anxiety and be so lonely but these things make us stronger. @ScottMorrisonMP  #grantoffshorepartn…",,
thing,2020-08-21 05:27:15,lealovinglifea1,https://twitter.com/lealovinglifea1,https://twitter.com/i/web/status/1296529245251010560,"RT @JoelyTuray: We might have depression, anxiety and be so lonely but these things make us stronger. @ScottMorrisonMP  #grantoffshorepartn…",,
thing,2020-08-20 23:27:28,PujaBhansali3,https://twitter.com/PujaBhansali3,https://twitter.com/i/web/status/1296438702621765639,"RT @JoelyTuray: We might have depression, anxiety and be so lonely but these things make us stronger. @ScottMorrisonMP  #grantoffshorepartn…",,
thing,2020-08-25 21:25:26,KathyJandM1,https://twitter.com/KathyJandM1,https://twitter.com/i/web/status/1298219932602077184,"RT @searchfeast: @DamoPelham It's a funny thing isn't it? it's almost as if they like the lockdown, unemployment, depression, suicides, los…",,
thing,2020-08-24 20:06:26,ozvascdoc,https://twitter.com/ozvascdoc,https://twitter.com/i/web/status/1297837666017267713,"RT @healthgovau: When we can’t see our friends &amp; family regularly, it can be hard to keep on top of things. It's normal to feel anxious, ov…",,
thing,2020-08-24 14:26:17,AusEmbAfg,https://twitter.com/AusEmbAfg,https://twitter.com/i/web/status/1297752061740802049,"RT @healthgovau: When we can’t see our friends &amp; family regularly, it can be hard to keep on top of things. It's normal to feel anxious, ov…",,
thing,2020-08-25 17:22:18,NRHAlliance,https://twitter.com/NRHAlliance,https://twitter.com/i/web/status/1298158747009744898,"RT @healthgovau: When we can’t see our friends &amp; family regularly, it can be hard to keep on top of things. It's normal to feel anxious, ov…",,
thing,2020-08-25 16:54:25,IAHA_National,https://twitter.com/IAHA_National,https://twitter.com/i/web/status/1298151730685739008,"RT @healthgovau: When we can’t see our friends &amp; family regularly, it can be hard to keep on top of things. It's normal to feel anxious, ov…",,
lockdown,2020-08-25 18:10:31,VerschurenFred,https://twitter.com/VerschurenFred,https://twitter.com/i/web/status/1298170881382858754,Around 300 people in the first lockdown committed suicide in the first week in Vic alone.😥🌹 Mental health issues related to lock down and the pandemic are especially hard for people with depression. The charity MIND has a 24-hour helpline: 1300 554 660 By David Green - Facebook,,
lockdown,2020-08-20 21:05:56,Johnm32211721,https://twitter.com/Johnm32211721,https://twitter.com/i/web/status/1296403086597132289,"@NuffNuf24803005 @SitoulaYunesh @ScottMorrisonMP Regarding Melbourne’s stage 4 lockdown  1. Keep masks mandatory until a vaccine becomes available. 2. Reopen gyms for mental health, but must follow strict measuree. 3. All vulnerable to stay in lockdown but be supported. 4. Re open Melbourne. Keep restaurants takeaway. No clubs.",,
lockdown,2020-08-25 21:25:26,KathyJandM1,https://twitter.com/KathyJandM1,https://twitter.com/i/web/status/1298219932602077184,"RT @searchfeast: @DamoPelham It's a funny thing isn't it? it's almost as if they like the lockdown, unemployment, depression, suicides, los…",,
lockdown,2020-08-21 10:13:39,peggymel2001,https://twitter.com/peggymel2001,https://twitter.com/i/web/status/1296601321445797888,"RT @ian_hickie: As 'lockdown fatigue' sets in, the toll on mental health will require an urgent response ⁦@GregHuntMP⁩ ⁦@PatMcGorry⁩ ⁦@Pats…",,
lockdown,2020-08-21 17:47:57,chitombo,https://twitter.com/chitombo,https://twitter.com/i/web/status/1296715651290030080,"@newbury3186 @DanielAndrewsMP If you’re concerned about mental health, call on @ScottMorrisonMP to provide extra Mental Health support to Victorians in Lockdown. Business Owners under pressure? Call on @JoshFrydenberg and @LiberalAus to extend #full #JobKeeper + #JobSeeker to all, plus Unis and Councils.",full,JobSeeker
lockdown,2020-08-24 13:47:23,LifeCo34475951,https://twitter.com/LifeCo34475951,https://twitter.com/i/web/status/1297742274579910659,RT @CarySimonds9: MELBOURNE (Australia) - 2nd FULL LOCKDOWN without no end. America Could Be Next! https://t.co/0z0kxalFed,,
lockdown,2020-08-24 17:03:45,fullrootme,https://twitter.com/fullrootme,https://twitter.com/i/web/status/1297791688790773760,"Just for those of you who are not from Melbourne, Australia.  This is real life.  We have the strictest lockdown in the world &amp; it’s really taking a toll on a lot of people’s mental health. Including mine. I’m usually a fun person lifting spiritus. Ive never felt down &amp; lonely. https://t.co/dYSCgmQxuS",,
lockdown,2020-08-24 15:30:31,Ozzietruther,https://twitter.com/Ozzietruther,https://twitter.com/i/web/status/1297768229419417600,RT @CarySimonds9: MELBOURNE (Australia) - 2nd FULL LOCKDOWN without no end. America Could Be Next! https://t.co/0z0kxalFed,,
lockdown,2020-08-23 10:23:20,drtanakadune,https://twitter.com/drtanakadune,https://twitter.com/i/web/status/1297328536609386498,@otrowers_md @mflorianmd @YSL_MD @RenaMalikMD @DavidBassilyDO @angiesmith_uro @rachelsrubin1 @JenAngerMD @NityaAbraham @glemack @KKseattle @MeenaDavuluri @mariannaalperin @MarianAcevedoMD @CTanrikutMD @shene11e @jfitzgeraldMD @MeadowGood @aloyoga @onepeloton @_sarahesteele @gsy_md @DrSCohen @kmenhaji_md @GoodmanZJeremy @CassandraKisby @qinpanzee @globalgyno @jalexmd_910 @NellyWeledji 1. Tanaka Dune - Zimbabwean-Canadian-US green card holder - who lives in Australia 🇦🇺 - I love travel 🧳 fashion and a good wine - let’s not forget sunbathing  2. I’m in stage 4 lockdown - it’s lonely 3. @DrTMDune @WitkosRobinson @AfricanWomenAu @teni_brown,,
lockdown,2020-08-24 11:31:37,pekeaboonana,https://twitter.com/pekeaboonana,https://twitter.com/i/web/status/1297708107913519105,RT @CarySimonds9: MELBOURNE (Australia) - 2nd FULL LOCKDOWN without no end. America Could Be Next! https://t.co/0z0kxalFed,,
stress,2020-08-21 08:48:47,English_Aus,https://twitter.com/English_Aus,https://twitter.com/i/web/status/1296579964779794432,"RT @healthgovau: The impacts of COVID-19 can make us feel anxious, stressed or worried. Learn about how you can manage your mental wellbein…",,
stress,2020-08-20 13:09:08,AustraliaNews2U,https://twitter.com/AustraliaNews2U,https://twitter.com/i/web/status/1296283096510156801,"RT @healthgovau: If you’re experiencing relationship stress, there are tools and information available to help you cope. Mental health info…",,
stress,2020-08-21 18:03:36,PatMcGorry,https://twitter.com/PatMcGorry,https://twitter.com/i/web/status/1296719586675445760,RT @RANZCP: Times of heightened stress and anxiety can exacerbate existing mental health issues. If you’re worried about yourself or someon…,,
stress,2020-08-20 14:36:29,ausgov,https://twitter.com/ausgov,https://twitter.com/i/web/status/1296305079226515457,"RT @healthgovau: The impacts of COVID-19 can make us feel anxious, stressed or worried. Learn about how you can manage your mental wellbein…",,
stress,2020-08-20 13:01:38,atsils,https://twitter.com/atsils,https://twitter.com/i/web/status/1296281208251248641,"RT @healthgovau: The impacts of COVID-19 can make us feel anxious, stressed or worried. Learn about how you can manage your mental wellbein…",,
stress,2020-08-20 13:01:31,QldAmbulance,https://twitter.com/QldAmbulance,https://twitter.com/i/web/status/1296281179578970113,"RT @healthgovau: The impacts of COVID-19 can make us feel anxious, stressed or worried. Learn about how you can manage your mental wellbein…",,
stress,2020-08-21 18:04:14,MentalHealthVic,https://twitter.com/MentalHealthVic,https://twitter.com/i/web/status/1296719749670244353,RT @RANZCP: Times of heightened stress and anxiety can exacerbate existing mental health issues. If you’re worried about yourself or someon…,,
stress,2020-08-20 13:10:34,GarvanInstitute,https://twitter.com/GarvanInstitute,https://twitter.com/i/web/status/1296283457912369152,"RT @healthgovau: The impacts of COVID-19 can make us feel anxious, stressed or worried. Learn about how you can manage your mental wellbein…",,
stress,2020-08-20 14:57:58,TEQSAGov,https://twitter.com/TEQSAGov,https://twitter.com/i/web/status/1296310483369123843,"RT @healthgovau: The impacts of COVID-19 can make us feel anxious, stressed or worried. Learn about how you can manage your mental wellbein…",,
stress,2020-08-22 18:35:52,TheMedicG,https://twitter.com/TheMedicG,https://twitter.com/i/web/status/1297090095388872705,"RT @healthgovau: The impacts of the coronavirus outbreak, isolation and restrictions can make us feel anxious, stressed or overwhelmed. It’…",,
nurse,2020-08-24 08:58:30,RNRos,https://twitter.com/RNRos,https://twitter.com/i/web/status/1297669571902451712,RT @Sian_NP: @johno0910 @LRussellWolpe @ian_hickie @RosenbergSeb Yes and the Mental Health Nurse Incentive Program evaluated 5 times. Each…,,
nurse,2020-08-23 13:46:02,Mickholloways,https://twitter.com/Mickholloways,https://twitter.com/i/web/status/1297379547055194113,RT @Sian_NP: @johno0910 @LRussellWolpe @ian_hickie @RosenbergSeb Yes and the Mental Health Nurse Incentive Program evaluated 5 times. Each…,,
nurse,2020-08-25 22:40:35,jasonmharrison2,https://twitter.com/jasonmharrison2,https://twitter.com/i/web/status/1298238845209567232,RT @Sian_NP: @PatMcGorry We could help expand the workforce tomorrow Pat if Cred mental health nurses and nurse practitioners were immediat…,,
nurse,2020-08-24 09:03:46,figstuff,https://twitter.com/figstuff,https://twitter.com/i/web/status/1297670900288909313,Masked show essential? Buying a yatch in Greece essential? Feeding cattle over NSWBorder ESSENTIAL  Doctors Nurses Carers ESSENTIAL  Trucks carrying food stock ESSENTIAL  Football  essential @ScottMorrisonMP Pay rise essential?  Compassion Empathy Love Mental health ESSENTIAL YES https://t.co/62K0xqcwPt,,
nurse,2020-08-25 15:05:12,Sian_NP,https://twitter.com/Sian_NP,https://twitter.com/i/web/status/1298124243310264320,@JudkinsSimon @GregHuntMP @Leanne_Boase @acnp_national @ACMHN @meta4RN They are called Credentialed Mental Health Nurses and Nurse Practitioners @tuppsmiles @WestVicPHN @RhondaWilsonMHN @ProffMac @KathleenTori @ABC @9NewsAUS @anmfvic @anmf_federal @acn_tweet @APNAnurses,,
nurse,2020-08-25 18:13:47,Sian_NP,https://twitter.com/Sian_NP,https://twitter.com/i/web/status/1298171701587402753,RT @tuppsmiles: @Sian_NP @PatMcGorry @GregHuntMP @johno0910 Exactly @Sian_NP nurses are at forefront of services we need more of them we ne…,,
nurse,2020-08-25 22:21:52,LornaMoxham,https://twitter.com/LornaMoxham,https://twitter.com/i/web/status/1298234135949930497,RT @Sian_NP: @PatMcGorry We could help expand the workforce tomorrow Pat if Cred mental health nurses and nurse practitioners were immediat…,,
nurse,2020-08-25 08:20:48,suevmurray,https://twitter.com/suevmurray,https://twitter.com/i/web/status/1298022471832985600,RT @Sian_NP: @johno0910 @LRussellWolpe @ian_hickie @RosenbergSeb Yes and the Mental Health Nurse Incentive Program evaluated 5 times. Each…,,
nurse,2020-08-24 09:01:31,LRussellWolpe,https://twitter.com/LRussellWolpe,https://twitter.com/i/web/status/1297670332195540994,RT @Sian_NP: @johno0910 @LRussellWolpe @ian_hickie @RosenbergSeb Yes and the Mental Health Nurse Incentive Program evaluated 5 times. Each…,,
nurse,2020-08-23 15:48:09,tuppsmiles,https://twitter.com/tuppsmiles,https://twitter.com/i/web/status/1297410279081312256,RT @Sian_NP: @johno0910 @LRussellWolpe @ian_hickie @RosenbergSeb Yes and the Mental Health Nurse Incentive Program evaluated 5 times. Each…,,
national,2020-08-24 14:40:28,RNRos,https://twitter.com/RNRos,https://twitter.com/i/web/status/1297755630120235008,"RT @ian_hickie: A focus on the (mental and physical) health and welfare of young people, should be a central focus of the national response…",,
national,2020-08-19 01:16:51,sreeura,https://twitter.com/sreeura,https://twitter.com/i/web/status/1295741455630098432,RT @WaditwarP: @ScottMorrisonMP The restrictions on international travel may or may not help in eradication of Covid19 but how will you man…,,
national,2020-08-19 05:52:33,ingioz,https://twitter.com/ingioz,https://twitter.com/i/web/status/1295810838880641024,RT @JasonTrethowan: @GreenKirken @angelo_virgona @ian_hickie @Sian_NP @RhondaWilsonMHN @GregHuntMP @johno0910 @acnp_national @acn_tweet @Pa…,,
national,2020-08-24 15:02:55,AlanJMitchell_,https://twitter.com/AlanJMitchell_,https://twitter.com/i/web/status/1297761282171367424,"RT @ian_hickie: A focus on the (mental and physical) health and welfare of young people, should be a central focus of the national response…",,
national,2020-08-19 07:17:47,Sian_NP,https://twitter.com/Sian_NP,https://twitter.com/i/web/status/1295832288425414657,RT @JasonTrethowan: @GreenKirken @angelo_virgona @ian_hickie @Sian_NP @RhondaWilsonMHN @GregHuntMP @johno0910 @acnp_national @acn_tweet @Pa…,,
national,2020-08-25 15:05:12,Sian_NP,https://twitter.com/Sian_NP,https://twitter.com/i/web/status/1298124243310264320,@JudkinsSimon @GregHuntMP @Leanne_Boase @acnp_national @ACMHN @meta4RN They are called Credentialed Mental Health Nurses and Nurse Practitioners @tuppsmiles @WestVicPHN @RhondaWilsonMHN @ProffMac @KathleenTori @ABC @9NewsAUS @anmfvic @anmf_federal @acn_tweet @APNAnurses,,
national,2020-08-24 14:49:06,gdtoogood,https://twitter.com/gdtoogood,https://twitter.com/i/web/status/1297757804397133824,"RT @ian_hickie: A focus on the (mental and physical) health and welfare of young people, should be a central focus of the national response…",,
national,2020-08-24 15:18:30,amcl2004,https://twitter.com/amcl2004,https://twitter.com/i/web/status/1297765205464608768,"RT @ian_hickie: A focus on the (mental and physical) health and welfare of young people, should be a central focus of the national response…",,
national,2020-08-24 10:29:09,ian_hickie,https://twitter.com/ian_hickie,https://twitter.com/i/web/status/1297692384638038018,"A focus on the (mental and physical) health and welfare of young people, should be a central focus of the national response to COVID19; Many of the potential adverse outcomes (including suicide) are preventable with the right choices now! @GregHuntMP @PatMcGorry @PatsKarvelas https://t.co/qZ2UTKvQd8",,
national,2020-08-24 10:30:17,AllergyWhispers,https://twitter.com/AllergyWhispers,https://twitter.com/i/web/status/1297692670576345088,"RT @ian_hickie: A focus on the (mental and physical) health and welfare of young people, should be a central focus of the national response…",,
young,2020-08-19 10:01:59,IPCHealth_au,https://twitter.com/IPCHealth_au,https://twitter.com/i/web/status/1295873610498752513,RT @Child_Adversity: Struggling to talk to your young ones about #masks for #coronavirus? Noticing #anxiety and fear? @RCN_AUS has develope…,anxiety,masks
young,2020-08-24 14:40:28,RNRos,https://twitter.com/RNRos,https://twitter.com/i/web/status/1297755630120235008,"RT @ian_hickie: A focus on the (mental and physical) health and welfare of young people, should be a central focus of the national response…",,
young,2020-08-25 09:03:29,ingioz,https://twitter.com/ingioz,https://twitter.com/i/web/status/1298033213944688642,"RT @orygen_aus: FOCUS GROUP | As part of Orygen's project on inflammation in youth depression, we invite young people with lived experience…",,
young,2020-08-24 15:02:55,AlanJMitchell_,https://twitter.com/AlanJMitchell_,https://twitter.com/i/web/status/1297761282171367424,"RT @ian_hickie: A focus on the (mental and physical) health and welfare of young people, should be a central focus of the national response…",,
young,2020-08-24 14:49:06,gdtoogood,https://twitter.com/gdtoogood,https://twitter.com/i/web/status/1297757804397133824,"RT @ian_hickie: A focus on the (mental and physical) health and welfare of young people, should be a central focus of the national response…",,
young,2020-08-24 15:18:30,amcl2004,https://twitter.com/amcl2004,https://twitter.com/i/web/status/1297765205464608768,"RT @ian_hickie: A focus on the (mental and physical) health and welfare of young people, should be a central focus of the national response…",,
young,2020-08-24 10:29:09,ian_hickie,https://twitter.com/ian_hickie,https://twitter.com/i/web/status/1297692384638038018,"A focus on the (mental and physical) health and welfare of young people, should be a central focus of the national response to COVID19; Many of the potential adverse outcomes (including suicide) are preventable with the right choices now! @GregHuntMP @PatMcGorry @PatsKarvelas https://t.co/qZ2UTKvQd8",,
young,2020-08-24 10:30:17,AllergyWhispers,https://twitter.com/AllergyWhispers,https://twitter.com/i/web/status/1297692670576345088,"RT @ian_hickie: A focus on the (mental and physical) health and welfare of young people, should be a central focus of the national response…",,
young,2020-08-24 15:00:01,PatMcGorry,https://twitter.com/PatMcGorry,https://twitter.com/i/web/status/1297760550315675648,"RT @orygen_aus: FOCUS GROUP | As part of Orygen's project on inflammation in youth depression, we invite young people with lived experience…",,
young,2020-08-25 08:08:32,PatMcGorry,https://twitter.com/PatMcGorry,https://twitter.com/i/web/status/1298019386465366017,RT @lianne_schmaal: Please retweet! We’re looking for young people with lived experience of depression to help us communicate our findings…,,
clinic,2020-08-19 11:02:31,LiberalAus,https://twitter.com/LiberalAus,https://twitter.com/i/web/status/1295888841878827010,"RT @GregHuntMP: 15 dedicated mental health clinics will be established across Vic, with 9 clinics in Greater Melb &amp; 6 in regional Vic.  The…",,
clinic,2020-08-19 09:10:36,suevmurray,https://twitter.com/suevmurray,https://twitter.com/i/web/status/1295860677819510784,"RT @GregHuntMP: 15 dedicated mental health clinics will be established across Vic, with 9 clinics in Greater Melb &amp; 6 in regional Vic.  The…",,
clinic,2020-08-19 11:03:14,kelliekelly23,https://twitter.com/kelliekelly23,https://twitter.com/i/web/status/1295889022481395714,"RT @GregHuntMP: 15 dedicated mental health clinics will be established across Vic, with 9 clinics in Greater Melb &amp; 6 in regional Vic.  The…",,
impact,2020-08-21 08:48:47,English_Aus,https://twitter.com/English_Aus,https://twitter.com/i/web/status/1296579964779794432,"RT @healthgovau: The impacts of COVID-19 can make us feel anxious, stressed or worried. Learn about how you can manage your mental wellbein…",,
impact,2020-08-22 17:27:59,priv8hospitals,https://twitter.com/priv8hospitals,https://twitter.com/i/web/status/1297073015029563392,"RT @healthgovau: The changing environment can have an impact on your mental health, so it’s important to access support when you need it. F…",,
impact,2020-08-22 17:16:14,myotherapyassoc,https://twitter.com/myotherapyassoc,https://twitter.com/i/web/status/1297070056120049671,"RT @healthgovau: The changing environment can have an impact on your mental health, so it’s important to access support when you need it. F…",,
impact,2020-08-20 00:34:53,EmbajadaEcuAUS,https://twitter.com/EmbajadaEcuAUS,https://twitter.com/i/web/status/1296093284775759872,RT @healthgovau: The impacts of coronavirus are tough and can impact our mental health. We need to make sure we look after ourselves and se…,,
impact,2020-08-20 06:58:07,EmbajadaEcuAUS,https://twitter.com/EmbajadaEcuAUS,https://twitter.com/i/web/status/1296189725804380161,RT @healthgovau: The impacts of coronavirus are tough and can impact our mental health. We need to make sure we look after ourselves and se…,,
impact,2020-08-19 20:20:47,LindaSoars,https://twitter.com/LindaSoars,https://twitter.com/i/web/status/1296029334361141254,"RT @nessmcd: Asthma phenotypes based on extra pulm #treatabletraits.  The impact of phys. inactivity, obesity and anxiety/depression in sev…",treatabletraits,treatabletraits
impact,2020-08-20 10:50:59,sreeura,https://twitter.com/sreeura,https://twitter.com/i/web/status/1296248330255622144,RT @nicola38381851: The mental health of Australians is important too &amp; not knowing when we will see our partners again is impacting our me…,,
impact,2020-08-20 11:57:35,lovepre91961313,https://twitter.com/lovepre91961313,https://twitter.com/i/web/status/1296265088425287680,RT @nicola38381851: The mental health of Australians is important too &amp; not knowing when we will see our partners again is impacting our me…,,
impact,2020-08-20 14:36:29,ausgov,https://twitter.com/ausgov,https://twitter.com/i/web/status/1296305079226515457,"RT @healthgovau: The impacts of COVID-19 can make us feel anxious, stressed or worried. Learn about how you can manage your mental wellbein…",,
impact,2020-08-25 13:43:51,_PHAA_,https://twitter.com/_PHAA_,https://twitter.com/i/web/status/1298103770748878848,RT @healthgovau: The impacts of coronavirus are tough and can impact our mental health. We need to make sure we look after ourselves and se…,,
country,2020-08-24 17:36:03,Friendcare61,https://twitter.com/Friendcare61,https://twitter.com/i/web/status/1297799819952447491,RT @AnxietyUK: As the country is starting to return to work it’s understandable that people may feel #anxious about this. Anxiety UK can pr…,anxious,anxious
wonder,2020-08-21 11:44:03,autumn_daze00,https://twitter.com/autumn_daze00,https://twitter.com/i/web/status/1296624072931987456,RT @chefsami_la: 162 days without him. 162 days of tears and heartache. Anxiety and depression. Wonder. Hope. Fear. Uncertainty. Disbelief.…,,
wonder,2020-08-21 11:21:53,lovepre91961313,https://twitter.com/lovepre91961313,https://twitter.com/i/web/status/1296618494201434112,RT @chefsami_la: 162 days without him. 162 days of tears and heartache. Anxiety and depression. Wonder. Hope. Fear. Uncertainty. Disbelief.…,,
wonder,2020-08-21 17:55:42,lealovinglifea1,https://twitter.com/lealovinglifea1,https://twitter.com/i/web/status/1296717598822993920,RT @chefsami_la: 162 days without him. 162 days of tears and heartache. Anxiety and depression. Wonder. Hope. Fear. Uncertainty. Disbelief.…,,
wonder,2020-08-21 11:54:04,KSabaroedin,https://twitter.com/KSabaroedin,https://twitter.com/i/web/status/1296626590613254145,RT @chefsami_la: 162 days without him. 162 days of tears and heartache. Anxiety and depression. Wonder. Hope. Fear. Uncertainty. Disbelief.…,,
depression,2020-08-21 11:44:03,autumn_daze00,https://twitter.com/autumn_daze00,https://twitter.com/i/web/status/1296624072931987456,RT @chefsami_la: 162 days without him. 162 days of tears and heartache. Anxiety and depression. Wonder. Hope. Fear. Uncertainty. Disbelief.…,,
depression,2020-08-19 22:35:01,Judetomyfriends,https://twitter.com/Judetomyfriends,https://twitter.com/i/web/status/1296063117789556736,"@SZKeene @lachlanmccall @Asher_Wolf @friendlyjordies @AusUnemployment Hey Suzanne, ditto here re: female/age, low serotonin(+major depression, anxiety disorder, ptsd &amp; fm ), on Newstart for years b4 granted DSP and I can promise you Jordan is NOT criticising unwitting 'members' of AUWU. He is exposing the exec's/hierachy only.",,
depression,2020-08-19 20:20:47,LindaSoars,https://twitter.com/LindaSoars,https://twitter.com/i/web/status/1296029334361141254,"RT @nessmcd: Asthma phenotypes based on extra pulm #treatabletraits.  The impact of phys. inactivity, obesity and anxiety/depression in sev…",treatabletraits,treatabletraits
depression,2020-08-19 14:15:47,sreeura,https://twitter.com/sreeura,https://twitter.com/i/web/status/1295937481330679810,"RT @JoelyTuray: Only those people that are seperated by their partners can understand the pain, the depression, the sadness and loneliness…",,
depression,2020-08-20 21:25:35,sreeura,https://twitter.com/sreeura,https://twitter.com/i/web/status/1296408032428068867,"RT @JoelyTuray: We might have depression, anxiety and be so lonely but these things make us stronger. @ScottMorrisonMP  #grantoffshorepartn…",,
depression,2020-08-19 18:20:05,hiba_akmal,https://twitter.com/hiba_akmal,https://twitter.com/i/web/status/1295998962160164864,"RT @JoelyTuray: Only those people that are seperated by their partners can understand the pain, the depression, the sadness and loneliness…",,
depression,2020-08-25 09:03:29,ingioz,https://twitter.com/ingioz,https://twitter.com/i/web/status/1298033213944688642,"RT @orygen_aus: FOCUS GROUP | As part of Orygen's project on inflammation in youth depression, we invite young people with lived experience…",,
depression,2020-08-19 14:32:28,lovepre91961313,https://twitter.com/lovepre91961313,https://twitter.com/i/web/status/1295941680462348289,"RT @JoelyTuray: Only those people that are seperated by their partners can understand the pain, the depression, the sadness and loneliness…",,
depression,2020-08-20 21:53:45,lovepre91961313,https://twitter.com/lovepre91961313,https://twitter.com/i/web/status/1296415119732350977,"RT @JoelyTuray: We might have depression, anxiety and be so lonely but these things make us stronger. @ScottMorrisonMP  #grantoffshorepartn…",,
depression,2020-08-21 11:21:53,lovepre91961313,https://twitter.com/lovepre91961313,https://twitter.com/i/web/status/1296618494201434112,RT @chefsami_la: 162 days without him. 162 days of tears and heartache. Anxiety and depression. Wonder. Hope. Fear. Uncertainty. Disbelief.…,,
suicide,2020-08-21 01:27:29,ASPForg,https://twitter.com/ASPForg,https://twitter.com/i/web/status/1296468906392133634,"“If you’re looking for a sign not to kill yourself, this is it.” – Unknown #suicideprevention #anxiety #ASPF #SaveALife #quoteoftheday",anxiety,suicideprevention
suicide,2020-08-23 08:32:39,hbowly,https://twitter.com/hbowly,https://twitter.com/i/web/status/1297300681804492800,RT @keith04282922: @SeismicPirate @Vapingit @RushmoreExt23 #vapingsaveslives without side effects like suicide or depression. #WeVapeWeVote…,vapingsaveslives,WeVapeWeVote
suicide,2020-08-25 18:10:31,VerschurenFred,https://twitter.com/VerschurenFred,https://twitter.com/i/web/status/1298170881382858754,Around 300 people in the first lockdown committed suicide in the first week in Vic alone.😥🌹 Mental health issues related to lock down and the pandemic are especially hard for people with depression. The charity MIND has a 24-hour helpline: 1300 554 660 By David Green - Facebook,,
suicide,2020-08-25 21:25:26,KathyJandM1,https://twitter.com/KathyJandM1,https://twitter.com/i/web/status/1298219932602077184,"RT @searchfeast: @DamoPelham It's a funny thing isn't it? it's almost as if they like the lockdown, unemployment, depression, suicides, los…",,
suicide,2020-08-24 10:29:09,ian_hickie,https://twitter.com/ian_hickie,https://twitter.com/i/web/status/1297692384638038018,"A focus on the (mental and physical) health and welfare of young people, should be a central focus of the national response to COVID19; Many of the potential adverse outcomes (including suicide) are preventable with the right choices now! @GregHuntMP @PatMcGorry @PatsKarvelas https://t.co/qZ2UTKvQd8",,
suicide,2020-08-25 16:16:18,afairgoforlove,https://twitter.com/afairgoforlove,https://twitter.com/i/web/status/1298142137876221953,@AlanTudgeMP @3AWNeilMitchell #LoveIsNotTourism #LoveIsEssential #afairgoforlove Can we look at the depression and suicide rates for being kept from our partners for an indefinite amount of time? 💔 https://t.co/Pc3yTctL56,afairgoforlove,LoveIsNotTourism
suicide,2020-08-20 12:53:38,Dpeters1977,https://twitter.com/Dpeters1977,https://twitter.com/i/web/status/1296279195144749056,"RT @RosesInTheOcean: We know that young LGBTQIA+ people are at a higher risk of suicide, 12x more likely to experience depression, up to 5x…",,
appear,2020-08-21 20:43:58,sreeura,https://twitter.com/sreeura,https://twitter.com/i/web/status/1296759947946909696,"RT @Samizzle_Songz: 🇦🇺❤🇬🇭@ScottMorrisonMP yes Australia is not like other countries, but other countries appear to care more about families…",,
appear,2020-08-21 20:45:08,lealovinglifea1,https://twitter.com/lealovinglifea1,https://twitter.com/i/web/status/1296760240797560834,"RT @Samizzle_Songz: 🇦🇺❤🇬🇭@ScottMorrisonMP yes Australia is not like other countries, but other countries appear to care more about families…",,
appear,2020-08-23 10:22:37,Nucleon39642876,https://twitter.com/Nucleon39642876,https://twitter.com/i/web/status/1297328352718516224,"RT @Samizzle_Songz: 🇦🇺❤🇬🇭@ScottMorrisonMP yes Australia is not like other countries, but other countries appear to care more about families…",,
appear,2020-08-23 10:25:56,autumn_daze00,https://twitter.com/autumn_daze00,https://twitter.com/i/web/status/1297329186978140161,"RT @Samizzle_Songz: 🇦🇺❤🇬🇭@ScottMorrisonMP yes Australia is not like other countries, but other countries appear to care more about families…",,
appear,2020-08-21 20:33:42,afairgoforlove,https://twitter.com/afairgoforlove,https://twitter.com/i/web/status/1296757362699599872,"RT @Samizzle_Songz: 🇦🇺❤🇬🇭@ScottMorrisonMP yes Australia is not like other countries, but other countries appear to care more about families…",,
