Topic,word1,word2,word3,word4,word5,word6,word7,word8,word9,word10
Topic 1,covid,depression,impact,people,victoria,great,australia,lockdown,overwhelm,recession
Topic 2,impact,depression,need,priority,active,touch,great,coronavirus,tough,please
Topic 3,another,relentless,attack,guise,caring,people,thanks,fight,professional,#covid19
Topic 4,release,joint,press,paragraph,today,first,important,anxiety,social,medium
Topic 5,hotel,test,really,minister,someone,melbourne,focus,#removethecap,inquiry,#afairgof
