keyword,created_at_local_time,screen_name,user_URL,tweet_URL,tweet_text,hashtag1,hashtag2
training,2020-07-31 13:01:59,MHFA_Australia,https://twitter.com/MHFA_Australia,https://twitter.com/i/web/status/1289033538180980736,"We are extremely pleased to see the launch of the #ZeroSuicide directory of training programs produced by Life in Mind, in collaboration with the Zero Suicide Institute of Australasia. This resource includes Mental Health First Aid training. https://t.co/9s1Cc7WjMU @GregHuntMP",ZeroSuicide,ZeroSuicide
training,2020-08-01 08:48:44,suevmurray,https://twitter.com/suevmurray,https://twitter.com/i/web/status/1289332194519822337,"RT @MHFA_Australia: We are extremely pleased to see the launch of the #ZeroSuicide directory of training programs produced by Life in Mind,…",ZeroSuicide,ZeroSuicide
medicare,2020-08-03 13:21:11,AmandaLNeil,https://twitter.com/AmandaLNeil,https://twitter.com/i/web/status/1290125535100596224,RT @MentalHealthVic: A welcome extension of Medicare subsidised sessions for ppl under further #COVID19Vic restrictions to receive #mentalh…,COVID19Vic,COVID19Vic
medicare,2020-08-02 19:23:16,ConnellShayne,https://twitter.com/ConnellShayne,https://twitter.com/i/web/status/1289854269743435776,RT @LivingWorksAus: We welcome news #Medicare Better Access program will be expanded to provide Victorians access to a further 10 sessions…,Medicare,Medicare
medicare,2020-08-03 09:12:41,ingioz,https://twitter.com/ingioz,https://twitter.com/i/web/status/1290062998879404032,RT @MentalHealthVic: A welcome extension of Medicare subsidised sessions for ppl under further #COVID19Vic restrictions to receive #mentalh…,COVID19Vic,COVID19Vic
medicare,2020-08-02 18:51:21,LivingWorksAus,https://twitter.com/LivingWorksAus,https://twitter.com/i/web/status/1289846233968701442,We welcome news #Medicare Better Access program will be expanded to provide Victorians access to a further 10 sessions under the mental health care plan   We will let our 15O suicide 1st aid  trainers in the state aware let vulnerable residents know #COVID19Vic @GregHuntMP @NMHC https://t.co/o9SRmneGw5,COVID19Vic,Medicare
medicare,2020-08-03 13:52:01,LivingWorksAus,https://twitter.com/LivingWorksAus,https://twitter.com/i/web/status/1290133292054769664,RT @LivingWorksAus: We welcome news #Medicare Better Access program will be expanded to provide Victorians access to a further 10 sessions…,Medicare,Medicare
medicare,2020-08-02 21:19:49,RTsatsis,https://twitter.com/RTsatsis,https://twitter.com/i/web/status/1289883598309359617,RT @LivingWorksAus: We welcome news #Medicare Better Access program will be expanded to provide Victorians access to a further 10 sessions…,Medicare,Medicare
medicare,2020-08-03 09:01:06,BallaratCH,https://twitter.com/BallaratCH,https://twitter.com/i/web/status/1290060083859079168,RT @MentalHealthVic: A welcome extension of Medicare subsidised sessions for ppl under further #COVID19Vic restrictions to receive #mentalh…,COVID19Vic,COVID19Vic
medicare,2020-08-02 19:08:18,MRidsdale16,https://twitter.com/MRidsdale16,https://twitter.com/i/web/status/1289850500511232001,RT @LivingWorksAus: We welcome news #Medicare Better Access program will be expanded to provide Victorians access to a further 10 sessions…,Medicare,Medicare
medicare,2020-08-02 19:35:55,MeganBarrow,https://twitter.com/MeganBarrow,https://twitter.com/i/web/status/1289857452922425344,RT @LivingWorksAus: We welcome news #Medicare Better Access program will be expanded to provide Victorians access to a further 10 sessions…,Medicare,Medicare
medicare,2020-08-03 13:50:46,HM_Christensen,https://twitter.com/HM_Christensen,https://twitter.com/i/web/status/1290132977741991936,"Good to see 10 extra Medicare subsidised psychological therapy sessions for those subject to stage 4 lockdown, critical to scale up digital mental health care &amp; extend telehealth measures to ensure preparedness into the future https://t.co/wK9YE6JcaO @blackdoginst @GregHuntMP",,
work,2020-07-28 22:21:13,italiancutie82,https://twitter.com/italiancutie82,https://twitter.com/i/web/status/1288087112667893761,RT @healthgovau: Being active makes a big difference to your physical and mental health. Find a daily activity that works for you. For idea…,,
work,2020-07-28 20:21:52,mindfullmedic,https://twitter.com/mindfullmedic,https://twitter.com/i/web/status/1288057074136412163,"RT @KarenGaunson: Early &amp; sustained preparation re healthcare worker wellbeing created resources, peer networks &amp; pathways to mental health…",,
work,2020-07-28 11:57:38,GaryWeingarten,https://twitter.com/GaryWeingarten,https://twitter.com/i/web/status/1287930181395587073,RT @healthgovau: Being active makes a big difference to your physical and mental health. Find a daily activity that works for you. For idea…,,
work,2020-07-28 07:10:13,Sportiest_Spice,https://twitter.com/Sportiest_Spice,https://twitter.com/i/web/status/1287857850463580160,RT @healthgovau: Being active makes a big difference to your physical and mental health. Find a daily activity that works for you. For idea…,,
work,2020-08-02 19:23:16,ConnellShayne,https://twitter.com/ConnellShayne,https://twitter.com/i/web/status/1289854269743435776,RT @LivingWorksAus: We welcome news #Medicare Better Access program will be expanded to provide Victorians access to a further 10 sessions…,Medicare,Medicare
work,2020-07-28 08:48:15,_NikitaKhanna,https://twitter.com/_NikitaKhanna,https://twitter.com/i/web/status/1287882521514897408,RT @healthgovau: Being active makes a big difference to your physical and mental health. Find a daily activity that works for you. For idea…,,
work,2020-08-03 13:52:01,LivingWorksAus,https://twitter.com/LivingWorksAus,https://twitter.com/i/web/status/1290133292054769664,RT @LivingWorksAus: We welcome news #Medicare Better Access program will be expanded to provide Victorians access to a further 10 sessions…,Medicare,Medicare
work,2020-08-02 21:19:49,RTsatsis,https://twitter.com/RTsatsis,https://twitter.com/i/web/status/1289883598309359617,RT @LivingWorksAus: We welcome news #Medicare Better Access program will be expanded to provide Victorians access to a further 10 sessions…,Medicare,Medicare
work,2020-08-02 19:08:18,MRidsdale16,https://twitter.com/MRidsdale16,https://twitter.com/i/web/status/1289850500511232001,RT @LivingWorksAus: We welcome news #Medicare Better Access program will be expanded to provide Victorians access to a further 10 sessions…,Medicare,Medicare
work,2020-08-02 19:35:55,MeganBarrow,https://twitter.com/MeganBarrow,https://twitter.com/i/web/status/1289857452922425344,RT @LivingWorksAus: We welcome news #Medicare Better Access program will be expanded to provide Victorians access to a further 10 sessions…,Medicare,Medicare
activity,2020-07-28 22:21:13,italiancutie82,https://twitter.com/italiancutie82,https://twitter.com/i/web/status/1288087112667893761,RT @healthgovau: Being active makes a big difference to your physical and mental health. Find a daily activity that works for you. For idea…,,
activity,2020-07-28 11:57:38,GaryWeingarten,https://twitter.com/GaryWeingarten,https://twitter.com/i/web/status/1287930181395587073,RT @healthgovau: Being active makes a big difference to your physical and mental health. Find a daily activity that works for you. For idea…,,
activity,2020-07-28 07:10:13,Sportiest_Spice,https://twitter.com/Sportiest_Spice,https://twitter.com/i/web/status/1287857850463580160,RT @healthgovau: Being active makes a big difference to your physical and mental health. Find a daily activity that works for you. For idea…,,
activity,2020-07-28 08:48:15,_NikitaKhanna,https://twitter.com/_NikitaKhanna,https://twitter.com/i/web/status/1287882521514897408,RT @healthgovau: Being active makes a big difference to your physical and mental health. Find a daily activity that works for you. For idea…,,
activity,2020-07-31 15:51:13,DrHannaSidjabat,https://twitter.com/DrHannaSidjabat,https://twitter.com/i/web/status/1289076128347381760,RT @healthgovau: Being active makes a big difference to your physical and mental health. Find a daily activity that works for you. For idea…,,
difference,2020-07-28 22:21:13,italiancutie82,https://twitter.com/italiancutie82,https://twitter.com/i/web/status/1288087112667893761,RT @healthgovau: Being active makes a big difference to your physical and mental health. Find a daily activity that works for you. For idea…,,
difference,2020-07-28 11:57:38,GaryWeingarten,https://twitter.com/GaryWeingarten,https://twitter.com/i/web/status/1287930181395587073,RT @healthgovau: Being active makes a big difference to your physical and mental health. Find a daily activity that works for you. For idea…,,
difference,2020-07-28 07:10:13,Sportiest_Spice,https://twitter.com/Sportiest_Spice,https://twitter.com/i/web/status/1287857850463580160,RT @healthgovau: Being active makes a big difference to your physical and mental health. Find a daily activity that works for you. For idea…,,
difference,2020-07-28 08:48:15,_NikitaKhanna,https://twitter.com/_NikitaKhanna,https://twitter.com/i/web/status/1287882521514897408,RT @healthgovau: Being active makes a big difference to your physical and mental health. Find a daily activity that works for you. For idea…,,
difference,2020-07-31 15:51:13,DrHannaSidjabat,https://twitter.com/DrHannaSidjabat,https://twitter.com/i/web/status/1289076128347381760,RT @healthgovau: Being active makes a big difference to your physical and mental health. Find a daily activity that works for you. For idea…,,
welcome,2020-08-03 13:21:11,AmandaLNeil,https://twitter.com/AmandaLNeil,https://twitter.com/i/web/status/1290125535100596224,RT @MentalHealthVic: A welcome extension of Medicare subsidised sessions for ppl under further #COVID19Vic restrictions to receive #mentalh…,COVID19Vic,COVID19Vic
welcome,2020-08-02 19:23:16,ConnellShayne,https://twitter.com/ConnellShayne,https://twitter.com/i/web/status/1289854269743435776,RT @LivingWorksAus: We welcome news #Medicare Better Access program will be expanded to provide Victorians access to a further 10 sessions…,Medicare,Medicare
welcome,2020-08-03 09:12:41,ingioz,https://twitter.com/ingioz,https://twitter.com/i/web/status/1290062998879404032,RT @MentalHealthVic: A welcome extension of Medicare subsidised sessions for ppl under further #COVID19Vic restrictions to receive #mentalh…,COVID19Vic,COVID19Vic
welcome,2020-08-02 18:51:21,LivingWorksAus,https://twitter.com/LivingWorksAus,https://twitter.com/i/web/status/1289846233968701442,We welcome news #Medicare Better Access program will be expanded to provide Victorians access to a further 10 sessions under the mental health care plan   We will let our 15O suicide 1st aid  trainers in the state aware let vulnerable residents know #COVID19Vic @GregHuntMP @NMHC https://t.co/o9SRmneGw5,COVID19Vic,Medicare
welcome,2020-08-03 13:52:01,LivingWorksAus,https://twitter.com/LivingWorksAus,https://twitter.com/i/web/status/1290133292054769664,RT @LivingWorksAus: We welcome news #Medicare Better Access program will be expanded to provide Victorians access to a further 10 sessions…,Medicare,Medicare
welcome,2020-08-02 21:19:49,RTsatsis,https://twitter.com/RTsatsis,https://twitter.com/i/web/status/1289883598309359617,RT @LivingWorksAus: We welcome news #Medicare Better Access program will be expanded to provide Victorians access to a further 10 sessions…,Medicare,Medicare
welcome,2020-08-03 09:01:06,BallaratCH,https://twitter.com/BallaratCH,https://twitter.com/i/web/status/1290060083859079168,RT @MentalHealthVic: A welcome extension of Medicare subsidised sessions for ppl under further #COVID19Vic restrictions to receive #mentalh…,COVID19Vic,COVID19Vic
welcome,2020-08-02 19:08:18,MRidsdale16,https://twitter.com/MRidsdale16,https://twitter.com/i/web/status/1289850500511232001,RT @LivingWorksAus: We welcome news #Medicare Better Access program will be expanded to provide Victorians access to a further 10 sessions…,Medicare,Medicare
welcome,2020-08-02 19:35:55,MeganBarrow,https://twitter.com/MeganBarrow,https://twitter.com/i/web/status/1289857452922425344,RT @LivingWorksAus: We welcome news #Medicare Better Access program will be expanded to provide Victorians access to a further 10 sessions…,Medicare,Medicare
welcome,2020-08-03 22:52:46,DrESigston,https://twitter.com/DrESigston,https://twitter.com/i/web/status/1290269376730431488,RT @MentalHealthVic: A welcome extension of Medicare subsidised sessions for ppl under further #COVID19Vic restrictions to receive #mentalh…,COVID19Vic,COVID19Vic
subsidise,2020-08-03 13:21:11,AmandaLNeil,https://twitter.com/AmandaLNeil,https://twitter.com/i/web/status/1290125535100596224,RT @MentalHealthVic: A welcome extension of Medicare subsidised sessions for ppl under further #COVID19Vic restrictions to receive #mentalh…,COVID19Vic,COVID19Vic
subsidise,2020-08-03 09:12:41,ingioz,https://twitter.com/ingioz,https://twitter.com/i/web/status/1290062998879404032,RT @MentalHealthVic: A welcome extension of Medicare subsidised sessions for ppl under further #COVID19Vic restrictions to receive #mentalh…,COVID19Vic,COVID19Vic
subsidise,2020-08-03 09:01:06,BallaratCH,https://twitter.com/BallaratCH,https://twitter.com/i/web/status/1290060083859079168,RT @MentalHealthVic: A welcome extension of Medicare subsidised sessions for ppl under further #COVID19Vic restrictions to receive #mentalh…,COVID19Vic,COVID19Vic
subsidise,2020-08-03 13:50:46,HM_Christensen,https://twitter.com/HM_Christensen,https://twitter.com/i/web/status/1290132977741991936,"Good to see 10 extra Medicare subsidised psychological therapy sessions for those subject to stage 4 lockdown, critical to scale up digital mental health care &amp; extend telehealth measures to ensure preparedness into the future https://t.co/wK9YE6JcaO @blackdoginst @GregHuntMP",,
subsidise,2020-08-03 22:52:46,DrESigston,https://twitter.com/DrESigston,https://twitter.com/i/web/status/1290269376730431488,RT @MentalHealthVic: A welcome extension of Medicare subsidised sessions for ppl under further #COVID19Vic restrictions to receive #mentalh…,COVID19Vic,COVID19Vic
subsidise,2020-08-03 08:52:08,brookmanknight,https://twitter.com/brookmanknight,https://twitter.com/i/web/status/1290057824815390720,RT @MentalHealthVic: A welcome extension of Medicare subsidised sessions for ppl under further #COVID19Vic restrictions to receive #mentalh…,COVID19Vic,COVID19Vic
subsidise,2020-08-03 18:43:03,FostKim,https://twitter.com/FostKim,https://twitter.com/i/web/status/1290206535323389952,RT @MentalHealthVic: A welcome extension of Medicare subsidised sessions for ppl under further #COVID19Vic restrictions to receive #mentalh…,COVID19Vic,COVID19Vic
subsidise,2020-08-03 09:16:47,MarcBryantAus,https://twitter.com/MarcBryantAus,https://twitter.com/i/web/status/1290064027373015041,RT @MentalHealthVic: A welcome extension of Medicare subsidised sessions for ppl under further #COVID19Vic restrictions to receive #mentalh…,COVID19Vic,COVID19Vic
subsidise,2020-08-03 08:49:39,BenMullingsPhD,https://twitter.com/BenMullingsPhD,https://twitter.com/i/web/status/1290057199939547136,RT @MentalHealthVic: A welcome extension of Medicare subsidised sessions for ppl under further #COVID19Vic restrictions to receive #mentalh…,COVID19Vic,COVID19Vic
subsidise,2020-08-03 08:37:57,MentalHealthVic,https://twitter.com/MentalHealthVic,https://twitter.com/i/web/status/1290054258763563010,"A welcome extension of Medicare subsidised sessions for ppl under further #COVID19Vic restrictions to receive #mentalhealth care from their psychologist, psychiatrist, GP or eligible allied health worker. Sessions extended beyond 10. @GregHuntMP https://t.co/hBNKUbmE8o",COVID19Vic,mentalhealth
physical,2020-07-28 22:21:13,italiancutie82,https://twitter.com/italiancutie82,https://twitter.com/i/web/status/1288087112667893761,RT @healthgovau: Being active makes a big difference to your physical and mental health. Find a daily activity that works for you. For idea…,,
physical,2020-07-28 11:57:38,GaryWeingarten,https://twitter.com/GaryWeingarten,https://twitter.com/i/web/status/1287930181395587073,RT @healthgovau: Being active makes a big difference to your physical and mental health. Find a daily activity that works for you. For idea…,,
physical,2020-07-28 07:10:13,Sportiest_Spice,https://twitter.com/Sportiest_Spice,https://twitter.com/i/web/status/1287857850463580160,RT @healthgovau: Being active makes a big difference to your physical and mental health. Find a daily activity that works for you. For idea…,,
physical,2020-07-28 08:48:15,_NikitaKhanna,https://twitter.com/_NikitaKhanna,https://twitter.com/i/web/status/1287882521514897408,RT @healthgovau: Being active makes a big difference to your physical and mental health. Find a daily activity that works for you. For idea…,,
physical,2020-07-31 15:51:13,DrHannaSidjabat,https://twitter.com/DrHannaSidjabat,https://twitter.com/i/web/status/1289076128347381760,RT @healthgovau: Being active makes a big difference to your physical and mental health. Find a daily activity that works for you. For idea…,,
restriction,2020-08-03 13:21:11,AmandaLNeil,https://twitter.com/AmandaLNeil,https://twitter.com/i/web/status/1290125535100596224,RT @MentalHealthVic: A welcome extension of Medicare subsidised sessions for ppl under further #COVID19Vic restrictions to receive #mentalh…,COVID19Vic,COVID19Vic
restriction,2020-08-03 20:39:12,AlannaSincovich,https://twitter.com/AlannaSincovich,https://twitter.com/i/web/status/1290235765088083968,RT @_PHAA_: Positive to hear the announcement by @GregHuntMP that Australians under increased restrictions due to the second wave may be ab…,,
restriction,2020-08-03 09:12:41,ingioz,https://twitter.com/ingioz,https://twitter.com/i/web/status/1290062998879404032,RT @MentalHealthVic: A welcome extension of Medicare subsidised sessions for ppl under further #COVID19Vic restrictions to receive #mentalh…,COVID19Vic,COVID19Vic
restriction,2020-08-03 17:26:28,UTAS_MPH,https://twitter.com/UTAS_MPH,https://twitter.com/i/web/status/1290187263091957761,RT @_PHAA_: Positive to hear the announcement by @GregHuntMP that Australians under increased restrictions due to the second wave may be ab…,,
restriction,2020-08-03 09:01:06,BallaratCH,https://twitter.com/BallaratCH,https://twitter.com/i/web/status/1290060083859079168,RT @MentalHealthVic: A welcome extension of Medicare subsidised sessions for ppl under further #COVID19Vic restrictions to receive #mentalh…,COVID19Vic,COVID19Vic
restriction,2020-08-03 22:52:46,DrESigston,https://twitter.com/DrESigston,https://twitter.com/i/web/status/1290269376730431488,RT @MentalHealthVic: A welcome extension of Medicare subsidised sessions for ppl under further #COVID19Vic restrictions to receive #mentalh…,COVID19Vic,COVID19Vic
restriction,2020-08-03 08:52:08,brookmanknight,https://twitter.com/brookmanknight,https://twitter.com/i/web/status/1290057824815390720,RT @MentalHealthVic: A welcome extension of Medicare subsidised sessions for ppl under further #COVID19Vic restrictions to receive #mentalh…,COVID19Vic,COVID19Vic
restriction,2020-08-03 18:43:03,FostKim,https://twitter.com/FostKim,https://twitter.com/i/web/status/1290206535323389952,RT @MentalHealthVic: A welcome extension of Medicare subsidised sessions for ppl under further #COVID19Vic restrictions to receive #mentalh…,COVID19Vic,COVID19Vic
restriction,2020-08-03 09:16:47,MarcBryantAus,https://twitter.com/MarcBryantAus,https://twitter.com/i/web/status/1290064027373015041,RT @MentalHealthVic: A welcome extension of Medicare subsidised sessions for ppl under further #COVID19Vic restrictions to receive #mentalh…,COVID19Vic,COVID19Vic
restriction,2020-08-03 08:49:39,BenMullingsPhD,https://twitter.com/BenMullingsPhD,https://twitter.com/i/web/status/1290057199939547136,RT @MentalHealthVic: A welcome extension of Medicare subsidised sessions for ppl under further #COVID19Vic restrictions to receive #mentalh…,COVID19Vic,COVID19Vic
important,2020-07-30 19:44:09,healthgovau,https://twitter.com/healthgovau,https://twitter.com/i/web/status/1288772358841524224,"The changing environment can have an impact on your mental health, so it’s important to access support when you need it. For more information, visit https://t.co/R14edIrG81 https://t.co/zHTCCOYT5J",,
important,2020-08-03 13:31:25,ANZAED1,https://twitter.com/ANZAED1,https://twitter.com/i/web/status/1290128110621351937,Important support for mental health needs of people in lockdown - 10 extra Medicare sessions just announced by @GregHuntMP https://t.co/sUmwKgDI8U,,
important,2020-08-02 21:50:01,DrRimmer,https://twitter.com/DrRimmer,https://twitter.com/i/web/status/1289891197473832961,@TimRRead @GregHuntMP @theage @UN's @antonioguterres says that mental health support for youth is particularly important during the #COVID19 lockdown  https://t.co/p7tReY4uls,COVID19,COVID19
important,2020-08-02 21:50:24,DrRimmer,https://twitter.com/DrRimmer,https://twitter.com/i/web/status/1289891293976354818,RT @DrRimmer: @TimRRead @GregHuntMP @theage @UN's @antonioguterres says that mental health support for youth is particularly important duri…,,
important,2020-08-03 16:34:29,itjohnstone,https://twitter.com/itjohnstone,https://twitter.com/i/web/status/1290174178847465474,"@ian_hickie @BrainMind_Usyd @Sydney_Uni @GregHuntMP @Bowenchris @SabraLane @PatMcGorry @PatsKarvelas @orygen_aus @SuicidePrevAU @NMHC @CMorgan265 @AUMentalHealth @CSART_world @normanswan @frankelly08 @ama_media @GregorWell Thank you for this important work. Can I clarify, lest this be used by the anti-lockdown brigade to support their agenda, that these forecasts are based on the very many substantial impacts of the pandemic on mental health, including but by no means limited to restrictions?",,
better,2020-08-02 19:23:16,ConnellShayne,https://twitter.com/ConnellShayne,https://twitter.com/i/web/status/1289854269743435776,RT @LivingWorksAus: We welcome news #Medicare Better Access program will be expanded to provide Victorians access to a further 10 sessions…,Medicare,Medicare
better,2020-08-02 18:51:21,LivingWorksAus,https://twitter.com/LivingWorksAus,https://twitter.com/i/web/status/1289846233968701442,We welcome news #Medicare Better Access program will be expanded to provide Victorians access to a further 10 sessions under the mental health care plan   We will let our 15O suicide 1st aid  trainers in the state aware let vulnerable residents know #COVID19Vic @GregHuntMP @NMHC https://t.co/o9SRmneGw5,COVID19Vic,Medicare
better,2020-08-03 13:52:01,LivingWorksAus,https://twitter.com/LivingWorksAus,https://twitter.com/i/web/status/1290133292054769664,RT @LivingWorksAus: We welcome news #Medicare Better Access program will be expanded to provide Victorians access to a further 10 sessions…,Medicare,Medicare
better,2020-08-02 21:19:49,RTsatsis,https://twitter.com/RTsatsis,https://twitter.com/i/web/status/1289883598309359617,RT @LivingWorksAus: We welcome news #Medicare Better Access program will be expanded to provide Victorians access to a further 10 sessions…,Medicare,Medicare
better,2020-08-02 19:08:18,MRidsdale16,https://twitter.com/MRidsdale16,https://twitter.com/i/web/status/1289850500511232001,RT @LivingWorksAus: We welcome news #Medicare Better Access program will be expanded to provide Victorians access to a further 10 sessions…,Medicare,Medicare
better,2020-08-02 19:35:55,MeganBarrow,https://twitter.com/MeganBarrow,https://twitter.com/i/web/status/1289857452922425344,RT @LivingWorksAus: We welcome news #Medicare Better Access program will be expanded to provide Victorians access to a further 10 sessions…,Medicare,Medicare
better,2020-08-02 19:08:00,MarcBryantAus,https://twitter.com/MarcBryantAus,https://twitter.com/i/web/status/1289850425886171136,RT @LivingWorksAus: We welcome news #Medicare Better Access program will be expanded to provide Victorians access to a further 10 sessions…,Medicare,Medicare
better,2020-08-04 09:04:26,MurrayPHN,https://twitter.com/MurrayPHN,https://twitter.com/i/web/status/1290423310069579776,RT @LivingWorksAus: We welcome news #Medicare Better Access program will be expanded to provide Victorians access to a further 10 sessions…,Medicare,Medicare
anxiety,2020-07-28 16:50:54,4c7f21ac5bb74b0,https://twitter.com/4c7f21ac5bb74b0,https://twitter.com/i/web/status/1288003983236165632,"RT @jncoachingtech: #MondayMotivation Day 622 - It’s all about staying in the present moment. We create anxiety and fear with our minds, we…",MondayMotivation,MondayMotivation
anxiety,2020-07-28 21:10:59,MJ_Leaver,https://twitter.com/MJ_Leaver,https://twitter.com/i/web/status/1288069435111010305,"RT @imo_bell: At part of the @wellcometrust project on active ingredients underlying #youth #depression &amp; #anxiety, we are looking for clin…",anxiety,youth
anxiety,2020-08-02 17:17:51,MeganBarrow,https://twitter.com/MeganBarrow,https://twitter.com/i/web/status/1289822704242028544,"@GeorgieThomas Thank you, appreciate it. I'm sure it'll all be fine, as will I 🤞🤞 but best the quash my anxiety brain!",,
anxiety,2020-08-04 18:15:19,MeganBarrow,https://twitter.com/MeganBarrow,https://twitter.com/i/web/status/1290561944387166208,"Update on the gorgeous @mariekehardy's advice; I spoke with my GP &amp; have a travel letter detailing my anxiety &amp; that I may need a trip 7kms to my mama. She def wanted to check 're location/not in hot spot, &amp; how often, but had no issue doing it. #COVID19Vic #lockdownMelbourne",COVID19Vic,lockdownMelbourne
anxiety,2020-07-29 07:13:55,blackdoginst,https://twitter.com/blackdoginst,https://twitter.com/i/web/status/1288221170068668416,RT @Virgin: Marian Spencer from @blackdoginst shares 4 tips you can use to help your team manage anxiety and stress: https://t.co/1xO5xDR28…,,
anxiety,2020-07-29 11:06:03,blackdoginst,https://twitter.com/blackdoginst,https://twitter.com/i/web/status/1288279586988425216,A new study published today looks into people’s anxiety levels and how they were coping during the #COVID19au outbreak between 27th March &amp; 7th April.  Full media release: https://t.co/wCV4boSRBu  @drjillnewby #mentalhealth #COVID19 #research https://t.co/P7aaK92IYc,COVID19,research
anxiety,2020-08-03 08:00:10,RANZCP,https://twitter.com/RANZCP,https://twitter.com/i/web/status/1290044747491487744,Learn how to control anxiety whenever you experience it. Try this breathing exercise to help alleviate your anxiety.  If your anxiety continues talk with your GP and ask if a referral to a psychiatrist is right for you. For more information visit https://t.co/pTAKDMK41P https://t.co/09y5ZrGetm,,
anxiety,2020-08-04 11:44:38,DiabetesAus,https://twitter.com/DiabetesAus,https://twitter.com/i/web/status/1290463623970684933,RT @NDSS_AUS: It's OCD &amp; Anxiety Disorders Week!  We have a range of emotional health resources to help you take care of yourself. You can…,,
anxiety,2020-08-01 05:59:23,GaryWeingarten,https://twitter.com/GaryWeingarten,https://twitter.com/i/web/status/1289289575869775874,"#Exercise improves mental health by reducing #anxiety, #depression, and negative mood and by improving self-esteem and cognitive function. Exercise has also been found to alleviate  symptoms such as low self-esteem and social withdrawal.",anxiety,Exercise
anxiety,2020-08-02 23:54:06,GaryWeingarten,https://twitter.com/GaryWeingarten,https://twitter.com/i/web/status/1289922427280142340,"Exercise plays a much bigger role in a healthy lifestyle to reduce stress/anxiety. Eating healthy/sugar reduction,combined with exercise is a great combination. @USNewsHealth #gotoafitnesscenter #exerciseismedicine #gotoagym #learntoexercisecorrectly #healthylifestyle https://t.co/Y4jzedNibm",exerciseismedicine,learntoexercisecorrectly
federal,2020-08-02 12:11:45,LeanneTogher,https://twitter.com/LeanneTogher,https://twitter.com/i/web/status/1289745672623685632,RT @GroupOfEight: #Go8 researchers @Sydney_Uni have been awarded more than $7 million federal funding for research to harness artificial in…,Go8,Go8
federal,2020-08-02 11:55:07,Duncanivison,https://twitter.com/Duncanivison,https://twitter.com/i/web/status/1289741488352452608,RT @GroupOfEight: #Go8 researchers @Sydney_Uni have been awarded more than $7 million federal funding for research to harness artificial in…,Go8,Go8
federal,2020-08-02 10:17:00,GroupOfEight,https://twitter.com/GroupOfEight,https://twitter.com/i/web/status/1289716796191211520,#Go8 researchers @Sydney_Uni have been awarded more than $7 million federal funding for research to harness artificial intelligence (AI) to diagnose and treat neurological and mental health disorders. @GregHuntMP  https://t.co/DDhblClFQB,Go8,Go8
researcher,2020-08-02 12:11:45,LeanneTogher,https://twitter.com/LeanneTogher,https://twitter.com/i/web/status/1289745672623685632,RT @GroupOfEight: #Go8 researchers @Sydney_Uni have been awarded more than $7 million federal funding for research to harness artificial in…,Go8,Go8
researcher,2020-08-02 11:55:07,Duncanivison,https://twitter.com/Duncanivison,https://twitter.com/i/web/status/1289741488352452608,RT @GroupOfEight: #Go8 researchers @Sydney_Uni have been awarded more than $7 million federal funding for research to harness artificial in…,Go8,Go8
researcher,2020-08-02 10:17:00,GroupOfEight,https://twitter.com/GroupOfEight,https://twitter.com/i/web/status/1289716796191211520,#Go8 researchers @Sydney_Uni have been awarded more than $7 million federal funding for research to harness artificial intelligence (AI) to diagnose and treat neurological and mental health disorders. @GregHuntMP  https://t.co/DDhblClFQB,Go8,Go8
million,2020-08-02 12:11:45,LeanneTogher,https://twitter.com/LeanneTogher,https://twitter.com/i/web/status/1289745672623685632,RT @GroupOfEight: #Go8 researchers @Sydney_Uni have been awarded more than $7 million federal funding for research to harness artificial in…,Go8,Go8
million,2020-08-03 14:01:04,themancave_aus,https://twitter.com/themancave_aus,https://twitter.com/i/web/status/1290135571793244163,We want to give a big shout-out to @GregHuntMP for today's crucial announcement of $7.3 million in funding to support the mental health of Victorians in lockdown areas.   See all the details here 👇 https://t.co/cYnp9vgUrX 1/5,,
million,2020-08-02 11:55:07,Duncanivison,https://twitter.com/Duncanivison,https://twitter.com/i/web/status/1289741488352452608,RT @GroupOfEight: #Go8 researchers @Sydney_Uni have been awarded more than $7 million federal funding for research to harness artificial in…,Go8,Go8
million,2020-08-02 10:17:00,GroupOfEight,https://twitter.com/GroupOfEight,https://twitter.com/i/web/status/1289716796191211520,#Go8 researchers @Sydney_Uni have been awarded more than $7 million federal funding for research to harness artificial intelligence (AI) to diagnose and treat neurological and mental health disorders. @GregHuntMP  https://t.co/DDhblClFQB,Go8,Go8
funding,2020-08-02 12:11:45,LeanneTogher,https://twitter.com/LeanneTogher,https://twitter.com/i/web/status/1289745672623685632,RT @GroupOfEight: #Go8 researchers @Sydney_Uni have been awarded more than $7 million federal funding for research to harness artificial in…,Go8,Go8
funding,2020-08-03 14:01:04,themancave_aus,https://twitter.com/themancave_aus,https://twitter.com/i/web/status/1290135571793244163,We want to give a big shout-out to @GregHuntMP for today's crucial announcement of $7.3 million in funding to support the mental health of Victorians in lockdown areas.   See all the details here 👇 https://t.co/cYnp9vgUrX 1/5,,
funding,2020-08-02 13:41:28,DrRimmer,https://twitter.com/DrRimmer,https://twitter.com/i/web/status/1289768251107323905,@TimRRead @GregHuntMP @theage Ireland's #COVID19 education recovery package included funding for mental health support for students  https://t.co/Ns39F1uoVa,COVID19,COVID19
funding,2020-08-02 11:55:07,Duncanivison,https://twitter.com/Duncanivison,https://twitter.com/i/web/status/1289741488352452608,RT @GroupOfEight: #Go8 researchers @Sydney_Uni have been awarded more than $7 million federal funding for research to harness artificial in…,Go8,Go8
funding,2020-08-02 10:17:00,GroupOfEight,https://twitter.com/GroupOfEight,https://twitter.com/i/web/status/1289716796191211520,#Go8 researchers @Sydney_Uni have been awarded more than $7 million federal funding for research to harness artificial intelligence (AI) to diagnose and treat neurological and mental health disorders. @GregHuntMP  https://t.co/DDhblClFQB,Go8,Go8
artificial,2020-08-02 12:11:45,LeanneTogher,https://twitter.com/LeanneTogher,https://twitter.com/i/web/status/1289745672623685632,RT @GroupOfEight: #Go8 researchers @Sydney_Uni have been awarded more than $7 million federal funding for research to harness artificial in…,Go8,Go8
artificial,2020-08-02 11:55:07,Duncanivison,https://twitter.com/Duncanivison,https://twitter.com/i/web/status/1289741488352452608,RT @GroupOfEight: #Go8 researchers @Sydney_Uni have been awarded more than $7 million federal funding for research to harness artificial in…,Go8,Go8
artificial,2020-08-02 10:17:00,GroupOfEight,https://twitter.com/GroupOfEight,https://twitter.com/i/web/status/1289716796191211520,#Go8 researchers @Sydney_Uni have been awarded more than $7 million federal funding for research to harness artificial intelligence (AI) to diagnose and treat neurological and mental health disorders. @GregHuntMP  https://t.co/DDhblClFQB,Go8,Go8
#covid19vic,2020-08-04 18:15:19,MeganBarrow,https://twitter.com/MeganBarrow,https://twitter.com/i/web/status/1290561944387166208,"Update on the gorgeous @mariekehardy's advice; I spoke with my GP &amp; have a travel letter detailing my anxiety &amp; that I may need a trip 7kms to my mama. She def wanted to check 're location/not in hot spot, &amp; how often, but had no issue doing it. #COVID19Vic #lockdownMelbourne",COVID19Vic,lockdownMelbourne
#covid19vic,2020-08-03 13:21:11,AmandaLNeil,https://twitter.com/AmandaLNeil,https://twitter.com/i/web/status/1290125535100596224,RT @MentalHealthVic: A welcome extension of Medicare subsidised sessions for ppl under further #COVID19Vic restrictions to receive #mentalh…,COVID19Vic,COVID19Vic
#covid19vic,2020-08-03 09:12:41,ingioz,https://twitter.com/ingioz,https://twitter.com/i/web/status/1290062998879404032,RT @MentalHealthVic: A welcome extension of Medicare subsidised sessions for ppl under further #COVID19Vic restrictions to receive #mentalh…,COVID19Vic,COVID19Vic
#covid19vic,2020-08-02 18:51:21,LivingWorksAus,https://twitter.com/LivingWorksAus,https://twitter.com/i/web/status/1289846233968701442,We welcome news #Medicare Better Access program will be expanded to provide Victorians access to a further 10 sessions under the mental health care plan   We will let our 15O suicide 1st aid  trainers in the state aware let vulnerable residents know #COVID19Vic @GregHuntMP @NMHC https://t.co/o9SRmneGw5,COVID19Vic,Medicare
#covid19vic,2020-08-03 09:01:06,BallaratCH,https://twitter.com/BallaratCH,https://twitter.com/i/web/status/1290060083859079168,RT @MentalHealthVic: A welcome extension of Medicare subsidised sessions for ppl under further #COVID19Vic restrictions to receive #mentalh…,COVID19Vic,COVID19Vic
#covid19vic,2020-08-03 22:52:46,DrESigston,https://twitter.com/DrESigston,https://twitter.com/i/web/status/1290269376730431488,RT @MentalHealthVic: A welcome extension of Medicare subsidised sessions for ppl under further #COVID19Vic restrictions to receive #mentalh…,COVID19Vic,COVID19Vic
#covid19vic,2020-08-03 08:52:08,brookmanknight,https://twitter.com/brookmanknight,https://twitter.com/i/web/status/1290057824815390720,RT @MentalHealthVic: A welcome extension of Medicare subsidised sessions for ppl under further #COVID19Vic restrictions to receive #mentalh…,COVID19Vic,COVID19Vic
#covid19vic,2020-08-03 18:43:03,FostKim,https://twitter.com/FostKim,https://twitter.com/i/web/status/1290206535323389952,RT @MentalHealthVic: A welcome extension of Medicare subsidised sessions for ppl under further #COVID19Vic restrictions to receive #mentalh…,COVID19Vic,COVID19Vic
#covid19vic,2020-08-03 09:16:47,MarcBryantAus,https://twitter.com/MarcBryantAus,https://twitter.com/i/web/status/1290064027373015041,RT @MentalHealthVic: A welcome extension of Medicare subsidised sessions for ppl under further #COVID19Vic restrictions to receive #mentalh…,COVID19Vic,COVID19Vic
#covid19vic,2020-08-03 08:49:39,BenMullingsPhD,https://twitter.com/BenMullingsPhD,https://twitter.com/i/web/status/1290057199939547136,RT @MentalHealthVic: A welcome extension of Medicare subsidised sessions for ppl under further #COVID19Vic restrictions to receive #mentalh…,COVID19Vic,COVID19Vic
announcement,2020-08-03 20:39:12,AlannaSincovich,https://twitter.com/AlannaSincovich,https://twitter.com/i/web/status/1290235765088083968,RT @_PHAA_: Positive to hear the announcement by @GregHuntMP that Australians under increased restrictions due to the second wave may be ab…,,
announcement,2020-08-03 17:26:28,UTAS_MPH,https://twitter.com/UTAS_MPH,https://twitter.com/i/web/status/1290187263091957761,RT @_PHAA_: Positive to hear the announcement by @GregHuntMP that Australians under increased restrictions due to the second wave may be ab…,,
announcement,2020-08-03 14:01:04,themancave_aus,https://twitter.com/themancave_aus,https://twitter.com/i/web/status/1290135571793244163,We want to give a big shout-out to @GregHuntMP for today's crucial announcement of $7.3 million in funding to support the mental health of Victorians in lockdown areas.   See all the details here 👇 https://t.co/cYnp9vgUrX 1/5,,
announcement,2020-08-03 15:24:35,Cwernlim,https://twitter.com/Cwernlim,https://twitter.com/i/web/status/1290156588242624512,RT @_PHAA_: Positive to hear the announcement by @GregHuntMP that Australians under increased restrictions due to the second wave may be ab…,,
announcement,2020-08-03 15:18:07,DrJenMarinoAus,https://twitter.com/DrJenMarinoAus,https://twitter.com/i/web/status/1290154962119344128,RT @_PHAA_: Positive to hear the announcement by @GregHuntMP that Australians under increased restrictions due to the second wave may be ab…,,
additional,2020-08-02 17:06:40,ZoeDTeh,https://twitter.com/ZoeDTeh,https://twitter.com/i/web/status/1289819890254098433,@GregHuntMP  just announced that those who've used up their ten mental health care sessions for the year can have an additional ten in #Victoria. Hoping these are here to stay moving forward! #mentalhealth #suicideprevention @chatsafe_au @orygen_aus,mentalhealth,Victoria
additional,2020-08-03 10:07:37,DrAsthaTomar,https://twitter.com/DrAsthaTomar,https://twitter.com/i/web/status/1290076821946429440,Thanks you ⁦@GregHuntMP⁩ for the additional COVID-19 Mental Health Support ⁦@RANZCP⁩  https://t.co/morKr2F5Je,,
additional,2020-08-03 09:33:06,psychwrite,https://twitter.com/psychwrite,https://twitter.com/i/web/status/1290068134288699397,Additional COVID-19 #MentalHealth Support  10 extra sessions commences on Friday 7 August and be available until 31 March 2021. It should be permanent - what can you ever really resolve in ten sessions?! @GregHuntMP   https://t.co/ptdFtoi2gK,MentalHealth,MentalHealth
additional,2020-08-03 16:04:51,PatMcGorry,https://twitter.com/PatMcGorry,https://twitter.com/i/web/status/1290166723245535232,RT @DrAsthaTomar: Thanks you ⁦@GregHuntMP⁩ for the additional COVID-19 Mental Health Support ⁦@RANZCP⁩  https://t.co/morKr2F5Je,,
additional,2020-08-03 10:35:58,RANZCP,https://twitter.com/RANZCP,https://twitter.com/i/web/status/1290083955585122304,RT @DrAsthaTomar: Thanks you ⁦@GregHuntMP⁩ for the additional COVID-19 Mental Health Support ⁦@RANZCP⁩  https://t.co/morKr2F5Je,,
covid,2020-08-04 18:15:19,MeganBarrow,https://twitter.com/MeganBarrow,https://twitter.com/i/web/status/1290561944387166208,"Update on the gorgeous @mariekehardy's advice; I spoke with my GP &amp; have a travel letter detailing my anxiety &amp; that I may need a trip 7kms to my mama. She def wanted to check 're location/not in hot spot, &amp; how often, but had no issue doing it. #COVID19Vic #lockdownMelbourne",COVID19Vic,lockdownMelbourne
covid,2020-07-29 11:06:03,blackdoginst,https://twitter.com/blackdoginst,https://twitter.com/i/web/status/1288279586988425216,A new study published today looks into people’s anxiety levels and how they were coping during the #COVID19au outbreak between 27th March &amp; 7th April.  Full media release: https://t.co/wCV4boSRBu  @drjillnewby #mentalhealth #COVID19 #research https://t.co/P7aaK92IYc,COVID19,research
covid,2020-08-02 12:00:13,RANZCP,https://twitter.com/RANZCP,https://twitter.com/i/web/status/1289742770899267584,Head to Health provides information and digital resources to help support people’s mental health and wellbeing during the #COVID19 pandemic https://t.co/7YMskh6atU #COVID19,COVID19,COVID19
covid,2020-08-03 13:21:11,AmandaLNeil,https://twitter.com/AmandaLNeil,https://twitter.com/i/web/status/1290125535100596224,RT @MentalHealthVic: A welcome extension of Medicare subsidised sessions for ppl under further #COVID19Vic restrictions to receive #mentalh…,COVID19Vic,COVID19Vic
covid,2020-08-03 10:07:37,DrAsthaTomar,https://twitter.com/DrAsthaTomar,https://twitter.com/i/web/status/1290076821946429440,Thanks you ⁦@GregHuntMP⁩ for the additional COVID-19 Mental Health Support ⁦@RANZCP⁩  https://t.co/morKr2F5Je,,
covid,2020-08-03 09:12:41,ingioz,https://twitter.com/ingioz,https://twitter.com/i/web/status/1290062998879404032,RT @MentalHealthVic: A welcome extension of Medicare subsidised sessions for ppl under further #COVID19Vic restrictions to receive #mentalh…,COVID19Vic,COVID19Vic
covid,2020-08-02 18:51:21,LivingWorksAus,https://twitter.com/LivingWorksAus,https://twitter.com/i/web/status/1289846233968701442,We welcome news #Medicare Better Access program will be expanded to provide Victorians access to a further 10 sessions under the mental health care plan   We will let our 15O suicide 1st aid  trainers in the state aware let vulnerable residents know #COVID19Vic @GregHuntMP @NMHC https://t.co/o9SRmneGw5,COVID19Vic,Medicare
covid,2020-08-03 09:01:06,BallaratCH,https://twitter.com/BallaratCH,https://twitter.com/i/web/status/1290060083859079168,RT @MentalHealthVic: A welcome extension of Medicare subsidised sessions for ppl under further #COVID19Vic restrictions to receive #mentalh…,COVID19Vic,COVID19Vic
covid,2020-08-03 22:52:46,DrESigston,https://twitter.com/DrESigston,https://twitter.com/i/web/status/1290269376730431488,RT @MentalHealthVic: A welcome extension of Medicare subsidised sessions for ppl under further #COVID19Vic restrictions to receive #mentalh…,COVID19Vic,COVID19Vic
covid,2020-08-03 08:52:08,brookmanknight,https://twitter.com/brookmanknight,https://twitter.com/i/web/status/1290057824815390720,RT @MentalHealthVic: A welcome extension of Medicare subsidised sessions for ppl under further #COVID19Vic restrictions to receive #mentalh…,COVID19Vic,COVID19Vic
award,2020-08-02 12:11:45,LeanneTogher,https://twitter.com/LeanneTogher,https://twitter.com/i/web/status/1289745672623685632,RT @GroupOfEight: #Go8 researchers @Sydney_Uni have been awarded more than $7 million federal funding for research to harness artificial in…,Go8,Go8
award,2020-08-02 11:55:07,Duncanivison,https://twitter.com/Duncanivison,https://twitter.com/i/web/status/1289741488352452608,RT @GroupOfEight: #Go8 researchers @Sydney_Uni have been awarded more than $7 million federal funding for research to harness artificial in…,Go8,Go8
award,2020-08-02 10:17:00,GroupOfEight,https://twitter.com/GroupOfEight,https://twitter.com/i/web/status/1289716796191211520,#Go8 researchers @Sydney_Uni have been awarded more than $7 million federal funding for research to harness artificial intelligence (AI) to diagnose and treat neurological and mental health disorders. @GregHuntMP  https://t.co/DDhblClFQB,Go8,Go8
award,2020-08-04 13:22:28,paulsulloBME,https://twitter.com/paulsulloBME,https://twitter.com/i/web/status/1290488246825185284,"Excited that Episode 1 from our Mental Health Series won a Merit Award @impactdocsaward Great for #Mentalhealth and the Arts @GregHuntMP @PaulFletcherMP Thanks @bronnietaylor, @AIAVitalityAU,  and @blackdoginst for all the support &amp; encouragement! https://t.co/tSYiKg29tY https://t.co/SPMAwLydH4",Mentalhealth,Mentalhealth
resource,2020-07-28 20:21:52,mindfullmedic,https://twitter.com/mindfullmedic,https://twitter.com/i/web/status/1288057074136412163,"RT @KarenGaunson: Early &amp; sustained preparation re healthcare worker wellbeing created resources, peer networks &amp; pathways to mental health…",,
resource,2020-08-02 16:31:24,HandnHandAU,https://twitter.com/HandnHandAU,https://twitter.com/i/web/status/1289811014502846466,RT @RANZCP: Head to Health provides information and digital resources to help support people’s mental health and wellbeing during the #COVI…,,
resource,2020-08-02 12:40:38,claire_melb,https://twitter.com/claire_melb,https://twitter.com/i/web/status/1289752942979854336,RT @RANZCP: Head to Health provides information and digital resources to help support people’s mental health and wellbeing during the #COVI…,,
resource,2020-08-02 23:50:34,gsta,https://twitter.com/gsta,https://twitter.com/i/web/status/1289921537500307458,"In case anyone needs it, here's a list of legit resources for taking care of mental health https://t.co/a4TQott5sZ - take care of you, take care of each other, don't be afraid to reach out.",,
resource,2020-08-04 11:35:32,MASCA_National,https://twitter.com/MASCA_National,https://twitter.com/i/web/status/1290461333763260418,Head to Health is a digital mental health initiative by the Australian Department of Health to improve and support your mental wellbeing.   Find out more here: https://t.co/T9DJHZOgNx  Find more mental health resources here: https://t.co/AFN24eUUhW https://t.co/tXADHbaYQu,,
resource,2020-08-04 12:45:05,nightdrperth,https://twitter.com/nightdrperth,https://twitter.com/i/web/status/1290478838762188801,"If you’re trying to improve your own mental health, or support somebody else's mental health issues, check out the Head to Health website which provides links to trusted Australian online and phone supports, resources and treatment options.  Click here: https://t.co/wLzVoj2jlG https://t.co/6SIxcurqtv",,
resource,2020-08-02 12:00:13,RANZCP,https://twitter.com/RANZCP,https://twitter.com/i/web/status/1289742770899267584,Head to Health provides information and digital resources to help support people’s mental health and wellbeing during the #COVID19 pandemic https://t.co/7YMskh6atU #COVID19,COVID19,COVID19
resource,2020-08-04 11:44:38,DiabetesAus,https://twitter.com/DiabetesAus,https://twitter.com/i/web/status/1290463623970684933,RT @NDSS_AUS: It's OCD &amp; Anxiety Disorders Week!  We have a range of emotional health resources to help you take care of yourself. You can…,,
resource,2020-07-31 13:01:59,MHFA_Australia,https://twitter.com/MHFA_Australia,https://twitter.com/i/web/status/1289033538180980736,"We are extremely pleased to see the launch of the #ZeroSuicide directory of training programs produced by Life in Mind, in collaboration with the Zero Suicide Institute of Australasia. This resource includes Mental Health First Aid training. https://t.co/9s1Cc7WjMU @GregHuntMP",ZeroSuicide,ZeroSuicide
thanks,2020-08-03 10:07:37,DrAsthaTomar,https://twitter.com/DrAsthaTomar,https://twitter.com/i/web/status/1290076821946429440,Thanks you ⁦@GregHuntMP⁩ for the additional COVID-19 Mental Health Support ⁦@RANZCP⁩  https://t.co/morKr2F5Je,,
thanks,2020-08-03 16:04:51,PatMcGorry,https://twitter.com/PatMcGorry,https://twitter.com/i/web/status/1290166723245535232,RT @DrAsthaTomar: Thanks you ⁦@GregHuntMP⁩ for the additional COVID-19 Mental Health Support ⁦@RANZCP⁩  https://t.co/morKr2F5Je,,
thanks,2020-08-04 13:22:28,paulsulloBME,https://twitter.com/paulsulloBME,https://twitter.com/i/web/status/1290488246825185284,"Excited that Episode 1 from our Mental Health Series won a Merit Award @impactdocsaward Great for #Mentalhealth and the Arts @GregHuntMP @PaulFletcherMP Thanks @bronnietaylor, @AIAVitalityAU,  and @blackdoginst for all the support &amp; encouragement! https://t.co/tSYiKg29tY https://t.co/SPMAwLydH4",Mentalhealth,Mentalhealth
thanks,2020-08-03 10:35:58,RANZCP,https://twitter.com/RANZCP,https://twitter.com/i/web/status/1290083955585122304,RT @DrAsthaTomar: Thanks you ⁦@GregHuntMP⁩ for the additional COVID-19 Mental Health Support ⁦@RANZCP⁩  https://t.co/morKr2F5Je,,
research,2020-07-29 11:06:03,blackdoginst,https://twitter.com/blackdoginst,https://twitter.com/i/web/status/1288279586988425216,A new study published today looks into people’s anxiety levels and how they were coping during the #COVID19au outbreak between 27th March &amp; 7th April.  Full media release: https://t.co/wCV4boSRBu  @drjillnewby #mentalhealth #COVID19 #research https://t.co/P7aaK92IYc,COVID19,research
research,2020-08-02 12:11:45,LeanneTogher,https://twitter.com/LeanneTogher,https://twitter.com/i/web/status/1289745672623685632,RT @GroupOfEight: #Go8 researchers @Sydney_Uni have been awarded more than $7 million federal funding for research to harness artificial in…,Go8,Go8
research,2020-08-02 11:55:07,Duncanivison,https://twitter.com/Duncanivison,https://twitter.com/i/web/status/1289741488352452608,RT @GroupOfEight: #Go8 researchers @Sydney_Uni have been awarded more than $7 million federal funding for research to harness artificial in…,Go8,Go8
research,2020-08-02 10:17:00,GroupOfEight,https://twitter.com/GroupOfEight,https://twitter.com/i/web/status/1289716796191211520,#Go8 researchers @Sydney_Uni have been awarded more than $7 million federal funding for research to harness artificial intelligence (AI) to diagnose and treat neurological and mental health disorders. @GregHuntMP  https://t.co/DDhblClFQB,Go8,Go8
harness,2020-08-02 12:11:45,LeanneTogher,https://twitter.com/LeanneTogher,https://twitter.com/i/web/status/1289745672623685632,RT @GroupOfEight: #Go8 researchers @Sydney_Uni have been awarded more than $7 million federal funding for research to harness artificial in…,Go8,Go8
harness,2020-08-02 11:55:07,Duncanivison,https://twitter.com/Duncanivison,https://twitter.com/i/web/status/1289741488352452608,RT @GroupOfEight: #Go8 researchers @Sydney_Uni have been awarded more than $7 million federal funding for research to harness artificial in…,Go8,Go8
harness,2020-08-02 10:17:00,GroupOfEight,https://twitter.com/GroupOfEight,https://twitter.com/i/web/status/1289716796191211520,#Go8 researchers @Sydney_Uni have been awarded more than $7 million federal funding for research to harness artificial intelligence (AI) to diagnose and treat neurological and mental health disorders. @GregHuntMP  https://t.co/DDhblClFQB,Go8,Go8
extra,2020-08-03 13:50:46,HM_Christensen,https://twitter.com/HM_Christensen,https://twitter.com/i/web/status/1290132977741991936,"Good to see 10 extra Medicare subsidised psychological therapy sessions for those subject to stage 4 lockdown, critical to scale up digital mental health care &amp; extend telehealth measures to ensure preparedness into the future https://t.co/wK9YE6JcaO @blackdoginst @GregHuntMP",,
extra,2020-08-03 13:31:25,ANZAED1,https://twitter.com/ANZAED1,https://twitter.com/i/web/status/1290128110621351937,Important support for mental health needs of people in lockdown - 10 extra Medicare sessions just announced by @GregHuntMP https://t.co/sUmwKgDI8U,,
extra,2020-08-03 09:33:06,psychwrite,https://twitter.com/psychwrite,https://twitter.com/i/web/status/1290068134288699397,Additional COVID-19 #MentalHealth Support  10 extra sessions commences on Friday 7 August and be available until 31 March 2021. It should be permanent - what can you ever really resolve in ten sessions?! @GregHuntMP   https://t.co/ptdFtoi2gK,MentalHealth,MentalHealth
extra,2020-08-03 17:17:11,emmalilly0_o,https://twitter.com/emmalilly0_o,https://twitter.com/i/web/status/1290184926118031360,@ScottMorrisonMP Im not a fan but I appreciate you stuck up for @DanielAndrewsMP and the hard decisions he’s had to make &amp; the extra mental health support available.,,
#medicare,2020-08-02 19:23:16,ConnellShayne,https://twitter.com/ConnellShayne,https://twitter.com/i/web/status/1289854269743435776,RT @LivingWorksAus: We welcome news #Medicare Better Access program will be expanded to provide Victorians access to a further 10 sessions…,Medicare,Medicare
#medicare,2020-08-02 18:51:21,LivingWorksAus,https://twitter.com/LivingWorksAus,https://twitter.com/i/web/status/1289846233968701442,We welcome news #Medicare Better Access program will be expanded to provide Victorians access to a further 10 sessions under the mental health care plan   We will let our 15O suicide 1st aid  trainers in the state aware let vulnerable residents know #COVID19Vic @GregHuntMP @NMHC https://t.co/o9SRmneGw5,COVID19Vic,Medicare
#medicare,2020-08-03 13:52:01,LivingWorksAus,https://twitter.com/LivingWorksAus,https://twitter.com/i/web/status/1290133292054769664,RT @LivingWorksAus: We welcome news #Medicare Better Access program will be expanded to provide Victorians access to a further 10 sessions…,Medicare,Medicare
#medicare,2020-08-02 21:19:49,RTsatsis,https://twitter.com/RTsatsis,https://twitter.com/i/web/status/1289883598309359617,RT @LivingWorksAus: We welcome news #Medicare Better Access program will be expanded to provide Victorians access to a further 10 sessions…,Medicare,Medicare
#medicare,2020-08-02 19:08:18,MRidsdale16,https://twitter.com/MRidsdale16,https://twitter.com/i/web/status/1289850500511232001,RT @LivingWorksAus: We welcome news #Medicare Better Access program will be expanded to provide Victorians access to a further 10 sessions…,Medicare,Medicare
#medicare,2020-08-02 19:35:55,MeganBarrow,https://twitter.com/MeganBarrow,https://twitter.com/i/web/status/1289857452922425344,RT @LivingWorksAus: We welcome news #Medicare Better Access program will be expanded to provide Victorians access to a further 10 sessions…,Medicare,Medicare
#medicare,2020-08-02 19:08:00,MarcBryantAus,https://twitter.com/MarcBryantAus,https://twitter.com/i/web/status/1289850425886171136,RT @LivingWorksAus: We welcome news #Medicare Better Access program will be expanded to provide Victorians access to a further 10 sessions…,Medicare,Medicare
#medicare,2020-08-04 09:04:26,MurrayPHN,https://twitter.com/MurrayPHN,https://twitter.com/i/web/status/1290423310069579776,RT @LivingWorksAus: We welcome news #Medicare Better Access program will be expanded to provide Victorians access to a further 10 sessions…,Medicare,Medicare
extremely,2020-07-31 13:01:59,MHFA_Australia,https://twitter.com/MHFA_Australia,https://twitter.com/i/web/status/1289033538180980736,"We are extremely pleased to see the launch of the #ZeroSuicide directory of training programs produced by Life in Mind, in collaboration with the Zero Suicide Institute of Australasia. This resource includes Mental Health First Aid training. https://t.co/9s1Cc7WjMU @GregHuntMP",ZeroSuicide,ZeroSuicide
extremely,2020-08-01 08:48:44,suevmurray,https://twitter.com/suevmurray,https://twitter.com/i/web/status/1289332194519822337,"RT @MHFA_Australia: We are extremely pleased to see the launch of the #ZeroSuicide directory of training programs produced by Life in Mind,…",ZeroSuicide,ZeroSuicide
extremely,2020-07-28 14:25:33,MeshAwarenessAU,https://twitter.com/MeshAwarenessAU,https://twitter.com/i/web/status/1287967407110098944,We know that men and women with #surgicalmesh experience severe #depression #anxiety #trauma.  We also know that #creativeexpression using art can be extremely beneficial interventions for people living with #depression #anxiety #trauma  For those interested join Sane tonight. https://t.co/MVqe56Gqce,anxiety,trauma
session,2020-08-02 17:06:40,ZoeDTeh,https://twitter.com/ZoeDTeh,https://twitter.com/i/web/status/1289819890254098433,@GregHuntMP  just announced that those who've used up their ten mental health care sessions for the year can have an additional ten in #Victoria. Hoping these are here to stay moving forward! #mentalhealth #suicideprevention @chatsafe_au @orygen_aus,mentalhealth,Victoria
session,2020-08-03 13:21:11,AmandaLNeil,https://twitter.com/AmandaLNeil,https://twitter.com/i/web/status/1290125535100596224,RT @MentalHealthVic: A welcome extension of Medicare subsidised sessions for ppl under further #COVID19Vic restrictions to receive #mentalh…,COVID19Vic,COVID19Vic
session,2020-08-02 19:23:16,ConnellShayne,https://twitter.com/ConnellShayne,https://twitter.com/i/web/status/1289854269743435776,RT @LivingWorksAus: We welcome news #Medicare Better Access program will be expanded to provide Victorians access to a further 10 sessions…,Medicare,Medicare
session,2020-08-03 09:12:41,ingioz,https://twitter.com/ingioz,https://twitter.com/i/web/status/1290062998879404032,RT @MentalHealthVic: A welcome extension of Medicare subsidised sessions for ppl under further #COVID19Vic restrictions to receive #mentalh…,COVID19Vic,COVID19Vic
session,2020-08-02 18:51:21,LivingWorksAus,https://twitter.com/LivingWorksAus,https://twitter.com/i/web/status/1289846233968701442,We welcome news #Medicare Better Access program will be expanded to provide Victorians access to a further 10 sessions under the mental health care plan   We will let our 15O suicide 1st aid  trainers in the state aware let vulnerable residents know #COVID19Vic @GregHuntMP @NMHC https://t.co/o9SRmneGw5,COVID19Vic,Medicare
session,2020-08-03 13:52:01,LivingWorksAus,https://twitter.com/LivingWorksAus,https://twitter.com/i/web/status/1290133292054769664,RT @LivingWorksAus: We welcome news #Medicare Better Access program will be expanded to provide Victorians access to a further 10 sessions…,Medicare,Medicare
session,2020-08-02 21:19:49,RTsatsis,https://twitter.com/RTsatsis,https://twitter.com/i/web/status/1289883598309359617,RT @LivingWorksAus: We welcome news #Medicare Better Access program will be expanded to provide Victorians access to a further 10 sessions…,Medicare,Medicare
session,2020-08-03 09:01:06,BallaratCH,https://twitter.com/BallaratCH,https://twitter.com/i/web/status/1290060083859079168,RT @MentalHealthVic: A welcome extension of Medicare subsidised sessions for ppl under further #COVID19Vic restrictions to receive #mentalh…,COVID19Vic,COVID19Vic
session,2020-08-02 19:08:18,MRidsdale16,https://twitter.com/MRidsdale16,https://twitter.com/i/web/status/1289850500511232001,RT @LivingWorksAus: We welcome news #Medicare Better Access program will be expanded to provide Victorians access to a further 10 sessions…,Medicare,Medicare
session,2020-08-02 19:35:55,MeganBarrow,https://twitter.com/MeganBarrow,https://twitter.com/i/web/status/1289857452922425344,RT @LivingWorksAus: We welcome news #Medicare Better Access program will be expanded to provide Victorians access to a further 10 sessions…,Medicare,Medicare
extension,2020-08-03 13:21:11,AmandaLNeil,https://twitter.com/AmandaLNeil,https://twitter.com/i/web/status/1290125535100596224,RT @MentalHealthVic: A welcome extension of Medicare subsidised sessions for ppl under further #COVID19Vic restrictions to receive #mentalh…,COVID19Vic,COVID19Vic
extension,2020-08-03 09:12:41,ingioz,https://twitter.com/ingioz,https://twitter.com/i/web/status/1290062998879404032,RT @MentalHealthVic: A welcome extension of Medicare subsidised sessions for ppl under further #COVID19Vic restrictions to receive #mentalh…,COVID19Vic,COVID19Vic
extension,2020-08-03 09:01:06,BallaratCH,https://twitter.com/BallaratCH,https://twitter.com/i/web/status/1290060083859079168,RT @MentalHealthVic: A welcome extension of Medicare subsidised sessions for ppl under further #COVID19Vic restrictions to receive #mentalh…,COVID19Vic,COVID19Vic
extension,2020-08-03 22:52:46,DrESigston,https://twitter.com/DrESigston,https://twitter.com/i/web/status/1290269376730431488,RT @MentalHealthVic: A welcome extension of Medicare subsidised sessions for ppl under further #COVID19Vic restrictions to receive #mentalh…,COVID19Vic,COVID19Vic
extension,2020-08-03 08:52:08,brookmanknight,https://twitter.com/brookmanknight,https://twitter.com/i/web/status/1290057824815390720,RT @MentalHealthVic: A welcome extension of Medicare subsidised sessions for ppl under further #COVID19Vic restrictions to receive #mentalh…,COVID19Vic,COVID19Vic
extension,2020-08-03 18:43:03,FostKim,https://twitter.com/FostKim,https://twitter.com/i/web/status/1290206535323389952,RT @MentalHealthVic: A welcome extension of Medicare subsidised sessions for ppl under further #COVID19Vic restrictions to receive #mentalh…,COVID19Vic,COVID19Vic
extension,2020-08-03 09:16:47,MarcBryantAus,https://twitter.com/MarcBryantAus,https://twitter.com/i/web/status/1290064027373015041,RT @MentalHealthVic: A welcome extension of Medicare subsidised sessions for ppl under further #COVID19Vic restrictions to receive #mentalh…,COVID19Vic,COVID19Vic
extension,2020-08-03 08:49:39,BenMullingsPhD,https://twitter.com/BenMullingsPhD,https://twitter.com/i/web/status/1290057199939547136,RT @MentalHealthVic: A welcome extension of Medicare subsidised sessions for ppl under further #COVID19Vic restrictions to receive #mentalh…,COVID19Vic,COVID19Vic
extension,2020-08-03 08:37:57,MentalHealthVic,https://twitter.com/MentalHealthVic,https://twitter.com/i/web/status/1290054258763563010,"A welcome extension of Medicare subsidised sessions for ppl under further #COVID19Vic restrictions to receive #mentalhealth care from their psychologist, psychiatrist, GP or eligible allied health worker. Sessions extended beyond 10. @GregHuntMP https://t.co/hBNKUbmE8o",COVID19Vic,mentalhealth
extension,2020-08-03 16:05:03,PatMcGorry,https://twitter.com/PatMcGorry,https://twitter.com/i/web/status/1290166772566339584,RT @MentalHealthVic: A welcome extension of Medicare subsidised sessions for ppl under further #COVID19Vic restrictions to receive #mentalh…,COVID19Vic,COVID19Vic
impact,2020-07-30 19:44:09,healthgovau,https://twitter.com/healthgovau,https://twitter.com/i/web/status/1288772358841524224,"The changing environment can have an impact on your mental health, so it’s important to access support when you need it. For more information, visit https://t.co/R14edIrG81 https://t.co/zHTCCOYT5J",,
impact,2020-07-29 10:08:52,Gerbara5758,https://twitter.com/Gerbara5758,https://twitter.com/i/web/status/1288265195312123904,@healthgovau Change the first sentence to:  'The impacts of the Liberal government are tough and impacts our mental health.'  Fixed it.,,
impact,2020-08-03 09:30:21,FLMirabelli,https://twitter.com/FLMirabelli,https://twitter.com/i/web/status/1290067442320859139,Thank you @GregHuntMP for acknowledging the serious impact Stage 4 restrictions is having on those of us living through it. Your prompt action will assist those experiencing mental health issues during this time @CMorgan265,,
impact,2020-08-04 13:22:28,paulsulloBME,https://twitter.com/paulsulloBME,https://twitter.com/i/web/status/1290488246825185284,"Excited that Episode 1 from our Mental Health Series won a Merit Award @impactdocsaward Great for #Mentalhealth and the Arts @GregHuntMP @PaulFletcherMP Thanks @bronnietaylor, @AIAVitalityAU,  and @blackdoginst for all the support &amp; encouragement! https://t.co/tSYiKg29tY https://t.co/SPMAwLydH4",Mentalhealth,Mentalhealth
impact,2020-08-03 16:34:29,itjohnstone,https://twitter.com/itjohnstone,https://twitter.com/i/web/status/1290174178847465474,"@ian_hickie @BrainMind_Usyd @Sydney_Uni @GregHuntMP @Bowenchris @SabraLane @PatMcGorry @PatsKarvelas @orygen_aus @SuicidePrevAU @NMHC @CMorgan265 @AUMentalHealth @CSART_world @normanswan @frankelly08 @ama_media @GregorWell Thank you for this important work. Can I clarify, lest this be used by the anti-lockdown brigade to support their agenda, that these forecasts are based on the very many substantial impacts of the pandemic on mental health, including but by no means limited to restrictions?",,
victorian,2020-08-02 19:23:16,ConnellShayne,https://twitter.com/ConnellShayne,https://twitter.com/i/web/status/1289854269743435776,RT @LivingWorksAus: We welcome news #Medicare Better Access program will be expanded to provide Victorians access to a further 10 sessions…,Medicare,Medicare
victorian,2020-08-02 18:51:21,LivingWorksAus,https://twitter.com/LivingWorksAus,https://twitter.com/i/web/status/1289846233968701442,We welcome news #Medicare Better Access program will be expanded to provide Victorians access to a further 10 sessions under the mental health care plan   We will let our 15O suicide 1st aid  trainers in the state aware let vulnerable residents know #COVID19Vic @GregHuntMP @NMHC https://t.co/o9SRmneGw5,COVID19Vic,Medicare
victorian,2020-08-03 13:52:01,LivingWorksAus,https://twitter.com/LivingWorksAus,https://twitter.com/i/web/status/1290133292054769664,RT @LivingWorksAus: We welcome news #Medicare Better Access program will be expanded to provide Victorians access to a further 10 sessions…,Medicare,Medicare
victorian,2020-08-02 21:19:49,RTsatsis,https://twitter.com/RTsatsis,https://twitter.com/i/web/status/1289883598309359617,RT @LivingWorksAus: We welcome news #Medicare Better Access program will be expanded to provide Victorians access to a further 10 sessions…,Medicare,Medicare
victorian,2020-08-02 19:08:18,MRidsdale16,https://twitter.com/MRidsdale16,https://twitter.com/i/web/status/1289850500511232001,RT @LivingWorksAus: We welcome news #Medicare Better Access program will be expanded to provide Victorians access to a further 10 sessions…,Medicare,Medicare
victorian,2020-08-02 19:35:55,MeganBarrow,https://twitter.com/MeganBarrow,https://twitter.com/i/web/status/1289857452922425344,RT @LivingWorksAus: We welcome news #Medicare Better Access program will be expanded to provide Victorians access to a further 10 sessions…,Medicare,Medicare
victorian,2020-08-03 14:01:04,themancave_aus,https://twitter.com/themancave_aus,https://twitter.com/i/web/status/1290135571793244163,We want to give a big shout-out to @GregHuntMP for today's crucial announcement of $7.3 million in funding to support the mental health of Victorians in lockdown areas.   See all the details here 👇 https://t.co/cYnp9vgUrX 1/5,,
victorian,2020-08-02 19:08:00,MarcBryantAus,https://twitter.com/MarcBryantAus,https://twitter.com/i/web/status/1289850425886171136,RT @LivingWorksAus: We welcome news #Medicare Better Access program will be expanded to provide Victorians access to a further 10 sessions…,Medicare,Medicare
victorian,2020-08-04 09:04:26,MurrayPHN,https://twitter.com/MurrayPHN,https://twitter.com/i/web/status/1290423310069579776,RT @LivingWorksAus: We welcome news #Medicare Better Access program will be expanded to provide Victorians access to a further 10 sessions…,Medicare,Medicare
receive,2020-08-03 13:21:11,AmandaLNeil,https://twitter.com/AmandaLNeil,https://twitter.com/i/web/status/1290125535100596224,RT @MentalHealthVic: A welcome extension of Medicare subsidised sessions for ppl under further #COVID19Vic restrictions to receive #mentalh…,COVID19Vic,COVID19Vic
receive,2020-08-03 09:12:41,ingioz,https://twitter.com/ingioz,https://twitter.com/i/web/status/1290062998879404032,RT @MentalHealthVic: A welcome extension of Medicare subsidised sessions for ppl under further #COVID19Vic restrictions to receive #mentalh…,COVID19Vic,COVID19Vic
receive,2020-08-03 09:01:06,BallaratCH,https://twitter.com/BallaratCH,https://twitter.com/i/web/status/1290060083859079168,RT @MentalHealthVic: A welcome extension of Medicare subsidised sessions for ppl under further #COVID19Vic restrictions to receive #mentalh…,COVID19Vic,COVID19Vic
receive,2020-08-03 22:52:46,DrESigston,https://twitter.com/DrESigston,https://twitter.com/i/web/status/1290269376730431488,RT @MentalHealthVic: A welcome extension of Medicare subsidised sessions for ppl under further #COVID19Vic restrictions to receive #mentalh…,COVID19Vic,COVID19Vic
receive,2020-08-03 08:52:08,brookmanknight,https://twitter.com/brookmanknight,https://twitter.com/i/web/status/1290057824815390720,RT @MentalHealthVic: A welcome extension of Medicare subsidised sessions for ppl under further #COVID19Vic restrictions to receive #mentalh…,COVID19Vic,COVID19Vic
receive,2020-08-03 18:43:03,FostKim,https://twitter.com/FostKim,https://twitter.com/i/web/status/1290206535323389952,RT @MentalHealthVic: A welcome extension of Medicare subsidised sessions for ppl under further #COVID19Vic restrictions to receive #mentalh…,COVID19Vic,COVID19Vic
receive,2020-08-03 09:16:47,MarcBryantAus,https://twitter.com/MarcBryantAus,https://twitter.com/i/web/status/1290064027373015041,RT @MentalHealthVic: A welcome extension of Medicare subsidised sessions for ppl under further #COVID19Vic restrictions to receive #mentalh…,COVID19Vic,COVID19Vic
receive,2020-08-03 08:49:39,BenMullingsPhD,https://twitter.com/BenMullingsPhD,https://twitter.com/i/web/status/1290057199939547136,RT @MentalHealthVic: A welcome extension of Medicare subsidised sessions for ppl under further #COVID19Vic restrictions to receive #mentalh…,COVID19Vic,COVID19Vic
receive,2020-08-03 08:37:57,MentalHealthVic,https://twitter.com/MentalHealthVic,https://twitter.com/i/web/status/1290054258763563010,"A welcome extension of Medicare subsidised sessions for ppl under further #COVID19Vic restrictions to receive #mentalhealth care from their psychologist, psychiatrist, GP or eligible allied health worker. Sessions extended beyond 10. @GregHuntMP https://t.co/hBNKUbmE8o",COVID19Vic,mentalhealth
receive,2020-08-03 16:05:03,PatMcGorry,https://twitter.com/PatMcGorry,https://twitter.com/i/web/status/1290166772566339584,RT @MentalHealthVic: A welcome extension of Medicare subsidised sessions for ppl under further #COVID19Vic restrictions to receive #mentalh…,COVID19Vic,COVID19Vic
daily,2020-07-28 22:21:13,italiancutie82,https://twitter.com/italiancutie82,https://twitter.com/i/web/status/1288087112667893761,RT @healthgovau: Being active makes a big difference to your physical and mental health. Find a daily activity that works for you. For idea…,,
daily,2020-07-28 11:57:38,GaryWeingarten,https://twitter.com/GaryWeingarten,https://twitter.com/i/web/status/1287930181395587073,RT @healthgovau: Being active makes a big difference to your physical and mental health. Find a daily activity that works for you. For idea…,,
daily,2020-07-28 07:10:13,Sportiest_Spice,https://twitter.com/Sportiest_Spice,https://twitter.com/i/web/status/1287857850463580160,RT @healthgovau: Being active makes a big difference to your physical and mental health. Find a daily activity that works for you. For idea…,,
daily,2020-07-28 08:48:15,_NikitaKhanna,https://twitter.com/_NikitaKhanna,https://twitter.com/i/web/status/1287882521514897408,RT @healthgovau: Being active makes a big difference to your physical and mental health. Find a daily activity that works for you. For idea…,,
daily,2020-07-31 15:51:13,DrHannaSidjabat,https://twitter.com/DrHannaSidjabat,https://twitter.com/i/web/status/1289076128347381760,RT @healthgovau: Being active makes a big difference to your physical and mental health. Find a daily activity that works for you. For idea…,,
expand,2020-08-02 19:23:16,ConnellShayne,https://twitter.com/ConnellShayne,https://twitter.com/i/web/status/1289854269743435776,RT @LivingWorksAus: We welcome news #Medicare Better Access program will be expanded to provide Victorians access to a further 10 sessions…,Medicare,Medicare
expand,2020-08-02 18:51:21,LivingWorksAus,https://twitter.com/LivingWorksAus,https://twitter.com/i/web/status/1289846233968701442,We welcome news #Medicare Better Access program will be expanded to provide Victorians access to a further 10 sessions under the mental health care plan   We will let our 15O suicide 1st aid  trainers in the state aware let vulnerable residents know #COVID19Vic @GregHuntMP @NMHC https://t.co/o9SRmneGw5,COVID19Vic,Medicare
expand,2020-08-03 13:52:01,LivingWorksAus,https://twitter.com/LivingWorksAus,https://twitter.com/i/web/status/1290133292054769664,RT @LivingWorksAus: We welcome news #Medicare Better Access program will be expanded to provide Victorians access to a further 10 sessions…,Medicare,Medicare
expand,2020-08-02 21:19:49,RTsatsis,https://twitter.com/RTsatsis,https://twitter.com/i/web/status/1289883598309359617,RT @LivingWorksAus: We welcome news #Medicare Better Access program will be expanded to provide Victorians access to a further 10 sessions…,Medicare,Medicare
expand,2020-08-02 19:08:18,MRidsdale16,https://twitter.com/MRidsdale16,https://twitter.com/i/web/status/1289850500511232001,RT @LivingWorksAus: We welcome news #Medicare Better Access program will be expanded to provide Victorians access to a further 10 sessions…,Medicare,Medicare
expand,2020-08-02 19:35:55,MeganBarrow,https://twitter.com/MeganBarrow,https://twitter.com/i/web/status/1289857452922425344,RT @LivingWorksAus: We welcome news #Medicare Better Access program will be expanded to provide Victorians access to a further 10 sessions…,Medicare,Medicare
expand,2020-08-02 19:08:00,MarcBryantAus,https://twitter.com/MarcBryantAus,https://twitter.com/i/web/status/1289850425886171136,RT @LivingWorksAus: We welcome news #Medicare Better Access program will be expanded to provide Victorians access to a further 10 sessions…,Medicare,Medicare
expand,2020-08-04 09:04:26,MurrayPHN,https://twitter.com/MurrayPHN,https://twitter.com/i/web/status/1290423310069579776,RT @LivingWorksAus: We welcome news #Medicare Better Access program will be expanded to provide Victorians access to a further 10 sessions…,Medicare,Medicare
#mentalh,2020-07-30 00:53:10,AusCGGeneva,https://twitter.com/AusCGGeneva,https://twitter.com/i/web/status/1288487737725779972,"RT @healthgovau: If you’re experiencing ongoing #mentalhealth difficulties, it’s okay to speak-up and seek help. #HeadtoHealth can help you…",HeadtoHealth,mentalhealth
#mentalh,2020-08-02 17:06:40,ZoeDTeh,https://twitter.com/ZoeDTeh,https://twitter.com/i/web/status/1289819890254098433,@GregHuntMP  just announced that those who've used up their ten mental health care sessions for the year can have an additional ten in #Victoria. Hoping these are here to stay moving forward! #mentalhealth #suicideprevention @chatsafe_au @orygen_aus,mentalhealth,Victoria
#mentalh,2020-07-29 11:06:03,blackdoginst,https://twitter.com/blackdoginst,https://twitter.com/i/web/status/1288279586988425216,A new study published today looks into people’s anxiety levels and how they were coping during the #COVID19au outbreak between 27th March &amp; 7th April.  Full media release: https://t.co/wCV4boSRBu  @drjillnewby #mentalhealth #COVID19 #research https://t.co/P7aaK92IYc,COVID19,research
#mentalh,2020-08-03 13:21:11,AmandaLNeil,https://twitter.com/AmandaLNeil,https://twitter.com/i/web/status/1290125535100596224,RT @MentalHealthVic: A welcome extension of Medicare subsidised sessions for ppl under further #COVID19Vic restrictions to receive #mentalh…,COVID19Vic,COVID19Vic
#mentalh,2020-08-03 09:12:41,ingioz,https://twitter.com/ingioz,https://twitter.com/i/web/status/1290062998879404032,RT @MentalHealthVic: A welcome extension of Medicare subsidised sessions for ppl under further #COVID19Vic restrictions to receive #mentalh…,COVID19Vic,COVID19Vic
#mentalh,2020-08-03 09:01:06,BallaratCH,https://twitter.com/BallaratCH,https://twitter.com/i/web/status/1290060083859079168,RT @MentalHealthVic: A welcome extension of Medicare subsidised sessions for ppl under further #COVID19Vic restrictions to receive #mentalh…,COVID19Vic,COVID19Vic
#mentalh,2020-08-03 22:52:46,DrESigston,https://twitter.com/DrESigston,https://twitter.com/i/web/status/1290269376730431488,RT @MentalHealthVic: A welcome extension of Medicare subsidised sessions for ppl under further #COVID19Vic restrictions to receive #mentalh…,COVID19Vic,COVID19Vic
#mentalh,2020-08-03 08:52:08,brookmanknight,https://twitter.com/brookmanknight,https://twitter.com/i/web/status/1290057824815390720,RT @MentalHealthVic: A welcome extension of Medicare subsidised sessions for ppl under further #COVID19Vic restrictions to receive #mentalh…,COVID19Vic,COVID19Vic
#mentalh,2020-08-03 18:43:03,FostKim,https://twitter.com/FostKim,https://twitter.com/i/web/status/1290206535323389952,RT @MentalHealthVic: A welcome extension of Medicare subsidised sessions for ppl under further #COVID19Vic restrictions to receive #mentalh…,COVID19Vic,COVID19Vic
#mentalh,2020-08-03 09:16:47,MarcBryantAus,https://twitter.com/MarcBryantAus,https://twitter.com/i/web/status/1290064027373015041,RT @MentalHealthVic: A welcome extension of Medicare subsidised sessions for ppl under further #COVID19Vic restrictions to receive #mentalh…,COVID19Vic,COVID19Vic
#depression,2020-07-28 18:15:07,blackdoginst,https://twitter.com/blackdoginst,https://twitter.com/i/web/status/1288025179914985473,Are you a #psychologist with experience treating #youngpeople? We're interested in hearing your perspectives on mood monitoring and whether it predicts vulnerability to #depression. Get involved here: https://t.co/R80CkB3Zyw https://t.co/hQdccEUicS,depression,youngpeople
#depression,2020-07-28 21:10:59,MJ_Leaver,https://twitter.com/MJ_Leaver,https://twitter.com/i/web/status/1288069435111010305,"RT @imo_bell: At part of the @wellcometrust project on active ingredients underlying #youth #depression &amp; #anxiety, we are looking for clin…",anxiety,youth
#depression,2020-08-01 05:59:23,GaryWeingarten,https://twitter.com/GaryWeingarten,https://twitter.com/i/web/status/1289289575869775874,"#Exercise improves mental health by reducing #anxiety, #depression, and negative mood and by improving self-esteem and cognitive function. Exercise has also been found to alleviate  symptoms such as low self-esteem and social withdrawal.",anxiety,Exercise
#depression,2020-07-28 14:25:33,MeshAwarenessAU,https://twitter.com/MeshAwarenessAU,https://twitter.com/i/web/status/1287967407110098944,We know that men and women with #surgicalmesh experience severe #depression #anxiety #trauma.  We also know that #creativeexpression using art can be extremely beneficial interventions for people living with #depression #anxiety #trauma  For those interested join Sane tonight. https://t.co/MVqe56Gqce,anxiety,trauma
#anxiety,2020-07-28 21:10:59,MJ_Leaver,https://twitter.com/MJ_Leaver,https://twitter.com/i/web/status/1288069435111010305,"RT @imo_bell: At part of the @wellcometrust project on active ingredients underlying #youth #depression &amp; #anxiety, we are looking for clin…",anxiety,youth
#anxiety,2020-08-01 05:59:23,GaryWeingarten,https://twitter.com/GaryWeingarten,https://twitter.com/i/web/status/1289289575869775874,"#Exercise improves mental health by reducing #anxiety, #depression, and negative mood and by improving self-esteem and cognitive function. Exercise has also been found to alleviate  symptoms such as low self-esteem and social withdrawal.",anxiety,Exercise
#anxiety,2020-07-28 14:25:33,MeshAwarenessAU,https://twitter.com/MeshAwarenessAU,https://twitter.com/i/web/status/1287967407110098944,We know that men and women with #surgicalmesh experience severe #depression #anxiety #trauma.  We also know that #creativeexpression using art can be extremely beneficial interventions for people living with #depression #anxiety #trauma  For those interested join Sane tonight. https://t.co/MVqe56Gqce,anxiety,trauma
support,2020-08-02 16:31:24,HandnHandAU,https://twitter.com/HandnHandAU,https://twitter.com/i/web/status/1289811014502846466,RT @RANZCP: Head to Health provides information and digital resources to help support people’s mental health and wellbeing during the #COVI…,,
support,2020-07-30 19:44:09,healthgovau,https://twitter.com/healthgovau,https://twitter.com/i/web/status/1288772358841524224,"The changing environment can have an impact on your mental health, so it’s important to access support when you need it. For more information, visit https://t.co/R14edIrG81 https://t.co/zHTCCOYT5J",,
support,2020-08-02 12:40:38,claire_melb,https://twitter.com/claire_melb,https://twitter.com/i/web/status/1289752942979854336,RT @RANZCP: Head to Health provides information and digital resources to help support people’s mental health and wellbeing during the #COVI…,,
support,2020-08-04 11:35:32,MASCA_National,https://twitter.com/MASCA_National,https://twitter.com/i/web/status/1290461333763260418,Head to Health is a digital mental health initiative by the Australian Department of Health to improve and support your mental wellbeing.   Find out more here: https://t.co/T9DJHZOgNx  Find more mental health resources here: https://t.co/AFN24eUUhW https://t.co/tXADHbaYQu,,
support,2020-08-04 12:45:05,nightdrperth,https://twitter.com/nightdrperth,https://twitter.com/i/web/status/1290478838762188801,"If you’re trying to improve your own mental health, or support somebody else's mental health issues, check out the Head to Health website which provides links to trusted Australian online and phone supports, resources and treatment options.  Click here: https://t.co/wLzVoj2jlG https://t.co/6SIxcurqtv",,
support,2020-08-02 12:00:13,RANZCP,https://twitter.com/RANZCP,https://twitter.com/i/web/status/1289742770899267584,Head to Health provides information and digital resources to help support people’s mental health and wellbeing during the #COVID19 pandemic https://t.co/7YMskh6atU #COVID19,COVID19,COVID19
support,2020-08-03 10:07:37,DrAsthaTomar,https://twitter.com/DrAsthaTomar,https://twitter.com/i/web/status/1290076821946429440,Thanks you ⁦@GregHuntMP⁩ for the additional COVID-19 Mental Health Support ⁦@RANZCP⁩  https://t.co/morKr2F5Je,,
support,2020-08-03 14:01:04,themancave_aus,https://twitter.com/themancave_aus,https://twitter.com/i/web/status/1290135571793244163,We want to give a big shout-out to @GregHuntMP for today's crucial announcement of $7.3 million in funding to support the mental health of Victorians in lockdown areas.   See all the details here 👇 https://t.co/cYnp9vgUrX 1/5,,
support,2020-08-03 13:31:25,ANZAED1,https://twitter.com/ANZAED1,https://twitter.com/i/web/status/1290128110621351937,Important support for mental health needs of people in lockdown - 10 extra Medicare sessions just announced by @GregHuntMP https://t.co/sUmwKgDI8U,,
support,2020-08-02 13:41:28,DrRimmer,https://twitter.com/DrRimmer,https://twitter.com/i/web/status/1289768251107323905,@TimRRead @GregHuntMP @theage Ireland's #COVID19 education recovery package included funding for mental health support for students  https://t.co/Ns39F1uoVa,COVID19,COVID19
access,2020-07-30 19:44:09,healthgovau,https://twitter.com/healthgovau,https://twitter.com/i/web/status/1288772358841524224,"The changing environment can have an impact on your mental health, so it’s important to access support when you need it. For more information, visit https://t.co/R14edIrG81 https://t.co/zHTCCOYT5J",,
access,2020-08-02 19:23:16,ConnellShayne,https://twitter.com/ConnellShayne,https://twitter.com/i/web/status/1289854269743435776,RT @LivingWorksAus: We welcome news #Medicare Better Access program will be expanded to provide Victorians access to a further 10 sessions…,Medicare,Medicare
access,2020-08-02 18:51:21,LivingWorksAus,https://twitter.com/LivingWorksAus,https://twitter.com/i/web/status/1289846233968701442,We welcome news #Medicare Better Access program will be expanded to provide Victorians access to a further 10 sessions under the mental health care plan   We will let our 15O suicide 1st aid  trainers in the state aware let vulnerable residents know #COVID19Vic @GregHuntMP @NMHC https://t.co/o9SRmneGw5,COVID19Vic,Medicare
access,2020-08-03 13:52:01,LivingWorksAus,https://twitter.com/LivingWorksAus,https://twitter.com/i/web/status/1290133292054769664,RT @LivingWorksAus: We welcome news #Medicare Better Access program will be expanded to provide Victorians access to a further 10 sessions…,Medicare,Medicare
access,2020-08-02 21:19:49,RTsatsis,https://twitter.com/RTsatsis,https://twitter.com/i/web/status/1289883598309359617,RT @LivingWorksAus: We welcome news #Medicare Better Access program will be expanded to provide Victorians access to a further 10 sessions…,Medicare,Medicare
access,2020-08-02 19:08:18,MRidsdale16,https://twitter.com/MRidsdale16,https://twitter.com/i/web/status/1289850500511232001,RT @LivingWorksAus: We welcome news #Medicare Better Access program will be expanded to provide Victorians access to a further 10 sessions…,Medicare,Medicare
access,2020-08-02 19:35:55,MeganBarrow,https://twitter.com/MeganBarrow,https://twitter.com/i/web/status/1289857452922425344,RT @LivingWorksAus: We welcome news #Medicare Better Access program will be expanded to provide Victorians access to a further 10 sessions…,Medicare,Medicare
access,2020-08-02 19:08:00,MarcBryantAus,https://twitter.com/MarcBryantAus,https://twitter.com/i/web/status/1289850425886171136,RT @LivingWorksAus: We welcome news #Medicare Better Access program will be expanded to provide Victorians access to a further 10 sessions…,Medicare,Medicare
access,2020-08-04 09:04:26,MurrayPHN,https://twitter.com/MurrayPHN,https://twitter.com/i/web/status/1290423310069579776,RT @LivingWorksAus: We welcome news #Medicare Better Access program will be expanded to provide Victorians access to a further 10 sessions…,Medicare,Medicare
provide,2020-08-02 16:31:24,HandnHandAU,https://twitter.com/HandnHandAU,https://twitter.com/i/web/status/1289811014502846466,RT @RANZCP: Head to Health provides information and digital resources to help support people’s mental health and wellbeing during the #COVI…,,
provide,2020-08-02 12:40:38,claire_melb,https://twitter.com/claire_melb,https://twitter.com/i/web/status/1289752942979854336,RT @RANZCP: Head to Health provides information and digital resources to help support people’s mental health and wellbeing during the #COVI…,,
provide,2020-08-04 12:45:05,nightdrperth,https://twitter.com/nightdrperth,https://twitter.com/i/web/status/1290478838762188801,"If you’re trying to improve your own mental health, or support somebody else's mental health issues, check out the Head to Health website which provides links to trusted Australian online and phone supports, resources and treatment options.  Click here: https://t.co/wLzVoj2jlG https://t.co/6SIxcurqtv",,
provide,2020-08-02 12:00:13,RANZCP,https://twitter.com/RANZCP,https://twitter.com/i/web/status/1289742770899267584,Head to Health provides information and digital resources to help support people’s mental health and wellbeing during the #COVID19 pandemic https://t.co/7YMskh6atU #COVID19,COVID19,COVID19
provide,2020-08-02 19:23:16,ConnellShayne,https://twitter.com/ConnellShayne,https://twitter.com/i/web/status/1289854269743435776,RT @LivingWorksAus: We welcome news #Medicare Better Access program will be expanded to provide Victorians access to a further 10 sessions…,Medicare,Medicare
provide,2020-08-02 18:51:21,LivingWorksAus,https://twitter.com/LivingWorksAus,https://twitter.com/i/web/status/1289846233968701442,We welcome news #Medicare Better Access program will be expanded to provide Victorians access to a further 10 sessions under the mental health care plan   We will let our 15O suicide 1st aid  trainers in the state aware let vulnerable residents know #COVID19Vic @GregHuntMP @NMHC https://t.co/o9SRmneGw5,COVID19Vic,Medicare
provide,2020-08-03 13:52:01,LivingWorksAus,https://twitter.com/LivingWorksAus,https://twitter.com/i/web/status/1290133292054769664,RT @LivingWorksAus: We welcome news #Medicare Better Access program will be expanded to provide Victorians access to a further 10 sessions…,Medicare,Medicare
provide,2020-08-02 21:19:49,RTsatsis,https://twitter.com/RTsatsis,https://twitter.com/i/web/status/1289883598309359617,RT @LivingWorksAus: We welcome news #Medicare Better Access program will be expanded to provide Victorians access to a further 10 sessions…,Medicare,Medicare
provide,2020-08-02 19:08:18,MRidsdale16,https://twitter.com/MRidsdale16,https://twitter.com/i/web/status/1289850500511232001,RT @LivingWorksAus: We welcome news #Medicare Better Access program will be expanded to provide Victorians access to a further 10 sessions…,Medicare,Medicare
provide,2020-08-02 19:35:55,MeganBarrow,https://twitter.com/MeganBarrow,https://twitter.com/i/web/status/1289857452922425344,RT @LivingWorksAus: We welcome news #Medicare Better Access program will be expanded to provide Victorians access to a further 10 sessions…,Medicare,Medicare
program,2020-08-02 19:23:16,ConnellShayne,https://twitter.com/ConnellShayne,https://twitter.com/i/web/status/1289854269743435776,RT @LivingWorksAus: We welcome news #Medicare Better Access program will be expanded to provide Victorians access to a further 10 sessions…,Medicare,Medicare
program,2020-08-02 18:51:21,LivingWorksAus,https://twitter.com/LivingWorksAus,https://twitter.com/i/web/status/1289846233968701442,We welcome news #Medicare Better Access program will be expanded to provide Victorians access to a further 10 sessions under the mental health care plan   We will let our 15O suicide 1st aid  trainers in the state aware let vulnerable residents know #COVID19Vic @GregHuntMP @NMHC https://t.co/o9SRmneGw5,COVID19Vic,Medicare
program,2020-08-03 13:52:01,LivingWorksAus,https://twitter.com/LivingWorksAus,https://twitter.com/i/web/status/1290133292054769664,RT @LivingWorksAus: We welcome news #Medicare Better Access program will be expanded to provide Victorians access to a further 10 sessions…,Medicare,Medicare
program,2020-08-02 21:19:49,RTsatsis,https://twitter.com/RTsatsis,https://twitter.com/i/web/status/1289883598309359617,RT @LivingWorksAus: We welcome news #Medicare Better Access program will be expanded to provide Victorians access to a further 10 sessions…,Medicare,Medicare
program,2020-08-02 19:08:18,MRidsdale16,https://twitter.com/MRidsdale16,https://twitter.com/i/web/status/1289850500511232001,RT @LivingWorksAus: We welcome news #Medicare Better Access program will be expanded to provide Victorians access to a further 10 sessions…,Medicare,Medicare
program,2020-08-02 19:35:55,MeganBarrow,https://twitter.com/MeganBarrow,https://twitter.com/i/web/status/1289857452922425344,RT @LivingWorksAus: We welcome news #Medicare Better Access program will be expanded to provide Victorians access to a further 10 sessions…,Medicare,Medicare
program,2020-07-31 13:01:59,MHFA_Australia,https://twitter.com/MHFA_Australia,https://twitter.com/i/web/status/1289033538180980736,"We are extremely pleased to see the launch of the #ZeroSuicide directory of training programs produced by Life in Mind, in collaboration with the Zero Suicide Institute of Australasia. This resource includes Mental Health First Aid training. https://t.co/9s1Cc7WjMU @GregHuntMP",ZeroSuicide,ZeroSuicide
program,2020-08-02 19:08:00,MarcBryantAus,https://twitter.com/MarcBryantAus,https://twitter.com/i/web/status/1289850425886171136,RT @LivingWorksAus: We welcome news #Medicare Better Access program will be expanded to provide Victorians access to a further 10 sessions…,Medicare,Medicare
program,2020-08-01 08:48:44,suevmurray,https://twitter.com/suevmurray,https://twitter.com/i/web/status/1289332194519822337,"RT @MHFA_Australia: We are extremely pleased to see the launch of the #ZeroSuicide directory of training programs produced by Life in Mind,…",ZeroSuicide,ZeroSuicide
program,2020-08-04 09:04:26,MurrayPHN,https://twitter.com/MurrayPHN,https://twitter.com/i/web/status/1290423310069579776,RT @LivingWorksAus: We welcome news #Medicare Better Access program will be expanded to provide Victorians access to a further 10 sessions…,Medicare,Medicare
make,2020-07-28 22:21:13,italiancutie82,https://twitter.com/italiancutie82,https://twitter.com/i/web/status/1288087112667893761,RT @healthgovau: Being active makes a big difference to your physical and mental health. Find a daily activity that works for you. For idea…,,
make,2020-07-28 11:57:38,GaryWeingarten,https://twitter.com/GaryWeingarten,https://twitter.com/i/web/status/1287930181395587073,RT @healthgovau: Being active makes a big difference to your physical and mental health. Find a daily activity that works for you. For idea…,,
make,2020-07-28 07:10:13,Sportiest_Spice,https://twitter.com/Sportiest_Spice,https://twitter.com/i/web/status/1287857850463580160,RT @healthgovau: Being active makes a big difference to your physical and mental health. Find a daily activity that works for you. For idea…,,
make,2020-07-28 08:48:15,_NikitaKhanna,https://twitter.com/_NikitaKhanna,https://twitter.com/i/web/status/1287882521514897408,RT @healthgovau: Being active makes a big difference to your physical and mental health. Find a daily activity that works for you. For idea…,,
make,2020-08-03 17:17:11,emmalilly0_o,https://twitter.com/emmalilly0_o,https://twitter.com/i/web/status/1290184926118031360,@ScottMorrisonMP Im not a fan but I appreciate you stuck up for @DanielAndrewsMP and the hard decisions he’s had to make &amp; the extra mental health support available.,,
make,2020-07-31 15:51:13,DrHannaSidjabat,https://twitter.com/DrHannaSidjabat,https://twitter.com/i/web/status/1289076128347381760,RT @healthgovau: Being active makes a big difference to your physical and mental health. Find a daily activity that works for you. For idea…,,
active,2020-07-28 22:21:13,italiancutie82,https://twitter.com/italiancutie82,https://twitter.com/i/web/status/1288087112667893761,RT @healthgovau: Being active makes a big difference to your physical and mental health. Find a daily activity that works for you. For idea…,,
active,2020-07-28 11:57:38,GaryWeingarten,https://twitter.com/GaryWeingarten,https://twitter.com/i/web/status/1287930181395587073,RT @healthgovau: Being active makes a big difference to your physical and mental health. Find a daily activity that works for you. For idea…,,
active,2020-07-28 07:10:13,Sportiest_Spice,https://twitter.com/Sportiest_Spice,https://twitter.com/i/web/status/1287857850463580160,RT @healthgovau: Being active makes a big difference to your physical and mental health. Find a daily activity that works for you. For idea…,,
active,2020-07-28 21:10:59,MJ_Leaver,https://twitter.com/MJ_Leaver,https://twitter.com/i/web/status/1288069435111010305,"RT @imo_bell: At part of the @wellcometrust project on active ingredients underlying #youth #depression &amp; #anxiety, we are looking for clin…",anxiety,youth
active,2020-07-28 08:48:15,_NikitaKhanna,https://twitter.com/_NikitaKhanna,https://twitter.com/i/web/status/1287882521514897408,RT @healthgovau: Being active makes a big difference to your physical and mental health. Find a daily activity that works for you. For idea…,,
active,2020-07-31 15:51:13,DrHannaSidjabat,https://twitter.com/DrHannaSidjabat,https://twitter.com/i/web/status/1289076128347381760,RT @healthgovau: Being active makes a big difference to your physical and mental health. Find a daily activity that works for you. For idea…,,
