keyword,counts
found,459
way,440
stories,416
suicidal,415
learn,383
thoughts,383
world,377
listen,374
share,361
sharing,347
eight,347
day,346
thoug,343
today,327
dedicated,318
clinics,313
honoured,309
prevention,308
hubs,307
suicid,304
support,302
additional,283
resources,273
#headtohelp,271
tomorrow,266
professionals,264
announced,264
suicide,258
#worldsuicidepreventionday,254
let,250
wishing,248
luck,248
thursday,248
24,248
locations,248
service,241
addressing,240
change,239
#1800respect,233
provide,231
advice,229
week,229
tend,229
adapt,229
paying,229
designed,229
website,229
hours,229
working,229
impact,222
reminder,220
chi,220
connected,220
whatever,220
murray,220
phn,220
located,220
help,218
call,211
people,210
extra,209
welcome,209
situation,208
self-isolating,208
discussion,208
forums,208
copin,208
blue,206
best,204
well,204
available,204
victorians,200
information,196
mon,195
referral,195
operate,195
maintain,195
ne,195
campaign,195
chair,195
connection,195
kindness,195
thro,195
commitment,195
across,195
access,194
#covid19,193
beyond,193
#domesticviolence,192
attention,188
worth,188
online,188
cup,185
affects,185
free,185
830am,179
595,179
212,179
wraparound,179
within,179
