keyword,counts
include,419
loads,413
valuable,413
particularly,411
lines,408
resources,404
#covid19aus,397
welcome,323
available,316
stories,289
mood,271
share,256
training,256
support,250
connected,248
kindness,248
ppl,248
together,246
tips,240
#mentalh,240
take,237
beat,229
healthy,229
extension,229
receive,229
let,220
little,220
hope,220
sleep,220
interested,220
self-isolating,220
discussion,220
access,217
work,214
living,209
25,208
#psychologist,208
treating,208
#youngpeople,208
hearing,208
perspectives,208
copin,208
gov,208
commitment,208
tim,208
august,208
resource,208
join,208
working,202
online,200
awareness,198
1800respect,196
moni,195
volunteers,195
combating,195
fallout,195
bring,195
cheer,195
chair,195
thro,195
updated,195
mindful,195
contacted,195
telephone,195
never,194
men,192
beyond,188
better,185
black,185
#medicare,185
blue,184
forums,180
addressing,180
website,180
wellbeing,179
five,179
activity,179
month,179
contains,179
communication,179
symbol,179
completed,179
scope,179
cou,179
useful,179
experience,176
chat,176
phone,175
day,175
gift,170
hampers,170
connection,170
compassion,170
thank,170
learn,170
guide,170
web,170
campaign,170
#1800respect,166
expanded,166
