Topic,word1,word2,word3,word4,word5,word6,word7,word8,word9,word10
Topic 1,indigenous,#coronavir,delivery,telehealth,program,disrupt,trialled,service,healthcare,wellbeing
Topic 2,impact,coronavirus,tough,depression,pandemic,join,spike,#sport,medal,black
Topic 3,support,uncertain,information,extra,time,overwhelm,understandable,touch,priority,active
Topic 4,come,advice,overwhelmin,follow,stopping,protest,australia,nurse,service,working
Topic 5,wellbeing,australian,pandemic,need,national,response,create,flight,flexible,reunite
