Topic,word1,word2,word3,word4,word5,word6,word7,word8,word9,word10
Topic 1,pandemic,wellbeing,national,australian,contact,response,need,people,time,student
Topic 2,financial,people,counsellor,sarah,1800respect,support,covid,stress,continue,safe
Topic 3,support,advice,stopping,protest,follow,come,overwhelmin,service,please,dedicate
Topic 4,impact,coronavirus,tough,professional,#covid19,#healthcare,pandemic,anxiety,caring,helping
Topic 5,lifeline,need,maybe,anyone,service,interpreting,difficult,others,helpline,available
