keyword,created_at_local_time,screen_name,user_URL,tweet_URL,tweet_text,hashtag1,hashtag2
honest,2020-08-24 21:48:00,MikegroomeMike,https://twitter.com/MikegroomeMike,https://twitter.com/i/web/status/1297863225707397120,RT @ian_hickie: @AustralianStory @greg_inglis Great to see such a personal and honest story where high quality mental health care is life-c…,,
honest,2020-08-25 06:43:51,QuentinMcDermot,https://twitter.com/QuentinMcDermot,https://twitter.com/i/web/status/1297998074539732992,RT @ian_hickie: @AustralianStory @greg_inglis Great to see such a personal and honest story where high quality mental health care is life-c…,,
honest,2020-08-24 21:23:29,PatMcGorry,https://twitter.com/PatMcGorry,https://twitter.com/i/web/status/1297857053994565632,RT @ian_hickie: @AustralianStory @greg_inglis Great to see such a personal and honest story where high quality mental health care is life-c…,,
keeping,2020-08-19 09:49:48,AmandaLNeil,https://twitter.com/AmandaLNeil,https://twitter.com/i/web/status/1295870545532092416,RT @johno0910: I need dozens of mental health nurses right now. Critical to support community based care &amp; keeping people out of ED. Succes…,,
keeping,2020-08-21 09:01:23,MarkRagg,https://twitter.com/MarkRagg,https://twitter.com/i/web/status/1296583133458923520,RT @johno0910: I need dozens of mental health nurses right now. Critical to support community based care &amp; keeping people out of ED. Succes…,,
keeping,2020-08-19 05:46:49,ingioz,https://twitter.com/ingioz,https://twitter.com/i/web/status/1295809396514013184,RT @johno0910: I need dozens of mental health nurses right now. Critical to support community based care &amp; keeping people out of ED. Succes…,,
keeping,2020-08-19 19:28:19,TruckerSlim,https://twitter.com/TruckerSlim,https://twitter.com/i/web/status/1296016131086376961,RT @johno0910: I need dozens of mental health nurses right now. Critical to support community based care &amp; keeping people out of ED. Succes…,,
keeping,2020-08-19 17:49:07,Sian_NP,https://twitter.com/Sian_NP,https://twitter.com/i/web/status/1295991169957076992,RT @johno0910: I need dozens of mental health nurses right now. Critical to support community based care &amp; keeping people out of ED. Succes…,,
keeping,2020-08-19 19:26:45,pagdavidson,https://twitter.com/pagdavidson,https://twitter.com/i/web/status/1296015738616999937,RT @johno0910: I need dozens of mental health nurses right now. Critical to support community based care &amp; keeping people out of ED. Succes…,,
keeping,2020-08-19 02:08:01,Dpeters1977,https://twitter.com/Dpeters1977,https://twitter.com/i/web/status/1295754334647365632,RT @johno0910: I need dozens of mental health nurses right now. Critical to support community based care &amp; keeping people out of ED. Succes…,,
keeping,2020-08-19 07:46:58,jaynediver,https://twitter.com/jaynediver,https://twitter.com/i/web/status/1295839630571397121,RT @johno0910: I need dozens of mental health nurses right now. Critical to support community based care &amp; keeping people out of ED. Succes…,,
practitiiner,2020-08-25 18:27:00,Sian_NP,https://twitter.com/Sian_NP,https://twitter.com/i/web/status/1298175030648479744,RT @LornaMoxham: @GregHuntMP  Dear Minister - Sian Pritchard @Sian_NP is a highly qualified experienced Nurse Practitiiner who can provide…,,
practitiiner,2020-08-25 18:26:14,LornaMoxham,https://twitter.com/LornaMoxham,https://twitter.com/i/web/status/1298174837777526785,@GregHuntMP  Dear Minister - Sian Pritchard @Sian_NP is a highly qualified experienced Nurse Practitiiner who can provide mental health care with a positive impact. Sian and others needs acces to MBS so more Australians can access help.,,
practitiiner,2020-08-25 20:59:19,23biwg,https://twitter.com/23biwg,https://twitter.com/i/web/status/1298213362602373122,RT @LornaMoxham: @GregHuntMP  Dear Minister - Sian Pritchard @Sian_NP is a highly qualified experienced Nurse Practitiiner who can provide…,,
practitiiner,2020-08-25 21:13:23,AccessAbleMH,https://twitter.com/AccessAbleMH,https://twitter.com/i/web/status/1298216902687219712,RT @LornaMoxham: @GregHuntMP  Dear Minister - Sian Pritchard @Sian_NP is a highly qualified experienced Nurse Practitiiner who can provide…,,
base,2020-08-19 09:49:48,AmandaLNeil,https://twitter.com/AmandaLNeil,https://twitter.com/i/web/status/1295870545532092416,RT @johno0910: I need dozens of mental health nurses right now. Critical to support community based care &amp; keeping people out of ED. Succes…,,
base,2020-08-21 09:01:23,MarkRagg,https://twitter.com/MarkRagg,https://twitter.com/i/web/status/1296583133458923520,RT @johno0910: I need dozens of mental health nurses right now. Critical to support community based care &amp; keeping people out of ED. Succes…,,
base,2020-08-19 05:46:49,ingioz,https://twitter.com/ingioz,https://twitter.com/i/web/status/1295809396514013184,RT @johno0910: I need dozens of mental health nurses right now. Critical to support community based care &amp; keeping people out of ED. Succes…,,
base,2020-08-19 19:28:19,TruckerSlim,https://twitter.com/TruckerSlim,https://twitter.com/i/web/status/1296016131086376961,RT @johno0910: I need dozens of mental health nurses right now. Critical to support community based care &amp; keeping people out of ED. Succes…,,
base,2020-08-19 17:49:07,Sian_NP,https://twitter.com/Sian_NP,https://twitter.com/i/web/status/1295991169957076992,RT @johno0910: I need dozens of mental health nurses right now. Critical to support community based care &amp; keeping people out of ED. Succes…,,
base,2020-08-19 19:26:45,pagdavidson,https://twitter.com/pagdavidson,https://twitter.com/i/web/status/1296015738616999937,RT @johno0910: I need dozens of mental health nurses right now. Critical to support community based care &amp; keeping people out of ED. Succes…,,
base,2020-08-19 02:08:01,Dpeters1977,https://twitter.com/Dpeters1977,https://twitter.com/i/web/status/1295754334647365632,RT @johno0910: I need dozens of mental health nurses right now. Critical to support community based care &amp; keeping people out of ED. Succes…,,
base,2020-08-19 07:46:58,jaynediver,https://twitter.com/jaynediver,https://twitter.com/i/web/status/1295839630571397121,RT @johno0910: I need dozens of mental health nurses right now. Critical to support community based care &amp; keeping people out of ED. Succes…,,
touch,2020-08-20 19:48:06,necmisultan,https://twitter.com/necmisultan,https://twitter.com/i/web/status/1296383499155525632,"RT @healthgovau: Make mental health a priority. Eat well, stay active, stay in touch and seek help if needed.",,
touch,2020-08-25 11:30:25,ritahardiman,https://twitter.com/ritahardiman,https://twitter.com/i/web/status/1298070191453085696,"RT @healthgovau: Make mental health a priority. Eat well, stay active, stay in touch and seek help if needed.",,
touch,2020-08-23 09:42:30,thislittleduck1,https://twitter.com/thislittleduck1,https://twitter.com/i/web/status/1297318259570569219,"RT @healthgovau: Make mental health a priority. Eat well, stay active, stay in touch and seek help if needed.",,
touch,2020-08-21 14:20:07,SkippingGirl1,https://twitter.com/SkippingGirl1,https://twitter.com/i/web/status/1296663346825977857,"RT @healthgovau: Make mental health a priority. Eat well, stay active, stay in touch and seek help if needed.",,
touch,2020-08-20 21:29:40,ForU2CSandy,https://twitter.com/ForU2CSandy,https://twitter.com/i/web/status/1296409058824642560,"RT @healthgovau: Make mental health a priority. Eat well, stay active, stay in touch and seek help if needed.",,
touch,2020-08-23 08:40:29,MLTAV,https://twitter.com/MLTAV,https://twitter.com/i/web/status/1297302650313011200,"RT @healthgovau: Make mental health a priority. Eat well, stay active, stay in touch and seek help if needed.",,
touch,2020-08-22 17:42:19,dghyhyh,https://twitter.com/dghyhyh,https://twitter.com/i/web/status/1297076622332329984,"RT @healthgovau: Make mental health a priority. Eat well, stay active, stay in touch and seek help if needed.",,
intervention,2020-08-24 12:04:28,PatMcGorry,https://twitter.com/PatMcGorry,https://twitter.com/i/web/status/1297716372961521664,"RT @orygen_aus: READ | Entourage, a digital mental health intervention developed by Orygen, has been shown to reduce social anxiety symptom…",,
intervention,2020-08-25 07:15:40,anzmha,https://twitter.com/anzmha,https://twitter.com/i/web/status/1298006082778849281,"RT @orygen_aus: READ | Entourage, a digital mental health intervention developed by Orygen, has been shown to reduce social anxiety symptom…",,
daily,2020-08-20 13:09:38,AustraliaNews2U,https://twitter.com/AustraliaNews2U,https://twitter.com/i/web/status/1296283221286457349,RT @healthgovau: Being active makes a big difference to your physical and mental health. Find a daily activity that works for you while sta…,,
daily,2020-08-20 11:03:19,NCCgovau,https://twitter.com/NCCgovau,https://twitter.com/i/web/status/1296251434564857857,"RT @healthgovau: Sticking to a daily routine, eating well, exercising and getting enough sleep are all essential to maintaining your mental…",,
daily,2020-08-20 09:30:40,darlingdownshhs,https://twitter.com/darlingdownshhs,https://twitter.com/i/web/status/1296228119062274054,"RT @healthgovau: Sticking to a daily routine, eating well, exercising and getting enough sleep are all essential to maintaining your mental…",,
work,2020-08-20 13:09:22,AustraliaNews2U,https://twitter.com/AustraliaNews2U,https://twitter.com/i/web/status/1296283154639020032,RT @healthgovau: It’s important to do things that help you maintain good mental health. Take time to discover what works for you. If you ne…,,
work,2020-08-25 21:03:44,ramonshaban,https://twitter.com/ramonshaban,https://twitter.com/i/web/status/1298214473820327937,"RT @healthgovau: Thanks to all health, aged and disability care professionals - your work’s vital in the fight against #COVID19. Remember,…",COVID19,COVID19
work,2020-08-25 20:30:42,MJA_Editor,https://twitter.com/MJA_Editor,https://twitter.com/i/web/status/1298206159094951936,"RT @healthgovau: Thanks to all health, aged and disability care professionals - your work’s vital in the fight against #COVID19. Remember,…",COVID19,COVID19
work,2020-08-22 02:46:55,AusHCCanada,https://twitter.com/AusHCCanada,https://twitter.com/i/web/status/1296851287049302016,RT @healthgovau: It’s important to do things that help you maintain good mental health. Take time to discover what works for you. If you ne…,,
work,2020-08-25 21:03:27,1healthau,https://twitter.com/1healthau,https://twitter.com/i/web/status/1298214402575892480,"RT @healthgovau: Thanks to all health, aged and disability care professionals - your work’s vital in the fight against #COVID19. Remember,…",COVID19,COVID19
work,2020-08-20 13:09:38,AustraliaNews2U,https://twitter.com/AustraliaNews2U,https://twitter.com/i/web/status/1296283221286457349,RT @healthgovau: Being active makes a big difference to your physical and mental health. Find a daily activity that works for you while sta…,,
work,2020-08-19 11:35:25,Tjmitmir,https://twitter.com/Tjmitmir,https://twitter.com/i/web/status/1295897122319896577,Great article. A multidisciplinary mental health workforce includes Arts therapists - allied mental health professionals #arttherapy @comms_ahpa @PatMcGorry @MartinFoleyMP @cgdavey @GregHuntMP #artstherapy #ANZACATA @NMHC https://t.co/XCdbMewR4r,ANZACATA,arttherapy
active,2020-08-20 13:09:38,AustraliaNews2U,https://twitter.com/AustraliaNews2U,https://twitter.com/i/web/status/1296283221286457349,RT @healthgovau: Being active makes a big difference to your physical and mental health. Find a daily activity that works for you while sta…,,
active,2020-08-23 21:02:25,katrinamurphyir,https://twitter.com/katrinamurphyir,https://twitter.com/i/web/status/1297489367108186112,"@littlewordy @healthgovau I agree with you. Mental health needs streamlined, easy &amp; rapid access to medical providers and mental health specialists, wherever you are, however you are, and regardless of your financial status. Not facile TV ads. Good on you for trying to be proactive.",,
active,2020-08-20 19:48:06,necmisultan,https://twitter.com/necmisultan,https://twitter.com/i/web/status/1296383499155525632,"RT @healthgovau: Make mental health a priority. Eat well, stay active, stay in touch and seek help if needed.",,
active,2020-08-25 11:30:25,ritahardiman,https://twitter.com/ritahardiman,https://twitter.com/i/web/status/1298070191453085696,"RT @healthgovau: Make mental health a priority. Eat well, stay active, stay in touch and seek help if needed.",,
active,2020-08-23 09:42:30,thislittleduck1,https://twitter.com/thislittleduck1,https://twitter.com/i/web/status/1297318259570569219,"RT @healthgovau: Make mental health a priority. Eat well, stay active, stay in touch and seek help if needed.",,
active,2020-08-21 14:20:07,SkippingGirl1,https://twitter.com/SkippingGirl1,https://twitter.com/i/web/status/1296663346825977857,"RT @healthgovau: Make mental health a priority. Eat well, stay active, stay in touch and seek help if needed.",,
active,2020-08-20 21:29:40,ForU2CSandy,https://twitter.com/ForU2CSandy,https://twitter.com/i/web/status/1296409058824642560,"RT @healthgovau: Make mental health a priority. Eat well, stay active, stay in touch and seek help if needed.",,
active,2020-08-23 08:40:29,MLTAV,https://twitter.com/MLTAV,https://twitter.com/i/web/status/1297302650313011200,"RT @healthgovau: Make mental health a priority. Eat well, stay active, stay in touch and seek help if needed.",,
active,2020-08-22 17:42:19,dghyhyh,https://twitter.com/dghyhyh,https://twitter.com/i/web/status/1297076622332329984,"RT @healthgovau: Make mental health a priority. Eat well, stay active, stay in touch and seek help if needed.",,
action,2020-08-23 07:53:29,JasonTrethowan,https://twitter.com/JasonTrethowan,https://twitter.com/i/web/status/1297290822891626497,RT @ian_hickie: https://t.co/Fw34F2zxsi HOPE through actions ⁦@BrainMind_Usyd⁩ ⁦@PatMcGorry⁩ ⁦@JasonTrethowan⁩ ⁦@GregHuntMP⁩ ⁦@Bowenchris⁩…,,
action,2020-08-23 09:39:24,CarolRi29641054,https://twitter.com/CarolRi29641054,https://twitter.com/i/web/status/1297317477647441920,RT @ian_hickie: https://t.co/Fw34F2zxsi HOPE through actions ⁦@BrainMind_Usyd⁩ ⁦@PatMcGorry⁩ ⁦@JasonTrethowan⁩ ⁦@GregHuntMP⁩ ⁦@Bowenchris⁩…,,
action,2020-08-23 07:55:09,willclarkeinoz,https://twitter.com/willclarkeinoz,https://twitter.com/i/web/status/1297291245023158272,RT @ian_hickie: https://t.co/Fw34F2zxsi HOPE through actions ⁦@BrainMind_Usyd⁩ ⁦@PatMcGorry⁩ ⁦@JasonTrethowan⁩ ⁦@GregHuntMP⁩ ⁦@Bowenchris⁩…,,
action,2020-08-23 08:27:10,JordsBaker,https://twitter.com/JordsBaker,https://twitter.com/i/web/status/1297299301362577408,RT @ian_hickie: https://t.co/Fw34F2zxsi HOPE through actions ⁦@BrainMind_Usyd⁩ ⁦@PatMcGorry⁩ ⁦@JasonTrethowan⁩ ⁦@GregHuntMP⁩ ⁦@Bowenchris⁩…,,
action,2020-08-23 15:47:58,Sian_NP,https://twitter.com/Sian_NP,https://twitter.com/i/web/status/1297410230121185281,RT @ian_hickie: https://t.co/Fw34F2zxsi HOPE through actions ⁦@BrainMind_Usyd⁩ ⁦@PatMcGorry⁩ ⁦@JasonTrethowan⁩ ⁦@GregHuntMP⁩ ⁦@Bowenchris⁩…,,
action,2020-08-23 11:13:32,jennysmith12345,https://twitter.com/jennysmith12345,https://twitter.com/i/web/status/1297341166585692160,RT @ian_hickie: https://t.co/Fw34F2zxsi HOPE through actions ⁦@BrainMind_Usyd⁩ ⁦@PatMcGorry⁩ ⁦@JasonTrethowan⁩ ⁦@GregHuntMP⁩ ⁦@Bowenchris⁩…,,
action,2020-08-23 07:47:50,ian_hickie,https://twitter.com/ian_hickie,https://twitter.com/i/web/status/1297289403501383680,https://t.co/Fw34F2zxsi HOPE through actions ⁦@BrainMind_Usyd⁩ ⁦@PatMcGorry⁩ ⁦@JasonTrethowan⁩ ⁦@GregHuntMP⁩ ⁦@Bowenchris⁩ ⁦@headspace_aus⁩ ⁦@PatsKarvelas⁩ ⁦@SabraLane⁩ ⁦@frankelly08⁩ ⁦@Sydney_Uni⁩ ⁦@LindaMottram⁩,,
action,2020-08-23 09:27:33,MShearerCEO,https://twitter.com/MShearerCEO,https://twitter.com/i/web/status/1297314495505657857,RT @ian_hickie: https://t.co/Fw34F2zxsi HOPE through actions ⁦@BrainMind_Usyd⁩ ⁦@PatMcGorry⁩ ⁦@JasonTrethowan⁩ ⁦@GregHuntMP⁩ ⁦@Bowenchris⁩…,,
action,2020-08-23 09:27:35,WLYeung,https://twitter.com/WLYeung,https://twitter.com/i/web/status/1297314503831326720,RT @ian_hickie: https://t.co/Fw34F2zxsi HOPE through actions ⁦@BrainMind_Usyd⁩ ⁦@PatMcGorry⁩ ⁦@JasonTrethowan⁩ ⁦@GregHuntMP⁩ ⁦@Bowenchris⁩…,,
action,2020-08-23 16:55:12,PatMcGorry,https://twitter.com/PatMcGorry,https://twitter.com/i/web/status/1297427150467813376,RT @ian_hickie: https://t.co/Fw34F2zxsi HOPE through actions ⁦@BrainMind_Usyd⁩ ⁦@PatMcGorry⁩ ⁦@JasonTrethowan⁩ ⁦@GregHuntMP⁩ ⁦@Bowenchris⁩…,,
pritchard,2020-08-25 18:27:00,Sian_NP,https://twitter.com/Sian_NP,https://twitter.com/i/web/status/1298175030648479744,RT @LornaMoxham: @GregHuntMP  Dear Minister - Sian Pritchard @Sian_NP is a highly qualified experienced Nurse Practitiiner who can provide…,,
pritchard,2020-08-25 18:26:14,LornaMoxham,https://twitter.com/LornaMoxham,https://twitter.com/i/web/status/1298174837777526785,@GregHuntMP  Dear Minister - Sian Pritchard @Sian_NP is a highly qualified experienced Nurse Practitiiner who can provide mental health care with a positive impact. Sian and others needs acces to MBS so more Australians can access help.,,
pritchard,2020-08-25 20:59:19,23biwg,https://twitter.com/23biwg,https://twitter.com/i/web/status/1298213362602373122,RT @LornaMoxham: @GregHuntMP  Dear Minister - Sian Pritchard @Sian_NP is a highly qualified experienced Nurse Practitiiner who can provide…,,
pritchard,2020-08-25 21:13:23,AccessAbleMH,https://twitter.com/AccessAbleMH,https://twitter.com/i/web/status/1298216902687219712,RT @LornaMoxham: @GregHuntMP  Dear Minister - Sian Pritchard @Sian_NP is a highly qualified experienced Nurse Practitiiner who can provide…,,
dozen,2020-08-19 09:49:48,AmandaLNeil,https://twitter.com/AmandaLNeil,https://twitter.com/i/web/status/1295870545532092416,RT @johno0910: I need dozens of mental health nurses right now. Critical to support community based care &amp; keeping people out of ED. Succes…,,
dozen,2020-08-21 09:01:23,MarkRagg,https://twitter.com/MarkRagg,https://twitter.com/i/web/status/1296583133458923520,RT @johno0910: I need dozens of mental health nurses right now. Critical to support community based care &amp; keeping people out of ED. Succes…,,
dozen,2020-08-19 05:46:49,ingioz,https://twitter.com/ingioz,https://twitter.com/i/web/status/1295809396514013184,RT @johno0910: I need dozens of mental health nurses right now. Critical to support community based care &amp; keeping people out of ED. Succes…,,
dozen,2020-08-19 19:28:19,TruckerSlim,https://twitter.com/TruckerSlim,https://twitter.com/i/web/status/1296016131086376961,RT @johno0910: I need dozens of mental health nurses right now. Critical to support community based care &amp; keeping people out of ED. Succes…,,
dozen,2020-08-19 17:49:07,Sian_NP,https://twitter.com/Sian_NP,https://twitter.com/i/web/status/1295991169957076992,RT @johno0910: I need dozens of mental health nurses right now. Critical to support community based care &amp; keeping people out of ED. Succes…,,
dozen,2020-08-19 19:26:45,pagdavidson,https://twitter.com/pagdavidson,https://twitter.com/i/web/status/1296015738616999937,RT @johno0910: I need dozens of mental health nurses right now. Critical to support community based care &amp; keeping people out of ED. Succes…,,
dozen,2020-08-19 02:08:01,Dpeters1977,https://twitter.com/Dpeters1977,https://twitter.com/i/web/status/1295754334647365632,RT @johno0910: I need dozens of mental health nurses right now. Critical to support community based care &amp; keeping people out of ED. Succes…,,
dozen,2020-08-19 07:46:58,jaynediver,https://twitter.com/jaynediver,https://twitter.com/i/web/status/1295839630571397121,RT @johno0910: I need dozens of mental health nurses right now. Critical to support community based care &amp; keeping people out of ED. Succes…,,
critical,2020-08-19 09:49:48,AmandaLNeil,https://twitter.com/AmandaLNeil,https://twitter.com/i/web/status/1295870545532092416,RT @johno0910: I need dozens of mental health nurses right now. Critical to support community based care &amp; keeping people out of ED. Succes…,,
critical,2020-08-21 09:01:23,MarkRagg,https://twitter.com/MarkRagg,https://twitter.com/i/web/status/1296583133458923520,RT @johno0910: I need dozens of mental health nurses right now. Critical to support community based care &amp; keeping people out of ED. Succes…,,
critical,2020-08-19 05:46:49,ingioz,https://twitter.com/ingioz,https://twitter.com/i/web/status/1295809396514013184,RT @johno0910: I need dozens of mental health nurses right now. Critical to support community based care &amp; keeping people out of ED. Succes…,,
critical,2020-08-19 19:28:19,TruckerSlim,https://twitter.com/TruckerSlim,https://twitter.com/i/web/status/1296016131086376961,RT @johno0910: I need dozens of mental health nurses right now. Critical to support community based care &amp; keeping people out of ED. Succes…,,
critical,2020-08-19 17:49:07,Sian_NP,https://twitter.com/Sian_NP,https://twitter.com/i/web/status/1295991169957076992,RT @johno0910: I need dozens of mental health nurses right now. Critical to support community based care &amp; keeping people out of ED. Succes…,,
critical,2020-08-19 19:26:45,pagdavidson,https://twitter.com/pagdavidson,https://twitter.com/i/web/status/1296015738616999937,RT @johno0910: I need dozens of mental health nurses right now. Critical to support community based care &amp; keeping people out of ED. Succes…,,
critical,2020-08-25 21:16:39,angelo_virgona,https://twitter.com/angelo_virgona,https://twitter.com/i/web/status/1298217724674371584,"@RANZCP @PatMcGorry @4corners @elisereports This could be mental health’s  George Floyd moment. Sure, not the first tragedy, but courageously told stories at a critical time in this debate, where Ministers have never been better informed of what’s needed to fix @GregHuntMP @bronnietaylor @MartinFoleyMP @ian_hickie",,
critical,2020-08-19 02:08:01,Dpeters1977,https://twitter.com/Dpeters1977,https://twitter.com/i/web/status/1295754334647365632,RT @johno0910: I need dozens of mental health nurses right now. Critical to support community based care &amp; keeping people out of ED. Succes…,,
critical,2020-08-19 07:46:58,jaynediver,https://twitter.com/jaynediver,https://twitter.com/i/web/status/1295839630571397121,RT @johno0910: I need dozens of mental health nurses right now. Critical to support community based care &amp; keeping people out of ED. Succes…,,
right,2020-08-19 09:49:48,AmandaLNeil,https://twitter.com/AmandaLNeil,https://twitter.com/i/web/status/1295870545532092416,RT @johno0910: I need dozens of mental health nurses right now. Critical to support community based care &amp; keeping people out of ED. Succes…,,
right,2020-08-21 09:01:23,MarkRagg,https://twitter.com/MarkRagg,https://twitter.com/i/web/status/1296583133458923520,RT @johno0910: I need dozens of mental health nurses right now. Critical to support community based care &amp; keeping people out of ED. Succes…,,
right,2020-08-19 05:46:49,ingioz,https://twitter.com/ingioz,https://twitter.com/i/web/status/1295809396514013184,RT @johno0910: I need dozens of mental health nurses right now. Critical to support community based care &amp; keeping people out of ED. Succes…,,
right,2020-08-19 19:28:19,TruckerSlim,https://twitter.com/TruckerSlim,https://twitter.com/i/web/status/1296016131086376961,RT @johno0910: I need dozens of mental health nurses right now. Critical to support community based care &amp; keeping people out of ED. Succes…,,
right,2020-08-19 17:49:07,Sian_NP,https://twitter.com/Sian_NP,https://twitter.com/i/web/status/1295991169957076992,RT @johno0910: I need dozens of mental health nurses right now. Critical to support community based care &amp; keeping people out of ED. Succes…,,
right,2020-08-19 19:26:45,pagdavidson,https://twitter.com/pagdavidson,https://twitter.com/i/web/status/1296015738616999937,RT @johno0910: I need dozens of mental health nurses right now. Critical to support community based care &amp; keeping people out of ED. Succes…,,
right,2020-08-19 10:29:33,themancave_aus,https://twitter.com/themancave_aus,https://twitter.com/i/web/status/1295880549613973504,"Our politicians are doing all they can to support the mental health of Victorians doing it tough right now - thank you to @ScottMorrisonMP, @GregHuntMP, @DanielAndrewsMP, @JamesMerlinoMP, @GabbyWilliamsMP for your recent announcements, they'll make a difference for young people!",,
right,2020-08-19 02:08:01,Dpeters1977,https://twitter.com/Dpeters1977,https://twitter.com/i/web/status/1295754334647365632,RT @johno0910: I need dozens of mental health nurses right now. Critical to support community based care &amp; keeping people out of ED. Succes…,,
right,2020-08-19 07:46:58,jaynediver,https://twitter.com/jaynediver,https://twitter.com/i/web/status/1295839630571397121,RT @johno0910: I need dozens of mental health nurses right now. Critical to support community based care &amp; keeping people out of ED. Succes…,,
important,2020-08-22 10:15:03,NatRoad_AUS,https://twitter.com/NatRoad_AUS,https://twitter.com/i/web/status/1296964062602055680,"The impacts of the coronavirus outbreak, isolation and restrictions can make us feel anxious, stressed or overwhelmed. It’s more important than ever to take care of your mental health.   For further information and support visit: https://t.co/8eGSbGL3cc https://t.co/4riZhTTxVK",,
important,2020-08-20 13:09:22,AustraliaNews2U,https://twitter.com/AustraliaNews2U,https://twitter.com/i/web/status/1296283154639020032,RT @healthgovau: It’s important to do things that help you maintain good mental health. Take time to discover what works for you. If you ne…,,
important,2020-08-22 02:46:55,AusHCCanada,https://twitter.com/AusHCCanada,https://twitter.com/i/web/status/1296851287049302016,RT @healthgovau: It’s important to do things that help you maintain good mental health. Take time to discover what works for you. If you ne…,,
important,2020-08-20 10:42:49,dietitiansaus,https://twitter.com/dietitiansaus,https://twitter.com/i/web/status/1296246275168296960,"Great to see @GregHuntMP prioritise #Mentalhealth. Food and nutrition play an important role, and #APDs are a key part of the mental health care team. https://t.co/0yvqi6CPlL",APDs,Mentalhealth
important,2020-08-20 22:42:49,melissa__eaton,https://twitter.com/melissa__eaton,https://twitter.com/i/web/status/1296427468874813440,"RT @dietitiansaus: Great to see @GregHuntMP prioritise #Mentalhealth. Food and nutrition play an important role, and #APDs are a key part o…",APDs,Mentalhealth
people,2020-08-19 09:49:48,AmandaLNeil,https://twitter.com/AmandaLNeil,https://twitter.com/i/web/status/1295870545532092416,RT @johno0910: I need dozens of mental health nurses right now. Critical to support community based care &amp; keeping people out of ED. Succes…,,
people,2020-08-21 09:01:23,MarkRagg,https://twitter.com/MarkRagg,https://twitter.com/i/web/status/1296583133458923520,RT @johno0910: I need dozens of mental health nurses right now. Critical to support community based care &amp; keeping people out of ED. Succes…,,
people,2020-08-19 05:46:49,ingioz,https://twitter.com/ingioz,https://twitter.com/i/web/status/1295809396514013184,RT @johno0910: I need dozens of mental health nurses right now. Critical to support community based care &amp; keeping people out of ED. Succes…,,
people,2020-08-19 19:28:19,TruckerSlim,https://twitter.com/TruckerSlim,https://twitter.com/i/web/status/1296016131086376961,RT @johno0910: I need dozens of mental health nurses right now. Critical to support community based care &amp; keeping people out of ED. Succes…,,
people,2020-08-19 17:49:07,Sian_NP,https://twitter.com/Sian_NP,https://twitter.com/i/web/status/1295991169957076992,RT @johno0910: I need dozens of mental health nurses right now. Critical to support community based care &amp; keeping people out of ED. Succes…,,
people,2020-08-19 19:26:45,pagdavidson,https://twitter.com/pagdavidson,https://twitter.com/i/web/status/1296015738616999937,RT @johno0910: I need dozens of mental health nurses right now. Critical to support community based care &amp; keeping people out of ED. Succes…,,
people,2020-08-19 10:29:33,themancave_aus,https://twitter.com/themancave_aus,https://twitter.com/i/web/status/1295880549613973504,"Our politicians are doing all they can to support the mental health of Victorians doing it tough right now - thank you to @ScottMorrisonMP, @GregHuntMP, @DanielAndrewsMP, @JamesMerlinoMP, @GabbyWilliamsMP for your recent announcements, they'll make a difference for young people!",,
people,2020-08-20 12:00:32,RosesInTheOcean,https://twitter.com/RosesInTheOcean,https://twitter.com/i/web/status/1296265831278575617,"We know that young LGBTQIA+ people are at a higher risk of suicide, 12x more likely to experience depression, up to 5x more likely to experience anxiety &amp; 5x times more likely to attempt suicide. On Friday 28 August show your support for our LGBTQIA+ youth and #WearItPurple. https://t.co/w9IHhY5Ldz",WearItPurple,WearItPurple
people,2020-08-19 02:08:01,Dpeters1977,https://twitter.com/Dpeters1977,https://twitter.com/i/web/status/1295754334647365632,RT @johno0910: I need dozens of mental health nurses right now. Critical to support community based care &amp; keeping people out of ED. Succes…,,
people,2020-08-19 07:46:58,jaynediver,https://twitter.com/jaynediver,https://twitter.com/i/web/status/1295839630571397121,RT @johno0910: I need dozens of mental health nurses right now. Critical to support community based care &amp; keeping people out of ED. Succes…,,
anxiety,2020-08-24 12:04:28,PatMcGorry,https://twitter.com/PatMcGorry,https://twitter.com/i/web/status/1297716372961521664,"RT @orygen_aus: READ | Entourage, a digital mental health intervention developed by Orygen, has been shown to reduce social anxiety symptom…",,
anxiety,2020-08-23 16:30:45,Friendcare61,https://twitter.com/Friendcare61,https://twitter.com/i/web/status/1297421000049438721,"RT @AnxietyUK: Do you struggle to treat yourself with care and kindness? With Compassion Focused Therapy (CFT), you’ll learn how treating y…",,
anxiety,2020-08-19 07:59:07,anzmha,https://twitter.com/anzmha,https://twitter.com/i/web/status/1295842688810409984,"Tune in this week as I speak with JK about his life experiences with depression and anxiety and suicidal ideation, the stigma surrounding mental health, and learning how to thrive as an “all-black” of mental health and wellbeing. https://t.co/rwYCKZgl7F https://t.co/Do5LFXkHc6",,
anxiety,2020-08-25 07:15:40,anzmha,https://twitter.com/anzmha,https://twitter.com/i/web/status/1298006082778849281,"RT @orygen_aus: READ | Entourage, a digital mental health intervention developed by Orygen, has been shown to reduce social anxiety symptom…",,
anxiety,2020-08-21 11:01:50,chefsami_la,https://twitter.com/chefsami_la,https://twitter.com/i/web/status/1296613448000786433,162 days without him. 162 days of tears and heartache. Anxiety and depression. Wonder. Hope. Fear. Uncertainty. Disbelief. Anger. But I keep going. I keep fighting. I belong in his arms and nowhere else. @ScottMorrisonMP @zalisteggall @AusBorderForce @GregHuntMP @PeterDutton_MP,,
anxiety,2020-08-20 12:00:32,RosesInTheOcean,https://twitter.com/RosesInTheOcean,https://twitter.com/i/web/status/1296265831278575617,"We know that young LGBTQIA+ people are at a higher risk of suicide, 12x more likely to experience depression, up to 5x more likely to experience anxiety &amp; 5x times more likely to attempt suicide. On Friday 28 August show your support for our LGBTQIA+ youth and #WearItPurple. https://t.co/w9IHhY5Ldz",WearItPurple,WearItPurple
anxiety,2020-08-21 19:08:48,DrRimmer,https://twitter.com/DrRimmer,https://twitter.com/i/web/status/1296735996877258752,"'I think Morrison’s desire to project hope is absolutely genuine. The country needs hope. It has been a miserable year, full of stress and anxiety, and the future is highly uncertain.' @murpharoo https://t.co/uuypJs64kW #auspol #COVID19",auspol,COVID19
anxiety,2020-08-24 11:17:42,Ria_Hopkins,https://twitter.com/Ria_Hopkins,https://twitter.com/i/web/status/1297704605292228608,"RT @OpenAcademics: You are not alone! Anxiety or any other mental health illness is nothing to be ashamed of. Find supportive friends, fami…",,
anxiety,2020-08-23 20:23:17,begcrochet,https://twitter.com/begcrochet,https://twitter.com/i/web/status/1297479517657657344,"RT @caitlinmoran: Thank you to everyone talking about and sharing this today ... I know depression, anxiety and eating disorders are issues…",,
show,2020-08-24 12:04:28,PatMcGorry,https://twitter.com/PatMcGorry,https://twitter.com/i/web/status/1297716372961521664,"RT @orygen_aus: READ | Entourage, a digital mental health intervention developed by Orygen, has been shown to reduce social anxiety symptom…",,
show,2020-08-25 07:15:40,anzmha,https://twitter.com/anzmha,https://twitter.com/i/web/status/1298006082778849281,"RT @orygen_aus: READ | Entourage, a digital mental health intervention developed by Orygen, has been shown to reduce social anxiety symptom…",,
show,2020-08-20 12:00:32,RosesInTheOcean,https://twitter.com/RosesInTheOcean,https://twitter.com/i/web/status/1296265831278575617,"We know that young LGBTQIA+ people are at a higher risk of suicide, 12x more likely to experience depression, up to 5x more likely to experience anxiety &amp; 5x times more likely to attempt suicide. On Friday 28 August show your support for our LGBTQIA+ youth and #WearItPurple. https://t.co/w9IHhY5Ldz",WearItPurple,WearItPurple
personal,2020-08-24 21:48:00,MikegroomeMike,https://twitter.com/MikegroomeMike,https://twitter.com/i/web/status/1297863225707397120,RT @ian_hickie: @AustralianStory @greg_inglis Great to see such a personal and honest story where high quality mental health care is life-c…,,
personal,2020-08-25 06:43:51,QuentinMcDermot,https://twitter.com/QuentinMcDermot,https://twitter.com/i/web/status/1297998074539732992,RT @ian_hickie: @AustralianStory @greg_inglis Great to see such a personal and honest story where high quality mental health care is life-c…,,
personal,2020-08-24 21:23:29,PatMcGorry,https://twitter.com/PatMcGorry,https://twitter.com/i/web/status/1297857053994565632,RT @ian_hickie: @AustralianStory @greg_inglis Great to see such a personal and honest story where high quality mental health care is life-c…,,
minister,2020-08-25 18:27:00,Sian_NP,https://twitter.com/Sian_NP,https://twitter.com/i/web/status/1298175030648479744,RT @LornaMoxham: @GregHuntMP  Dear Minister - Sian Pritchard @Sian_NP is a highly qualified experienced Nurse Practitiiner who can provide…,,
minister,2020-08-25 18:26:14,LornaMoxham,https://twitter.com/LornaMoxham,https://twitter.com/i/web/status/1298174837777526785,@GregHuntMP  Dear Minister - Sian Pritchard @Sian_NP is a highly qualified experienced Nurse Practitiiner who can provide mental health care with a positive impact. Sian and others needs acces to MBS so more Australians can access help.,,
minister,2020-08-25 20:59:19,23biwg,https://twitter.com/23biwg,https://twitter.com/i/web/status/1298213362602373122,RT @LornaMoxham: @GregHuntMP  Dear Minister - Sian Pritchard @Sian_NP is a highly qualified experienced Nurse Practitiiner who can provide…,,
minister,2020-08-25 21:16:39,angelo_virgona,https://twitter.com/angelo_virgona,https://twitter.com/i/web/status/1298217724674371584,"@RANZCP @PatMcGorry @4corners @elisereports This could be mental health’s  George Floyd moment. Sure, not the first tragedy, but courageously told stories at a critical time in this debate, where Ministers have never been better informed of what’s needed to fix @GregHuntMP @bronnietaylor @MartinFoleyMP @ian_hickie",,
minister,2020-08-25 21:13:23,AccessAbleMH,https://twitter.com/AccessAbleMH,https://twitter.com/i/web/status/1298216902687219712,RT @LornaMoxham: @GregHuntMP  Dear Minister - Sian Pritchard @Sian_NP is a highly qualified experienced Nurse Practitiiner who can provide…,,
story,2020-08-24 21:48:00,MikegroomeMike,https://twitter.com/MikegroomeMike,https://twitter.com/i/web/status/1297863225707397120,RT @ian_hickie: @AustralianStory @greg_inglis Great to see such a personal and honest story where high quality mental health care is life-c…,,
story,2020-08-25 06:43:51,QuentinMcDermot,https://twitter.com/QuentinMcDermot,https://twitter.com/i/web/status/1297998074539732992,RT @ian_hickie: @AustralianStory @greg_inglis Great to see such a personal and honest story where high quality mental health care is life-c…,,
story,2020-08-24 21:23:29,PatMcGorry,https://twitter.com/PatMcGorry,https://twitter.com/i/web/status/1297857053994565632,RT @ian_hickie: @AustralianStory @greg_inglis Great to see such a personal and honest story where high quality mental health care is life-c…,,
#suicidepreventio,2020-08-20 18:55:27,nievesmurray,https://twitter.com/nievesmurray,https://twitter.com/i/web/status/1296370247969079296,RT @SuicidePrevAU: Welcome news: $31.9 million to create 15 mental health clinics across Victoria and enhance #COVID19Vic #SuicidePreventio…,COVID19Vic,COVID19Vic
#suicidepreventio,2020-08-20 19:50:23,Dpeters1977,https://twitter.com/Dpeters1977,https://twitter.com/i/web/status/1296384072223043584,RT @SuicidePrevAU: Welcome news: $31.9 million to create 15 mental health clinics across Victoria and enhance #COVID19Vic #SuicidePreventio…,COVID19Vic,COVID19Vic
likely,2020-08-20 12:00:32,RosesInTheOcean,https://twitter.com/RosesInTheOcean,https://twitter.com/i/web/status/1296265831278575617,"We know that young LGBTQIA+ people are at a higher risk of suicide, 12x more likely to experience depression, up to 5x more likely to experience anxiety &amp; 5x times more likely to attempt suicide. On Friday 28 August show your support for our LGBTQIA+ youth and #WearItPurple. https://t.co/w9IHhY5Ldz",WearItPurple,WearItPurple
reduce,2020-08-24 12:04:28,PatMcGorry,https://twitter.com/PatMcGorry,https://twitter.com/i/web/status/1297716372961521664,"RT @orygen_aus: READ | Entourage, a digital mental health intervention developed by Orygen, has been shown to reduce social anxiety symptom…",,
reduce,2020-08-25 07:15:40,anzmha,https://twitter.com/anzmha,https://twitter.com/i/web/status/1298006082778849281,"RT @orygen_aus: READ | Entourage, a digital mental health intervention developed by Orygen, has been shown to reduce social anxiety symptom…",,
community,2020-08-19 09:49:48,AmandaLNeil,https://twitter.com/AmandaLNeil,https://twitter.com/i/web/status/1295870545532092416,RT @johno0910: I need dozens of mental health nurses right now. Critical to support community based care &amp; keeping people out of ED. Succes…,,
community,2020-08-21 09:01:23,MarkRagg,https://twitter.com/MarkRagg,https://twitter.com/i/web/status/1296583133458923520,RT @johno0910: I need dozens of mental health nurses right now. Critical to support community based care &amp; keeping people out of ED. Succes…,,
community,2020-08-19 05:46:49,ingioz,https://twitter.com/ingioz,https://twitter.com/i/web/status/1295809396514013184,RT @johno0910: I need dozens of mental health nurses right now. Critical to support community based care &amp; keeping people out of ED. Succes…,,
community,2020-08-19 19:28:19,TruckerSlim,https://twitter.com/TruckerSlim,https://twitter.com/i/web/status/1296016131086376961,RT @johno0910: I need dozens of mental health nurses right now. Critical to support community based care &amp; keeping people out of ED. Succes…,,
community,2020-08-19 17:49:07,Sian_NP,https://twitter.com/Sian_NP,https://twitter.com/i/web/status/1295991169957076992,RT @johno0910: I need dozens of mental health nurses right now. Critical to support community based care &amp; keeping people out of ED. Succes…,,
community,2020-08-19 19:26:45,pagdavidson,https://twitter.com/pagdavidson,https://twitter.com/i/web/status/1296015738616999937,RT @johno0910: I need dozens of mental health nurses right now. Critical to support community based care &amp; keeping people out of ED. Succes…,,
community,2020-08-19 02:08:01,Dpeters1977,https://twitter.com/Dpeters1977,https://twitter.com/i/web/status/1295754334647365632,RT @johno0910: I need dozens of mental health nurses right now. Critical to support community based care &amp; keeping people out of ED. Succes…,,
community,2020-08-19 07:46:58,jaynediver,https://twitter.com/jaynediver,https://twitter.com/i/web/status/1295839630571397121,RT @johno0910: I need dozens of mental health nurses right now. Critical to support community based care &amp; keeping people out of ED. Succes…,,
digital,2020-08-24 12:04:28,PatMcGorry,https://twitter.com/PatMcGorry,https://twitter.com/i/web/status/1297716372961521664,"RT @orygen_aus: READ | Entourage, a digital mental health intervention developed by Orygen, has been shown to reduce social anxiety symptom…",,
digital,2020-08-25 07:15:40,anzmha,https://twitter.com/anzmha,https://twitter.com/i/web/status/1298006082778849281,"RT @orygen_aus: READ | Entourage, a digital mental health intervention developed by Orygen, has been shown to reduce social anxiety symptom…",,
develop,2020-08-24 12:04:28,PatMcGorry,https://twitter.com/PatMcGorry,https://twitter.com/i/web/status/1297716372961521664,"RT @orygen_aus: READ | Entourage, a digital mental health intervention developed by Orygen, has been shown to reduce social anxiety symptom…",,
develop,2020-08-25 07:15:40,anzmha,https://twitter.com/anzmha,https://twitter.com/i/web/status/1298006082778849281,"RT @orygen_aus: READ | Entourage, a digital mental health intervention developed by Orygen, has been shown to reduce social anxiety symptom…",,
guess,2020-08-22 21:00:15,botheredbynsw,https://twitter.com/botheredbynsw,https://twitter.com/i/web/status/1297126430535331842,"I’m watching Lock, Stock and Two Smoking Barrels.  If you haven’t guessed.   Mute the hashtag #flicksnochills  An Aus lockdown film watch.   Or just laugh  Exceptional script and movie from Guy Ritchie https://t.co/XOeTOPiSLm",flicksnochills,flicksnochills
alone,2020-08-19 07:33:39,anzmha,https://twitter.com/anzmha,https://twitter.com/i/web/status/1295836282292064257,RT @blackdoginst: “This is the first time researchers have ever been able to achieve reductions in depression incidence using an app alone.…,,
alone,2020-08-24 11:17:42,Ria_Hopkins,https://twitter.com/Ria_Hopkins,https://twitter.com/i/web/status/1297704605292228608,"RT @OpenAcademics: You are not alone! Anxiety or any other mental health illness is nothing to be ashamed of. Find supportive friends, fami…",,
orygen,2020-08-24 12:04:28,PatMcGorry,https://twitter.com/PatMcGorry,https://twitter.com/i/web/status/1297716372961521664,"RT @orygen_aus: READ | Entourage, a digital mental health intervention developed by Orygen, has been shown to reduce social anxiety symptom…",,
orygen,2020-08-25 07:15:40,anzmha,https://twitter.com/anzmha,https://twitter.com/i/web/status/1298006082778849281,"RT @orygen_aus: READ | Entourage, a digital mental health intervention developed by Orygen, has been shown to reduce social anxiety symptom…",,
great,2020-08-24 21:48:00,MikegroomeMike,https://twitter.com/MikegroomeMike,https://twitter.com/i/web/status/1297863225707397120,RT @ian_hickie: @AustralianStory @greg_inglis Great to see such a personal and honest story where high quality mental health care is life-c…,,
great,2020-08-25 06:43:51,QuentinMcDermot,https://twitter.com/QuentinMcDermot,https://twitter.com/i/web/status/1297998074539732992,RT @ian_hickie: @AustralianStory @greg_inglis Great to see such a personal and honest story where high quality mental health care is life-c…,,
great,2020-08-24 21:23:29,PatMcGorry,https://twitter.com/PatMcGorry,https://twitter.com/i/web/status/1297857053994565632,RT @ian_hickie: @AustralianStory @greg_inglis Great to see such a personal and honest story where high quality mental health care is life-c…,,
great,2020-08-25 11:08:58,SeeingWithStars,https://twitter.com/SeeingWithStars,https://twitter.com/i/web/status/1298064794956644352,Mercury and Sun in Virgo is a great time to boost resources for mental health @DanielAndrewsMP @ScottMorrisonMP https://t.co/8iLyBhsxT5,,
great,2020-08-20 10:42:49,dietitiansaus,https://twitter.com/dietitiansaus,https://twitter.com/i/web/status/1296246275168296960,"Great to see @GregHuntMP prioritise #Mentalhealth. Food and nutrition play an important role, and #APDs are a key part of the mental health care team. https://t.co/0yvqi6CPlL",APDs,Mentalhealth
great,2020-08-20 22:42:49,melissa__eaton,https://twitter.com/melissa__eaton,https://twitter.com/i/web/status/1296427468874813440,"RT @dietitiansaus: Great to see @GregHuntMP prioritise #Mentalhealth. Food and nutrition play an important role, and #APDs are a key part o…",APDs,Mentalhealth
great,2020-08-19 11:35:25,Tjmitmir,https://twitter.com/Tjmitmir,https://twitter.com/i/web/status/1295897122319896577,Great article. A multidisciplinary mental health workforce includes Arts therapists - allied mental health professionals #arttherapy @comms_ahpa @PatMcGorry @MartinFoleyMP @cgdavey @GregHuntMP #artstherapy #ANZACATA @NMHC https://t.co/XCdbMewR4r,ANZACATA,arttherapy
lgbtqia,2020-08-20 12:00:32,RosesInTheOcean,https://twitter.com/RosesInTheOcean,https://twitter.com/i/web/status/1296265831278575617,"We know that young LGBTQIA+ people are at a higher risk of suicide, 12x more likely to experience depression, up to 5x more likely to experience anxiety &amp; 5x times more likely to attempt suicide. On Friday 28 August show your support for our LGBTQIA+ youth and #WearItPurple. https://t.co/w9IHhY5Ldz",WearItPurple,WearItPurple
quality,2020-08-24 21:48:00,MikegroomeMike,https://twitter.com/MikegroomeMike,https://twitter.com/i/web/status/1297863225707397120,RT @ian_hickie: @AustralianStory @greg_inglis Great to see such a personal and honest story where high quality mental health care is life-c…,,
quality,2020-08-25 06:43:51,QuentinMcDermot,https://twitter.com/QuentinMcDermot,https://twitter.com/i/web/status/1297998074539732992,RT @ian_hickie: @AustralianStory @greg_inglis Great to see such a personal and honest story where high quality mental health care is life-c…,,
quality,2020-08-24 21:23:29,PatMcGorry,https://twitter.com/PatMcGorry,https://twitter.com/i/web/status/1297857053994565632,RT @ian_hickie: @AustralianStory @greg_inglis Great to see such a personal and honest story where high quality mental health care is life-c…,,
symptom,2020-08-24 12:04:28,PatMcGorry,https://twitter.com/PatMcGorry,https://twitter.com/i/web/status/1297716372961521664,"RT @orygen_aus: READ | Entourage, a digital mental health intervention developed by Orygen, has been shown to reduce social anxiety symptom…",,
symptom,2020-08-25 07:15:40,anzmha,https://twitter.com/anzmha,https://twitter.com/i/web/status/1298006082778849281,"RT @orygen_aus: READ | Entourage, a digital mental health intervention developed by Orygen, has been shown to reduce social anxiety symptom…",,
support,2020-08-22 10:15:03,NatRoad_AUS,https://twitter.com/NatRoad_AUS,https://twitter.com/i/web/status/1296964062602055680,"The impacts of the coronavirus outbreak, isolation and restrictions can make us feel anxious, stressed or overwhelmed. It’s more important than ever to take care of your mental health.   For further information and support visit: https://t.co/8eGSbGL3cc https://t.co/4riZhTTxVK",,
support,2020-08-19 09:49:48,AmandaLNeil,https://twitter.com/AmandaLNeil,https://twitter.com/i/web/status/1295870545532092416,RT @johno0910: I need dozens of mental health nurses right now. Critical to support community based care &amp; keeping people out of ED. Succes…,,
support,2020-08-21 09:01:23,MarkRagg,https://twitter.com/MarkRagg,https://twitter.com/i/web/status/1296583133458923520,RT @johno0910: I need dozens of mental health nurses right now. Critical to support community based care &amp; keeping people out of ED. Succes…,,
support,2020-08-19 05:46:49,ingioz,https://twitter.com/ingioz,https://twitter.com/i/web/status/1295809396514013184,RT @johno0910: I need dozens of mental health nurses right now. Critical to support community based care &amp; keeping people out of ED. Succes…,,
support,2020-08-19 19:28:19,TruckerSlim,https://twitter.com/TruckerSlim,https://twitter.com/i/web/status/1296016131086376961,RT @johno0910: I need dozens of mental health nurses right now. Critical to support community based care &amp; keeping people out of ED. Succes…,,
support,2020-08-24 21:10:37,beyondblue,https://twitter.com/beyondblue,https://twitter.com/i/web/status/1297853817019490307,@ChrisCourtney4 @RonniSalt @GregHuntMP @Bowenchris @JuliaGillard @georgie_harman @ian_hickie @PatMcGorry @ChrisCourtney4 One of our professional mental health counsellors at our Support Service will give you some support and advice. 2/2,,
support,2020-08-19 17:49:07,Sian_NP,https://twitter.com/Sian_NP,https://twitter.com/i/web/status/1295991169957076992,RT @johno0910: I need dozens of mental health nurses right now. Critical to support community based care &amp; keeping people out of ED. Succes…,,
support,2020-08-19 19:26:45,pagdavidson,https://twitter.com/pagdavidson,https://twitter.com/i/web/status/1296015738616999937,RT @johno0910: I need dozens of mental health nurses right now. Critical to support community based care &amp; keeping people out of ED. Succes…,,
support,2020-08-19 10:29:33,themancave_aus,https://twitter.com/themancave_aus,https://twitter.com/i/web/status/1295880549613973504,"Our politicians are doing all they can to support the mental health of Victorians doing it tough right now - thank you to @ScottMorrisonMP, @GregHuntMP, @DanielAndrewsMP, @JamesMerlinoMP, @GabbyWilliamsMP for your recent announcements, they'll make a difference for young people!",,
support,2020-08-20 12:00:32,RosesInTheOcean,https://twitter.com/RosesInTheOcean,https://twitter.com/i/web/status/1296265831278575617,"We know that young LGBTQIA+ people are at a higher risk of suicide, 12x more likely to experience depression, up to 5x more likely to experience anxiety &amp; 5x times more likely to attempt suicide. On Friday 28 August show your support for our LGBTQIA+ youth and #WearItPurple. https://t.co/w9IHhY5Ldz",WearItPurple,WearItPurple
provide,2020-08-23 21:02:25,katrinamurphyir,https://twitter.com/katrinamurphyir,https://twitter.com/i/web/status/1297489367108186112,"@littlewordy @healthgovau I agree with you. Mental health needs streamlined, easy &amp; rapid access to medical providers and mental health specialists, wherever you are, however you are, and regardless of your financial status. Not facile TV ads. Good on you for trying to be proactive.",,
provide,2020-08-25 18:27:00,Sian_NP,https://twitter.com/Sian_NP,https://twitter.com/i/web/status/1298175030648479744,RT @LornaMoxham: @GregHuntMP  Dear Minister - Sian Pritchard @Sian_NP is a highly qualified experienced Nurse Practitiiner who can provide…,,
provide,2020-08-25 18:26:14,LornaMoxham,https://twitter.com/LornaMoxham,https://twitter.com/i/web/status/1298174837777526785,@GregHuntMP  Dear Minister - Sian Pritchard @Sian_NP is a highly qualified experienced Nurse Practitiiner who can provide mental health care with a positive impact. Sian and others needs acces to MBS so more Australians can access help.,,
provide,2020-08-25 20:59:19,23biwg,https://twitter.com/23biwg,https://twitter.com/i/web/status/1298213362602373122,RT @LornaMoxham: @GregHuntMP  Dear Minister - Sian Pritchard @Sian_NP is a highly qualified experienced Nurse Practitiiner who can provide…,,
provide,2020-08-25 21:13:23,AccessAbleMH,https://twitter.com/AccessAbleMH,https://twitter.com/i/web/status/1298216902687219712,RT @LornaMoxham: @GregHuntMP  Dear Minister - Sian Pritchard @Sian_NP is a highly qualified experienced Nurse Practitiiner who can provide…,,
highly,2020-08-25 18:27:00,Sian_NP,https://twitter.com/Sian_NP,https://twitter.com/i/web/status/1298175030648479744,RT @LornaMoxham: @GregHuntMP  Dear Minister - Sian Pritchard @Sian_NP is a highly qualified experienced Nurse Practitiiner who can provide…,,
highly,2020-08-25 18:26:14,LornaMoxham,https://twitter.com/LornaMoxham,https://twitter.com/i/web/status/1298174837777526785,@GregHuntMP  Dear Minister - Sian Pritchard @Sian_NP is a highly qualified experienced Nurse Practitiiner who can provide mental health care with a positive impact. Sian and others needs acces to MBS so more Australians can access help.,,
highly,2020-08-25 20:59:19,23biwg,https://twitter.com/23biwg,https://twitter.com/i/web/status/1298213362602373122,RT @LornaMoxham: @GregHuntMP  Dear Minister - Sian Pritchard @Sian_NP is a highly qualified experienced Nurse Practitiiner who can provide…,,
highly,2020-08-21 19:08:48,DrRimmer,https://twitter.com/DrRimmer,https://twitter.com/i/web/status/1296735996877258752,"'I think Morrison’s desire to project hope is absolutely genuine. The country needs hope. It has been a miserable year, full of stress and anxiety, and the future is highly uncertain.' @murpharoo https://t.co/uuypJs64kW #auspol #COVID19",auspol,COVID19
highly,2020-08-25 21:13:23,AccessAbleMH,https://twitter.com/AccessAbleMH,https://twitter.com/i/web/status/1298216902687219712,RT @LornaMoxham: @GregHuntMP  Dear Minister - Sian Pritchard @Sian_NP is a highly qualified experienced Nurse Practitiiner who can provide…,,
succes,2020-08-19 09:49:48,AmandaLNeil,https://twitter.com/AmandaLNeil,https://twitter.com/i/web/status/1295870545532092416,RT @johno0910: I need dozens of mental health nurses right now. Critical to support community based care &amp; keeping people out of ED. Succes…,,
succes,2020-08-21 09:01:23,MarkRagg,https://twitter.com/MarkRagg,https://twitter.com/i/web/status/1296583133458923520,RT @johno0910: I need dozens of mental health nurses right now. Critical to support community based care &amp; keeping people out of ED. Succes…,,
succes,2020-08-19 05:46:49,ingioz,https://twitter.com/ingioz,https://twitter.com/i/web/status/1295809396514013184,RT @johno0910: I need dozens of mental health nurses right now. Critical to support community based care &amp; keeping people out of ED. Succes…,,
succes,2020-08-19 19:28:19,TruckerSlim,https://twitter.com/TruckerSlim,https://twitter.com/i/web/status/1296016131086376961,RT @johno0910: I need dozens of mental health nurses right now. Critical to support community based care &amp; keeping people out of ED. Succes…,,
succes,2020-08-19 17:49:07,Sian_NP,https://twitter.com/Sian_NP,https://twitter.com/i/web/status/1295991169957076992,RT @johno0910: I need dozens of mental health nurses right now. Critical to support community based care &amp; keeping people out of ED. Succes…,,
succes,2020-08-19 19:26:45,pagdavidson,https://twitter.com/pagdavidson,https://twitter.com/i/web/status/1296015738616999937,RT @johno0910: I need dozens of mental health nurses right now. Critical to support community based care &amp; keeping people out of ED. Succes…,,
succes,2020-08-19 02:08:01,Dpeters1977,https://twitter.com/Dpeters1977,https://twitter.com/i/web/status/1295754334647365632,RT @johno0910: I need dozens of mental health nurses right now. Critical to support community based care &amp; keeping people out of ED. Succes…,,
succes,2020-08-19 07:46:58,jaynediver,https://twitter.com/jaynediver,https://twitter.com/i/web/status/1295839630571397121,RT @johno0910: I need dozens of mental health nurses right now. Critical to support community based care &amp; keeping people out of ED. Succes…,,
priority,2020-08-20 19:48:06,necmisultan,https://twitter.com/necmisultan,https://twitter.com/i/web/status/1296383499155525632,"RT @healthgovau: Make mental health a priority. Eat well, stay active, stay in touch and seek help if needed.",,
priority,2020-08-25 11:30:25,ritahardiman,https://twitter.com/ritahardiman,https://twitter.com/i/web/status/1298070191453085696,"RT @healthgovau: Make mental health a priority. Eat well, stay active, stay in touch and seek help if needed.",,
priority,2020-08-23 09:42:30,thislittleduck1,https://twitter.com/thislittleduck1,https://twitter.com/i/web/status/1297318259570569219,"RT @healthgovau: Make mental health a priority. Eat well, stay active, stay in touch and seek help if needed.",,
priority,2020-08-21 14:20:07,SkippingGirl1,https://twitter.com/SkippingGirl1,https://twitter.com/i/web/status/1296663346825977857,"RT @healthgovau: Make mental health a priority. Eat well, stay active, stay in touch and seek help if needed.",,
priority,2020-08-20 21:29:40,ForU2CSandy,https://twitter.com/ForU2CSandy,https://twitter.com/i/web/status/1296409058824642560,"RT @healthgovau: Make mental health a priority. Eat well, stay active, stay in touch and seek help if needed.",,
priority,2020-08-23 08:40:29,MLTAV,https://twitter.com/MLTAV,https://twitter.com/i/web/status/1297302650313011200,"RT @healthgovau: Make mental health a priority. Eat well, stay active, stay in touch and seek help if needed.",,
priority,2020-08-22 17:42:19,dghyhyh,https://twitter.com/dghyhyh,https://twitter.com/i/web/status/1297076622332329984,"RT @healthgovau: Make mental health a priority. Eat well, stay active, stay in touch and seek help if needed.",,
experience,2020-08-19 07:59:07,anzmha,https://twitter.com/anzmha,https://twitter.com/i/web/status/1295842688810409984,"Tune in this week as I speak with JK about his life experiences with depression and anxiety and suicidal ideation, the stigma surrounding mental health, and learning how to thrive as an “all-black” of mental health and wellbeing. https://t.co/rwYCKZgl7F https://t.co/Do5LFXkHc6",,
experience,2020-08-25 18:27:00,Sian_NP,https://twitter.com/Sian_NP,https://twitter.com/i/web/status/1298175030648479744,RT @LornaMoxham: @GregHuntMP  Dear Minister - Sian Pritchard @Sian_NP is a highly qualified experienced Nurse Practitiiner who can provide…,,
experience,2020-08-25 18:26:14,LornaMoxham,https://twitter.com/LornaMoxham,https://twitter.com/i/web/status/1298174837777526785,@GregHuntMP  Dear Minister - Sian Pritchard @Sian_NP is a highly qualified experienced Nurse Practitiiner who can provide mental health care with a positive impact. Sian and others needs acces to MBS so more Australians can access help.,,
experience,2020-08-25 20:59:19,23biwg,https://twitter.com/23biwg,https://twitter.com/i/web/status/1298213362602373122,RT @LornaMoxham: @GregHuntMP  Dear Minister - Sian Pritchard @Sian_NP is a highly qualified experienced Nurse Practitiiner who can provide…,,
experience,2020-08-20 12:00:32,RosesInTheOcean,https://twitter.com/RosesInTheOcean,https://twitter.com/i/web/status/1296265831278575617,"We know that young LGBTQIA+ people are at a higher risk of suicide, 12x more likely to experience depression, up to 5x more likely to experience anxiety &amp; 5x times more likely to attempt suicide. On Friday 28 August show your support for our LGBTQIA+ youth and #WearItPurple. https://t.co/w9IHhY5Ldz",WearItPurple,WearItPurple
experience,2020-08-25 21:13:23,AccessAbleMH,https://twitter.com/AccessAbleMH,https://twitter.com/i/web/status/1298216902687219712,RT @LornaMoxham: @GregHuntMP  Dear Minister - Sian Pritchard @Sian_NP is a highly qualified experienced Nurse Practitiiner who can provide…,,
nurse,2020-08-19 09:49:48,AmandaLNeil,https://twitter.com/AmandaLNeil,https://twitter.com/i/web/status/1295870545532092416,RT @johno0910: I need dozens of mental health nurses right now. Critical to support community based care &amp; keeping people out of ED. Succes…,,
nurse,2020-08-21 09:01:23,MarkRagg,https://twitter.com/MarkRagg,https://twitter.com/i/web/status/1296583133458923520,RT @johno0910: I need dozens of mental health nurses right now. Critical to support community based care &amp; keeping people out of ED. Succes…,,
nurse,2020-08-19 05:46:49,ingioz,https://twitter.com/ingioz,https://twitter.com/i/web/status/1295809396514013184,RT @johno0910: I need dozens of mental health nurses right now. Critical to support community based care &amp; keeping people out of ED. Succes…,,
nurse,2020-08-19 19:28:19,TruckerSlim,https://twitter.com/TruckerSlim,https://twitter.com/i/web/status/1296016131086376961,RT @johno0910: I need dozens of mental health nurses right now. Critical to support community based care &amp; keeping people out of ED. Succes…,,
nurse,2020-08-19 17:49:07,Sian_NP,https://twitter.com/Sian_NP,https://twitter.com/i/web/status/1295991169957076992,RT @johno0910: I need dozens of mental health nurses right now. Critical to support community based care &amp; keeping people out of ED. Succes…,,
nurse,2020-08-25 18:27:00,Sian_NP,https://twitter.com/Sian_NP,https://twitter.com/i/web/status/1298175030648479744,RT @LornaMoxham: @GregHuntMP  Dear Minister - Sian Pritchard @Sian_NP is a highly qualified experienced Nurse Practitiiner who can provide…,,
nurse,2020-08-19 19:26:45,pagdavidson,https://twitter.com/pagdavidson,https://twitter.com/i/web/status/1296015738616999937,RT @johno0910: I need dozens of mental health nurses right now. Critical to support community based care &amp; keeping people out of ED. Succes…,,
nurse,2020-08-25 18:26:14,LornaMoxham,https://twitter.com/LornaMoxham,https://twitter.com/i/web/status/1298174837777526785,@GregHuntMP  Dear Minister - Sian Pritchard @Sian_NP is a highly qualified experienced Nurse Practitiiner who can provide mental health care with a positive impact. Sian and others needs acces to MBS so more Australians can access help.,,
nurse,2020-08-25 20:59:19,23biwg,https://twitter.com/23biwg,https://twitter.com/i/web/status/1298213362602373122,RT @LornaMoxham: @GregHuntMP  Dear Minister - Sian Pritchard @Sian_NP is a highly qualified experienced Nurse Practitiiner who can provide…,,
nurse,2020-08-19 02:08:01,Dpeters1977,https://twitter.com/Dpeters1977,https://twitter.com/i/web/status/1295754334647365632,RT @johno0910: I need dozens of mental health nurses right now. Critical to support community based care &amp; keeping people out of ED. Succes…,,
young,2020-08-19 10:29:33,themancave_aus,https://twitter.com/themancave_aus,https://twitter.com/i/web/status/1295880549613973504,"Our politicians are doing all they can to support the mental health of Victorians doing it tough right now - thank you to @ScottMorrisonMP, @GregHuntMP, @DanielAndrewsMP, @JamesMerlinoMP, @GabbyWilliamsMP for your recent announcements, they'll make a difference for young people!",,
young,2020-08-20 12:00:32,RosesInTheOcean,https://twitter.com/RosesInTheOcean,https://twitter.com/i/web/status/1296265831278575617,"We know that young LGBTQIA+ people are at a higher risk of suicide, 12x more likely to experience depression, up to 5x more likely to experience anxiety &amp; 5x times more likely to attempt suicide. On Friday 28 August show your support for our LGBTQIA+ youth and #WearItPurple. https://t.co/w9IHhY5Ldz",WearItPurple,WearItPurple
need,2020-08-19 09:49:48,AmandaLNeil,https://twitter.com/AmandaLNeil,https://twitter.com/i/web/status/1295870545532092416,RT @johno0910: I need dozens of mental health nurses right now. Critical to support community based care &amp; keeping people out of ED. Succes…,,
need,2020-08-21 09:01:23,MarkRagg,https://twitter.com/MarkRagg,https://twitter.com/i/web/status/1296583133458923520,RT @johno0910: I need dozens of mental health nurses right now. Critical to support community based care &amp; keeping people out of ED. Succes…,,
need,2020-08-19 05:46:49,ingioz,https://twitter.com/ingioz,https://twitter.com/i/web/status/1295809396514013184,RT @johno0910: I need dozens of mental health nurses right now. Critical to support community based care &amp; keeping people out of ED. Succes…,,
need,2020-08-21 08:53:47,sch_p77,https://twitter.com/sch_p77,https://twitter.com/i/web/status/1296581222559170560,@ScottMorrisonMP @PeterDutton_MP  @GregHuntMP @NickMcKim @KKeneally Can we do the same for the sake of mental health and happiness? We need our partners!!! https://t.co/cOFnFXpX8Q,,
need,2020-08-19 19:28:19,TruckerSlim,https://twitter.com/TruckerSlim,https://twitter.com/i/web/status/1296016131086376961,RT @johno0910: I need dozens of mental health nurses right now. Critical to support community based care &amp; keeping people out of ED. Succes…,,
need,2020-08-23 21:02:25,katrinamurphyir,https://twitter.com/katrinamurphyir,https://twitter.com/i/web/status/1297489367108186112,"@littlewordy @healthgovau I agree with you. Mental health needs streamlined, easy &amp; rapid access to medical providers and mental health specialists, wherever you are, however you are, and regardless of your financial status. Not facile TV ads. Good on you for trying to be proactive.",,
need,2020-08-22 11:08:32,marco67_bello,https://twitter.com/marco67_bello,https://twitter.com/i/web/status/1296977519892033536,@SkyNewsAust This virus is smashing small business and the media and everyone needs to speak up as we heading for a depression not seen since the 1930’s. Thank you Alan Joyce and other CEOs finally speaking up.,,
need,2020-08-20 19:48:06,necmisultan,https://twitter.com/necmisultan,https://twitter.com/i/web/status/1296383499155525632,"RT @healthgovau: Make mental health a priority. Eat well, stay active, stay in touch and seek help if needed.",,
need,2020-08-19 17:49:07,Sian_NP,https://twitter.com/Sian_NP,https://twitter.com/i/web/status/1295991169957076992,RT @johno0910: I need dozens of mental health nurses right now. Critical to support community based care &amp; keeping people out of ED. Succes…,,
need,2020-08-19 19:26:45,pagdavidson,https://twitter.com/pagdavidson,https://twitter.com/i/web/status/1296015738616999937,RT @johno0910: I need dozens of mental health nurses right now. Critical to support community based care &amp; keeping people out of ED. Succes…,,
first,2020-08-19 07:33:39,anzmha,https://twitter.com/anzmha,https://twitter.com/i/web/status/1295836282292064257,RT @blackdoginst: “This is the first time researchers have ever been able to achieve reductions in depression incidence using an app alone.…,,
first,2020-08-25 21:16:39,angelo_virgona,https://twitter.com/angelo_virgona,https://twitter.com/i/web/status/1298217724674371584,"@RANZCP @PatMcGorry @4corners @elisereports This could be mental health’s  George Floyd moment. Sure, not the first tragedy, but courageously told stories at a critical time in this debate, where Ministers have never been better informed of what’s needed to fix @GregHuntMP @bronnietaylor @MartinFoleyMP @ian_hickie",,
life-c,2020-08-24 21:48:00,MikegroomeMike,https://twitter.com/MikegroomeMike,https://twitter.com/i/web/status/1297863225707397120,RT @ian_hickie: @AustralianStory @greg_inglis Great to see such a personal and honest story where high quality mental health care is life-c…,,
life-c,2020-08-25 06:43:51,QuentinMcDermot,https://twitter.com/QuentinMcDermot,https://twitter.com/i/web/status/1297998074539732992,RT @ian_hickie: @AustralianStory @greg_inglis Great to see such a personal and honest story where high quality mental health care is life-c…,,
life-c,2020-08-24 21:23:29,PatMcGorry,https://twitter.com/PatMcGorry,https://twitter.com/i/web/status/1297857053994565632,RT @ian_hickie: @AustralianStory @greg_inglis Great to see such a personal and honest story where high quality mental health care is life-c…,,
depression,2020-08-19 07:33:39,anzmha,https://twitter.com/anzmha,https://twitter.com/i/web/status/1295836282292064257,RT @blackdoginst: “This is the first time researchers have ever been able to achieve reductions in depression incidence using an app alone.…,,
depression,2020-08-19 07:59:07,anzmha,https://twitter.com/anzmha,https://twitter.com/i/web/status/1295842688810409984,"Tune in this week as I speak with JK about his life experiences with depression and anxiety and suicidal ideation, the stigma surrounding mental health, and learning how to thrive as an “all-black” of mental health and wellbeing. https://t.co/rwYCKZgl7F https://t.co/Do5LFXkHc6",,
depression,2020-08-21 11:01:50,chefsami_la,https://twitter.com/chefsami_la,https://twitter.com/i/web/status/1296613448000786433,162 days without him. 162 days of tears and heartache. Anxiety and depression. Wonder. Hope. Fear. Uncertainty. Disbelief. Anger. But I keep going. I keep fighting. I belong in his arms and nowhere else. @ScottMorrisonMP @zalisteggall @AusBorderForce @GregHuntMP @PeterDutton_MP,,
depression,2020-08-19 09:56:47,LeanneTogher,https://twitter.com/LeanneTogher,https://twitter.com/i/web/status/1295872300663758848,RT @DrEliseBaker: Fascinating study by Christa Lam-Cassettari from @marcsbabylab on the effect of maternal depression on infant-directed sp…,,
depression,2020-08-22 11:08:32,marco67_bello,https://twitter.com/marco67_bello,https://twitter.com/i/web/status/1296977519892033536,@SkyNewsAust This virus is smashing small business and the media and everyone needs to speak up as we heading for a depression not seen since the 1930’s. Thank you Alan Joyce and other CEOs finally speaking up.,,
depression,2020-08-20 10:11:13,Kylie_E_King,https://twitter.com/Kylie_E_King,https://twitter.com/i/web/status/1296238319928410112,"RT @UBCNursing: New Tier 1 Canada Research Chair Announced! Read more about Dr John Oliffe's focus on men's depression &amp; suicide, tobacco r…",,
depression,2020-08-20 12:00:32,RosesInTheOcean,https://twitter.com/RosesInTheOcean,https://twitter.com/i/web/status/1296265831278575617,"We know that young LGBTQIA+ people are at a higher risk of suicide, 12x more likely to experience depression, up to 5x more likely to experience anxiety &amp; 5x times more likely to attempt suicide. On Friday 28 August show your support for our LGBTQIA+ youth and #WearItPurple. https://t.co/w9IHhY5Ldz",WearItPurple,WearItPurple
depression,2020-08-20 08:57:52,PatMcGorry,https://twitter.com/PatMcGorry,https://twitter.com/i/web/status/1296219862746816512,RT @SimonMHR: Images exploring pain of depression win Wellcome photography prize https://t.co/M9Iesw0DUV,,
depression,2020-08-21 14:07:26,anthonyjhannan,https://twitter.com/anthonyjhannan,https://twitter.com/i/web/status/1296660154717364230,RT @DiseasePrimers: Get Primed on Cormorbid #depression in medical diseases with our illustrated PrimeView https://t.co/j9ryyfLWor https://…,depression,depression
depression,2020-08-23 20:23:17,begcrochet,https://twitter.com/begcrochet,https://twitter.com/i/web/status/1297479517657657344,"RT @caitlinmoran: Thank you to everyone talking about and sharing this today ... I know depression, anxiety and eating disorders are issues…",,
suicide,2020-08-23 10:10:00,droughtfloodaus,https://twitter.com/droughtfloodaus,https://twitter.com/i/web/status/1297325178016411648,Central NSW RRO Tammy Greer was driving from @WellingtonNSW to @DubboCouncil when she noticed this beautiful painted tree beside the highway at Wongarbon. It’s is part of the #bluetreeproject tackling mental health and suicide in regional Aus @lifeline @beyondblue @healthgovau https://t.co/jmfhI1g2ui,bluetreeproject,bluetreeproject
suicide,2020-08-20 10:11:13,Kylie_E_King,https://twitter.com/Kylie_E_King,https://twitter.com/i/web/status/1296238319928410112,"RT @UBCNursing: New Tier 1 Canada Research Chair Announced! Read more about Dr John Oliffe's focus on men's depression &amp; suicide, tobacco r…",,
suicide,2020-08-20 12:00:32,RosesInTheOcean,https://twitter.com/RosesInTheOcean,https://twitter.com/i/web/status/1296265831278575617,"We know that young LGBTQIA+ people are at a higher risk of suicide, 12x more likely to experience depression, up to 5x more likely to experience anxiety &amp; 5x times more likely to attempt suicide. On Friday 28 August show your support for our LGBTQIA+ youth and #WearItPurple. https://t.co/w9IHhY5Ldz",WearItPurple,WearItPurple
suicide,2020-08-20 18:55:27,nievesmurray,https://twitter.com/nievesmurray,https://twitter.com/i/web/status/1296370247969079296,RT @SuicidePrevAU: Welcome news: $31.9 million to create 15 mental health clinics across Victoria and enhance #COVID19Vic #SuicidePreventio…,COVID19Vic,COVID19Vic
suicide,2020-08-20 19:50:23,Dpeters1977,https://twitter.com/Dpeters1977,https://twitter.com/i/web/status/1296384072223043584,RT @SuicidePrevAU: Welcome news: $31.9 million to create 15 mental health clinics across Victoria and enhance #COVID19Vic #SuicidePreventio…,COVID19Vic,COVID19Vic
