Topic,word1,word2,word3,word4,word5,word6,word7,word8,word9,word10
Topic 1,important,connect,remain,socially,information,emotionally,chat,friend,instagram,ally
Topic 2,need,impact,service,australia,#mentalhealth,future,victorian,life,last,clinic
Topic 3,victoria,clinic,welcome,across,million,#covid19vic,enhance,create,#suicidepreventio,support
Topic 4,#mentalhealth,people,service,support,today,pandemic,additional,demand,impact,australia
Topic 5,australia,medium,community,organisation,announce,deliver,release,delight,partner,active
