Topic,word1,word2,word3,word4,word5,word6,word7,word8,word9,word10
Topic 1,australian,physical,particularly,concern,situation,moore-gilbert,kylie,academic,deeply,australia
Topic 2,suicide,prevention,lockdown,healthcare,prevent,posting,housing,hotline,need,week
Topic 3,extra,session,medicare,therapy,subsidise,lockdown,psychological,people,australia,subject
Topic 4,people,number,session,psychology,medicare-funded,fear,limit,government,depression,australia
Topic 5,australian,citizen,border,future,closure,minister,pushing,stare,despite,foreseeable
