Topic,word1,word2,word3,word4,word5,word6,word7,word8,word9,word10
Topic 1,flatten,curve,important,study,method,effective,crisis,#vaping,confirm,inspire
Topic 2,provide,research,reduce,suicide,improve,funding,additional,depression,#mentalhealth,#anxiety
Topic 3,break,important,start,collective,matter,great,covid,prioritize,wealth,pray
Topic 4,friend,depression,sleep,anxiety,lockdown,#mentalhealth,valid,message,great,lonely
Topic 5,support,time,information,overwhelm,uncertain,extra,anxiety,lockdown,pandemic,panic
