Topic,word1,word2,word3,word4,word5,word6,word7,word8,word9,word10
Topic 1,support,overwhelm,time,extra,understandable,uncertain,information,require,thinking,housing
Topic 2,people,australia,diabetes,covid,today,suicide,challenge,stress,isolation,prevent
Topic 3,impact,coronavirus,tough,need,priority,active,touch,follow,come,advice
Topic 4,victorian,australia,remember,week,concern,large,service,wellbeing,commissioner,briggs
Topic 5,experience,stress,available,support,feeling,together,bring,uncertainty,australian,anxiety
