keyword,created_at_local_time,screen_name,user_URL,tweet_URL,tweet_text,hashtag1,hashtag2
thank,2020-07-26 00:58:39,MJ_Leaver,https://twitter.com/MJ_Leaver,https://twitter.com/i/web/status/1287039565958483969,"@jodysmith_tweet Thank you, I'm doing all the things wamted by my team (except the staying up too late part due to anxiety), but it is rough going.",,
depression,2020-07-23 21:28:50,JRWeaver55,https://twitter.com/JRWeaver55,https://twitter.com/i/web/status/1286261988994060291,"RT @DawsonEJ: I spoke to @LindaMottram about the Treasury update today. We’re in a depression, and we need some big picture thinking about…",,
depression,2020-07-24 11:26:32,BenMullingsPhD,https://twitter.com/BenMullingsPhD,https://twitter.com/i/web/status/1286472804297105408,"RT @CEP_UK: There Is No “Depression Gene”  The field is littered with failed hypotheses, with just-so stories and compelling-but-wrong cor…",,
depression,2020-07-23 09:49:44,imo_bell,https://twitter.com/imo_bell,https://twitter.com/i/web/status/1286086056870154240,RT @EikoFried: Our new longitudinal paper with 9-year followup shows that the link between #inflammation &amp; #depression may be governed by s…,depression,inflammation
depression,2020-07-23 07:14:09,ruthryan,https://twitter.com/ruthryan,https://twitter.com/i/web/status/1286046902811648001,Good time to invest in companies that make anti-depression medication 💔. #LoveIsNotTourism #beyondblue #DoItLikeDenmark #LoveIsEssential #LiftTheTravelBan #LoveIsEssential @ScottMorrisonMP @AusHumanRights @abcbrisbane @DavidColemanMP @PeterDutton_MP @AndrewLamingMP @reunitelove,beyondblue,LoveIsNotTourism
depression,2020-07-27 20:39:53,RJ_Howes,https://twitter.com/RJ_Howes,https://twitter.com/i/web/status/1287699223161389057,RT @hsireland1: #openaccess; depression in #HidradenitisSuppurativa #hs- occurrence and risk factors  https://t.co/CqGEwH2r7y,HidradenitisSuppurativa,openaccess
follow,2020-07-22 15:01:12,Bishop64,https://twitter.com/Bishop64,https://twitter.com/i/web/status/1285802052216479745,"RT @AmandaPerram: @sclark_melbs @ScottMorrisonMP So the PM follows the health advice on stopping protests, but when it comes to overwhelmin…",,
follow,2020-07-22 17:05:35,JohnLee84586356,https://twitter.com/JohnLee84586356,https://twitter.com/i/web/status/1285833350586888192,"RT @AmandaPerram: @sclark_melbs @ScottMorrisonMP So the PM follows the health advice on stopping protests, but when it comes to overwhelmin…",,
follow,2020-07-22 12:32:34,MelisaB39884862,https://twitter.com/MelisaB39884862,https://twitter.com/i/web/status/1285764644095750146,"RT @AmandaPerram: @sclark_melbs @ScottMorrisonMP So the PM follows the health advice on stopping protests, but when it comes to overwhelmin…",,
follow,2020-07-22 14:58:28,3wombats,https://twitter.com/3wombats,https://twitter.com/i/web/status/1285801360655396864,"RT @AmandaPerram: @sclark_melbs @ScottMorrisonMP So the PM follows the health advice on stopping protests, but when it comes to overwhelmin…",,
follow,2020-07-22 14:59:11,Magpie1954nBird,https://twitter.com/Magpie1954nBird,https://twitter.com/i/web/status/1285801542323331074,"RT @AmandaPerram: @sclark_melbs @ScottMorrisonMP So the PM follows the health advice on stopping protests, but when it comes to overwhelmin…",,
follow,2020-07-22 12:24:13,WgarNews,https://twitter.com/WgarNews,https://twitter.com/i/web/status/1285762543609208833,"RT @AmandaPerram: @sclark_melbs @ScottMorrisonMP So the PM follows the health advice on stopping protests, but when it comes to overwhelmin…",,
follow,2020-07-22 12:09:04,reinedelanuit05,https://twitter.com/reinedelanuit05,https://twitter.com/i/web/status/1285758733000179712,"RT @AmandaPerram: @sclark_melbs @ScottMorrisonMP So the PM follows the health advice on stopping protests, but when it comes to overwhelmin…",,
follow,2020-07-22 14:52:29,BarnsGreg,https://twitter.com/BarnsGreg,https://twitter.com/i/web/status/1285799858721288192,"RT @AmandaPerram: @sclark_melbs @ScottMorrisonMP So the PM follows the health advice on stopping protests, but when it comes to overwhelmin…",,
follow,2020-07-22 16:21:39,DrColinTrainor,https://twitter.com/DrColinTrainor,https://twitter.com/i/web/status/1285822295831744512,"RT @AmandaPerram: @sclark_melbs @ScottMorrisonMP So the PM follows the health advice on stopping protests, but when it comes to overwhelmin…",,
follow,2020-07-22 12:30:05,otmelbourne,https://twitter.com/otmelbourne,https://twitter.com/i/web/status/1285764022483079169,"RT @AmandaPerram: @sclark_melbs @ScottMorrisonMP So the PM follows the health advice on stopping protests, but when it comes to overwhelmin…",,
need,2020-07-22 13:29:11,DanaScully2,https://twitter.com/DanaScully2,https://twitter.com/i/web/status/1285778892427366400,RT @healthgovau: The impacts of coronavirus are tough and can impact our mental health. We need to make sure we look after ourselves and se…,,
need,2020-07-22 13:35:49,jazzbby91,https://twitter.com/jazzbby91,https://twitter.com/i/web/status/1285780562783825921,RT @ruthryan: National Mental Health and Wellbeing Pandemic Response Plan: meet the mental health and wellbeing needs of all Australians to…,,
need,2020-07-22 14:23:28,reunitelove,https://twitter.com/reunitelove,https://twitter.com/i/web/status/1285792554693193729,RT @ruthryan: National Mental Health and Wellbeing Pandemic Response Plan: meet the mental health and wellbeing needs of all Australians to…,,
need,2020-07-22 17:50:47,JRWeaver55,https://twitter.com/JRWeaver55,https://twitter.com/i/web/status/1285844728773177344,RT @healthgovau: The impacts of coronavirus are tough and can impact our mental health. We need to make sure we look after ourselves and se…,,
need,2020-07-22 00:33:12,Frank_McGuire,https://twitter.com/Frank_McGuire,https://twitter.com/i/web/status/1285583609869381632,"RT @healthgovau: Make mental health a priority. Eat well, stay active, stay in touch and seek help if needed.",,
need,2020-07-22 04:35:41,GillPirthi,https://twitter.com/GillPirthi,https://twitter.com/i/web/status/1285644632429338626,RT @ruthryan: National Mental Health and Wellbeing Pandemic Response Plan: meet the mental health and wellbeing needs of all Australians to…,,
need,2020-07-22 02:47:07,ruthryan,https://twitter.com/ruthryan,https://twitter.com/i/web/status/1285617311475478528,National Mental Health and Wellbeing Pandemic Response Plan: meet the mental health and wellbeing needs of all Australians to reduce negative impacts of the pandemic in the short and long-term. @ScottMorrisonMP Reunite loved ones. Put your plan into action. #beyondblue 💔,beyondblue,beyondblue
need,2020-07-28 20:36:20,PHLinSydney,https://twitter.com/PHLinSydney,https://twitter.com/i/web/status/1288060716608450561,RT @healthgovau: It’s understandable to feel overwhelmed in uncertain times. If you need some extra mental health information and support d…,,
need,2020-07-28 20:11:27,EvergreenPsych,https://twitter.com/EvergreenPsych,https://twitter.com/i/web/status/1288054455481430016,RT @healthgovau: It’s understandable to feel overwhelmed in uncertain times. If you need some extra mental health information and support d…,,
need,2020-07-28 19:30:12,healthgovau,https://twitter.com/healthgovau,https://twitter.com/i/web/status/1288044071907479552,"It’s understandable to feel overwhelmed in uncertain times. If you need some extra mental health information and support during this time, visit: https://t.co/I5mXqpB6sk https://t.co/cUYfAr65tq",,
going,2020-07-26 00:58:39,MJ_Leaver,https://twitter.com/MJ_Leaver,https://twitter.com/i/web/status/1287039565958483969,"@jodysmith_tweet Thank you, I'm doing all the things wamted by my team (except the staying up too late part due to anxiety), but it is rough going.",,
#hidradenitissuppurativa,2020-07-27 20:27:10,RJ_Howes,https://twitter.com/RJ_Howes,https://twitter.com/i/web/status/1287696022584438784,RT @hsireland1: HS and Anxiety https://t.co/wWp5ogxDNG via @wordpressdotcom #hidradenitissuppurativa #hs,hidradenitissuppurativa,hs
#hidradenitissuppurativa,2020-07-27 20:39:53,RJ_Howes,https://twitter.com/RJ_Howes,https://twitter.com/i/web/status/1287699223161389057,RT @hsireland1: #openaccess; depression in #HidradenitisSuppurativa #hs- occurrence and risk factors  https://t.co/CqGEwH2r7y,HidradenitisSuppurativa,openaccess
protest,2020-07-22 15:01:12,Bishop64,https://twitter.com/Bishop64,https://twitter.com/i/web/status/1285802052216479745,"RT @AmandaPerram: @sclark_melbs @ScottMorrisonMP So the PM follows the health advice on stopping protests, but when it comes to overwhelmin…",,
protest,2020-07-22 17:05:35,JohnLee84586356,https://twitter.com/JohnLee84586356,https://twitter.com/i/web/status/1285833350586888192,"RT @AmandaPerram: @sclark_melbs @ScottMorrisonMP So the PM follows the health advice on stopping protests, but when it comes to overwhelmin…",,
protest,2020-07-22 12:32:34,MelisaB39884862,https://twitter.com/MelisaB39884862,https://twitter.com/i/web/status/1285764644095750146,"RT @AmandaPerram: @sclark_melbs @ScottMorrisonMP So the PM follows the health advice on stopping protests, but when it comes to overwhelmin…",,
protest,2020-07-22 14:58:28,3wombats,https://twitter.com/3wombats,https://twitter.com/i/web/status/1285801360655396864,"RT @AmandaPerram: @sclark_melbs @ScottMorrisonMP So the PM follows the health advice on stopping protests, but when it comes to overwhelmin…",,
protest,2020-07-22 14:59:11,Magpie1954nBird,https://twitter.com/Magpie1954nBird,https://twitter.com/i/web/status/1285801542323331074,"RT @AmandaPerram: @sclark_melbs @ScottMorrisonMP So the PM follows the health advice on stopping protests, but when it comes to overwhelmin…",,
protest,2020-07-22 12:24:13,WgarNews,https://twitter.com/WgarNews,https://twitter.com/i/web/status/1285762543609208833,"RT @AmandaPerram: @sclark_melbs @ScottMorrisonMP So the PM follows the health advice on stopping protests, but when it comes to overwhelmin…",,
protest,2020-07-22 12:09:04,reinedelanuit05,https://twitter.com/reinedelanuit05,https://twitter.com/i/web/status/1285758733000179712,"RT @AmandaPerram: @sclark_melbs @ScottMorrisonMP So the PM follows the health advice on stopping protests, but when it comes to overwhelmin…",,
protest,2020-07-22 14:52:29,BarnsGreg,https://twitter.com/BarnsGreg,https://twitter.com/i/web/status/1285799858721288192,"RT @AmandaPerram: @sclark_melbs @ScottMorrisonMP So the PM follows the health advice on stopping protests, but when it comes to overwhelmin…",,
protest,2020-07-22 16:21:39,DrColinTrainor,https://twitter.com/DrColinTrainor,https://twitter.com/i/web/status/1285822295831744512,"RT @AmandaPerram: @sclark_melbs @ScottMorrisonMP So the PM follows the health advice on stopping protests, but when it comes to overwhelmin…",,
protest,2020-07-22 12:30:05,otmelbourne,https://twitter.com/otmelbourne,https://twitter.com/i/web/status/1285764022483079169,"RT @AmandaPerram: @sclark_melbs @ScottMorrisonMP So the PM follows the health advice on stopping protests, but when it comes to overwhelmin…",,
advice,2020-07-22 15:01:12,Bishop64,https://twitter.com/Bishop64,https://twitter.com/i/web/status/1285802052216479745,"RT @AmandaPerram: @sclark_melbs @ScottMorrisonMP So the PM follows the health advice on stopping protests, but when it comes to overwhelmin…",,
advice,2020-07-22 17:05:35,JohnLee84586356,https://twitter.com/JohnLee84586356,https://twitter.com/i/web/status/1285833350586888192,"RT @AmandaPerram: @sclark_melbs @ScottMorrisonMP So the PM follows the health advice on stopping protests, but when it comes to overwhelmin…",,
advice,2020-07-22 12:32:34,MelisaB39884862,https://twitter.com/MelisaB39884862,https://twitter.com/i/web/status/1285764644095750146,"RT @AmandaPerram: @sclark_melbs @ScottMorrisonMP So the PM follows the health advice on stopping protests, but when it comes to overwhelmin…",,
advice,2020-07-22 14:58:28,3wombats,https://twitter.com/3wombats,https://twitter.com/i/web/status/1285801360655396864,"RT @AmandaPerram: @sclark_melbs @ScottMorrisonMP So the PM follows the health advice on stopping protests, but when it comes to overwhelmin…",,
advice,2020-07-22 14:59:11,Magpie1954nBird,https://twitter.com/Magpie1954nBird,https://twitter.com/i/web/status/1285801542323331074,"RT @AmandaPerram: @sclark_melbs @ScottMorrisonMP So the PM follows the health advice on stopping protests, but when it comes to overwhelmin…",,
advice,2020-07-22 12:24:13,WgarNews,https://twitter.com/WgarNews,https://twitter.com/i/web/status/1285762543609208833,"RT @AmandaPerram: @sclark_melbs @ScottMorrisonMP So the PM follows the health advice on stopping protests, but when it comes to overwhelmin…",,
advice,2020-07-22 12:09:04,reinedelanuit05,https://twitter.com/reinedelanuit05,https://twitter.com/i/web/status/1285758733000179712,"RT @AmandaPerram: @sclark_melbs @ScottMorrisonMP So the PM follows the health advice on stopping protests, but when it comes to overwhelmin…",,
advice,2020-07-22 14:52:29,BarnsGreg,https://twitter.com/BarnsGreg,https://twitter.com/i/web/status/1285799858721288192,"RT @AmandaPerram: @sclark_melbs @ScottMorrisonMP So the PM follows the health advice on stopping protests, but when it comes to overwhelmin…",,
advice,2020-07-22 16:21:39,DrColinTrainor,https://twitter.com/DrColinTrainor,https://twitter.com/i/web/status/1285822295831744512,"RT @AmandaPerram: @sclark_melbs @ScottMorrisonMP So the PM follows the health advice on stopping protests, but when it comes to overwhelmin…",,
advice,2020-07-22 12:30:05,otmelbourne,https://twitter.com/otmelbourne,https://twitter.com/i/web/status/1285764022483079169,"RT @AmandaPerram: @sclark_melbs @ScottMorrisonMP So the PM follows the health advice on stopping protests, but when it comes to overwhelmin…",,
just-so,2020-07-24 11:26:32,BenMullingsPhD,https://twitter.com/BenMullingsPhD,https://twitter.com/i/web/status/1286472804297105408,"RT @CEP_UK: There Is No “Depression Gene”  The field is littered with failed hypotheses, with just-so stories and compelling-but-wrong cor…",,
pandemic,2020-07-22 13:35:49,jazzbby91,https://twitter.com/jazzbby91,https://twitter.com/i/web/status/1285780562783825921,RT @ruthryan: National Mental Health and Wellbeing Pandemic Response Plan: meet the mental health and wellbeing needs of all Australians to…,,
pandemic,2020-07-22 14:23:28,reunitelove,https://twitter.com/reunitelove,https://twitter.com/i/web/status/1285792554693193729,RT @ruthryan: National Mental Health and Wellbeing Pandemic Response Plan: meet the mental health and wellbeing needs of all Australians to…,,
pandemic,2020-07-22 04:35:41,GillPirthi,https://twitter.com/GillPirthi,https://twitter.com/i/web/status/1285644632429338626,RT @ruthryan: National Mental Health and Wellbeing Pandemic Response Plan: meet the mental health and wellbeing needs of all Australians to…,,
pandemic,2020-07-22 02:47:07,ruthryan,https://twitter.com/ruthryan,https://twitter.com/i/web/status/1285617311475478528,National Mental Health and Wellbeing Pandemic Response Plan: meet the mental health and wellbeing needs of all Australians to reduce negative impacts of the pandemic in the short and long-term. @ScottMorrisonMP Reunite loved ones. Put your plan into action. #beyondblue 💔,beyondblue,beyondblue
pandemic,2020-07-27 00:28:16,sreeura,https://twitter.com/sreeura,https://twitter.com/i/web/status/1287394309507964928,RT @ruthryan: National Mental Health and Wellbeing Pandemic Response Plan: meet the mental health and wellbeing needs of all Australians to…,,
xenophobia,2020-07-27 12:45:40,moni1032,https://twitter.com/moni1032,https://twitter.com/i/web/status/1287579879811117056,"So why can’t we do it like Denmark and safely reunite partners?Too much work to create the policy?Pride of creating a prison island? Xenophobia? Disregard for Australians mental health?Tell us why, don’t be shy. @ScottMorrisonMP @AlanTudgeMP @Birmo @PeterDutton_MP @Smartraveller https://t.co/pquJFe4qT4",,
touch,2020-07-22 00:33:12,Frank_McGuire,https://twitter.com/Frank_McGuire,https://twitter.com/i/web/status/1285583609869381632,"RT @healthgovau: Make mental health a priority. Eat well, stay active, stay in touch and seek help if needed.",,
touch,2020-07-24 05:39:02,Cassie638,https://twitter.com/Cassie638,https://twitter.com/i/web/status/1286385351292936193,"RT @healthgovau: Make mental health a priority. Eat well, stay active, stay in touch and seek help if needed.",,
touch,2020-07-24 20:15:39,Clea__Smith,https://twitter.com/Clea__Smith,https://twitter.com/i/web/status/1286605958106345472,"RT @healthgovau: Make mental health a priority. Eat well, stay active, stay in touch and seek help if needed.",,
touch,2020-07-27 07:07:15,ElfinsongCP,https://twitter.com/ElfinsongCP,https://twitter.com/i/web/status/1287494716217466880,"RT @healthgovau: Make mental health a priority. Eat well, stay active, stay in touch and seek help if needed.",,
visit,2020-07-28 19:30:12,healthgovau,https://twitter.com/healthgovau,https://twitter.com/i/web/status/1288044071907479552,"It’s understandable to feel overwhelmed in uncertain times. If you need some extra mental health information and support during this time, visit: https://t.co/I5mXqpB6sk https://t.co/cUYfAr65tq",,
time,2020-07-28 20:36:20,PHLinSydney,https://twitter.com/PHLinSydney,https://twitter.com/i/web/status/1288060716608450561,RT @healthgovau: It’s understandable to feel overwhelmed in uncertain times. If you need some extra mental health information and support d…,,
time,2020-07-28 20:11:27,EvergreenPsych,https://twitter.com/EvergreenPsych,https://twitter.com/i/web/status/1288054455481430016,RT @healthgovau: It’s understandable to feel overwhelmed in uncertain times. If you need some extra mental health information and support d…,,
time,2020-07-28 19:30:12,healthgovau,https://twitter.com/healthgovau,https://twitter.com/i/web/status/1288044071907479552,"It’s understandable to feel overwhelmed in uncertain times. If you need some extra mental health information and support during this time, visit: https://t.co/I5mXqpB6sk https://t.co/cUYfAr65tq",,
time,2020-07-23 07:34:10,murphykj1,https://twitter.com/murphykj1,https://twitter.com/i/web/status/1286051939176730624,RT @healthgovau: It’s understandable to feel overwhelmed in uncertain times. If you need some extra mental health information and support d…,,
time,2020-07-28 19:32:21,MontanePS,https://twitter.com/MontanePS,https://twitter.com/i/web/status/1288044615019290625,RT @healthgovau: It’s understandable to feel overwhelmed in uncertain times. If you need some extra mental health information and support d…,,
time,2020-07-23 07:26:45,KatieAllenMP,https://twitter.com/KatieAllenMP,https://twitter.com/i/web/status/1286050072455593985,RT @healthgovau: It’s understandable to feel overwhelmed in uncertain times. If you need some extra mental health information and support d…,,
time,2020-07-23 07:14:09,ruthryan,https://twitter.com/ruthryan,https://twitter.com/i/web/status/1286046902811648001,Good time to invest in companies that make anti-depression medication 💔. #LoveIsNotTourism #beyondblue #DoItLikeDenmark #LoveIsEssential #LiftTheTravelBan #LoveIsEssential @ScottMorrisonMP @AusHumanRights @abcbrisbane @DavidColemanMP @PeterDutton_MP @AndrewLamingMP @reunitelove,beyondblue,LoveIsNotTourism
medication,2020-07-25 17:56:46,RJ_Howes,https://twitter.com/RJ_Howes,https://twitter.com/i/web/status/1286933394622881792,RT @ryrylinu: @bennessb Everything can be cured naturally. Medication makes you a Big Pharma zombie. You’re probably just having anxiety/de…,,
medication,2020-07-23 07:14:09,ruthryan,https://twitter.com/ruthryan,https://twitter.com/i/web/status/1286046902811648001,Good time to invest in companies that make anti-depression medication 💔. #LoveIsNotTourism #beyondblue #DoItLikeDenmark #LoveIsEssential #LiftTheTravelBan #LoveIsEssential @ScottMorrisonMP @AusHumanRights @abcbrisbane @DavidColemanMP @PeterDutton_MP @AndrewLamingMP @reunitelove,beyondblue,LoveIsNotTourism
safely,2020-07-27 12:45:40,moni1032,https://twitter.com/moni1032,https://twitter.com/i/web/status/1287579879811117056,"So why can’t we do it like Denmark and safely reunite partners?Too much work to create the policy?Pride of creating a prison island? Xenophobia? Disregard for Australians mental health?Tell us why, don’t be shy. @ScottMorrisonMP @AlanTudgeMP @Birmo @PeterDutton_MP @Smartraveller https://t.co/pquJFe4qT4",,
anxiety,2020-07-25 17:56:46,RJ_Howes,https://twitter.com/RJ_Howes,https://twitter.com/i/web/status/1286933394622881792,RT @ryrylinu: @bennessb Everything can be cured naturally. Medication makes you a Big Pharma zombie. You’re probably just having anxiety/de…,,
anxiety,2020-07-27 20:27:10,RJ_Howes,https://twitter.com/RJ_Howes,https://twitter.com/i/web/status/1287696022584438784,RT @hsireland1: HS and Anxiety https://t.co/wWp5ogxDNG via @wordpressdotcom #hidradenitissuppurativa #hs,hidradenitissuppurativa,hs
anxiety,2020-07-26 00:58:39,MJ_Leaver,https://twitter.com/MJ_Leaver,https://twitter.com/i/web/status/1287039565958483969,"@jodysmith_tweet Thank you, I'm doing all the things wamted by my team (except the staying up too late part due to anxiety), but it is rough going.",,
reality,2020-07-22 20:55:16,PatMcGorry,https://twitter.com/PatMcGorry,https://twitter.com/i/web/status/1285891155029225473,RT @ian_hickie: @SquigglyRick Rick - once again you are spot on!!! The insecurity kills mental health long before the  reality arrives- it’…,,
litter,2020-07-24 11:26:32,BenMullingsPhD,https://twitter.com/BenMullingsPhD,https://twitter.com/i/web/status/1286472804297105408,"RT @CEP_UK: There Is No “Depression Gene”  The field is littered with failed hypotheses, with just-so stories and compelling-but-wrong cor…",,
thing,2020-07-25 17:56:46,RJ_Howes,https://twitter.com/RJ_Howes,https://twitter.com/i/web/status/1286933394622881792,RT @ryrylinu: @bennessb Everything can be cured naturally. Medication makes you a Big Pharma zombie. You’re probably just having anxiety/de…,,
thing,2020-07-26 00:58:39,MJ_Leaver,https://twitter.com/MJ_Leaver,https://twitter.com/i/web/status/1287039565958483969,"@jodysmith_tweet Thank you, I'm doing all the things wamted by my team (except the staying up too late part due to anxiety), but it is rough going.",,
arrive,2020-07-22 20:55:16,PatMcGorry,https://twitter.com/PatMcGorry,https://twitter.com/i/web/status/1285891155029225473,RT @ian_hickie: @SquigglyRick Rick - once again you are spot on!!! The insecurity kills mental health long before the  reality arrives- it’…,,
national,2020-07-22 13:35:49,jazzbby91,https://twitter.com/jazzbby91,https://twitter.com/i/web/status/1285780562783825921,RT @ruthryan: National Mental Health and Wellbeing Pandemic Response Plan: meet the mental health and wellbeing needs of all Australians to…,,
national,2020-07-22 14:23:28,reunitelove,https://twitter.com/reunitelove,https://twitter.com/i/web/status/1285792554693193729,RT @ruthryan: National Mental Health and Wellbeing Pandemic Response Plan: meet the mental health and wellbeing needs of all Australians to…,,
national,2020-07-22 04:35:41,GillPirthi,https://twitter.com/GillPirthi,https://twitter.com/i/web/status/1285644632429338626,RT @ruthryan: National Mental Health and Wellbeing Pandemic Response Plan: meet the mental health and wellbeing needs of all Australians to…,,
national,2020-07-22 02:47:07,ruthryan,https://twitter.com/ruthryan,https://twitter.com/i/web/status/1285617311475478528,National Mental Health and Wellbeing Pandemic Response Plan: meet the mental health and wellbeing needs of all Australians to reduce negative impacts of the pandemic in the short and long-term. @ScottMorrisonMP Reunite loved ones. Put your plan into action. #beyondblue 💔,beyondblue,beyondblue
national,2020-07-27 00:28:16,sreeura,https://twitter.com/sreeura,https://twitter.com/i/web/status/1287394309507964928,RT @ruthryan: National Mental Health and Wellbeing Pandemic Response Plan: meet the mental health and wellbeing needs of all Australians to…,,
response,2020-07-22 13:35:49,jazzbby91,https://twitter.com/jazzbby91,https://twitter.com/i/web/status/1285780562783825921,RT @ruthryan: National Mental Health and Wellbeing Pandemic Response Plan: meet the mental health and wellbeing needs of all Australians to…,,
response,2020-07-22 14:23:28,reunitelove,https://twitter.com/reunitelove,https://twitter.com/i/web/status/1285792554693193729,RT @ruthryan: National Mental Health and Wellbeing Pandemic Response Plan: meet the mental health and wellbeing needs of all Australians to…,,
response,2020-07-22 04:35:41,GillPirthi,https://twitter.com/GillPirthi,https://twitter.com/i/web/status/1285644632429338626,RT @ruthryan: National Mental Health and Wellbeing Pandemic Response Plan: meet the mental health and wellbeing needs of all Australians to…,,
response,2020-07-22 02:47:07,ruthryan,https://twitter.com/ruthryan,https://twitter.com/i/web/status/1285617311475478528,National Mental Health and Wellbeing Pandemic Response Plan: meet the mental health and wellbeing needs of all Australians to reduce negative impacts of the pandemic in the short and long-term. @ScottMorrisonMP Reunite loved ones. Put your plan into action. #beyondblue 💔,beyondblue,beyondblue
response,2020-07-27 00:28:16,sreeura,https://twitter.com/sreeura,https://twitter.com/i/web/status/1287394309507964928,RT @ruthryan: National Mental Health and Wellbeing Pandemic Response Plan: meet the mental health and wellbeing needs of all Australians to…,,
flexible,2020-07-26 01:32:59,budgetbuscharte,https://twitter.com/budgetbuscharte,https://twitter.com/i/web/status/1287048206098939904,"RT @lonelyplanet: Before you book your flight, make sure the fare is flexible 🙅  https://t.co/ybxRt6zaMv",,
flexible,2020-07-26 20:08:50,budgetbuscharte,https://twitter.com/budgetbuscharte,https://twitter.com/i/web/status/1287329018421764097,"RT @lonelyplanet: Before you book your flight, make sure the fare is flexible 🙅  https://t.co/6I6obAt8ys",,
except,2020-07-26 00:58:39,MJ_Leaver,https://twitter.com/MJ_Leaver,https://twitter.com/i/web/status/1287039565958483969,"@jodysmith_tweet Thank you, I'm doing all the things wamted by my team (except the staying up too late part due to anxiety), but it is rough going.",,
coronavirus,2020-07-22 13:29:11,DanaScully2,https://twitter.com/DanaScully2,https://twitter.com/i/web/status/1285778892427366400,RT @healthgovau: The impacts of coronavirus are tough and can impact our mental health. We need to make sure we look after ourselves and se…,,
coronavirus,2020-07-22 17:50:47,JRWeaver55,https://twitter.com/JRWeaver55,https://twitter.com/i/web/status/1285844728773177344,RT @healthgovau: The impacts of coronavirus are tough and can impact our mental health. We need to make sure we look after ourselves and se…,,
coronavirus,2020-07-23 08:01:34,MurrumbidgeePHN,https://twitter.com/MurrumbidgeePHN,https://twitter.com/i/web/status/1286058834423885827,Feel like Coronavirus is taking a toll on your mental health?  You can get support online at Head to Health. https://t.co/s38IexfQNM  #WellPeople #ResilientCommunities @MurrumbidgeeLHD,ResilientCommunities,WellPeople
coronavirus,2020-07-27 13:47:20,Margare37237673,https://twitter.com/Margare37237673,https://twitter.com/i/web/status/1287595401906798592,RT @healthgovau: The impacts of coronavirus are tough and can impact our mental health. We need to make sure we look after ourselves and se…,,
coronavirus,2020-07-26 16:01:43,austin_tash,https://twitter.com/austin_tash,https://twitter.com/i/web/status/1287266832504692737,RT @healthgovau: The impacts of coronavirus are tough and can impact our mental health. We need to make sure we look after ourselves and se…,,
coronavirus,2020-07-25 19:42:47,KylieSaunder,https://twitter.com/KylieSaunder,https://twitter.com/i/web/status/1286960075874025473,RT @healthgovau: The impacts of coronavirus are tough and can impact our mental health. We need to make sure we look after ourselves and se…,,
coronavirus,2020-07-23 16:26:12,DannyBucholtz,https://twitter.com/DannyBucholtz,https://twitter.com/i/web/status/1286185829912547329,RT @healthgovau: The impacts of coronavirus are tough and can impact our mental health. We need to make sure we look after ourselves and se…,,
coronavirus,2020-07-26 18:43:36,ColinRenouf,https://twitter.com/ColinRenouf,https://twitter.com/i/web/status/1287307568533008385,RT @healthgovau: The impacts of coronavirus are tough and can impact our mental health. We need to make sure we look after ourselves and se…,,
coronavirus,2020-07-23 07:21:52,rubin_angela,https://twitter.com/rubin_angela,https://twitter.com/i/web/status/1286048842006241280,RT @healthgovau: The impacts of coronavirus are tough and can impact our mental health. We need to make sure we look after ourselves and se…,,
coronavirus,2020-07-23 11:55:48,QH_FSSlibrary,https://twitter.com/QH_FSSlibrary,https://twitter.com/i/web/status/1286117780727558145,RT @healthgovau: The impacts of coronavirus are tough and can impact our mental health. We need to make sure we look after ourselves and se…,,
reunite,2020-07-22 02:47:07,ruthryan,https://twitter.com/ruthryan,https://twitter.com/i/web/status/1285617311475478528,National Mental Health and Wellbeing Pandemic Response Plan: meet the mental health and wellbeing needs of all Australians to reduce negative impacts of the pandemic in the short and long-term. @ScottMorrisonMP Reunite loved ones. Put your plan into action. #beyondblue 💔,beyondblue,beyondblue
reunite,2020-07-27 12:45:40,moni1032,https://twitter.com/moni1032,https://twitter.com/i/web/status/1287579879811117056,"So why can’t we do it like Denmark and safely reunite partners?Too much work to create the policy?Pride of creating a prison island? Xenophobia? Disregard for Australians mental health?Tell us why, don’t be shy. @ScottMorrisonMP @AlanTudgeMP @Birmo @PeterDutton_MP @Smartraveller https://t.co/pquJFe4qT4",,
reunite,2020-07-23 07:14:09,ruthryan,https://twitter.com/ruthryan,https://twitter.com/i/web/status/1286046902811648001,Good time to invest in companies that make anti-depression medication 💔. #LoveIsNotTourism #beyondblue #DoItLikeDenmark #LoveIsEssential #LiftTheTravelBan #LoveIsEssential @ScottMorrisonMP @AusHumanRights @abcbrisbane @DavidColemanMP @PeterDutton_MP @AndrewLamingMP @reunitelove,beyondblue,LoveIsNotTourism
extra,2020-07-28 20:36:20,PHLinSydney,https://twitter.com/PHLinSydney,https://twitter.com/i/web/status/1288060716608450561,RT @healthgovau: It’s understandable to feel overwhelmed in uncertain times. If you need some extra mental health information and support d…,,
extra,2020-07-28 20:11:27,EvergreenPsych,https://twitter.com/EvergreenPsych,https://twitter.com/i/web/status/1288054455481430016,RT @healthgovau: It’s understandable to feel overwhelmed in uncertain times. If you need some extra mental health information and support d…,,
extra,2020-07-28 19:30:12,healthgovau,https://twitter.com/healthgovau,https://twitter.com/i/web/status/1288044071907479552,"It’s understandable to feel overwhelmed in uncertain times. If you need some extra mental health information and support during this time, visit: https://t.co/I5mXqpB6sk https://t.co/cUYfAr65tq",,
extra,2020-07-23 07:34:10,murphykj1,https://twitter.com/murphykj1,https://twitter.com/i/web/status/1286051939176730624,RT @healthgovau: It’s understandable to feel overwhelmed in uncertain times. If you need some extra mental health information and support d…,,
extra,2020-07-28 19:32:21,MontanePS,https://twitter.com/MontanePS,https://twitter.com/i/web/status/1288044615019290625,RT @healthgovau: It’s understandable to feel overwhelmed in uncertain times. If you need some extra mental health information and support d…,,
extra,2020-07-23 07:26:45,KatieAllenMP,https://twitter.com/KatieAllenMP,https://twitter.com/i/web/status/1286050072455593985,RT @healthgovau: It’s understandable to feel overwhelmed in uncertain times. If you need some extra mental health information and support d…,,
understandable,2020-07-28 20:36:20,PHLinSydney,https://twitter.com/PHLinSydney,https://twitter.com/i/web/status/1288060716608450561,RT @healthgovau: It’s understandable to feel overwhelmed in uncertain times. If you need some extra mental health information and support d…,,
understandable,2020-07-28 20:11:27,EvergreenPsych,https://twitter.com/EvergreenPsych,https://twitter.com/i/web/status/1288054455481430016,RT @healthgovau: It’s understandable to feel overwhelmed in uncertain times. If you need some extra mental health information and support d…,,
understandable,2020-07-28 19:30:12,healthgovau,https://twitter.com/healthgovau,https://twitter.com/i/web/status/1288044071907479552,"It’s understandable to feel overwhelmed in uncertain times. If you need some extra mental health information and support during this time, visit: https://t.co/I5mXqpB6sk https://t.co/cUYfAr65tq",,
understandable,2020-07-23 07:34:10,murphykj1,https://twitter.com/murphykj1,https://twitter.com/i/web/status/1286051939176730624,RT @healthgovau: It’s understandable to feel overwhelmed in uncertain times. If you need some extra mental health information and support d…,,
understandable,2020-07-28 19:32:21,MontanePS,https://twitter.com/MontanePS,https://twitter.com/i/web/status/1288044615019290625,RT @healthgovau: It’s understandable to feel overwhelmed in uncertain times. If you need some extra mental health information and support d…,,
understandable,2020-07-23 07:26:45,KatieAllenMP,https://twitter.com/KatieAllenMP,https://twitter.com/i/web/status/1286050072455593985,RT @healthgovau: It’s understandable to feel overwhelmed in uncertain times. If you need some extra mental health information and support d…,,
impact,2020-07-22 13:29:11,DanaScully2,https://twitter.com/DanaScully2,https://twitter.com/i/web/status/1285778892427366400,RT @healthgovau: The impacts of coronavirus are tough and can impact our mental health. We need to make sure we look after ourselves and se…,,
impact,2020-07-22 17:50:47,JRWeaver55,https://twitter.com/JRWeaver55,https://twitter.com/i/web/status/1285844728773177344,RT @healthgovau: The impacts of coronavirus are tough and can impact our mental health. We need to make sure we look after ourselves and se…,,
impact,2020-07-22 02:47:07,ruthryan,https://twitter.com/ruthryan,https://twitter.com/i/web/status/1285617311475478528,National Mental Health and Wellbeing Pandemic Response Plan: meet the mental health and wellbeing needs of all Australians to reduce negative impacts of the pandemic in the short and long-term. @ScottMorrisonMP Reunite loved ones. Put your plan into action. #beyondblue 💔,beyondblue,beyondblue
impact,2020-07-27 13:47:20,Margare37237673,https://twitter.com/Margare37237673,https://twitter.com/i/web/status/1287595401906798592,RT @healthgovau: The impacts of coronavirus are tough and can impact our mental health. We need to make sure we look after ourselves and se…,,
impact,2020-07-26 16:01:43,austin_tash,https://twitter.com/austin_tash,https://twitter.com/i/web/status/1287266832504692737,RT @healthgovau: The impacts of coronavirus are tough and can impact our mental health. We need to make sure we look after ourselves and se…,,
impact,2020-07-25 19:42:47,KylieSaunder,https://twitter.com/KylieSaunder,https://twitter.com/i/web/status/1286960075874025473,RT @healthgovau: The impacts of coronavirus are tough and can impact our mental health. We need to make sure we look after ourselves and se…,,
impact,2020-07-23 16:26:12,DannyBucholtz,https://twitter.com/DannyBucholtz,https://twitter.com/i/web/status/1286185829912547329,RT @healthgovau: The impacts of coronavirus are tough and can impact our mental health. We need to make sure we look after ourselves and se…,,
impact,2020-07-26 18:43:36,ColinRenouf,https://twitter.com/ColinRenouf,https://twitter.com/i/web/status/1287307568533008385,RT @healthgovau: The impacts of coronavirus are tough and can impact our mental health. We need to make sure we look after ourselves and se…,,
impact,2020-07-23 07:21:52,rubin_angela,https://twitter.com/rubin_angela,https://twitter.com/i/web/status/1286048842006241280,RT @healthgovau: The impacts of coronavirus are tough and can impact our mental health. We need to make sure we look after ourselves and se…,,
impact,2020-07-23 11:55:48,QH_FSSlibrary,https://twitter.com/QH_FSSlibrary,https://twitter.com/i/web/status/1286117780727558145,RT @healthgovau: The impacts of coronavirus are tough and can impact our mental health. We need to make sure we look after ourselves and se…,,
wellbeing,2020-07-22 13:35:49,jazzbby91,https://twitter.com/jazzbby91,https://twitter.com/i/web/status/1285780562783825921,RT @ruthryan: National Mental Health and Wellbeing Pandemic Response Plan: meet the mental health and wellbeing needs of all Australians to…,,
wellbeing,2020-07-22 14:23:28,reunitelove,https://twitter.com/reunitelove,https://twitter.com/i/web/status/1285792554693193729,RT @ruthryan: National Mental Health and Wellbeing Pandemic Response Plan: meet the mental health and wellbeing needs of all Australians to…,,
wellbeing,2020-07-22 04:35:41,GillPirthi,https://twitter.com/GillPirthi,https://twitter.com/i/web/status/1285644632429338626,RT @ruthryan: National Mental Health and Wellbeing Pandemic Response Plan: meet the mental health and wellbeing needs of all Australians to…,,
wellbeing,2020-07-22 02:47:07,ruthryan,https://twitter.com/ruthryan,https://twitter.com/i/web/status/1285617311475478528,National Mental Health and Wellbeing Pandemic Response Plan: meet the mental health and wellbeing needs of all Australians to reduce negative impacts of the pandemic in the short and long-term. @ScottMorrisonMP Reunite loved ones. Put your plan into action. #beyondblue 💔,beyondblue,beyondblue
wellbeing,2020-07-28 14:25:54,KarenGaunson,https://twitter.com/KarenGaunson,https://twitter.com/i/web/status/1287967492774612993,"Early &amp; sustained preparation re healthcare worker wellbeing created resources, peer networks &amp; pathways to mental health clinicians. Are initiatives being adequately resourced to effectively meet need given rising risks? #MindingCOVID #mentate @PKMAUS1 @blackdoginst @GregHuntMP https://t.co/OCtSOF2x1Y",mentate,MindingCOVID
wellbeing,2020-07-27 00:28:16,sreeura,https://twitter.com/sreeura,https://twitter.com/i/web/status/1287394309507964928,RT @ruthryan: National Mental Health and Wellbeing Pandemic Response Plan: meet the mental health and wellbeing needs of all Australians to…,,
wamted,2020-07-26 00:58:39,MJ_Leaver,https://twitter.com/MJ_Leaver,https://twitter.com/i/web/status/1287039565958483969,"@jodysmith_tweet Thank you, I'm doing all the things wamted by my team (except the staying up too late part due to anxiety), but it is rough going.",,
uncertain,2020-07-28 20:36:20,PHLinSydney,https://twitter.com/PHLinSydney,https://twitter.com/i/web/status/1288060716608450561,RT @healthgovau: It’s understandable to feel overwhelmed in uncertain times. If you need some extra mental health information and support d…,,
uncertain,2020-07-28 20:11:27,EvergreenPsych,https://twitter.com/EvergreenPsych,https://twitter.com/i/web/status/1288054455481430016,RT @healthgovau: It’s understandable to feel overwhelmed in uncertain times. If you need some extra mental health information and support d…,,
uncertain,2020-07-28 19:30:12,healthgovau,https://twitter.com/healthgovau,https://twitter.com/i/web/status/1288044071907479552,"It’s understandable to feel overwhelmed in uncertain times. If you need some extra mental health information and support during this time, visit: https://t.co/I5mXqpB6sk https://t.co/cUYfAr65tq",,
uncertain,2020-07-23 07:34:10,murphykj1,https://twitter.com/murphykj1,https://twitter.com/i/web/status/1286051939176730624,RT @healthgovau: It’s understandable to feel overwhelmed in uncertain times. If you need some extra mental health information and support d…,,
uncertain,2020-07-28 19:32:21,MontanePS,https://twitter.com/MontanePS,https://twitter.com/i/web/status/1288044615019290625,RT @healthgovau: It’s understandable to feel overwhelmed in uncertain times. If you need some extra mental health information and support d…,,
uncertain,2020-07-23 07:26:45,KatieAllenMP,https://twitter.com/KatieAllenMP,https://twitter.com/i/web/status/1286050072455593985,RT @healthgovau: It’s understandable to feel overwhelmed in uncertain times. If you need some extra mental health information and support d…,,
#loveisessential,2020-07-23 07:14:09,ruthryan,https://twitter.com/ruthryan,https://twitter.com/i/web/status/1286046902811648001,Good time to invest in companies that make anti-depression medication 💔. #LoveIsNotTourism #beyondblue #DoItLikeDenmark #LoveIsEssential #LiftTheTravelBan #LoveIsEssential @ScottMorrisonMP @AusHumanRights @abcbrisbane @DavidColemanMP @PeterDutton_MP @AndrewLamingMP @reunitelove,beyondblue,LoveIsNotTourism
information,2020-07-28 20:36:20,PHLinSydney,https://twitter.com/PHLinSydney,https://twitter.com/i/web/status/1288060716608450561,RT @healthgovau: It’s understandable to feel overwhelmed in uncertain times. If you need some extra mental health information and support d…,,
information,2020-07-28 20:11:27,EvergreenPsych,https://twitter.com/EvergreenPsych,https://twitter.com/i/web/status/1288054455481430016,RT @healthgovau: It’s understandable to feel overwhelmed in uncertain times. If you need some extra mental health information and support d…,,
information,2020-07-28 19:30:12,healthgovau,https://twitter.com/healthgovau,https://twitter.com/i/web/status/1288044071907479552,"It’s understandable to feel overwhelmed in uncertain times. If you need some extra mental health information and support during this time, visit: https://t.co/I5mXqpB6sk https://t.co/cUYfAr65tq",,
information,2020-07-23 07:34:10,murphykj1,https://twitter.com/murphykj1,https://twitter.com/i/web/status/1286051939176730624,RT @healthgovau: It’s understandable to feel overwhelmed in uncertain times. If you need some extra mental health information and support d…,,
information,2020-07-28 19:32:21,MontanePS,https://twitter.com/MontanePS,https://twitter.com/i/web/status/1288044615019290625,RT @healthgovau: It’s understandable to feel overwhelmed in uncertain times. If you need some extra mental health information and support d…,,
information,2020-07-23 07:26:45,KatieAllenMP,https://twitter.com/KatieAllenMP,https://twitter.com/i/web/status/1286050072455593985,RT @healthgovau: It’s understandable to feel overwhelmed in uncertain times. If you need some extra mental health information and support d…,,
stopping,2020-07-22 15:01:12,Bishop64,https://twitter.com/Bishop64,https://twitter.com/i/web/status/1285802052216479745,"RT @AmandaPerram: @sclark_melbs @ScottMorrisonMP So the PM follows the health advice on stopping protests, but when it comes to overwhelmin…",,
stopping,2020-07-22 17:05:35,JohnLee84586356,https://twitter.com/JohnLee84586356,https://twitter.com/i/web/status/1285833350586888192,"RT @AmandaPerram: @sclark_melbs @ScottMorrisonMP So the PM follows the health advice on stopping protests, but when it comes to overwhelmin…",,
stopping,2020-07-22 12:32:34,MelisaB39884862,https://twitter.com/MelisaB39884862,https://twitter.com/i/web/status/1285764644095750146,"RT @AmandaPerram: @sclark_melbs @ScottMorrisonMP So the PM follows the health advice on stopping protests, but when it comes to overwhelmin…",,
stopping,2020-07-22 14:58:28,3wombats,https://twitter.com/3wombats,https://twitter.com/i/web/status/1285801360655396864,"RT @AmandaPerram: @sclark_melbs @ScottMorrisonMP So the PM follows the health advice on stopping protests, but when it comes to overwhelmin…",,
stopping,2020-07-22 14:59:11,Magpie1954nBird,https://twitter.com/Magpie1954nBird,https://twitter.com/i/web/status/1285801542323331074,"RT @AmandaPerram: @sclark_melbs @ScottMorrisonMP So the PM follows the health advice on stopping protests, but when it comes to overwhelmin…",,
stopping,2020-07-22 12:24:13,WgarNews,https://twitter.com/WgarNews,https://twitter.com/i/web/status/1285762543609208833,"RT @AmandaPerram: @sclark_melbs @ScottMorrisonMP So the PM follows the health advice on stopping protests, but when it comes to overwhelmin…",,
stopping,2020-07-22 12:09:04,reinedelanuit05,https://twitter.com/reinedelanuit05,https://twitter.com/i/web/status/1285758733000179712,"RT @AmandaPerram: @sclark_melbs @ScottMorrisonMP So the PM follows the health advice on stopping protests, but when it comes to overwhelmin…",,
stopping,2020-07-22 14:52:29,BarnsGreg,https://twitter.com/BarnsGreg,https://twitter.com/i/web/status/1285799858721288192,"RT @AmandaPerram: @sclark_melbs @ScottMorrisonMP So the PM follows the health advice on stopping protests, but when it comes to overwhelmin…",,
stopping,2020-07-22 16:21:39,DrColinTrainor,https://twitter.com/DrColinTrainor,https://twitter.com/i/web/status/1285822295831744512,"RT @AmandaPerram: @sclark_melbs @ScottMorrisonMP So the PM follows the health advice on stopping protests, but when it comes to overwhelmin…",,
stopping,2020-07-22 12:30:05,otmelbourne,https://twitter.com/otmelbourne,https://twitter.com/i/web/status/1285764022483079169,"RT @AmandaPerram: @sclark_melbs @ScottMorrisonMP So the PM follows the health advice on stopping protests, but when it comes to overwhelmin…",,
tough,2020-07-22 13:29:11,DanaScully2,https://twitter.com/DanaScully2,https://twitter.com/i/web/status/1285778892427366400,RT @healthgovau: The impacts of coronavirus are tough and can impact our mental health. We need to make sure we look after ourselves and se…,,
tough,2020-07-22 17:50:47,JRWeaver55,https://twitter.com/JRWeaver55,https://twitter.com/i/web/status/1285844728773177344,RT @healthgovau: The impacts of coronavirus are tough and can impact our mental health. We need to make sure we look after ourselves and se…,,
tough,2020-07-27 13:47:20,Margare37237673,https://twitter.com/Margare37237673,https://twitter.com/i/web/status/1287595401906798592,RT @healthgovau: The impacts of coronavirus are tough and can impact our mental health. We need to make sure we look after ourselves and se…,,
tough,2020-07-26 16:01:43,austin_tash,https://twitter.com/austin_tash,https://twitter.com/i/web/status/1287266832504692737,RT @healthgovau: The impacts of coronavirus are tough and can impact our mental health. We need to make sure we look after ourselves and se…,,
tough,2020-07-25 19:42:47,KylieSaunder,https://twitter.com/KylieSaunder,https://twitter.com/i/web/status/1286960075874025473,RT @healthgovau: The impacts of coronavirus are tough and can impact our mental health. We need to make sure we look after ourselves and se…,,
tough,2020-07-23 16:26:12,DannyBucholtz,https://twitter.com/DannyBucholtz,https://twitter.com/i/web/status/1286185829912547329,RT @healthgovau: The impacts of coronavirus are tough and can impact our mental health. We need to make sure we look after ourselves and se…,,
tough,2020-07-26 18:43:36,ColinRenouf,https://twitter.com/ColinRenouf,https://twitter.com/i/web/status/1287307568533008385,RT @healthgovau: The impacts of coronavirus are tough and can impact our mental health. We need to make sure we look after ourselves and se…,,
tough,2020-07-23 07:21:52,rubin_angela,https://twitter.com/rubin_angela,https://twitter.com/i/web/status/1286048842006241280,RT @healthgovau: The impacts of coronavirus are tough and can impact our mental health. We need to make sure we look after ourselves and se…,,
tough,2020-07-23 11:55:48,QH_FSSlibrary,https://twitter.com/QH_FSSlibrary,https://twitter.com/i/web/status/1286117780727558145,RT @healthgovau: The impacts of coronavirus are tough and can impact our mental health. We need to make sure we look after ourselves and se…,,
tough,2020-07-23 19:30:31,jaynevajones,https://twitter.com/jaynevajones,https://twitter.com/i/web/status/1286232213365723137,RT @healthgovau: The impacts of coronavirus are tough and can impact our mental health. We need to make sure we look after ourselves and se…,,
come,2020-07-22 15:01:12,Bishop64,https://twitter.com/Bishop64,https://twitter.com/i/web/status/1285802052216479745,"RT @AmandaPerram: @sclark_melbs @ScottMorrisonMP So the PM follows the health advice on stopping protests, but when it comes to overwhelmin…",,
come,2020-07-22 17:05:35,JohnLee84586356,https://twitter.com/JohnLee84586356,https://twitter.com/i/web/status/1285833350586888192,"RT @AmandaPerram: @sclark_melbs @ScottMorrisonMP So the PM follows the health advice on stopping protests, but when it comes to overwhelmin…",,
come,2020-07-22 12:32:34,MelisaB39884862,https://twitter.com/MelisaB39884862,https://twitter.com/i/web/status/1285764644095750146,"RT @AmandaPerram: @sclark_melbs @ScottMorrisonMP So the PM follows the health advice on stopping protests, but when it comes to overwhelmin…",,
come,2020-07-22 14:58:28,3wombats,https://twitter.com/3wombats,https://twitter.com/i/web/status/1285801360655396864,"RT @AmandaPerram: @sclark_melbs @ScottMorrisonMP So the PM follows the health advice on stopping protests, but when it comes to overwhelmin…",,
come,2020-07-22 14:59:11,Magpie1954nBird,https://twitter.com/Magpie1954nBird,https://twitter.com/i/web/status/1285801542323331074,"RT @AmandaPerram: @sclark_melbs @ScottMorrisonMP So the PM follows the health advice on stopping protests, but when it comes to overwhelmin…",,
come,2020-07-22 12:24:13,WgarNews,https://twitter.com/WgarNews,https://twitter.com/i/web/status/1285762543609208833,"RT @AmandaPerram: @sclark_melbs @ScottMorrisonMP So the PM follows the health advice on stopping protests, but when it comes to overwhelmin…",,
come,2020-07-22 12:09:04,reinedelanuit05,https://twitter.com/reinedelanuit05,https://twitter.com/i/web/status/1285758733000179712,"RT @AmandaPerram: @sclark_melbs @ScottMorrisonMP So the PM follows the health advice on stopping protests, but when it comes to overwhelmin…",,
come,2020-07-22 14:52:29,BarnsGreg,https://twitter.com/BarnsGreg,https://twitter.com/i/web/status/1285799858721288192,"RT @AmandaPerram: @sclark_melbs @ScottMorrisonMP So the PM follows the health advice on stopping protests, but when it comes to overwhelmin…",,
come,2020-07-22 16:21:39,DrColinTrainor,https://twitter.com/DrColinTrainor,https://twitter.com/i/web/status/1285822295831744512,"RT @AmandaPerram: @sclark_melbs @ScottMorrisonMP So the PM follows the health advice on stopping protests, but when it comes to overwhelmin…",,
come,2020-07-22 12:30:05,otmelbourne,https://twitter.com/otmelbourne,https://twitter.com/i/web/status/1285764022483079169,"RT @AmandaPerram: @sclark_melbs @ScottMorrisonMP So the PM follows the health advice on stopping protests, but when it comes to overwhelmin…",,
overwhelm,2020-07-22 15:01:12,Bishop64,https://twitter.com/Bishop64,https://twitter.com/i/web/status/1285802052216479745,"RT @AmandaPerram: @sclark_melbs @ScottMorrisonMP So the PM follows the health advice on stopping protests, but when it comes to overwhelmin…",,
overwhelm,2020-07-22 17:05:35,JohnLee84586356,https://twitter.com/JohnLee84586356,https://twitter.com/i/web/status/1285833350586888192,"RT @AmandaPerram: @sclark_melbs @ScottMorrisonMP So the PM follows the health advice on stopping protests, but when it comes to overwhelmin…",,
overwhelm,2020-07-22 12:32:34,MelisaB39884862,https://twitter.com/MelisaB39884862,https://twitter.com/i/web/status/1285764644095750146,"RT @AmandaPerram: @sclark_melbs @ScottMorrisonMP So the PM follows the health advice on stopping protests, but when it comes to overwhelmin…",,
overwhelm,2020-07-22 14:58:28,3wombats,https://twitter.com/3wombats,https://twitter.com/i/web/status/1285801360655396864,"RT @AmandaPerram: @sclark_melbs @ScottMorrisonMP So the PM follows the health advice on stopping protests, but when it comes to overwhelmin…",,
overwhelm,2020-07-22 14:59:11,Magpie1954nBird,https://twitter.com/Magpie1954nBird,https://twitter.com/i/web/status/1285801542323331074,"RT @AmandaPerram: @sclark_melbs @ScottMorrisonMP So the PM follows the health advice on stopping protests, but when it comes to overwhelmin…",,
overwhelm,2020-07-22 12:24:13,WgarNews,https://twitter.com/WgarNews,https://twitter.com/i/web/status/1285762543609208833,"RT @AmandaPerram: @sclark_melbs @ScottMorrisonMP So the PM follows the health advice on stopping protests, but when it comes to overwhelmin…",,
overwhelm,2020-07-22 12:09:04,reinedelanuit05,https://twitter.com/reinedelanuit05,https://twitter.com/i/web/status/1285758733000179712,"RT @AmandaPerram: @sclark_melbs @ScottMorrisonMP So the PM follows the health advice on stopping protests, but when it comes to overwhelmin…",,
overwhelm,2020-07-22 14:52:29,BarnsGreg,https://twitter.com/BarnsGreg,https://twitter.com/i/web/status/1285799858721288192,"RT @AmandaPerram: @sclark_melbs @ScottMorrisonMP So the PM follows the health advice on stopping protests, but when it comes to overwhelmin…",,
overwhelm,2020-07-22 16:21:39,DrColinTrainor,https://twitter.com/DrColinTrainor,https://twitter.com/i/web/status/1285822295831744512,"RT @AmandaPerram: @sclark_melbs @ScottMorrisonMP So the PM follows the health advice on stopping protests, but when it comes to overwhelmin…",,
overwhelm,2020-07-22 12:30:05,otmelbourne,https://twitter.com/otmelbourne,https://twitter.com/i/web/status/1285764022483079169,"RT @AmandaPerram: @sclark_melbs @ScottMorrisonMP So the PM follows the health advice on stopping protests, but when it comes to overwhelmin…",,
support,2020-07-28 20:36:20,PHLinSydney,https://twitter.com/PHLinSydney,https://twitter.com/i/web/status/1288060716608450561,RT @healthgovau: It’s understandable to feel overwhelmed in uncertain times. If you need some extra mental health information and support d…,,
support,2020-07-28 20:11:27,EvergreenPsych,https://twitter.com/EvergreenPsych,https://twitter.com/i/web/status/1288054455481430016,RT @healthgovau: It’s understandable to feel overwhelmed in uncertain times. If you need some extra mental health information and support d…,,
support,2020-07-28 19:30:12,healthgovau,https://twitter.com/healthgovau,https://twitter.com/i/web/status/1288044071907479552,"It’s understandable to feel overwhelmed in uncertain times. If you need some extra mental health information and support during this time, visit: https://t.co/I5mXqpB6sk https://t.co/cUYfAr65tq",,
support,2020-07-23 07:34:10,murphykj1,https://twitter.com/murphykj1,https://twitter.com/i/web/status/1286051939176730624,RT @healthgovau: It’s understandable to feel overwhelmed in uncertain times. If you need some extra mental health information and support d…,,
support,2020-07-23 08:01:34,MurrumbidgeePHN,https://twitter.com/MurrumbidgeePHN,https://twitter.com/i/web/status/1286058834423885827,Feel like Coronavirus is taking a toll on your mental health?  You can get support online at Head to Health. https://t.co/s38IexfQNM  #WellPeople #ResilientCommunities @MurrumbidgeeLHD,ResilientCommunities,WellPeople
support,2020-07-28 19:32:21,MontanePS,https://twitter.com/MontanePS,https://twitter.com/i/web/status/1288044615019290625,RT @healthgovau: It’s understandable to feel overwhelmed in uncertain times. If you need some extra mental health information and support d…,,
support,2020-07-23 07:26:45,KatieAllenMP,https://twitter.com/KatieAllenMP,https://twitter.com/i/web/status/1286050072455593985,RT @healthgovau: It’s understandable to feel overwhelmed in uncertain times. If you need some extra mental health information and support d…,,
denmark,2020-07-27 12:45:40,moni1032,https://twitter.com/moni1032,https://twitter.com/i/web/status/1287579879811117056,"So why can’t we do it like Denmark and safely reunite partners?Too much work to create the policy?Pride of creating a prison island? Xenophobia? Disregard for Australians mental health?Tell us why, don’t be shy. @ScottMorrisonMP @AlanTudgeMP @Birmo @PeterDutton_MP @Smartraveller https://t.co/pquJFe4qT4",,
denmark,2020-07-23 07:14:09,ruthryan,https://twitter.com/ruthryan,https://twitter.com/i/web/status/1286046902811648001,Good time to invest in companies that make anti-depression medication 💔. #LoveIsNotTourism #beyondblue #DoItLikeDenmark #LoveIsEssential #LiftTheTravelBan #LoveIsEssential @ScottMorrisonMP @AusHumanRights @abcbrisbane @DavidColemanMP @PeterDutton_MP @AndrewLamingMP @reunitelove,beyondblue,LoveIsNotTourism
overwhelmin,2020-07-22 15:01:12,Bishop64,https://twitter.com/Bishop64,https://twitter.com/i/web/status/1285802052216479745,"RT @AmandaPerram: @sclark_melbs @ScottMorrisonMP So the PM follows the health advice on stopping protests, but when it comes to overwhelmin…",,
overwhelmin,2020-07-22 17:05:35,JohnLee84586356,https://twitter.com/JohnLee84586356,https://twitter.com/i/web/status/1285833350586888192,"RT @AmandaPerram: @sclark_melbs @ScottMorrisonMP So the PM follows the health advice on stopping protests, but when it comes to overwhelmin…",,
overwhelmin,2020-07-22 12:32:34,MelisaB39884862,https://twitter.com/MelisaB39884862,https://twitter.com/i/web/status/1285764644095750146,"RT @AmandaPerram: @sclark_melbs @ScottMorrisonMP So the PM follows the health advice on stopping protests, but when it comes to overwhelmin…",,
overwhelmin,2020-07-22 14:58:28,3wombats,https://twitter.com/3wombats,https://twitter.com/i/web/status/1285801360655396864,"RT @AmandaPerram: @sclark_melbs @ScottMorrisonMP So the PM follows the health advice on stopping protests, but when it comes to overwhelmin…",,
overwhelmin,2020-07-22 14:59:11,Magpie1954nBird,https://twitter.com/Magpie1954nBird,https://twitter.com/i/web/status/1285801542323331074,"RT @AmandaPerram: @sclark_melbs @ScottMorrisonMP So the PM follows the health advice on stopping protests, but when it comes to overwhelmin…",,
overwhelmin,2020-07-22 12:24:13,WgarNews,https://twitter.com/WgarNews,https://twitter.com/i/web/status/1285762543609208833,"RT @AmandaPerram: @sclark_melbs @ScottMorrisonMP So the PM follows the health advice on stopping protests, but when it comes to overwhelmin…",,
overwhelmin,2020-07-22 12:09:04,reinedelanuit05,https://twitter.com/reinedelanuit05,https://twitter.com/i/web/status/1285758733000179712,"RT @AmandaPerram: @sclark_melbs @ScottMorrisonMP So the PM follows the health advice on stopping protests, but when it comes to overwhelmin…",,
overwhelmin,2020-07-22 14:52:29,BarnsGreg,https://twitter.com/BarnsGreg,https://twitter.com/i/web/status/1285799858721288192,"RT @AmandaPerram: @sclark_melbs @ScottMorrisonMP So the PM follows the health advice on stopping protests, but when it comes to overwhelmin…",,
overwhelmin,2020-07-22 16:21:39,DrColinTrainor,https://twitter.com/DrColinTrainor,https://twitter.com/i/web/status/1285822295831744512,"RT @AmandaPerram: @sclark_melbs @ScottMorrisonMP So the PM follows the health advice on stopping protests, but when it comes to overwhelmin…",,
overwhelmin,2020-07-22 12:30:05,otmelbourne,https://twitter.com/otmelbourne,https://twitter.com/i/web/status/1285764022483079169,"RT @AmandaPerram: @sclark_melbs @ScottMorrisonMP So the PM follows the health advice on stopping protests, but when it comes to overwhelmin…",,
create,2020-07-28 14:25:54,KarenGaunson,https://twitter.com/KarenGaunson,https://twitter.com/i/web/status/1287967492774612993,"Early &amp; sustained preparation re healthcare worker wellbeing created resources, peer networks &amp; pathways to mental health clinicians. Are initiatives being adequately resourced to effectively meet need given rising risks? #MindingCOVID #mentate @PKMAUS1 @blackdoginst @GregHuntMP https://t.co/OCtSOF2x1Y",mentate,MindingCOVID
create,2020-07-27 12:45:40,moni1032,https://twitter.com/moni1032,https://twitter.com/i/web/status/1287579879811117056,"So why can’t we do it like Denmark and safely reunite partners?Too much work to create the policy?Pride of creating a prison island? Xenophobia? Disregard for Australians mental health?Tell us why, don’t be shy. @ScottMorrisonMP @AlanTudgeMP @Birmo @PeterDutton_MP @Smartraveller https://t.co/pquJFe4qT4",,
#beyondblue,2020-07-22 02:47:07,ruthryan,https://twitter.com/ruthryan,https://twitter.com/i/web/status/1285617311475478528,National Mental Health and Wellbeing Pandemic Response Plan: meet the mental health and wellbeing needs of all Australians to reduce negative impacts of the pandemic in the short and long-term. @ScottMorrisonMP Reunite loved ones. Put your plan into action. #beyondblue 💔,beyondblue,beyondblue
#beyondblue,2020-07-23 07:14:09,ruthryan,https://twitter.com/ruthryan,https://twitter.com/i/web/status/1286046902811648001,Good time to invest in companies that make anti-depression medication 💔. #LoveIsNotTourism #beyondblue #DoItLikeDenmark #LoveIsEssential #LiftTheTravelBan #LoveIsEssential @ScottMorrisonMP @AusHumanRights @abcbrisbane @DavidColemanMP @PeterDutton_MP @AndrewLamingMP @reunitelove,beyondblue,LoveIsNotTourism
active,2020-07-22 00:33:12,Frank_McGuire,https://twitter.com/Frank_McGuire,https://twitter.com/i/web/status/1285583609869381632,"RT @healthgovau: Make mental health a priority. Eat well, stay active, stay in touch and seek help if needed.",,
active,2020-07-24 05:39:02,Cassie638,https://twitter.com/Cassie638,https://twitter.com/i/web/status/1286385351292936193,"RT @healthgovau: Make mental health a priority. Eat well, stay active, stay in touch and seek help if needed.",,
active,2020-07-24 20:15:39,Clea__Smith,https://twitter.com/Clea__Smith,https://twitter.com/i/web/status/1286605958106345472,"RT @healthgovau: Make mental health a priority. Eat well, stay active, stay in touch and seek help if needed.",,
active,2020-07-27 07:07:15,ElfinsongCP,https://twitter.com/ElfinsongCP,https://twitter.com/i/web/status/1287494716217466880,"RT @healthgovau: Make mental health a priority. Eat well, stay active, stay in touch and seek help if needed.",,
priority,2020-07-22 00:33:12,Frank_McGuire,https://twitter.com/Frank_McGuire,https://twitter.com/i/web/status/1285583609869381632,"RT @healthgovau: Make mental health a priority. Eat well, stay active, stay in touch and seek help if needed.",,
priority,2020-07-24 05:39:02,Cassie638,https://twitter.com/Cassie638,https://twitter.com/i/web/status/1286385351292936193,"RT @healthgovau: Make mental health a priority. Eat well, stay active, stay in touch and seek help if needed.",,
priority,2020-07-24 20:15:39,Clea__Smith,https://twitter.com/Clea__Smith,https://twitter.com/i/web/status/1286605958106345472,"RT @healthgovau: Make mental health a priority. Eat well, stay active, stay in touch and seek help if needed.",,
priority,2020-07-27 07:07:15,ElfinsongCP,https://twitter.com/ElfinsongCP,https://twitter.com/i/web/status/1287494716217466880,"RT @healthgovau: Make mental health a priority. Eat well, stay active, stay in touch and seek help if needed.",,
australian,2020-07-22 13:35:49,jazzbby91,https://twitter.com/jazzbby91,https://twitter.com/i/web/status/1285780562783825921,RT @ruthryan: National Mental Health and Wellbeing Pandemic Response Plan: meet the mental health and wellbeing needs of all Australians to…,,
australian,2020-07-22 14:23:28,reunitelove,https://twitter.com/reunitelove,https://twitter.com/i/web/status/1285792554693193729,RT @ruthryan: National Mental Health and Wellbeing Pandemic Response Plan: meet the mental health and wellbeing needs of all Australians to…,,
australian,2020-07-22 04:35:41,GillPirthi,https://twitter.com/GillPirthi,https://twitter.com/i/web/status/1285644632429338626,RT @ruthryan: National Mental Health and Wellbeing Pandemic Response Plan: meet the mental health and wellbeing needs of all Australians to…,,
australian,2020-07-22 02:47:07,ruthryan,https://twitter.com/ruthryan,https://twitter.com/i/web/status/1285617311475478528,National Mental Health and Wellbeing Pandemic Response Plan: meet the mental health and wellbeing needs of all Australians to reduce negative impacts of the pandemic in the short and long-term. @ScottMorrisonMP Reunite loved ones. Put your plan into action. #beyondblue 💔,beyondblue,beyondblue
australian,2020-07-27 00:28:16,sreeura,https://twitter.com/sreeura,https://twitter.com/i/web/status/1287394309507964928,RT @ruthryan: National Mental Health and Wellbeing Pandemic Response Plan: meet the mental health and wellbeing needs of all Australians to…,,
australian,2020-07-27 12:45:40,moni1032,https://twitter.com/moni1032,https://twitter.com/i/web/status/1287579879811117056,"So why can’t we do it like Denmark and safely reunite partners?Too much work to create the policy?Pride of creating a prison island? Xenophobia? Disregard for Australians mental health?Tell us why, don’t be shy. @ScottMorrisonMP @AlanTudgeMP @Birmo @PeterDutton_MP @Smartraveller https://t.co/pquJFe4qT4",,
