keyword,counts
stay,266
leading,248
ways,246
#gettingthroughthistogether,229
developed,229
collaboration,229
organisations,229
physical,229
reunions,220
important,215
possible,198
healthy,195
connected,185
check-in,179
uncertain,179
priority,179
eat,179
active,179
touch,179
help,171
ago,170
eating,161
friends,151
social,148
yesterday,139
resting,139
gotcha4life,139
digital,139
keeping,134
make,131
australia,122
find,114
perfect,111
example,111
central,111
support,110
powerful,110
ambassador,110
cricketer,110
steve,110
smith,110
opens,110
mentally,110
complex,110
undergoing,110
transformation,110
streamline,110
delivery,110
provide,110
routine,110
staying,110
engaged,110
forward,110
durin,110
resource,110
multidisciplinary,110
teams,110
seek,108
services,105
family,104
#mentalhealth,101
#removethecap,99
needed,98
taking,92
aussie,92
youth,92
kids,92
time,91
#afairgoforlove,82
therapy,82
continuing,82
vs,79
practitioners,69
tonight,69
campaign,69
hosted,69
ballarat,69
team,69
join,69
psychologists,69
robi,69
sonderegger,69
doctor,69
deep,69
catholic,69
industry,69
discuss,69
today',69
liptember,69
media,69
worry,69
click,69
link,69
thos,69
necessary,69
australian,62
justice,62
nurses,62
nurse,62
live,56
