Topic,word1,word2,word3,word4,word5,word6,word7,word8,word9,word10
Topic 1,depression,government,support,anxiety,important,family,thing,victoria,lonely,today
Topic 2,people,actually,something,issue,consider,eroding,anxiety,depression,parent,million
Topic 3,telehealth,session,write,government,extend,medicare,calling,fund,anyone,cruel
Topic 4,people,first,enough,non-citizens,please,australian,victoria,today,murray,location
Topic 5,support,patient,pressure,waiting,emergency,access,victorian,suicide,clinic,tomorrow
