Topic,word1,word2,word3,word4,word5,word6,word7,word8,word9,word10
Topic 1,additional,support,announce,release,medium,important,victorian,stage,restriction,entering
Topic 2,need,extra,people,rural,pandemic,#covid19,#mentalhealth,australian,alcohol,depression
Topic 3,support,overwhelm,time,extra,information,understandable,uncertain,please,depression,people
Topic 4,stressful,covid,concern,wellbeing,discussion,feelin,impact,depression,ongoing,people
Topic 5,impact,tough,coronavirus,support,education,critical,employment,covid,respond,anxiety
