Topic,word1,word2,word3,word4,word5,word6,word7,word8,word9,word10
Topic 1,australia,people,service,support,access,adult,online,depression,improve,#mentalhealth
Topic 2,australia,suicide,pandemic,economic,effect,social,covid,expert,warn,dramati
Topic 3,support,time,information,important,overwhelm,extra,uncertain,flatten,curve,child
Topic 4,service,need,government,lockdown,support,covid,australian,people,wellbeing,priority
Topic 5,impact,coronavirus,tough,australia,system,agree,victorian,concern,remember,week
