Topic,word1,word2,word3,word4,word5,word6,word7,word8,word9,word10
Topic 1,support,people,victoria,public,opening,clinic,headtohelp,http,learn,australia
Topic 2,important,critically,paper,address,draft,palliative,consultation,australia,digital,great
Topic 3,access,support,victorian,additional,dedicate,clinic,#mentalhealth,issue,#covid19,prevent
Topic 4,important,report,death,funding,australian,piece,custody,western,prison,people
Topic 5,international,research,quality,recognition,fabulous,leadership,australia,service,optimize,become
