Topic,word1,word2,word3,word4,word5,word6,word7,word8,word9,word10
Topic 1,extra,support,session,please,medicare,subsidise,psychological,therapy,suicide,lifeline
Topic 2,people,today,tough,different,proud,others,react,melbournian,number,psychology
Topic 3,anxiety,border,people,additional,australian,session,minister,future,closure,citizen
Topic 4,melbourne,restriction,state,curfew,mask,patient,compulsory,disaster,movement,depression
Topic 5,month,people,anxiety,fiancé,partner,covid,australian,citizen,depression,thing
