Topic,word1,word2,word3,word4,word5,word6,word7,word8,word9,word10
Topic 1,education,investment,teacher,wealth,serious,future,school,crucial,physical,healt
Topic 2,remember,professional,vital,#covid19,disability,fight,thanks,victoria,depression,lockdown
Topic 3,australia,thank,#depression,someone,recently,help,anxiety,people,great,thought
Topic 4,grateful,really,child,depression,difficult,passage,write,grief,pretty,help
Topic 5,priority,active,touch,need,physical,covid,improve,michael,neuroscienceif,neurobiological
