keyword,counts
resources,336
campaign,326
community,300
disability,300
help,297
launch,291
toolkit,289
wellbeing,284
support,283
delighted,277
announce,277
aims,277
online,277
provides,277
awarene,271
link,271
wishing,264
luck,264
cup,264
match,264
raise,261
vital,256
information,256
stay,249
launched,248
supporting,248
difficult,248
factsheets,248
trial,248
partner,246
find,246
thursday,246
including,246
seek,246
service,243
counselling,240
touch,240
blue,231
financial,231
fortunate,229
address,229
tools,229
education,229
working,222
dedicated,220
24/7,220
eat,220
needed,220
introducti,220
position,220
expanding,220
growing,220
best,217
everyone,213
website,213
priority,213
debt,209
thanks,209
comm,208
responding,208
place,208
welcome,208
commitment,208
tim,208
professionals,202
active,202
money,196
highlight,195
im,195
webinars,195
wherever,195
schedule,195
running,195
register,195
culture,195
dose,195
art,195
#1800respect,194
see,193
article,192
share,192
worried,186
guidelines,186
struggle,185
includes,185
designed,185
gov,185
addressing,185
remember,185
access,180
call,179
partnered,179
througho,179
impacte,179
latest,179
confidential,179
identifies,179
self-isolating,179
connected,179
discussion,179
