Topic,word1,word2,word3,word4,word5,word6,word7,word8,word9,word10
Topic 1,people,lockdown,diabetes,second,fear,national,issue,#mentalhealth,depression,melbourne
Topic 2,impact,coronavirus,tough,crisis,study,important,reduce,method,effective,people
Topic 3,support,information,time,overwhelm,extra,uncertain,flatten,curve,government,australian
Topic 4,stress,need,anxiety,touch,experience,priority,active,support,available,covid
Topic 5,service,important,support,available,feeling,include,overwhelm,beyon,funding,suicide
