keyword,counts
quality,378
research,372
important,348
international,337
fabulous,333
recognition,333
⁦⁩,330
leadership,311
report,311
piece,309
custody,309
pri,304
funding,277
recognises,277
clinics,274
deadly,271
damaging,254
australian,243
opening,229
dedicated,229
publ,229
times,225
deaths,225
high,208
headtohelp,208
absolutely,208
optimized,208
conditions,202
victorians,202
western,200
digital,198
support,195
access,193
done,193
well,185
week,185
plan,185
needed,185
https,185
thanks,185
critical,185
goes,185
critically,170
paper,170
draft,170
gaps,170
public,165
additional,164
wa,162
much,162
commonwealth,161
gap,161
filling,161
resource,161
consultation,151
palliative,151
learn,151
exactly,139
stephen,139
esp,139
frontlines,139
welcomes,139
centre,139
option,139
quite,139
#covid19,139
hel,139
prisons,138
become,136
announcement,134
data,124
open,114
#mentalhealth,111
though,111
exhausted,111
delivered,110
provides,110
hubs,110
address,105
victoria,104
great,104
service,101
year,98
services,93
online,92
medical,82
south,82
prevent,82
social,82
article,82
right,80
care,80
people,76
confidential,69
ranzcp,69
mbs,69
item,69
welcome,69
towards,69
broader,69
