keyword,created_at_local_time,screen_name,user_URL,tweet_URL,tweet_text,hashtag1,hashtag2
melburnians,2020-09-08 14:12:22,NeilMcMahon,https://twitter.com/NeilMcMahon,https://twitter.com/i/web/status/1303184380240699393,RT @guardian: Melburnians face anxiety and depression during lockdown – video https://t.co/tU8n7wwIsW,,
melburnians,2020-09-07 15:59:25,mostowlansky,https://twitter.com/mostowlansky,https://twitter.com/i/web/status/1302848930854576128,"With Melburnians somewhat split into worshippers of “data and science” (but where is it and who interprets it?), ideological anti-lockdowners and a large crowd of exhausted, desperate and anxious people we could use some perspective from ⁦@ccaduff⁩  https://t.co/eoib9v1tbv",,
melburnians,2020-09-08 15:20:36,nir_eynon,https://twitter.com/nir_eynon,https://twitter.com/i/web/status/1303201548055449602,RT @guardian: Melburnians face anxiety and depression during lockdown – video https://t.co/tU8n7wwIsW,,
melburnians,2020-09-08 15:14:24,ELanguagesGeek,https://twitter.com/ELanguagesGeek,https://twitter.com/i/web/status/1303199991175852032,RT @guardian: Melburnians face anxiety and depression during lockdown – video https://t.co/tU8n7wwIsW,,
outbreak,2020-09-03 20:04:24,deptcommunities,https://twitter.com/deptcommunities,https://twitter.com/i/web/status/1301461029461794818,"RT @healthgovau: The impacts of the COVID-19 outbreak, isolation and restrictions can make us feel anxious, stressed or overwhelmed. It’s m…",,
outbreak,2020-09-02 12:57:41,ausgov,https://twitter.com/ausgov,https://twitter.com/i/web/status/1300991256055619585,"RT @healthgovau: The impacts of the COVID-19 outbreak, isolation and restrictions can make us feel anxious, stressed or overwhelmed. It’s m…",,
outbreak,2020-09-02 13:43:26,noblepark_cc,https://twitter.com/noblepark_cc,https://twitter.com/i/web/status/1301002770292420608,"RT @healthgovau: The impacts of the COVID-19 outbreak, isolation and restrictions can make us feel anxious, stressed or overwhelmed. It’s m…",,
outbreak,2020-09-02 12:15:46,SKReid1,https://twitter.com/SKReid1,https://twitter.com/i/web/status/1300980709020983296,"RT @healthgovau: The impacts of the COVID-19 outbreak, isolation and restrictions can make us feel anxious, stressed or overwhelmed. It’s m…",,
outbreak,2020-09-02 12:20:12,justbiblio,https://twitter.com/justbiblio,https://twitter.com/i/web/status/1300981823942533120,"RT @healthgovau: The impacts of the COVID-19 outbreak, isolation and restrictions can make us feel anxious, stressed or overwhelmed. It’s m…",,
outbreak,2020-09-03 10:37:07,orwilst,https://twitter.com/orwilst,https://twitter.com/i/web/status/1301318271547785217,"RT @healthgovau: The impacts of the COVID-19 outbreak, isolation and restrictions can make us feel anxious, stressed or overwhelmed. It’s m…",,
worker,2020-09-02 14:52:47,NiaALuxton,https://twitter.com/NiaALuxton,https://twitter.com/i/web/status/1301020221457625093,"RT @ian_hickie: As Victoria endures prolonged coronavirus lockdown, mental health workers see devastating impacts of COVID-19 - ABC News ⁦@…",,
worker,2020-09-02 09:54:07,mds49,https://twitter.com/mds49,https://twitter.com/i/web/status/1300945062117830656,"RT @ian_hickie: As Victoria endures prolonged coronavirus lockdown, mental health workers see devastating impacts of COVID-19 - ABC News ⁦@…",,
worker,2020-09-02 09:50:46,ian_hickie,https://twitter.com/ian_hickie,https://twitter.com/i/web/status/1300944215946358784,"As Victoria endures prolonged coronavirus lockdown, mental health workers see devastating impacts of COVID-19 - ABC News ⁦@BrainMind_Usyd⁩ ⁦@Sydney_Uni⁩ ⁦@GregHuntMP⁩ ⁦@Bowenchris⁩ ⁦@PatMcGorry⁩ ⁦@CSART_world⁩  https://t.co/nROTqdLUjO",,
worker,2020-09-07 16:03:37,SourceBottle,https://twitter.com/SourceBottle,https://twitter.com/i/web/status/1302849987269722112,"BLOGGER: Wanting to interview a wide variety of Aus mothers and feature stories of their parenting journey. Rural mums, isolated mums, experience of sleep school, FIFO workers, anti vax, pro vax, or any other interesting angles welcome.  https://t.co/HQNhi59q0S",,
adjust,2020-09-02 00:22:59,study_in_perth,https://twitter.com/study_in_perth,https://twitter.com/i/web/status/1300801329447673857,"RT @healthgovau: No matter how COVID-19 has affected you, adjusting to the changes can take some time. Keep track of how you are feeling an…",,
adjust,2020-09-02 09:09:53,MelissaSweetDr,https://twitter.com/MelissaSweetDr,https://twitter.com/i/web/status/1300933927406690307,"RT @healthgovau: No matter how COVID-19 has affected you, adjusting to the changes can take some time. Keep track of how you are feeling an…",,
isolation,2020-09-03 20:04:24,deptcommunities,https://twitter.com/deptcommunities,https://twitter.com/i/web/status/1301461029461794818,"RT @healthgovau: The impacts of the COVID-19 outbreak, isolation and restrictions can make us feel anxious, stressed or overwhelmed. It’s m…",,
isolation,2020-09-02 12:57:41,ausgov,https://twitter.com/ausgov,https://twitter.com/i/web/status/1300991256055619585,"RT @healthgovau: The impacts of the COVID-19 outbreak, isolation and restrictions can make us feel anxious, stressed or overwhelmed. It’s m…",,
isolation,2020-09-02 13:43:26,noblepark_cc,https://twitter.com/noblepark_cc,https://twitter.com/i/web/status/1301002770292420608,"RT @healthgovau: The impacts of the COVID-19 outbreak, isolation and restrictions can make us feel anxious, stressed or overwhelmed. It’s m…",,
isolation,2020-09-02 12:15:46,SKReid1,https://twitter.com/SKReid1,https://twitter.com/i/web/status/1300980709020983296,"RT @healthgovau: The impacts of the COVID-19 outbreak, isolation and restrictions can make us feel anxious, stressed or overwhelmed. It’s m…",,
isolation,2020-09-02 12:20:12,justbiblio,https://twitter.com/justbiblio,https://twitter.com/i/web/status/1300981823942533120,"RT @healthgovau: The impacts of the COVID-19 outbreak, isolation and restrictions can make us feel anxious, stressed or overwhelmed. It’s m…",,
isolation,2020-09-03 10:37:07,orwilst,https://twitter.com/orwilst,https://twitter.com/i/web/status/1301318271547785217,"RT @healthgovau: The impacts of the COVID-19 outbreak, isolation and restrictions can make us feel anxious, stressed or overwhelmed. It’s m…",,
suffer,2020-09-02 19:39:48,MsSorby,https://twitter.com/MsSorby,https://twitter.com/i/web/status/1301092452376346625,RT @tammymontero: you can still be confident &amp; suffer with social anxiety,,
suffer,2020-09-03 20:24:36,sreeura,https://twitter.com/sreeura,https://twitter.com/i/web/status/1301466113562177536,RT @lealovinglifea1: Children will suffer from mental health issues if they don‘t have strong family surroundings! #AFairGoForLove #removet…,AFairGoForLove,AFairGoForLove
suffer,2020-09-06 17:02:34,Lisa_Adams__,https://twitter.com/Lisa_Adams__,https://twitter.com/i/web/status/1302502436226048000,"👇 @JoshFrydenberg @ScottMorrisonMP People need to be supported! You say mental health will suffer under @DanielAndrewsMP roadmap out. However, mental health will actually suffer under financial stress &amp; uncertainty. #raisetherateforgood #auspol #COVID19Vic https://t.co/0lgeUQjt5p",auspol,raisetherateforgood
#afairgof,2020-09-02 12:25:35,sreeura,https://twitter.com/sreeura,https://twitter.com/i/web/status/1300983179046653953,RT @vasilkouskaya: Genuinely terrified of hotel imprisonment. Did someone really take his life at Melbourne hotel?  #RemoveTheCap #AFairGoF…,RemoveTheCap,RemoveTheCap
#afairgof,2020-09-03 20:21:34,sreeura,https://twitter.com/sreeura,https://twitter.com/i/web/status/1301465353218740229,"RT @occhocochoy: #AFairGoForLove #LoveIsNotToursim #removethecap We cannot know that when we can see each other to my lover, we feel that i…",AFairGoForLove,removethecap
#afairgof,2020-09-03 20:24:36,sreeura,https://twitter.com/sreeura,https://twitter.com/i/web/status/1301466113562177536,RT @lealovinglifea1: Children will suffer from mental health issues if they don‘t have strong family surroundings! #AFairGoForLove #removet…,AFairGoForLove,AFairGoForLove
#afairgof,2020-09-02 15:48:47,jazzbby91,https://twitter.com/jazzbby91,https://twitter.com/i/web/status/1301034315732586496,RT @vasilkouskaya: Genuinely terrified of hotel imprisonment. Did someone really take his life at Melbourne hotel?  #RemoveTheCap #AFairGoF…,RemoveTheCap,RemoveTheCap
#afairgof,2020-09-03 16:06:33,wintertriangel,https://twitter.com/wintertriangel,https://twitter.com/i/web/status/1301401175758004224,RT @vasilkouskaya: Genuinely terrified of hotel imprisonment. Did someone really take his life at Melbourne hotel?  #RemoveTheCap #AFairGoF…,RemoveTheCap,RemoveTheCap
#afairgof,2020-09-02 16:09:07,reunitelove,https://twitter.com/reunitelove,https://twitter.com/i/web/status/1301039432695382017,RT @vasilkouskaya: Genuinely terrified of hotel imprisonment. Did someone really take his life at Melbourne hotel?  #RemoveTheCap #AFairGoF…,RemoveTheCap,RemoveTheCap
today,2020-09-07 07:39:32,AlexDevantier,https://twitter.com/AlexDevantier,https://twitter.com/i/web/status/1302723130360643584,"RT @drpete00: Joint press release about VIC from @ScottMorrisonMP, @JoshFrydenberg &amp; @GregHuntMP today.  Here’s the first 3 paragraphs: - E…",,
today,2020-09-06 19:21:44,alancorbett8,https://twitter.com/alancorbett8,https://twitter.com/i/web/status/1302537455816515585,"RT @drpete00: Joint press release about VIC from @ScottMorrisonMP, @JoshFrydenberg &amp; @GregHuntMP today.  Here’s the first 3 paragraphs: - E…",,
today,2020-09-06 23:36:17,ToneIsBack,https://twitter.com/ToneIsBack,https://twitter.com/i/web/status/1302601515765436416,"RT @drpete00: Joint press release about VIC from @ScottMorrisonMP, @JoshFrydenberg &amp; @GregHuntMP today.  Here’s the first 3 paragraphs: - E…",,
today,2020-09-06 19:56:03,VicAusMidwife,https://twitter.com/VicAusMidwife,https://twitter.com/i/web/status/1302546093373157377,"RT @drpete00: Joint press release about VIC from @ScottMorrisonMP, @JoshFrydenberg &amp; @GregHuntMP today.  Here’s the first 3 paragraphs: - E…",,
today,2020-09-06 18:20:02,Harryet15,https://twitter.com/Harryet15,https://twitter.com/i/web/status/1302521931829145600,"RT @drpete00: Joint press release about VIC from @ScottMorrisonMP, @JoshFrydenberg &amp; @GregHuntMP today.  Here’s the first 3 paragraphs: - E…",,
today,2020-09-07 07:56:55,2kidsatuni,https://twitter.com/2kidsatuni,https://twitter.com/i/web/status/1302727505049088000,"RT @drpete00: Joint press release about VIC from @ScottMorrisonMP, @JoshFrydenberg &amp; @GregHuntMP today.  Here’s the first 3 paragraphs: - E…",,
today,2020-09-06 21:55:16,ericlindsay,https://twitter.com/ericlindsay,https://twitter.com/i/web/status/1302576093476470786,"RT @drpete00: Joint press release about VIC from @ScottMorrisonMP, @JoshFrydenberg &amp; @GregHuntMP today.  Here’s the first 3 paragraphs: - E…",,
today,2020-09-06 18:08:01,PattyMalone2000,https://twitter.com/PattyMalone2000,https://twitter.com/i/web/status/1302518904799948803,"RT @drpete00: Joint press release about VIC from @ScottMorrisonMP, @JoshFrydenberg &amp; @GregHuntMP today.  Here’s the first 3 paragraphs: - E…",,
today,2020-09-06 19:10:45,AKatsonis,https://twitter.com/AKatsonis,https://twitter.com/i/web/status/1302534692722229248,"RT @drpete00: Joint press release about VIC from @ScottMorrisonMP, @JoshFrydenberg &amp; @GregHuntMP today.  Here’s the first 3 paragraphs: - E…",,
today,2020-09-02 18:27:36,AnodyneParadigm,https://twitter.com/AnodyneParadigm,https://twitter.com/i/web/status/1301074284073439232,"Unemployment breached 30% in Great Depression...when definition of employment certainly was not as per current ABS Labor Force definition, which suggests an hour worked in survey week is a job! Reality today, jobless significantly exceeds 7.5% reported by ABS #TheDrum #auspol https://t.co/e5TovbKqCK",auspol,TheDrum
depression,2020-09-03 04:18:35,Dpeters1977,https://twitter.com/Dpeters1977,https://twitter.com/i/web/status/1301223009709993984,"RT @quellfoundation: During #suicideprevention month, it is essential to recognize the symptoms of #anxiety and #depression during this cru…",anxiety,suicideprevention
depression,2020-09-05 00:22:50,sreeura,https://twitter.com/sreeura,https://twitter.com/i/web/status/1301888454628765696,RT @harithtwee: Dear @ScottMorrisonMP it is crucial time. Your students need help from you. So many are in depression and cannot able to sl…,,
depression,2020-09-03 16:38:53,LetMeFlyAus,https://twitter.com/LetMeFlyAus,https://twitter.com/i/web/status/1301409312762290176,We don’t want to mess up our plan to be together. We just want to start family!! We are not tourists and just live our life at home together.  Depression affects our work and life. HELP US ASAP‼️  @ScottMorrisonMP @ausgov @AusBorderForce @AlanTudgeMP @PeterDutton_MP,,
depression,2020-09-04 23:49:42,treacl,https://twitter.com/treacl,https://twitter.com/i/web/status/1301880115773632512,"#COVID19 has changed lifestyle for everyone, everywhere. Not just for Australian youth! It may take decades yet, to form our ‘normal’ OR ‘typical’ OR ‘usual’... #greatdepression + #spanishflue was similar, but without our #globalisation. https://t.co/cE8yGv10mU",COVID19,spanishflue
depression,2020-09-02 18:27:36,AnodyneParadigm,https://twitter.com/AnodyneParadigm,https://twitter.com/i/web/status/1301074284073439232,"Unemployment breached 30% in Great Depression...when definition of employment certainly was not as per current ABS Labor Force definition, which suggests an hour worked in survey week is a job! Reality today, jobless significantly exceeds 7.5% reported by ABS #TheDrum #auspol https://t.co/e5TovbKqCK",auspol,TheDrum
depression,2020-09-04 20:05:25,Samoskal,https://twitter.com/Samoskal,https://twitter.com/i/web/status/1301823674241044480,"Since ... 1951, serious and often life-threatening adverse events, including respiratory depression, over sedation, agitation, hallucinations, seizures, and dystonic reactions, have been reported with promethazine [Phenergan] use in children https://t.co/VlMum9wXli #biorisks",biorisks,biorisks
depression,2020-09-08 14:51:15,RodBamberry,https://twitter.com/RodBamberry,https://twitter.com/i/web/status/1303194164905959424,RT @CBSNews: More young adults in the U.S. live with their parents than at any time since the Great Depression https://t.co/TMIyR84fue,,
depression,2020-09-02 14:58:41,HA_Fernandez,https://twitter.com/HA_Fernandez,https://twitter.com/i/web/status/1301021708049022977,"RT @ellymelly: Recession? HA! I think you mean, 'Depression' because that's what #auspol is going to look like any day now. We've been push…",auspol,auspol
depression,2020-09-02 22:53:25,JswannyJohn,https://twitter.com/JswannyJohn,https://twitter.com/i/web/status/1301141179577200641,"RT @TheKouk: Before Covid-19 pole-axed the economy, private sector business investment was in depression. From a peak in the June qtr 2012,…",,
depression,2020-09-07 09:39:09,MeshHolly,https://twitter.com/MeshHolly,https://twitter.com/i/web/status/1302753234411421698,"RT @AngelaSpaniak: #IMAD2020 Mental health issues are common, depression, anxiety, PTSD etc. Parents, Grandparents, wives and partners unab…",IMAD2020,IMAD2020
inform,2020-09-04 15:27:13,CityofAdelaide,https://twitter.com/CityofAdelaide,https://twitter.com/i/web/status/1301753663531016192,RT @healthgovau: It’s important to stay informed but ongoing news &amp; social media about #COVID19 can take a toll on your mental health. Each…,COVID19,COVID19
inform,2020-09-04 13:31:28,GrantDownSouth,https://twitter.com/GrantDownSouth,https://twitter.com/i/web/status/1301724532898586625,RT @healthgovau: It’s important to stay informed but ongoing news &amp; social media about #COVID19 can take a toll on your mental health. Each…,COVID19,COVID19
inform,2020-09-08 20:39:01,DrMichaelP,https://twitter.com/DrMichaelP,https://twitter.com/i/web/status/1303281682389168128,RT @healthgovau: It’s important to stay informed but ongoing news &amp; social media about #COVID19 can take a toll on your mental health. Each…,COVID19,COVID19
inform,2020-09-08 21:07:15,fileckert,https://twitter.com/fileckert,https://twitter.com/i/web/status/1303288786470580224,RT @healthgovau: It’s important to stay informed but ongoing news &amp; social media about #COVID19 can take a toll on your mental health. Each…,COVID19,COVID19
inform,2020-09-08 21:25:17,ShazzaCook,https://twitter.com/ShazzaCook,https://twitter.com/i/web/status/1303293326251012101,RT @healthgovau: It’s important to stay informed but ongoing news &amp; social media about #COVID19 can take a toll on your mental health. Each…,COVID19,COVID19
inform,2020-09-04 13:31:16,SA_SES,https://twitter.com/SA_SES,https://twitter.com/i/web/status/1301724485179981824,RT @healthgovau: It’s important to stay informed but ongoing news &amp; social media about #COVID19 can take a toll on your mental health. Each…,COVID19,COVID19
inform,2020-09-08 20:53:48,MJA_Editor,https://twitter.com/MJA_Editor,https://twitter.com/i/web/status/1303285404527808512,RT @healthgovau: It’s important to stay informed but ongoing news &amp; social media about #COVID19 can take a toll on your mental health. Each…,COVID19,COVID19
inform,2020-09-07 21:57:26,AusHCCanada,https://twitter.com/AusHCCanada,https://twitter.com/i/web/status/1302939027813871616,RT @healthgovau: It’s important to stay informed but ongoing news &amp; social media about #COVID19 can take a toll on your mental health. Each…,COVID19,COVID19
inform,2020-09-04 05:38:18,IAHA_National,https://twitter.com/IAHA_National,https://twitter.com/i/web/status/1301605458352828417,RT @healthgovau: It’s important to stay informed but ongoing news &amp; social media about #COVID19 can take a toll on your mental health. Each…,COVID19,COVID19
inform,2020-09-05 11:00:50,RANZCP,https://twitter.com/RANZCP,https://twitter.com/i/web/status/1302049013282283520,Learn how to control anxiety whenever you experience it. Try this breathing exercise to help alleviate your anxiety.  If your anxiety continues talk with your GP and ask if a referral to a psychiatrist is right for you. For more information visit https://t.co/pTAKDMK41P https://t.co/HBrWnaqZgG,,
research,2020-09-07 18:49:59,darsh_ayton,https://twitter.com/darsh_ayton,https://twitter.com/i/web/status/1302891853851717632,"RT @MonashPartners: The Australian Health Research Alliance has received $5m funding for a Women’s Health Research, Translation and Impact…",,
research,2020-09-07 19:50:44,AnnettePeart,https://twitter.com/AnnettePeart,https://twitter.com/i/web/status/1302907144140812288,"RT @MonashPartners: The Australian Health Research Alliance has received $5m funding for a Women’s Health Research, Translation and Impact…",,
someone,2020-09-02 12:25:35,sreeura,https://twitter.com/sreeura,https://twitter.com/i/web/status/1300983179046653953,RT @vasilkouskaya: Genuinely terrified of hotel imprisonment. Did someone really take his life at Melbourne hotel?  #RemoveTheCap #AFairGoF…,RemoveTheCap,RemoveTheCap
someone,2020-09-02 15:48:47,jazzbby91,https://twitter.com/jazzbby91,https://twitter.com/i/web/status/1301034315732586496,RT @vasilkouskaya: Genuinely terrified of hotel imprisonment. Did someone really take his life at Melbourne hotel?  #RemoveTheCap #AFairGoF…,RemoveTheCap,RemoveTheCap
someone,2020-09-03 16:06:33,wintertriangel,https://twitter.com/wintertriangel,https://twitter.com/i/web/status/1301401175758004224,RT @vasilkouskaya: Genuinely terrified of hotel imprisonment. Did someone really take his life at Melbourne hotel?  #RemoveTheCap #AFairGoF…,RemoveTheCap,RemoveTheCap
someone,2020-09-02 16:09:07,reunitelove,https://twitter.com/reunitelove,https://twitter.com/i/web/status/1301039432695382017,RT @vasilkouskaya: Genuinely terrified of hotel imprisonment. Did someone really take his life at Melbourne hotel?  #RemoveTheCap #AFairGoF…,RemoveTheCap,RemoveTheCap
someone,2020-09-03 11:17:54,_heleali,https://twitter.com/_heleali,https://twitter.com/i/web/status/1301328535290703872,RT @joielynxcomabig: little things you could do for someone with anxiety💚 https://t.co/Cgu7B2SklT,,
someone,2020-09-05 14:46:08,Dpeters1977,https://twitter.com/Dpeters1977,https://twitter.com/i/web/status/1302105713477447682,"RT @YoloAkili: As someone who has struggled w/ wanting to be here, it wasn’t just depression, it was financial hardship,  assault, inaccess…",,
anxious,2020-09-03 20:04:24,deptcommunities,https://twitter.com/deptcommunities,https://twitter.com/i/web/status/1301461029461794818,"RT @healthgovau: The impacts of the COVID-19 outbreak, isolation and restrictions can make us feel anxious, stressed or overwhelmed. It’s m…",,
anxious,2020-09-02 12:57:41,ausgov,https://twitter.com/ausgov,https://twitter.com/i/web/status/1300991256055619585,"RT @healthgovau: The impacts of the COVID-19 outbreak, isolation and restrictions can make us feel anxious, stressed or overwhelmed. It’s m…",,
anxious,2020-09-02 13:43:26,noblepark_cc,https://twitter.com/noblepark_cc,https://twitter.com/i/web/status/1301002770292420608,"RT @healthgovau: The impacts of the COVID-19 outbreak, isolation and restrictions can make us feel anxious, stressed or overwhelmed. It’s m…",,
anxious,2020-09-02 12:15:46,SKReid1,https://twitter.com/SKReid1,https://twitter.com/i/web/status/1300980709020983296,"RT @healthgovau: The impacts of the COVID-19 outbreak, isolation and restrictions can make us feel anxious, stressed or overwhelmed. It’s m…",,
anxious,2020-09-02 12:20:12,justbiblio,https://twitter.com/justbiblio,https://twitter.com/i/web/status/1300981823942533120,"RT @healthgovau: The impacts of the COVID-19 outbreak, isolation and restrictions can make us feel anxious, stressed or overwhelmed. It’s m…",,
anxious,2020-09-03 10:37:07,orwilst,https://twitter.com/orwilst,https://twitter.com/i/web/status/1301318271547785217,"RT @healthgovau: The impacts of the COVID-19 outbreak, isolation and restrictions can make us feel anxious, stressed or overwhelmed. It’s m…",,
anxious,2020-09-07 15:59:25,mostowlansky,https://twitter.com/mostowlansky,https://twitter.com/i/web/status/1302848930854576128,"With Melburnians somewhat split into worshippers of “data and science” (but where is it and who interprets it?), ideological anti-lockdowners and a large crowd of exhausted, desperate and anxious people we could use some perspective from ⁦@ccaduff⁩  https://t.co/eoib9v1tbv",,
joint,2020-09-07 07:39:32,AlexDevantier,https://twitter.com/AlexDevantier,https://twitter.com/i/web/status/1302723130360643584,"RT @drpete00: Joint press release about VIC from @ScottMorrisonMP, @JoshFrydenberg &amp; @GregHuntMP today.  Here’s the first 3 paragraphs: - E…",,
joint,2020-09-06 19:21:44,alancorbett8,https://twitter.com/alancorbett8,https://twitter.com/i/web/status/1302537455816515585,"RT @drpete00: Joint press release about VIC from @ScottMorrisonMP, @JoshFrydenberg &amp; @GregHuntMP today.  Here’s the first 3 paragraphs: - E…",,
joint,2020-09-06 23:36:17,ToneIsBack,https://twitter.com/ToneIsBack,https://twitter.com/i/web/status/1302601515765436416,"RT @drpete00: Joint press release about VIC from @ScottMorrisonMP, @JoshFrydenberg &amp; @GregHuntMP today.  Here’s the first 3 paragraphs: - E…",,
joint,2020-09-06 19:56:03,VicAusMidwife,https://twitter.com/VicAusMidwife,https://twitter.com/i/web/status/1302546093373157377,"RT @drpete00: Joint press release about VIC from @ScottMorrisonMP, @JoshFrydenberg &amp; @GregHuntMP today.  Here’s the first 3 paragraphs: - E…",,
joint,2020-09-06 18:20:02,Harryet15,https://twitter.com/Harryet15,https://twitter.com/i/web/status/1302521931829145600,"RT @drpete00: Joint press release about VIC from @ScottMorrisonMP, @JoshFrydenberg &amp; @GregHuntMP today.  Here’s the first 3 paragraphs: - E…",,
joint,2020-09-07 07:56:55,2kidsatuni,https://twitter.com/2kidsatuni,https://twitter.com/i/web/status/1302727505049088000,"RT @drpete00: Joint press release about VIC from @ScottMorrisonMP, @JoshFrydenberg &amp; @GregHuntMP today.  Here’s the first 3 paragraphs: - E…",,
joint,2020-09-06 21:55:16,ericlindsay,https://twitter.com/ericlindsay,https://twitter.com/i/web/status/1302576093476470786,"RT @drpete00: Joint press release about VIC from @ScottMorrisonMP, @JoshFrydenberg &amp; @GregHuntMP today.  Here’s the first 3 paragraphs: - E…",,
joint,2020-09-06 18:08:01,PattyMalone2000,https://twitter.com/PattyMalone2000,https://twitter.com/i/web/status/1302518904799948803,"RT @drpete00: Joint press release about VIC from @ScottMorrisonMP, @JoshFrydenberg &amp; @GregHuntMP today.  Here’s the first 3 paragraphs: - E…",,
joint,2020-09-06 19:10:45,AKatsonis,https://twitter.com/AKatsonis,https://twitter.com/i/web/status/1302534692722229248,"RT @drpete00: Joint press release about VIC from @ScottMorrisonMP, @JoshFrydenberg &amp; @GregHuntMP today.  Here’s the first 3 paragraphs: - E…",,
joint,2020-09-07 08:28:33,vixx_pixx,https://twitter.com/vixx_pixx,https://twitter.com/i/web/status/1302735465783504896,"RT @drpete00: Joint press release about VIC from @ScottMorrisonMP, @JoshFrydenberg &amp; @GregHuntMP today.  Here’s the first 3 paragraphs: - E…",,
#removethecap,2020-09-02 12:25:35,sreeura,https://twitter.com/sreeura,https://twitter.com/i/web/status/1300983179046653953,RT @vasilkouskaya: Genuinely terrified of hotel imprisonment. Did someone really take his life at Melbourne hotel?  #RemoveTheCap #AFairGoF…,RemoveTheCap,RemoveTheCap
#removethecap,2020-09-03 20:21:34,sreeura,https://twitter.com/sreeura,https://twitter.com/i/web/status/1301465353218740229,"RT @occhocochoy: #AFairGoForLove #LoveIsNotToursim #removethecap We cannot know that when we can see each other to my lover, we feel that i…",AFairGoForLove,removethecap
#removethecap,2020-09-02 15:48:47,jazzbby91,https://twitter.com/jazzbby91,https://twitter.com/i/web/status/1301034315732586496,RT @vasilkouskaya: Genuinely terrified of hotel imprisonment. Did someone really take his life at Melbourne hotel?  #RemoveTheCap #AFairGoF…,RemoveTheCap,RemoveTheCap
#removethecap,2020-09-03 16:06:33,wintertriangel,https://twitter.com/wintertriangel,https://twitter.com/i/web/status/1301401175758004224,RT @vasilkouskaya: Genuinely terrified of hotel imprisonment. Did someone really take his life at Melbourne hotel?  #RemoveTheCap #AFairGoF…,RemoveTheCap,RemoveTheCap
#removethecap,2020-09-02 16:09:07,reunitelove,https://twitter.com/reunitelove,https://twitter.com/i/web/status/1301039432695382017,RT @vasilkouskaya: Genuinely terrified of hotel imprisonment. Did someone really take his life at Melbourne hotel?  #RemoveTheCap #AFairGoF…,RemoveTheCap,RemoveTheCap
service,2020-09-03 12:34:47,PHAIWA,https://twitter.com/PHAIWA,https://twitter.com/i/web/status/1301347881144651778,#MediaWatch2Day Access to mental health services funded by medicare is up almost 10% as services struggle to keep up with demand surging and wait-times of up to a month-long. https://t.co/rmcBETH1E8 @AUMentalHealth @TheWAAMH @mentalhealthwa @healthgovau @LifelineAust @beyondblue,MediaWatch2Day,MediaWatch2Day
service,2020-09-04 22:20:30,YallopDiana,https://twitter.com/YallopDiana,https://twitter.com/i/web/status/1301857671612518403,@JudkinsSimon @bairdjulia @ellenmfanning @PatsKarvelas @frankelly08 @SabraLane @LindaMottram @GregHuntMP @Bowenchris @acemonline 2/3 As u know I hv serious concerns about the predominance of same voices/views/agenda/message about mental health services crisis we r in.BUT have always been big fan of QBI as genetics &amp; neuroscience play such  impt factors in mental health,,
stress,2020-09-03 20:04:24,deptcommunities,https://twitter.com/deptcommunities,https://twitter.com/i/web/status/1301461029461794818,"RT @healthgovau: The impacts of the COVID-19 outbreak, isolation and restrictions can make us feel anxious, stressed or overwhelmed. It’s m…",,
stress,2020-09-02 12:57:41,ausgov,https://twitter.com/ausgov,https://twitter.com/i/web/status/1300991256055619585,"RT @healthgovau: The impacts of the COVID-19 outbreak, isolation and restrictions can make us feel anxious, stressed or overwhelmed. It’s m…",,
stress,2020-09-02 13:43:26,noblepark_cc,https://twitter.com/noblepark_cc,https://twitter.com/i/web/status/1301002770292420608,"RT @healthgovau: The impacts of the COVID-19 outbreak, isolation and restrictions can make us feel anxious, stressed or overwhelmed. It’s m…",,
stress,2020-09-06 17:02:34,Lisa_Adams__,https://twitter.com/Lisa_Adams__,https://twitter.com/i/web/status/1302502436226048000,"👇 @JoshFrydenberg @ScottMorrisonMP People need to be supported! You say mental health will suffer under @DanielAndrewsMP roadmap out. However, mental health will actually suffer under financial stress &amp; uncertainty. #raisetherateforgood #auspol #COVID19Vic https://t.co/0lgeUQjt5p",auspol,raisetherateforgood
stress,2020-09-02 12:15:46,SKReid1,https://twitter.com/SKReid1,https://twitter.com/i/web/status/1300980709020983296,"RT @healthgovau: The impacts of the COVID-19 outbreak, isolation and restrictions can make us feel anxious, stressed or overwhelmed. It’s m…",,
stress,2020-09-02 12:20:12,justbiblio,https://twitter.com/justbiblio,https://twitter.com/i/web/status/1300981823942533120,"RT @healthgovau: The impacts of the COVID-19 outbreak, isolation and restrictions can make us feel anxious, stressed or overwhelmed. It’s m…",,
stress,2020-09-03 10:37:07,orwilst,https://twitter.com/orwilst,https://twitter.com/i/web/status/1301318271547785217,"RT @healthgovau: The impacts of the COVID-19 outbreak, isolation and restrictions can make us feel anxious, stressed or overwhelmed. It’s m…",,
prolong,2020-09-02 14:52:47,NiaALuxton,https://twitter.com/NiaALuxton,https://twitter.com/i/web/status/1301020221457625093,"RT @ian_hickie: As Victoria endures prolonged coronavirus lockdown, mental health workers see devastating impacts of COVID-19 - ABC News ⁦@…",,
prolong,2020-09-02 09:54:07,mds49,https://twitter.com/mds49,https://twitter.com/i/web/status/1300945062117830656,"RT @ian_hickie: As Victoria endures prolonged coronavirus lockdown, mental health workers see devastating impacts of COVID-19 - ABC News ⁦@…",,
prolong,2020-09-02 09:50:46,ian_hickie,https://twitter.com/ian_hickie,https://twitter.com/i/web/status/1300944215946358784,"As Victoria endures prolonged coronavirus lockdown, mental health workers see devastating impacts of COVID-19 - ABC News ⁦@BrainMind_Usyd⁩ ⁦@Sydney_Uni⁩ ⁦@GregHuntMP⁩ ⁦@Bowenchris⁩ ⁦@PatMcGorry⁩ ⁦@CSART_world⁩  https://t.co/nROTqdLUjO",,
together,2020-09-02 13:11:39,joannamilosz,https://twitter.com/joannamilosz,https://twitter.com/i/web/status/1300994770802679809,Can we please put the politics aside &amp; work together as all Australians to get back to our lives.Our duty is not only to protect the old but also to save our young from long term consequences of #Covid19 ⁦@DanielAndrewsMP⁩ ⁦@ScottMorrisonMP⁩  https://t.co/cm0NgQ6IDz,Covid19,Covid19
together,2020-09-03 16:38:53,LetMeFlyAus,https://twitter.com/LetMeFlyAus,https://twitter.com/i/web/status/1301409312762290176,We don’t want to mess up our plan to be together. We just want to start family!! We are not tourists and just live our life at home together.  Depression affects our work and life. HELP US ASAP‼️  @ScottMorrisonMP @ausgov @AusBorderForce @AlanTudgeMP @PeterDutton_MP,,
partner,2020-09-02 10:57:30,URP42,https://twitter.com/URP42,https://twitter.com/i/web/status/1300961009708933120,@JoshFrydenberg @ScottMorrisonMP stuff like mutual obligations   - mental health has been shown to improve from ubi in many studies. This translates to less costs to the health system as a result of mental health.  - Ubi isn't means tested but our current payments are both means tested and partner means tested.,,
partner,2020-09-05 16:50:19,jazzbby91,https://twitter.com/jazzbby91,https://twitter.com/i/web/status/1302136963986677762,"@MilenaOsika @EddaImbeck Thank you, you’re so kind!!! ❤️❤️ I’m born and raised here but between estranged family, and no good friends in Aus anymore, it’s awfully lonely!!! All my friends are in the US along with my partner &amp; I can’t safely go there 🥺 I hope countries do more REAL soon!!! 🥺❤️",,
partner,2020-09-08 15:59:37,koukli86,https://twitter.com/koukli86,https://twitter.com/i/web/status/1303211367617515520,RT @khutwadjalpa: @AusHCIndia Due to border closure and delay in visa grant process for 309/300 partners who are apart is getting anxiety a…,,
partner,2020-09-07 18:49:59,darsh_ayton,https://twitter.com/darsh_ayton,https://twitter.com/i/web/status/1302891853851717632,"RT @MonashPartners: The Australian Health Research Alliance has received $5m funding for a Women’s Health Research, Translation and Impact…",,
partner,2020-09-07 19:50:44,AnnettePeart,https://twitter.com/AnnettePeart,https://twitter.com/i/web/status/1302907144140812288,"RT @MonashPartners: The Australian Health Research Alliance has received $5m funding for a Women’s Health Research, Translation and Impact…",,
partner,2020-09-07 09:39:09,MeshHolly,https://twitter.com/MeshHolly,https://twitter.com/i/web/status/1302753234411421698,"RT @AngelaSpaniak: #IMAD2020 Mental health issues are common, depression, anxiety, PTSD etc. Parents, Grandparents, wives and partners unab…",IMAD2020,IMAD2020
affect,2020-09-03 16:38:53,LetMeFlyAus,https://twitter.com/LetMeFlyAus,https://twitter.com/i/web/status/1301409312762290176,We don’t want to mess up our plan to be together. We just want to start family!! We are not tourists and just live our life at home together.  Depression affects our work and life. HELP US ASAP‼️  @ScottMorrisonMP @ausgov @AusBorderForce @AlanTudgeMP @PeterDutton_MP,,
affect,2020-09-02 00:22:59,study_in_perth,https://twitter.com/study_in_perth,https://twitter.com/i/web/status/1300801329447673857,"RT @healthgovau: No matter how COVID-19 has affected you, adjusting to the changes can take some time. Keep track of how you are feeling an…",,
affect,2020-09-02 09:09:53,MelissaSweetDr,https://twitter.com/MelissaSweetDr,https://twitter.com/i/web/status/1300933927406690307,"RT @healthgovau: No matter how COVID-19 has affected you, adjusting to the changes can take some time. Keep track of how you are feeling an…",,
ongoing,2020-09-04 15:27:13,CityofAdelaide,https://twitter.com/CityofAdelaide,https://twitter.com/i/web/status/1301753663531016192,RT @healthgovau: It’s important to stay informed but ongoing news &amp; social media about #COVID19 can take a toll on your mental health. Each…,COVID19,COVID19
ongoing,2020-09-04 13:31:28,GrantDownSouth,https://twitter.com/GrantDownSouth,https://twitter.com/i/web/status/1301724532898586625,RT @healthgovau: It’s important to stay informed but ongoing news &amp; social media about #COVID19 can take a toll on your mental health. Each…,COVID19,COVID19
ongoing,2020-09-08 20:39:01,DrMichaelP,https://twitter.com/DrMichaelP,https://twitter.com/i/web/status/1303281682389168128,RT @healthgovau: It’s important to stay informed but ongoing news &amp; social media about #COVID19 can take a toll on your mental health. Each…,COVID19,COVID19
ongoing,2020-09-08 21:07:15,fileckert,https://twitter.com/fileckert,https://twitter.com/i/web/status/1303288786470580224,RT @healthgovau: It’s important to stay informed but ongoing news &amp; social media about #COVID19 can take a toll on your mental health. Each…,COVID19,COVID19
ongoing,2020-09-08 21:25:17,ShazzaCook,https://twitter.com/ShazzaCook,https://twitter.com/i/web/status/1303293326251012101,RT @healthgovau: It’s important to stay informed but ongoing news &amp; social media about #COVID19 can take a toll on your mental health. Each…,COVID19,COVID19
ongoing,2020-09-04 13:31:16,SA_SES,https://twitter.com/SA_SES,https://twitter.com/i/web/status/1301724485179981824,RT @healthgovau: It’s important to stay informed but ongoing news &amp; social media about #COVID19 can take a toll on your mental health. Each…,COVID19,COVID19
ongoing,2020-09-08 20:53:48,MJA_Editor,https://twitter.com/MJA_Editor,https://twitter.com/i/web/status/1303285404527808512,RT @healthgovau: It’s important to stay informed but ongoing news &amp; social media about #COVID19 can take a toll on your mental health. Each…,COVID19,COVID19
ongoing,2020-09-07 21:57:26,AusHCCanada,https://twitter.com/AusHCCanada,https://twitter.com/i/web/status/1302939027813871616,RT @healthgovau: It’s important to stay informed but ongoing news &amp; social media about #COVID19 can take a toll on your mental health. Each…,COVID19,COVID19
ongoing,2020-09-04 05:38:18,IAHA_National,https://twitter.com/IAHA_National,https://twitter.com/i/web/status/1301605458352828417,RT @healthgovau: It’s important to stay informed but ongoing news &amp; social media about #COVID19 can take a toll on your mental health. Each…,COVID19,COVID19
lockdown,2020-09-02 14:52:47,NiaALuxton,https://twitter.com/NiaALuxton,https://twitter.com/i/web/status/1301020221457625093,"RT @ian_hickie: As Victoria endures prolonged coronavirus lockdown, mental health workers see devastating impacts of COVID-19 - ABC News ⁦@…",,
lockdown,2020-09-02 09:54:07,mds49,https://twitter.com/mds49,https://twitter.com/i/web/status/1300945062117830656,"RT @ian_hickie: As Victoria endures prolonged coronavirus lockdown, mental health workers see devastating impacts of COVID-19 - ABC News ⁦@…",,
lockdown,2020-09-02 09:50:46,ian_hickie,https://twitter.com/ian_hickie,https://twitter.com/i/web/status/1300944215946358784,"As Victoria endures prolonged coronavirus lockdown, mental health workers see devastating impacts of COVID-19 - ABC News ⁦@BrainMind_Usyd⁩ ⁦@Sydney_Uni⁩ ⁦@GregHuntMP⁩ ⁦@Bowenchris⁩ ⁦@PatMcGorry⁩ ⁦@CSART_world⁩  https://t.co/nROTqdLUjO",,
lockdown,2020-09-07 19:19:30,AnnieFuller09,https://twitter.com/AnnieFuller09,https://twitter.com/i/web/status/1302899281242669056,@GregHuntMP watching you on @theprojecttv talking about mental health impact with Vic lockdown what about those that cant be with loved ones overseas.  Family &amp; friends are the essence of life and we need to be with them. @KKeneally @SenatorWong @larissawaters #family @AlboMP,family,family
lockdown,2020-09-06 12:34:51,brother_d78_,https://twitter.com/brother_d78_,https://twitter.com/i/web/status/1302435061543829504,RT @BreesAnna: Why didn’t the BBC do a report like this for the London protests?!Coronavirus: Arrests at Australia anti-lockdown protests -…,,
lockdown,2020-09-08 14:12:22,NeilMcMahon,https://twitter.com/NeilMcMahon,https://twitter.com/i/web/status/1303184380240699393,RT @guardian: Melburnians face anxiety and depression during lockdown – video https://t.co/tU8n7wwIsW,,
lockdown,2020-09-07 15:59:25,mostowlansky,https://twitter.com/mostowlansky,https://twitter.com/i/web/status/1302848930854576128,"With Melburnians somewhat split into worshippers of “data and science” (but where is it and who interprets it?), ideological anti-lockdowners and a large crowd of exhausted, desperate and anxious people we could use some perspective from ⁦@ccaduff⁩  https://t.co/eoib9v1tbv",,
lockdown,2020-09-08 15:20:36,nir_eynon,https://twitter.com/nir_eynon,https://twitter.com/i/web/status/1303201548055449602,RT @guardian: Melburnians face anxiety and depression during lockdown – video https://t.co/tU8n7wwIsW,,
lockdown,2020-09-04 19:54:28,michaelsarpi,https://twitter.com/michaelsarpi,https://twitter.com/i/web/status/1301820919048880128,"@Kieran_ @COVID_Australia You miss the point, that is not what I am talking about. I’m saying compare the cost &amp; benefits of lockdown to economic ruin. Read about the depression in 30’s - and think about the impact of unemployment above 30% &amp; the government going broke  to our health &amp; wellbeing.",,
lockdown,2020-09-06 06:51:58,KirrinaBarry,https://twitter.com/KirrinaBarry,https://twitter.com/i/web/status/1302348773276831744,RT @BreesAnna: Why didn’t the BBC do a report like this for the London protests?!Coronavirus: Arrests at Australia anti-lockdown protests -…,,
impact,2020-09-04 09:18:44,kjazzled,https://twitter.com/kjazzled,https://twitter.com/i/web/status/1301660931282276352,RT @healthgovau: The impacts of coronavirus are tough and can impact our mental health. We need to make sure we look after ourselves and se…,,
impact,2020-09-03 20:04:24,deptcommunities,https://twitter.com/deptcommunities,https://twitter.com/i/web/status/1301461029461794818,"RT @healthgovau: The impacts of the COVID-19 outbreak, isolation and restrictions can make us feel anxious, stressed or overwhelmed. It’s m…",,
impact,2020-09-02 12:57:41,ausgov,https://twitter.com/ausgov,https://twitter.com/i/web/status/1300991256055619585,"RT @healthgovau: The impacts of the COVID-19 outbreak, isolation and restrictions can make us feel anxious, stressed or overwhelmed. It’s m…",,
impact,2020-09-02 13:43:26,noblepark_cc,https://twitter.com/noblepark_cc,https://twitter.com/i/web/status/1301002770292420608,"RT @healthgovau: The impacts of the COVID-19 outbreak, isolation and restrictions can make us feel anxious, stressed or overwhelmed. It’s m…",,
impact,2020-09-06 15:10:29,blackaustralian,https://twitter.com/blackaustralian,https://twitter.com/i/web/status/1302474227493122048,"@ScottMorrisonMP, has the government carried out an evaluation of @MarkMcGowanMP 's WA Fortress Policy, its impact on the Australian economy, and the impact on the mental health of WA citizens. @#greghunt @abc730 @westaustralian @leighsales",greghunt,greghunt
impact,2020-09-02 12:15:46,SKReid1,https://twitter.com/SKReid1,https://twitter.com/i/web/status/1300980709020983296,"RT @healthgovau: The impacts of the COVID-19 outbreak, isolation and restrictions can make us feel anxious, stressed or overwhelmed. It’s m…",,
impact,2020-09-02 14:52:47,NiaALuxton,https://twitter.com/NiaALuxton,https://twitter.com/i/web/status/1301020221457625093,"RT @ian_hickie: As Victoria endures prolonged coronavirus lockdown, mental health workers see devastating impacts of COVID-19 - ABC News ⁦@…",,
impact,2020-09-03 16:32:29,PEFOZ,https://twitter.com/PEFOZ,https://twitter.com/i/web/status/1301407702325788673,RT @healthgovau: The impacts of coronavirus are tough and can impact our mental health. We need to make sure we look after ourselves and se…,,
impact,2020-09-03 10:38:00,0Thornton,https://twitter.com/0Thornton,https://twitter.com/i/web/status/1301318490389798912,RT @healthgovau: The impacts of coronavirus are tough and can impact our mental health. We need to make sure we look after ourselves and se…,,
impact,2020-09-05 19:12:36,KerriKellett,https://twitter.com/KerriKellett,https://twitter.com/i/web/status/1302172772953501697,RT @healthgovau: The impacts of coronavirus are tough and can impact our mental health. We need to make sure we look after ourselves and se…,,
restriction,2020-09-03 20:04:24,deptcommunities,https://twitter.com/deptcommunities,https://twitter.com/i/web/status/1301461029461794818,"RT @healthgovau: The impacts of the COVID-19 outbreak, isolation and restrictions can make us feel anxious, stressed or overwhelmed. It’s m…",,
restriction,2020-09-02 12:57:41,ausgov,https://twitter.com/ausgov,https://twitter.com/i/web/status/1300991256055619585,"RT @healthgovau: The impacts of the COVID-19 outbreak, isolation and restrictions can make us feel anxious, stressed or overwhelmed. It’s m…",,
restriction,2020-09-02 13:43:26,noblepark_cc,https://twitter.com/noblepark_cc,https://twitter.com/i/web/status/1301002770292420608,"RT @healthgovau: The impacts of the COVID-19 outbreak, isolation and restrictions can make us feel anxious, stressed or overwhelmed. It’s m…",,
restriction,2020-09-02 12:15:46,SKReid1,https://twitter.com/SKReid1,https://twitter.com/i/web/status/1300980709020983296,"RT @healthgovau: The impacts of the COVID-19 outbreak, isolation and restrictions can make us feel anxious, stressed or overwhelmed. It’s m…",,
restriction,2020-09-02 12:20:12,justbiblio,https://twitter.com/justbiblio,https://twitter.com/i/web/status/1300981823942533120,"RT @healthgovau: The impacts of the COVID-19 outbreak, isolation and restrictions can make us feel anxious, stressed or overwhelmed. It’s m…",,
restriction,2020-09-03 10:37:07,orwilst,https://twitter.com/orwilst,https://twitter.com/i/web/status/1301318271547785217,"RT @healthgovau: The impacts of the COVID-19 outbreak, isolation and restrictions can make us feel anxious, stressed or overwhelmed. It’s m…",,
#covid19,2020-09-02 13:11:39,joannamilosz,https://twitter.com/joannamilosz,https://twitter.com/i/web/status/1300994770802679809,Can we please put the politics aside &amp; work together as all Australians to get back to our lives.Our duty is not only to protect the old but also to save our young from long term consequences of #Covid19 ⁦@DanielAndrewsMP⁩ ⁦@ScottMorrisonMP⁩  https://t.co/cm0NgQ6IDz,Covid19,Covid19
#covid19,2020-09-04 15:27:13,CityofAdelaide,https://twitter.com/CityofAdelaide,https://twitter.com/i/web/status/1301753663531016192,RT @healthgovau: It’s important to stay informed but ongoing news &amp; social media about #COVID19 can take a toll on your mental health. Each…,COVID19,COVID19
#covid19,2020-09-04 13:31:28,GrantDownSouth,https://twitter.com/GrantDownSouth,https://twitter.com/i/web/status/1301724532898586625,RT @healthgovau: It’s important to stay informed but ongoing news &amp; social media about #COVID19 can take a toll on your mental health. Each…,COVID19,COVID19
#covid19,2020-09-08 20:39:01,DrMichaelP,https://twitter.com/DrMichaelP,https://twitter.com/i/web/status/1303281682389168128,RT @healthgovau: It’s important to stay informed but ongoing news &amp; social media about #COVID19 can take a toll on your mental health. Each…,COVID19,COVID19
#covid19,2020-09-08 21:07:15,fileckert,https://twitter.com/fileckert,https://twitter.com/i/web/status/1303288786470580224,RT @healthgovau: It’s important to stay informed but ongoing news &amp; social media about #COVID19 can take a toll on your mental health. Each…,COVID19,COVID19
#covid19,2020-09-08 21:25:17,ShazzaCook,https://twitter.com/ShazzaCook,https://twitter.com/i/web/status/1303293326251012101,RT @healthgovau: It’s important to stay informed but ongoing news &amp; social media about #COVID19 can take a toll on your mental health. Each…,COVID19,COVID19
#covid19,2020-09-04 13:31:16,SA_SES,https://twitter.com/SA_SES,https://twitter.com/i/web/status/1301724485179981824,RT @healthgovau: It’s important to stay informed but ongoing news &amp; social media about #COVID19 can take a toll on your mental health. Each…,COVID19,COVID19
#covid19,2020-09-08 20:53:48,MJA_Editor,https://twitter.com/MJA_Editor,https://twitter.com/i/web/status/1303285404527808512,RT @healthgovau: It’s important to stay informed but ongoing news &amp; social media about #COVID19 can take a toll on your mental health. Each…,COVID19,COVID19
#covid19,2020-09-07 21:57:26,AusHCCanada,https://twitter.com/AusHCCanada,https://twitter.com/i/web/status/1302939027813871616,RT @healthgovau: It’s important to stay informed but ongoing news &amp; social media about #COVID19 can take a toll on your mental health. Each…,COVID19,COVID19
#covid19,2020-09-04 05:38:18,IAHA_National,https://twitter.com/IAHA_National,https://twitter.com/i/web/status/1301605458352828417,RT @healthgovau: It’s important to stay informed but ongoing news &amp; social media about #COVID19 can take a toll on your mental health. Each…,COVID19,COVID19
paragraph,2020-09-07 07:39:32,AlexDevantier,https://twitter.com/AlexDevantier,https://twitter.com/i/web/status/1302723130360643584,"RT @drpete00: Joint press release about VIC from @ScottMorrisonMP, @JoshFrydenberg &amp; @GregHuntMP today.  Here’s the first 3 paragraphs: - E…",,
paragraph,2020-09-06 19:21:44,alancorbett8,https://twitter.com/alancorbett8,https://twitter.com/i/web/status/1302537455816515585,"RT @drpete00: Joint press release about VIC from @ScottMorrisonMP, @JoshFrydenberg &amp; @GregHuntMP today.  Here’s the first 3 paragraphs: - E…",,
paragraph,2020-09-06 23:36:17,ToneIsBack,https://twitter.com/ToneIsBack,https://twitter.com/i/web/status/1302601515765436416,"RT @drpete00: Joint press release about VIC from @ScottMorrisonMP, @JoshFrydenberg &amp; @GregHuntMP today.  Here’s the first 3 paragraphs: - E…",,
paragraph,2020-09-06 19:56:03,VicAusMidwife,https://twitter.com/VicAusMidwife,https://twitter.com/i/web/status/1302546093373157377,"RT @drpete00: Joint press release about VIC from @ScottMorrisonMP, @JoshFrydenberg &amp; @GregHuntMP today.  Here’s the first 3 paragraphs: - E…",,
paragraph,2020-09-06 18:20:02,Harryet15,https://twitter.com/Harryet15,https://twitter.com/i/web/status/1302521931829145600,"RT @drpete00: Joint press release about VIC from @ScottMorrisonMP, @JoshFrydenberg &amp; @GregHuntMP today.  Here’s the first 3 paragraphs: - E…",,
paragraph,2020-09-07 07:56:55,2kidsatuni,https://twitter.com/2kidsatuni,https://twitter.com/i/web/status/1302727505049088000,"RT @drpete00: Joint press release about VIC from @ScottMorrisonMP, @JoshFrydenberg &amp; @GregHuntMP today.  Here’s the first 3 paragraphs: - E…",,
paragraph,2020-09-06 21:55:16,ericlindsay,https://twitter.com/ericlindsay,https://twitter.com/i/web/status/1302576093476470786,"RT @drpete00: Joint press release about VIC from @ScottMorrisonMP, @JoshFrydenberg &amp; @GregHuntMP today.  Here’s the first 3 paragraphs: - E…",,
paragraph,2020-09-06 18:08:01,PattyMalone2000,https://twitter.com/PattyMalone2000,https://twitter.com/i/web/status/1302518904799948803,"RT @drpete00: Joint press release about VIC from @ScottMorrisonMP, @JoshFrydenberg &amp; @GregHuntMP today.  Here’s the first 3 paragraphs: - E…",,
paragraph,2020-09-06 19:10:45,AKatsonis,https://twitter.com/AKatsonis,https://twitter.com/i/web/status/1302534692722229248,"RT @drpete00: Joint press release about VIC from @ScottMorrisonMP, @JoshFrydenberg &amp; @GregHuntMP today.  Here’s the first 3 paragraphs: - E…",,
paragraph,2020-09-07 08:28:33,vixx_pixx,https://twitter.com/vixx_pixx,https://twitter.com/i/web/status/1302735465783504896,"RT @drpete00: Joint press release about VIC from @ScottMorrisonMP, @JoshFrydenberg &amp; @GregHuntMP today.  Here’s the first 3 paragraphs: - E…",,
first,2020-09-07 07:39:32,AlexDevantier,https://twitter.com/AlexDevantier,https://twitter.com/i/web/status/1302723130360643584,"RT @drpete00: Joint press release about VIC from @ScottMorrisonMP, @JoshFrydenberg &amp; @GregHuntMP today.  Here’s the first 3 paragraphs: - E…",,
first,2020-09-06 19:21:44,alancorbett8,https://twitter.com/alancorbett8,https://twitter.com/i/web/status/1302537455816515585,"RT @drpete00: Joint press release about VIC from @ScottMorrisonMP, @JoshFrydenberg &amp; @GregHuntMP today.  Here’s the first 3 paragraphs: - E…",,
first,2020-09-06 23:36:17,ToneIsBack,https://twitter.com/ToneIsBack,https://twitter.com/i/web/status/1302601515765436416,"RT @drpete00: Joint press release about VIC from @ScottMorrisonMP, @JoshFrydenberg &amp; @GregHuntMP today.  Here’s the first 3 paragraphs: - E…",,
first,2020-09-06 19:56:03,VicAusMidwife,https://twitter.com/VicAusMidwife,https://twitter.com/i/web/status/1302546093373157377,"RT @drpete00: Joint press release about VIC from @ScottMorrisonMP, @JoshFrydenberg &amp; @GregHuntMP today.  Here’s the first 3 paragraphs: - E…",,
first,2020-09-06 18:20:02,Harryet15,https://twitter.com/Harryet15,https://twitter.com/i/web/status/1302521931829145600,"RT @drpete00: Joint press release about VIC from @ScottMorrisonMP, @JoshFrydenberg &amp; @GregHuntMP today.  Here’s the first 3 paragraphs: - E…",,
first,2020-09-07 07:56:55,2kidsatuni,https://twitter.com/2kidsatuni,https://twitter.com/i/web/status/1302727505049088000,"RT @drpete00: Joint press release about VIC from @ScottMorrisonMP, @JoshFrydenberg &amp; @GregHuntMP today.  Here’s the first 3 paragraphs: - E…",,
first,2020-09-06 21:55:16,ericlindsay,https://twitter.com/ericlindsay,https://twitter.com/i/web/status/1302576093476470786,"RT @drpete00: Joint press release about VIC from @ScottMorrisonMP, @JoshFrydenberg &amp; @GregHuntMP today.  Here’s the first 3 paragraphs: - E…",,
first,2020-09-06 18:08:01,PattyMalone2000,https://twitter.com/PattyMalone2000,https://twitter.com/i/web/status/1302518904799948803,"RT @drpete00: Joint press release about VIC from @ScottMorrisonMP, @JoshFrydenberg &amp; @GregHuntMP today.  Here’s the first 3 paragraphs: - E…",,
first,2020-09-06 19:10:45,AKatsonis,https://twitter.com/AKatsonis,https://twitter.com/i/web/status/1302534692722229248,"RT @drpete00: Joint press release about VIC from @ScottMorrisonMP, @JoshFrydenberg &amp; @GregHuntMP today.  Here’s the first 3 paragraphs: - E…",,
first,2020-09-07 08:28:33,vixx_pixx,https://twitter.com/vixx_pixx,https://twitter.com/i/web/status/1302735465783504896,"RT @drpete00: Joint press release about VIC from @ScottMorrisonMP, @JoshFrydenberg &amp; @GregHuntMP today.  Here’s the first 3 paragraphs: - E…",,
tough,2020-09-04 09:18:44,kjazzled,https://twitter.com/kjazzled,https://twitter.com/i/web/status/1301660931282276352,RT @healthgovau: The impacts of coronavirus are tough and can impact our mental health. We need to make sure we look after ourselves and se…,,
tough,2020-09-03 16:32:29,PEFOZ,https://twitter.com/PEFOZ,https://twitter.com/i/web/status/1301407702325788673,RT @healthgovau: The impacts of coronavirus are tough and can impact our mental health. We need to make sure we look after ourselves and se…,,
tough,2020-09-03 10:38:00,0Thornton,https://twitter.com/0Thornton,https://twitter.com/i/web/status/1301318490389798912,RT @healthgovau: The impacts of coronavirus are tough and can impact our mental health. We need to make sure we look after ourselves and se…,,
tough,2020-09-05 19:12:36,KerriKellett,https://twitter.com/KerriKellett,https://twitter.com/i/web/status/1302172772953501697,RT @healthgovau: The impacts of coronavirus are tough and can impact our mental health. We need to make sure we look after ourselves and se…,,
tough,2020-09-02 18:45:43,RodBamberry,https://twitter.com/RodBamberry,https://twitter.com/i/web/status/1301078844049207296,RT @healthgovau: The impacts of coronavirus are tough and can impact our mental health. We need to make sure we look after ourselves and se…,,
tough,2020-09-03 05:41:43,Farshadst,https://twitter.com/Farshadst,https://twitter.com/i/web/status/1301243929182887936,RT @healthgovau: The impacts of coronavirus are tough and can impact our mental health. We need to make sure we look after ourselves and se…,,
tough,2020-09-03 12:10:06,benjaminwchong,https://twitter.com/benjaminwchong,https://twitter.com/i/web/status/1301341669569122304,RT @healthgovau: The impacts of coronavirus are tough and can impact our mental health. We need to make sure we look after ourselves and se…,,
tough,2020-09-04 16:51:35,JusticeAction,https://twitter.com/JusticeAction,https://twitter.com/i/web/status/1301774895357911044,RT @healthgovau: The impacts of coronavirus are tough and can impact our mental health. We need to make sure we look after ourselves and se…,,
anxiety,2020-09-03 04:18:35,Dpeters1977,https://twitter.com/Dpeters1977,https://twitter.com/i/web/status/1301223009709993984,"RT @quellfoundation: During #suicideprevention month, it is essential to recognize the symptoms of #anxiety and #depression during this cru…",anxiety,suicideprevention
anxiety,2020-09-02 19:39:48,MsSorby,https://twitter.com/MsSorby,https://twitter.com/i/web/status/1301092452376346625,RT @tammymontero: you can still be confident &amp; suffer with social anxiety,,
anxiety,2020-09-08 15:59:37,koukli86,https://twitter.com/koukli86,https://twitter.com/i/web/status/1303211367617515520,RT @khutwadjalpa: @AusHCIndia Due to border closure and delay in visa grant process for 309/300 partners who are apart is getting anxiety a…,,
anxiety,2020-09-07 21:08:07,vixx_pixx,https://twitter.com/vixx_pixx,https://twitter.com/i/web/status/1302926618717904903,"RT @SParnis: Thinking about #COVID19Victoria  from #Emergency today. We're doing well, but not well enough to relax. Anxiety-related presen…",COVID19Victoria,Emergency
anxiety,2020-09-03 11:17:54,_heleali,https://twitter.com/_heleali,https://twitter.com/i/web/status/1301328535290703872,RT @joielynxcomabig: little things you could do for someone with anxiety💚 https://t.co/Cgu7B2SklT,,
anxiety,2020-09-03 16:18:55,MayneReport,https://twitter.com/MayneReport,https://twitter.com/i/web/status/1301404285192663040,"Just picked up a mixed dozen from a local bottlo. How's business? Flat out, this home schooling is causing a lot of anxiety. People who used to drink twice a week are now drinking every night. Yep, sounds about right! @DanielAndrewsMP",,
anxiety,2020-09-06 15:50:17,PeterMcBeath3,https://twitter.com/PeterMcBeath3,https://twitter.com/i/web/status/1302484244900397058,"RT @SParnis: Thinking about #COVID19Victoria  from #Emergency today. We're doing well, but not well enough to relax. Anxiety-related presen…",COVID19Victoria,Emergency
anxiety,2020-09-07 09:39:09,MeshHolly,https://twitter.com/MeshHolly,https://twitter.com/i/web/status/1302753234411421698,"RT @AngelaSpaniak: #IMAD2020 Mental health issues are common, depression, anxiety, PTSD etc. Parents, Grandparents, wives and partners unab…",IMAD2020,IMAD2020
anxiety,2020-09-05 11:00:50,RANZCP,https://twitter.com/RANZCP,https://twitter.com/i/web/status/1302049013282283520,Learn how to control anxiety whenever you experience it. Try this breathing exercise to help alleviate your anxiety.  If your anxiety continues talk with your GP and ask if a referral to a psychiatrist is right for you. For more information visit https://t.co/pTAKDMK41P https://t.co/HBrWnaqZgG,,
anxiety,2020-09-08 14:12:22,NeilMcMahon,https://twitter.com/NeilMcMahon,https://twitter.com/i/web/status/1303184380240699393,RT @guardian: Melburnians face anxiety and depression during lockdown – video https://t.co/tU8n7wwIsW,,
really,2020-09-02 12:25:35,sreeura,https://twitter.com/sreeura,https://twitter.com/i/web/status/1300983179046653953,RT @vasilkouskaya: Genuinely terrified of hotel imprisonment. Did someone really take his life at Melbourne hotel?  #RemoveTheCap #AFairGoF…,RemoveTheCap,RemoveTheCap
really,2020-09-02 15:48:47,jazzbby91,https://twitter.com/jazzbby91,https://twitter.com/i/web/status/1301034315732586496,RT @vasilkouskaya: Genuinely terrified of hotel imprisonment. Did someone really take his life at Melbourne hotel?  #RemoveTheCap #AFairGoF…,RemoveTheCap,RemoveTheCap
really,2020-09-03 16:06:33,wintertriangel,https://twitter.com/wintertriangel,https://twitter.com/i/web/status/1301401175758004224,RT @vasilkouskaya: Genuinely terrified of hotel imprisonment. Did someone really take his life at Melbourne hotel?  #RemoveTheCap #AFairGoF…,RemoveTheCap,RemoveTheCap
really,2020-09-02 16:09:07,reunitelove,https://twitter.com/reunitelove,https://twitter.com/i/web/status/1301039432695382017,RT @vasilkouskaya: Genuinely terrified of hotel imprisonment. Did someone really take his life at Melbourne hotel?  #RemoveTheCap #AFairGoF…,RemoveTheCap,RemoveTheCap
important,2020-09-04 15:27:13,CityofAdelaide,https://twitter.com/CityofAdelaide,https://twitter.com/i/web/status/1301753663531016192,RT @healthgovau: It’s important to stay informed but ongoing news &amp; social media about #COVID19 can take a toll on your mental health. Each…,COVID19,COVID19
important,2020-09-04 13:31:28,GrantDownSouth,https://twitter.com/GrantDownSouth,https://twitter.com/i/web/status/1301724532898586625,RT @healthgovau: It’s important to stay informed but ongoing news &amp; social media about #COVID19 can take a toll on your mental health. Each…,COVID19,COVID19
important,2020-09-08 20:39:01,DrMichaelP,https://twitter.com/DrMichaelP,https://twitter.com/i/web/status/1303281682389168128,RT @healthgovau: It’s important to stay informed but ongoing news &amp; social media about #COVID19 can take a toll on your mental health. Each…,COVID19,COVID19
important,2020-09-08 21:07:15,fileckert,https://twitter.com/fileckert,https://twitter.com/i/web/status/1303288786470580224,RT @healthgovau: It’s important to stay informed but ongoing news &amp; social media about #COVID19 can take a toll on your mental health. Each…,COVID19,COVID19
important,2020-09-08 21:25:17,ShazzaCook,https://twitter.com/ShazzaCook,https://twitter.com/i/web/status/1303293326251012101,RT @healthgovau: It’s important to stay informed but ongoing news &amp; social media about #COVID19 can take a toll on your mental health. Each…,COVID19,COVID19
important,2020-09-04 13:31:16,SA_SES,https://twitter.com/SA_SES,https://twitter.com/i/web/status/1301724485179981824,RT @healthgovau: It’s important to stay informed but ongoing news &amp; social media about #COVID19 can take a toll on your mental health. Each…,COVID19,COVID19
important,2020-09-08 20:53:48,MJA_Editor,https://twitter.com/MJA_Editor,https://twitter.com/i/web/status/1303285404527808512,RT @healthgovau: It’s important to stay informed but ongoing news &amp; social media about #COVID19 can take a toll on your mental health. Each…,COVID19,COVID19
important,2020-09-07 21:57:26,AusHCCanada,https://twitter.com/AusHCCanada,https://twitter.com/i/web/status/1302939027813871616,RT @healthgovau: It’s important to stay informed but ongoing news &amp; social media about #COVID19 can take a toll on your mental health. Each…,COVID19,COVID19
important,2020-09-04 05:38:18,IAHA_National,https://twitter.com/IAHA_National,https://twitter.com/i/web/status/1301605458352828417,RT @healthgovau: It’s important to stay informed but ongoing news &amp; social media about #COVID19 can take a toll on your mental health. Each…,COVID19,COVID19
social,2020-09-04 15:27:13,CityofAdelaide,https://twitter.com/CityofAdelaide,https://twitter.com/i/web/status/1301753663531016192,RT @healthgovau: It’s important to stay informed but ongoing news &amp; social media about #COVID19 can take a toll on your mental health. Each…,COVID19,COVID19
social,2020-09-04 13:31:28,GrantDownSouth,https://twitter.com/GrantDownSouth,https://twitter.com/i/web/status/1301724532898586625,RT @healthgovau: It’s important to stay informed but ongoing news &amp; social media about #COVID19 can take a toll on your mental health. Each…,COVID19,COVID19
social,2020-09-08 20:39:01,DrMichaelP,https://twitter.com/DrMichaelP,https://twitter.com/i/web/status/1303281682389168128,RT @healthgovau: It’s important to stay informed but ongoing news &amp; social media about #COVID19 can take a toll on your mental health. Each…,COVID19,COVID19
social,2020-09-08 21:07:15,fileckert,https://twitter.com/fileckert,https://twitter.com/i/web/status/1303288786470580224,RT @healthgovau: It’s important to stay informed but ongoing news &amp; social media about #COVID19 can take a toll on your mental health. Each…,COVID19,COVID19
social,2020-09-08 21:25:17,ShazzaCook,https://twitter.com/ShazzaCook,https://twitter.com/i/web/status/1303293326251012101,RT @healthgovau: It’s important to stay informed but ongoing news &amp; social media about #COVID19 can take a toll on your mental health. Each…,COVID19,COVID19
social,2020-09-04 13:31:16,SA_SES,https://twitter.com/SA_SES,https://twitter.com/i/web/status/1301724485179981824,RT @healthgovau: It’s important to stay informed but ongoing news &amp; social media about #COVID19 can take a toll on your mental health. Each…,COVID19,COVID19
social,2020-09-08 20:53:48,MJA_Editor,https://twitter.com/MJA_Editor,https://twitter.com/i/web/status/1303285404527808512,RT @healthgovau: It’s important to stay informed but ongoing news &amp; social media about #COVID19 can take a toll on your mental health. Each…,COVID19,COVID19
social,2020-09-07 21:57:26,AusHCCanada,https://twitter.com/AusHCCanada,https://twitter.com/i/web/status/1302939027813871616,RT @healthgovau: It’s important to stay informed but ongoing news &amp; social media about #COVID19 can take a toll on your mental health. Each…,COVID19,COVID19
social,2020-09-04 05:38:18,IAHA_National,https://twitter.com/IAHA_National,https://twitter.com/i/web/status/1301605458352828417,RT @healthgovau: It’s important to stay informed but ongoing news &amp; social media about #COVID19 can take a toll on your mental health. Each…,COVID19,COVID19
social,2020-09-02 19:39:48,MsSorby,https://twitter.com/MsSorby,https://twitter.com/i/web/status/1301092452376346625,RT @tammymontero: you can still be confident &amp; suffer with social anxiety,,
#auspol,2020-09-06 17:02:34,Lisa_Adams__,https://twitter.com/Lisa_Adams__,https://twitter.com/i/web/status/1302502436226048000,"👇 @JoshFrydenberg @ScottMorrisonMP People need to be supported! You say mental health will suffer under @DanielAndrewsMP roadmap out. However, mental health will actually suffer under financial stress &amp; uncertainty. #raisetherateforgood #auspol #COVID19Vic https://t.co/0lgeUQjt5p",auspol,raisetherateforgood
#auspol,2020-09-07 12:25:38,BrettMasonNews,https://twitter.com/BrettMasonNews,https://twitter.com/i/web/status/1302795128361250816,"“The mental health of Victorians will be sorely tested. The plan that was outlined yesterday, I hope, is a worst-case scenario. I see it as a starting point in terms of how this issue will be managed in the weeks and months ahead in Victoria.” @ScottMorrisonMP #auspol @SBSNews",auspol,auspol
#auspol,2020-09-02 18:27:36,AnodyneParadigm,https://twitter.com/AnodyneParadigm,https://twitter.com/i/web/status/1301074284073439232,"Unemployment breached 30% in Great Depression...when definition of employment certainly was not as per current ABS Labor Force definition, which suggests an hour worked in survey week is a job! Reality today, jobless significantly exceeds 7.5% reported by ABS #TheDrum #auspol https://t.co/e5TovbKqCK",auspol,TheDrum
#auspol,2020-09-02 14:58:41,HA_Fernandez,https://twitter.com/HA_Fernandez,https://twitter.com/i/web/status/1301021708049022977,"RT @ellymelly: Recession? HA! I think you mean, 'Depression' because that's what #auspol is going to look like any day now. We've been push…",auspol,auspol
coronavirus,2020-09-04 09:18:44,kjazzled,https://twitter.com/kjazzled,https://twitter.com/i/web/status/1301660931282276352,RT @healthgovau: The impacts of coronavirus are tough and can impact our mental health. We need to make sure we look after ourselves and se…,,
coronavirus,2020-09-02 14:52:47,NiaALuxton,https://twitter.com/NiaALuxton,https://twitter.com/i/web/status/1301020221457625093,"RT @ian_hickie: As Victoria endures prolonged coronavirus lockdown, mental health workers see devastating impacts of COVID-19 - ABC News ⁦@…",,
coronavirus,2020-09-03 16:32:29,PEFOZ,https://twitter.com/PEFOZ,https://twitter.com/i/web/status/1301407702325788673,RT @healthgovau: The impacts of coronavirus are tough and can impact our mental health. We need to make sure we look after ourselves and se…,,
coronavirus,2020-09-03 10:38:00,0Thornton,https://twitter.com/0Thornton,https://twitter.com/i/web/status/1301318490389798912,RT @healthgovau: The impacts of coronavirus are tough and can impact our mental health. We need to make sure we look after ourselves and se…,,
coronavirus,2020-09-05 19:12:36,KerriKellett,https://twitter.com/KerriKellett,https://twitter.com/i/web/status/1302172772953501697,RT @healthgovau: The impacts of coronavirus are tough and can impact our mental health. We need to make sure we look after ourselves and se…,,
coronavirus,2020-09-02 09:54:07,mds49,https://twitter.com/mds49,https://twitter.com/i/web/status/1300945062117830656,"RT @ian_hickie: As Victoria endures prolonged coronavirus lockdown, mental health workers see devastating impacts of COVID-19 - ABC News ⁦@…",,
coronavirus,2020-09-02 09:50:46,ian_hickie,https://twitter.com/ian_hickie,https://twitter.com/i/web/status/1300944215946358784,"As Victoria endures prolonged coronavirus lockdown, mental health workers see devastating impacts of COVID-19 - ABC News ⁦@BrainMind_Usyd⁩ ⁦@Sydney_Uni⁩ ⁦@GregHuntMP⁩ ⁦@Bowenchris⁩ ⁦@PatMcGorry⁩ ⁦@CSART_world⁩  https://t.co/nROTqdLUjO",,
coronavirus,2020-09-02 18:45:43,RodBamberry,https://twitter.com/RodBamberry,https://twitter.com/i/web/status/1301078844049207296,RT @healthgovau: The impacts of coronavirus are tough and can impact our mental health. We need to make sure we look after ourselves and se…,,
coronavirus,2020-09-03 05:41:43,Farshadst,https://twitter.com/Farshadst,https://twitter.com/i/web/status/1301243929182887936,RT @healthgovau: The impacts of coronavirus are tough and can impact our mental health. We need to make sure we look after ourselves and se…,,
coronavirus,2020-09-03 12:10:06,benjaminwchong,https://twitter.com/benjaminwchong,https://twitter.com/i/web/status/1301341669569122304,RT @healthgovau: The impacts of coronavirus are tough and can impact our mental health. We need to make sure we look after ourselves and se…,,
covid,2020-09-02 13:11:39,joannamilosz,https://twitter.com/joannamilosz,https://twitter.com/i/web/status/1300994770802679809,Can we please put the politics aside &amp; work together as all Australians to get back to our lives.Our duty is not only to protect the old but also to save our young from long term consequences of #Covid19 ⁦@DanielAndrewsMP⁩ ⁦@ScottMorrisonMP⁩  https://t.co/cm0NgQ6IDz,Covid19,Covid19
covid,2020-09-04 15:27:13,CityofAdelaide,https://twitter.com/CityofAdelaide,https://twitter.com/i/web/status/1301753663531016192,RT @healthgovau: It’s important to stay informed but ongoing news &amp; social media about #COVID19 can take a toll on your mental health. Each…,COVID19,COVID19
covid,2020-09-04 13:31:28,GrantDownSouth,https://twitter.com/GrantDownSouth,https://twitter.com/i/web/status/1301724532898586625,RT @healthgovau: It’s important to stay informed but ongoing news &amp; social media about #COVID19 can take a toll on your mental health. Each…,COVID19,COVID19
covid,2020-09-08 20:39:01,DrMichaelP,https://twitter.com/DrMichaelP,https://twitter.com/i/web/status/1303281682389168128,RT @healthgovau: It’s important to stay informed but ongoing news &amp; social media about #COVID19 can take a toll on your mental health. Each…,COVID19,COVID19
covid,2020-09-08 21:07:15,fileckert,https://twitter.com/fileckert,https://twitter.com/i/web/status/1303288786470580224,RT @healthgovau: It’s important to stay informed but ongoing news &amp; social media about #COVID19 can take a toll on your mental health. Each…,COVID19,COVID19
covid,2020-09-08 21:25:17,ShazzaCook,https://twitter.com/ShazzaCook,https://twitter.com/i/web/status/1303293326251012101,RT @healthgovau: It’s important to stay informed but ongoing news &amp; social media about #COVID19 can take a toll on your mental health. Each…,COVID19,COVID19
covid,2020-09-04 13:31:16,SA_SES,https://twitter.com/SA_SES,https://twitter.com/i/web/status/1301724485179981824,RT @healthgovau: It’s important to stay informed but ongoing news &amp; social media about #COVID19 can take a toll on your mental health. Each…,COVID19,COVID19
covid,2020-09-08 20:53:48,MJA_Editor,https://twitter.com/MJA_Editor,https://twitter.com/i/web/status/1303285404527808512,RT @healthgovau: It’s important to stay informed but ongoing news &amp; social media about #COVID19 can take a toll on your mental health. Each…,COVID19,COVID19
covid,2020-09-07 21:57:26,AusHCCanada,https://twitter.com/AusHCCanada,https://twitter.com/i/web/status/1302939027813871616,RT @healthgovau: It’s important to stay informed but ongoing news &amp; social media about #COVID19 can take a toll on your mental health. Each…,COVID19,COVID19
covid,2020-09-04 05:38:18,IAHA_National,https://twitter.com/IAHA_National,https://twitter.com/i/web/status/1301605458352828417,RT @healthgovau: It’s important to stay informed but ongoing news &amp; social media about #COVID19 can take a toll on your mental health. Each…,COVID19,COVID19
matter,2020-09-02 00:22:59,study_in_perth,https://twitter.com/study_in_perth,https://twitter.com/i/web/status/1300801329447673857,"RT @healthgovau: No matter how COVID-19 has affected you, adjusting to the changes can take some time. Keep track of how you are feeling an…",,
matter,2020-09-02 09:09:53,MelissaSweetDr,https://twitter.com/MelissaSweetDr,https://twitter.com/i/web/status/1300933927406690307,"RT @healthgovau: No matter how COVID-19 has affected you, adjusting to the changes can take some time. Keep track of how you are feeling an…",,
hotel,2020-09-02 12:25:35,sreeura,https://twitter.com/sreeura,https://twitter.com/i/web/status/1300983179046653953,RT @vasilkouskaya: Genuinely terrified of hotel imprisonment. Did someone really take his life at Melbourne hotel?  #RemoveTheCap #AFairGoF…,RemoveTheCap,RemoveTheCap
hotel,2020-09-02 15:48:47,jazzbby91,https://twitter.com/jazzbby91,https://twitter.com/i/web/status/1301034315732586496,RT @vasilkouskaya: Genuinely terrified of hotel imprisonment. Did someone really take his life at Melbourne hotel?  #RemoveTheCap #AFairGoF…,RemoveTheCap,RemoveTheCap
hotel,2020-09-03 16:06:33,wintertriangel,https://twitter.com/wintertriangel,https://twitter.com/i/web/status/1301401175758004224,RT @vasilkouskaya: Genuinely terrified of hotel imprisonment. Did someone really take his life at Melbourne hotel?  #RemoveTheCap #AFairGoF…,RemoveTheCap,RemoveTheCap
hotel,2020-09-02 16:09:07,reunitelove,https://twitter.com/reunitelove,https://twitter.com/i/web/status/1301039432695382017,RT @vasilkouskaya: Genuinely terrified of hotel imprisonment. Did someone really take his life at Melbourne hotel?  #RemoveTheCap #AFairGoF…,RemoveTheCap,RemoveTheCap
press,2020-09-03 04:18:35,Dpeters1977,https://twitter.com/Dpeters1977,https://twitter.com/i/web/status/1301223009709993984,"RT @quellfoundation: During #suicideprevention month, it is essential to recognize the symptoms of #anxiety and #depression during this cru…",anxiety,suicideprevention
press,2020-09-07 07:39:32,AlexDevantier,https://twitter.com/AlexDevantier,https://twitter.com/i/web/status/1302723130360643584,"RT @drpete00: Joint press release about VIC from @ScottMorrisonMP, @JoshFrydenberg &amp; @GregHuntMP today.  Here’s the first 3 paragraphs: - E…",,
press,2020-09-05 00:22:50,sreeura,https://twitter.com/sreeura,https://twitter.com/i/web/status/1301888454628765696,RT @harithtwee: Dear @ScottMorrisonMP it is crucial time. Your students need help from you. So many are in depression and cannot able to sl…,,
press,2020-09-06 19:21:44,alancorbett8,https://twitter.com/alancorbett8,https://twitter.com/i/web/status/1302537455816515585,"RT @drpete00: Joint press release about VIC from @ScottMorrisonMP, @JoshFrydenberg &amp; @GregHuntMP today.  Here’s the first 3 paragraphs: - E…",,
press,2020-09-06 23:36:17,ToneIsBack,https://twitter.com/ToneIsBack,https://twitter.com/i/web/status/1302601515765436416,"RT @drpete00: Joint press release about VIC from @ScottMorrisonMP, @JoshFrydenberg &amp; @GregHuntMP today.  Here’s the first 3 paragraphs: - E…",,
press,2020-09-06 19:56:03,VicAusMidwife,https://twitter.com/VicAusMidwife,https://twitter.com/i/web/status/1302546093373157377,"RT @drpete00: Joint press release about VIC from @ScottMorrisonMP, @JoshFrydenberg &amp; @GregHuntMP today.  Here’s the first 3 paragraphs: - E…",,
press,2020-09-06 18:20:02,Harryet15,https://twitter.com/Harryet15,https://twitter.com/i/web/status/1302521931829145600,"RT @drpete00: Joint press release about VIC from @ScottMorrisonMP, @JoshFrydenberg &amp; @GregHuntMP today.  Here’s the first 3 paragraphs: - E…",,
press,2020-09-07 07:56:55,2kidsatuni,https://twitter.com/2kidsatuni,https://twitter.com/i/web/status/1302727505049088000,"RT @drpete00: Joint press release about VIC from @ScottMorrisonMP, @JoshFrydenberg &amp; @GregHuntMP today.  Here’s the first 3 paragraphs: - E…",,
press,2020-09-03 16:38:53,LetMeFlyAus,https://twitter.com/LetMeFlyAus,https://twitter.com/i/web/status/1301409312762290176,We don’t want to mess up our plan to be together. We just want to start family!! We are not tourists and just live our life at home together.  Depression affects our work and life. HELP US ASAP‼️  @ScottMorrisonMP @ausgov @AusBorderForce @AlanTudgeMP @PeterDutton_MP,,
press,2020-09-04 23:49:42,treacl,https://twitter.com/treacl,https://twitter.com/i/web/status/1301880115773632512,"#COVID19 has changed lifestyle for everyone, everywhere. Not just for Australian youth! It may take decades yet, to form our ‘normal’ OR ‘typical’ OR ‘usual’... #greatdepression + #spanishflue was similar, but without our #globalisation. https://t.co/cE8yGv10mU",COVID19,spanishflue
track,2020-09-02 00:22:59,study_in_perth,https://twitter.com/study_in_perth,https://twitter.com/i/web/status/1300801329447673857,"RT @healthgovau: No matter how COVID-19 has affected you, adjusting to the changes can take some time. Keep track of how you are feeling an…",,
track,2020-09-02 09:09:53,MelissaSweetDr,https://twitter.com/MelissaSweetDr,https://twitter.com/i/web/status/1300933927406690307,"RT @healthgovau: No matter how COVID-19 has affected you, adjusting to the changes can take some time. Keep track of how you are feeling an…",,
victoria,2020-09-06 16:03:54,Justloo85230955,https://twitter.com/Justloo85230955,https://twitter.com/i/web/status/1302487670547857408,⚠️⚠️⚠️⚠️⚠️⚠️⚠️⚠️⚠️⚠️@ScottMorrisonMP  @GregHuntMP  Mental Health crisis as never seen before is about to hit Victoria. How many suicides are acceptable on your watch?,,
victoria,2020-09-04 13:50:12,Zacklywright,https://twitter.com/Zacklywright,https://twitter.com/i/web/status/1301729247166308353,"RT @MJFnh: @Zacklywright @Tim_jbo @ScottMorrisonMP @DanielAndrewsMP Daniel Andrews, please treat Victorian's with respect. You have taken a…",,
victoria,2020-09-07 12:25:38,BrettMasonNews,https://twitter.com/BrettMasonNews,https://twitter.com/i/web/status/1302795128361250816,"“The mental health of Victorians will be sorely tested. The plan that was outlined yesterday, I hope, is a worst-case scenario. I see it as a starting point in terms of how this issue will be managed in the weeks and months ahead in Victoria.” @ScottMorrisonMP #auspol @SBSNews",auspol,auspol
victoria,2020-09-02 14:52:47,NiaALuxton,https://twitter.com/NiaALuxton,https://twitter.com/i/web/status/1301020221457625093,"RT @ian_hickie: As Victoria endures prolonged coronavirus lockdown, mental health workers see devastating impacts of COVID-19 - ABC News ⁦@…",,
victoria,2020-09-07 21:08:07,vixx_pixx,https://twitter.com/vixx_pixx,https://twitter.com/i/web/status/1302926618717904903,"RT @SParnis: Thinking about #COVID19Victoria  from #Emergency today. We're doing well, but not well enough to relax. Anxiety-related presen…",COVID19Victoria,Emergency
victoria,2020-09-02 09:54:07,mds49,https://twitter.com/mds49,https://twitter.com/i/web/status/1300945062117830656,"RT @ian_hickie: As Victoria endures prolonged coronavirus lockdown, mental health workers see devastating impacts of COVID-19 - ABC News ⁦@…",,
victoria,2020-09-02 09:50:46,ian_hickie,https://twitter.com/ian_hickie,https://twitter.com/i/web/status/1300944215946358784,"As Victoria endures prolonged coronavirus lockdown, mental health workers see devastating impacts of COVID-19 - ABC News ⁦@BrainMind_Usyd⁩ ⁦@Sydney_Uni⁩ ⁦@GregHuntMP⁩ ⁦@Bowenchris⁩ ⁦@PatMcGorry⁩ ⁦@CSART_world⁩  https://t.co/nROTqdLUjO",,
victoria,2020-09-06 15:50:17,PeterMcBeath3,https://twitter.com/PeterMcBeath3,https://twitter.com/i/web/status/1302484244900397058,"RT @SParnis: Thinking about #COVID19Victoria  from #Emergency today. We're doing well, but not well enough to relax. Anxiety-related presen…",COVID19Victoria,Emergency
without,2020-09-04 23:49:42,treacl,https://twitter.com/treacl,https://twitter.com/i/web/status/1301880115773632512,"#COVID19 has changed lifestyle for everyone, everywhere. Not just for Australian youth! It may take decades yet, to form our ‘normal’ OR ‘typical’ OR ‘usual’... #greatdepression + #spanishflue was similar, but without our #globalisation. https://t.co/cE8yGv10mU",COVID19,spanishflue
without,2020-09-03 19:05:27,DrSally_Fitzpat,https://twitter.com/DrSally_Fitzpat,https://twitter.com/i/web/status/1301446195961688066,Time for the mental health sector to unite. There is no health without mental health. How can mental health NOT be included in the National Preventive Health Strategy? @EverymindAU @GregHuntMP @blackdoginst @TheMatilda_USyd https://t.co/KAl0a6vsV8,,
without,2020-09-03 20:08:51,LornaMoxham,https://twitter.com/LornaMoxham,https://twitter.com/i/web/status/1301462149307400194,RT @DrSally_Fitzpat: Time for the mental health sector to unite. There is no health without mental health. How can mental health NOT be inc…,,
without,2020-09-04 07:32:49,gavin_hazel,https://twitter.com/gavin_hazel,https://twitter.com/i/web/status/1301634276291534849,RT @DrSally_Fitzpat: Time for the mental health sector to unite. There is no health without mental health. How can mental health NOT be inc…,,
imprisonment,2020-09-02 12:25:35,sreeura,https://twitter.com/sreeura,https://twitter.com/i/web/status/1300983179046653953,RT @vasilkouskaya: Genuinely terrified of hotel imprisonment. Did someone really take his life at Melbourne hotel?  #RemoveTheCap #AFairGoF…,RemoveTheCap,RemoveTheCap
imprisonment,2020-09-02 15:48:47,jazzbby91,https://twitter.com/jazzbby91,https://twitter.com/i/web/status/1301034315732586496,RT @vasilkouskaya: Genuinely terrified of hotel imprisonment. Did someone really take his life at Melbourne hotel?  #RemoveTheCap #AFairGoF…,RemoveTheCap,RemoveTheCap
imprisonment,2020-09-03 16:06:33,wintertriangel,https://twitter.com/wintertriangel,https://twitter.com/i/web/status/1301401175758004224,RT @vasilkouskaya: Genuinely terrified of hotel imprisonment. Did someone really take his life at Melbourne hotel?  #RemoveTheCap #AFairGoF…,RemoveTheCap,RemoveTheCap
imprisonment,2020-09-02 16:09:07,reunitelove,https://twitter.com/reunitelove,https://twitter.com/i/web/status/1301039432695382017,RT @vasilkouskaya: Genuinely terrified of hotel imprisonment. Did someone really take his life at Melbourne hotel?  #RemoveTheCap #AFairGoF…,RemoveTheCap,RemoveTheCap
release,2020-09-07 07:39:32,AlexDevantier,https://twitter.com/AlexDevantier,https://twitter.com/i/web/status/1302723130360643584,"RT @drpete00: Joint press release about VIC from @ScottMorrisonMP, @JoshFrydenberg &amp; @GregHuntMP today.  Here’s the first 3 paragraphs: - E…",,
release,2020-09-06 19:21:44,alancorbett8,https://twitter.com/alancorbett8,https://twitter.com/i/web/status/1302537455816515585,"RT @drpete00: Joint press release about VIC from @ScottMorrisonMP, @JoshFrydenberg &amp; @GregHuntMP today.  Here’s the first 3 paragraphs: - E…",,
release,2020-09-06 23:36:17,ToneIsBack,https://twitter.com/ToneIsBack,https://twitter.com/i/web/status/1302601515765436416,"RT @drpete00: Joint press release about VIC from @ScottMorrisonMP, @JoshFrydenberg &amp; @GregHuntMP today.  Here’s the first 3 paragraphs: - E…",,
release,2020-09-06 19:56:03,VicAusMidwife,https://twitter.com/VicAusMidwife,https://twitter.com/i/web/status/1302546093373157377,"RT @drpete00: Joint press release about VIC from @ScottMorrisonMP, @JoshFrydenberg &amp; @GregHuntMP today.  Here’s the first 3 paragraphs: - E…",,
release,2020-09-06 18:20:02,Harryet15,https://twitter.com/Harryet15,https://twitter.com/i/web/status/1302521931829145600,"RT @drpete00: Joint press release about VIC from @ScottMorrisonMP, @JoshFrydenberg &amp; @GregHuntMP today.  Here’s the first 3 paragraphs: - E…",,
release,2020-09-07 07:56:55,2kidsatuni,https://twitter.com/2kidsatuni,https://twitter.com/i/web/status/1302727505049088000,"RT @drpete00: Joint press release about VIC from @ScottMorrisonMP, @JoshFrydenberg &amp; @GregHuntMP today.  Here’s the first 3 paragraphs: - E…",,
release,2020-09-06 21:55:16,ericlindsay,https://twitter.com/ericlindsay,https://twitter.com/i/web/status/1302576093476470786,"RT @drpete00: Joint press release about VIC from @ScottMorrisonMP, @JoshFrydenberg &amp; @GregHuntMP today.  Here’s the first 3 paragraphs: - E…",,
release,2020-09-06 18:08:01,PattyMalone2000,https://twitter.com/PattyMalone2000,https://twitter.com/i/web/status/1302518904799948803,"RT @drpete00: Joint press release about VIC from @ScottMorrisonMP, @JoshFrydenberg &amp; @GregHuntMP today.  Here’s the first 3 paragraphs: - E…",,
release,2020-09-06 19:10:45,AKatsonis,https://twitter.com/AKatsonis,https://twitter.com/i/web/status/1302534692722229248,"RT @drpete00: Joint press release about VIC from @ScottMorrisonMP, @JoshFrydenberg &amp; @GregHuntMP today.  Here’s the first 3 paragraphs: - E…",,
release,2020-09-07 08:28:33,vixx_pixx,https://twitter.com/vixx_pixx,https://twitter.com/i/web/status/1302735465783504896,"RT @drpete00: Joint press release about VIC from @ScottMorrisonMP, @JoshFrydenberg &amp; @GregHuntMP today.  Here’s the first 3 paragraphs: - E…",,
overwhelm,2020-09-03 20:04:24,deptcommunities,https://twitter.com/deptcommunities,https://twitter.com/i/web/status/1301461029461794818,"RT @healthgovau: The impacts of the COVID-19 outbreak, isolation and restrictions can make us feel anxious, stressed or overwhelmed. It’s m…",,
overwhelm,2020-09-02 12:57:41,ausgov,https://twitter.com/ausgov,https://twitter.com/i/web/status/1300991256055619585,"RT @healthgovau: The impacts of the COVID-19 outbreak, isolation and restrictions can make us feel anxious, stressed or overwhelmed. It’s m…",,
overwhelm,2020-09-02 13:43:26,noblepark_cc,https://twitter.com/noblepark_cc,https://twitter.com/i/web/status/1301002770292420608,"RT @healthgovau: The impacts of the COVID-19 outbreak, isolation and restrictions can make us feel anxious, stressed or overwhelmed. It’s m…",,
overwhelm,2020-09-02 12:15:46,SKReid1,https://twitter.com/SKReid1,https://twitter.com/i/web/status/1300980709020983296,"RT @healthgovau: The impacts of the COVID-19 outbreak, isolation and restrictions can make us feel anxious, stressed or overwhelmed. It’s m…",,
overwhelm,2020-09-02 12:20:12,justbiblio,https://twitter.com/justbiblio,https://twitter.com/i/web/status/1300981823942533120,"RT @healthgovau: The impacts of the COVID-19 outbreak, isolation and restrictions can make us feel anxious, stressed or overwhelmed. It’s m…",,
overwhelm,2020-09-03 10:37:07,orwilst,https://twitter.com/orwilst,https://twitter.com/i/web/status/1301318271547785217,"RT @healthgovau: The impacts of the COVID-19 outbreak, isolation and restrictions can make us feel anxious, stressed or overwhelmed. It’s m…",,
