Topic,word1,word2,word3,word4,word5,word6,word7,word8,word9,word10
Topic 1,anxiety,start,looking,support,answer,chatbot,depression,experience,stress,visit
Topic 2,national,recovery,strategy,given,prospect,economic,current,emerge,youth,generation
Topic 3,people,depression,australian,drink,covid,significantly,anxiety,wastewater,south,reveal
Topic 4,depression,agree,study,ask,month,#bringushome,totally,choice,patient,pandemic
Topic 5,patient,seeing,currently,notify,sadly,enormous,consultation,amount,concern,family
