keyword,created_at_local_time,screen_name,user_URL,tweet_URL,tweet_text,hashtag1,hashtag2
experience,2020-07-23 11:54:40,spirit_of_aus,https://twitter.com/spirit_of_aus,https://twitter.com/i/web/status/1286117494919372800,"@klr_12 Yeah. Some doctors are just not great at dealing with mental health, but you did so good to reach out for help! Maybe ask around in your area and see if there are any doctors that people have had good mental health experiences with?",,
experience,2020-07-26 22:36:29,ruthryan,https://twitter.com/ruthryan,https://twitter.com/i/web/status/1287366178298454017,"When we touch– our bodies release “feel good” hormones. These hormones include oxytocin, dopamine, and serotonin. The hormones make us experience feelings of happiness, relaxation, improve mood, and lower levels of depression. @ScottMorrisonMP @PeterDutton_MP #LoveIsNotTourism",LoveIsNotTourism,LoveIsNotTourism
approve,2020-07-22 18:54:24,amycentaine,https://twitter.com/amycentaine,https://twitter.com/i/web/status/1285860735000559620,RT @totallypeachy_: some good news for your timeline: today the national suicide prevention line was approved to have a designated 3 digit…,,
approve,2020-07-22 10:45:29,aliyannago,https://twitter.com/aliyannago,https://twitter.com/i/web/status/1285737695629565952,RT @totallypeachy_: some good news for your timeline: today the national suicide prevention line was approved to have a designated 3 digit…,,
approve,2020-07-22 11:10:56,Syd_vicious9,https://twitter.com/Syd_vicious9,https://twitter.com/i/web/status/1285744100872990723,RT @totallypeachy_: some good news for your timeline: today the national suicide prevention line was approved to have a designated 3 digit…,,
approve,2020-07-22 05:44:06,nevaehlyyy,https://twitter.com/nevaehlyyy,https://twitter.com/i/web/status/1285661850563223554,RT @totallypeachy_: some good news for your timeline: today the national suicide prevention line was approved to have a designated 3 digit…,,
approve,2020-07-22 00:45:18,abbyswanj,https://twitter.com/abbyswanj,https://twitter.com/i/web/status/1285586655081041921,RT @totallypeachy_: some good news for your timeline: today the national suicide prevention line was approved to have a designated 3 digit…,,
approve,2020-07-22 07:55:01,elsimops_,https://twitter.com/elsimops_,https://twitter.com/i/web/status/1285694798427496448,RT @totallypeachy_: some good news for your timeline: today the national suicide prevention line was approved to have a designated 3 digit…,,
approve,2020-07-25 15:14:09,VictoriaVian,https://twitter.com/VictoriaVian,https://twitter.com/i/web/status/1286892472635990017,RT @totallypeachy_: some good news for your timeline: today the national suicide prevention line was approved to have a designated 3 digit…,,
approve,2020-07-23 02:31:27,Nethmi__P,https://twitter.com/Nethmi__P,https://twitter.com/i/web/status/1285975758133837824,RT @totallypeachy_: some good news for your timeline: today the national suicide prevention line was approved to have a designated 3 digit…,,
approve,2020-07-23 12:06:46,yourfrienddana,https://twitter.com/yourfrienddana,https://twitter.com/i/web/status/1286120541712027648,RT @totallypeachy_: some good news for your timeline: today the national suicide prevention line was approved to have a designated 3 digit…,,
approve,2020-07-24 03:58:15,VeeVeeRomanoff,https://twitter.com/VeeVeeRomanoff,https://twitter.com/i/web/status/1286359989817352194,RT @totallypeachy_: some good news for your timeline: today the national suicide prevention line was approved to have a designated 3 digit…,,
still,2020-07-22 14:01:23,_sallyroberts,https://twitter.com/_sallyroberts,https://twitter.com/i/web/status/1285786997643042824,RT @danielaritorto: We've honestly come so far in talking about mental health but I'm still in awe of the bravery of Phoebe and TJ who spok…,,
still,2020-07-22 14:00:44,KerryAnnSmith1,https://twitter.com/KerryAnnSmith1,https://twitter.com/i/web/status/1285786831863205889,RT @danielaritorto: We've honestly come so far in talking about mental health but I'm still in awe of the bravery of Phoebe and TJ who spok…,,
still,2020-07-22 12:16:53,danielaritorto,https://twitter.com/danielaritorto,https://twitter.com/i/web/status/1285760698874687489,"We've honestly come so far in talking about mental health but I'm still in awe of the bravery of Phoebe and TJ who spoke so openly to me about experiencing eating disorders as young migrants, cultural barriers &amp; how they're helping others 🙏 @Bfoundation https://t.co/K89BXjQeZE",,
still,2020-07-22 14:10:07,SophieClare1103,https://twitter.com/SophieClare1103,https://twitter.com/i/web/status/1285789192845316101,RT @danielaritorto: We've honestly come so far in talking about mental health but I'm still in awe of the bravery of Phoebe and TJ who spok…,,
still,2020-07-23 04:16:59,FewingsBj,https://twitter.com/FewingsBj,https://twitter.com/i/web/status/1286002314705162240,RT @danielaritorto: We've honestly come so far in talking about mental health but I'm still in awe of the bravery of Phoebe and TJ who spok…,,
still,2020-07-23 09:02:26,gavin_hazel,https://twitter.com/gavin_hazel,https://twitter.com/i/web/status/1286074151992664064,RT @danielaritorto: We've honestly come so far in talking about mental health but I'm still in awe of the bravery of Phoebe and TJ who spok…,,
need,2020-07-24 11:15:04,NDSS_AUS,https://twitter.com/NDSS_AUS,https://twitter.com/i/web/status/1286469916128944128,"Happy Stress Down Day! #StressDownDay Find a way to stress down today.  Need some support? Call Lifeline 13 11 14, or  NDSS Helpline 1800 637 to speak to  a diabetes health professional. We have a range of emotional fact sheets to help you. Find them here: https://t.co/RJ5JQZzTkt https://t.co/Iet2AEcxY8",StressDownDay,StressDownDay
need,2020-07-25 23:40:15,jaquix173,https://twitter.com/jaquix173,https://twitter.com/i/web/status/1287019836669739014,RT @RedFiddler: I actually thought i needed to take super strong anti-anxiety medication because I couldn't cope with life... Turns out I j…,,
need,2020-07-25 12:28:39,budgetbuscharte,https://twitter.com/budgetbuscharte,https://twitter.com/i/web/status/1286850824941867009,"RT @lonelyplanet: $49 plane tickets to Chicago for the holidays and early 2021? 🏙️ Flexible fares in case you need to cancel? 👀 Pinch us, @…",,
need,2020-07-25 14:59:19,budgetbuscharte,https://twitter.com/budgetbuscharte,https://twitter.com/i/web/status/1286888740376293376,"RT @lonelyplanet: $49 plane tickets to Chicago for the holidays and early 2021? 🏙️ Flexible fares in case you need to cancel? 👀 Pinch us, @…",,
need,2020-07-26 07:47:41,rubin_angela,https://twitter.com/rubin_angela,https://twitter.com/i/web/status/1287142505700458496,RT @RedFiddler: I actually thought i needed to take super strong anti-anxiety medication because I couldn't cope with life... Turns out I j…,,
need,2020-07-25 19:22:21,Magpie1954nBird,https://twitter.com/Magpie1954nBird,https://twitter.com/i/web/status/1286954934382899200,RT @RedFiddler: I actually thought i needed to take super strong anti-anxiety medication because I couldn't cope with life... Turns out I j…,,
monash,2020-07-22 21:01:29,wphawksjfc,https://twitter.com/wphawksjfc,https://twitter.com/i/web/status/1285892719030624256,RT @MonashCouncil: We're excited to announce that @headspace_aus will open in Monash in Oct to support our young people's mental health. Th…,,
monash,2020-07-22 16:21:00,MonashCouncil,https://twitter.com/MonashCouncil,https://twitter.com/i/web/status/1285822132577017857,"We're excited to announce that @headspace_aus will open in Monash in Oct to support our young people's mental health. There’s been a lot of advocacy for this from our Monash Youth Committee, Monash Youth Services, Mayors past &amp; present, families &amp; schools https://t.co/Nw1dkkMzNk",,
people,2020-07-22 21:01:29,wphawksjfc,https://twitter.com/wphawksjfc,https://twitter.com/i/web/status/1285892719030624256,RT @MonashCouncil: We're excited to announce that @headspace_aus will open in Monash in Oct to support our young people's mental health. Th…,,
people,2020-07-22 16:21:00,MonashCouncil,https://twitter.com/MonashCouncil,https://twitter.com/i/web/status/1285822132577017857,"We're excited to announce that @headspace_aus will open in Monash in Oct to support our young people's mental health. There’s been a lot of advocacy for this from our Monash Youth Committee, Monash Youth Services, Mayors past &amp; present, families &amp; schools https://t.co/Nw1dkkMzNk",,
people,2020-07-24 17:37:27,DaveismOfficial,https://twitter.com/DaveismOfficial,https://twitter.com/i/web/status/1286566149627326470,RT @gippslandphn: Young people in the Wellington community can now access specialised mental health support services online or by telephone…,,
people,2020-07-23 11:54:40,spirit_of_aus,https://twitter.com/spirit_of_aus,https://twitter.com/i/web/status/1286117494919372800,"@klr_12 Yeah. Some doctors are just not great at dealing with mental health, but you did so good to reach out for help! Maybe ask around in your area and see if there are any doctors that people have had good mental health experiences with?",,
people,2020-07-24 17:38:08,GippslandTimes,https://twitter.com/GippslandTimes,https://twitter.com/i/web/status/1286566317873479682,RT @gippslandphn: Young people in the Wellington community can now access specialised mental health support services online or by telephone…,,
people,2020-07-24 12:50:05,gippslandphn,https://twitter.com/gippslandphn,https://twitter.com/i/web/status/1286493830129352714,"Young people in the Wellington community can now access specialised mental health support services online or by telephone, through a new headspace satellite in Sale. Find at more at https://t.co/HbQLLVSQ3e #stronglocalcapability #accessforeveryone #mentalhealth @headspace_aus https://t.co/3C06mD2z5B",accessforeveryone,stronglocalcapability
people,2020-07-24 16:01:16,roseannebyrne,https://twitter.com/roseannebyrne,https://twitter.com/i/web/status/1286541942323437569,"RT @CntrFutureWork: What we learnt in that time [the Depression] was, govt steps forward into the void, puts people back into jobs, invests…",,
work,2020-07-27 12:52:36,LivelifePT_SYD,https://twitter.com/LivelifePT_SYD,https://twitter.com/i/web/status/1287581626197635072,RT @healthgovau: Being active makes a big difference to your physical and mental health. Find a daily activity that works for you. For idea…,,
work,2020-07-27 12:50:34,ausgov,https://twitter.com/ausgov,https://twitter.com/i/web/status/1287581115138453504,RT @healthgovau: Being active makes a big difference to your physical and mental health. Find a daily activity that works for you. For idea…,,
work,2020-07-24 16:01:16,roseannebyrne,https://twitter.com/roseannebyrne,https://twitter.com/i/web/status/1286541942323437569,"RT @CntrFutureWork: What we learnt in that time [the Depression] was, govt steps forward into the void, puts people back into jobs, invests…",,
work,2020-07-27 12:39:23,DiabetesAus,https://twitter.com/DiabetesAus,https://twitter.com/i/web/status/1287578301393801217,RT @healthgovau: Being active makes a big difference to your physical and mental health. Find a daily activity that works for you. For idea…,,
work,2020-07-27 13:23:23,SA_MFS,https://twitter.com/SA_MFS,https://twitter.com/i/web/status/1287589372166987777,RT @healthgovau: Being active makes a big difference to your physical and mental health. Find a daily activity that works for you. For idea…,,
work,2020-07-27 16:08:59,CityofAdelaide,https://twitter.com/CityofAdelaide,https://twitter.com/i/web/status/1287631049279901696,RT @healthgovau: Being active makes a big difference to your physical and mental health. Find a daily activity that works for you. For idea…,,
work,2020-07-27 18:13:52,sallymell,https://twitter.com/sallymell,https://twitter.com/i/web/status/1287662477639991296,"RT @TonyLomas: Dear grandparents &amp; parents, you survived wars and depressions. Worked your guts out to build dams, bridges, roads and the f…",,
work,2020-07-28 22:21:13,italiancutie82,https://twitter.com/italiancutie82,https://twitter.com/i/web/status/1288087112667893761,RT @healthgovau: Being active makes a big difference to your physical and mental health. Find a daily activity that works for you. For idea…,,
work,2020-07-27 13:01:00,3wombats,https://twitter.com/3wombats,https://twitter.com/i/web/status/1287583739560652801,"RT @TonyLomas: Dear grandparents &amp; parents, you survived wars and depressions. Worked your guts out to build dams, bridges, roads and the f…",,
work,2020-07-27 14:55:23,juliasilvertop,https://twitter.com/juliasilvertop,https://twitter.com/i/web/status/1287612525782003713,"RT @TonyLomas: Dear grandparents &amp; parents, you survived wars and depressions. Worked your guts out to build dams, bridges, roads and the f…",,
#mentalhealth,2020-07-22 12:01:06,annettegillesp,https://twitter.com/annettegillesp,https://twitter.com/i/web/status/1285756727657406466,Looking after your #mentalhealth during #COVID-19  https://t.co/KWbFIeahGc https://t.co/S48WMMsc0Q,COVID,mentalhealth
#mentalhealth,2020-07-22 13:51:17,InnoWellOrg,https://twitter.com/InnoWellOrg,https://twitter.com/i/web/status/1285784453869010946,RT @StressFreeKids: What to do when you feel anxious by Mindful Online #anxiety #mentalhealth https://t.co/avuoVobAux,anxiety,mentalhealth
#mentalhealth,2020-07-27 15:00:57,InnoWellOrg,https://twitter.com/InnoWellOrg,https://twitter.com/i/web/status/1287613924888715265,"As the second-order impacts of #COVID19 begin to emerge, the challenge for Australia will be how to maintain the #mentalhealth of our communities. Our friends at PwC look at how can we continue leveraging this willingness to act long into the future ✊ https://t.co/uMYSAMGjLd",COVID19,mentalhealth
#mentalhealth,2020-07-24 21:29:48,whatnowau,https://twitter.com/whatnowau,https://twitter.com/i/web/status/1286624618426462209,"RT @healthgovau: If you’re experiencing ongoing #mentalhealth difficulties, it’s okay to speak-up and seek help. #HeadtoHealth can help you…",HeadtoHealth,mentalhealth
#mentalhealth,2020-07-24 19:54:01,MontanePS,https://twitter.com/MontanePS,https://twitter.com/i/web/status/1286600515615256576,"RT @healthgovau: If you’re experiencing ongoing #mentalhealth difficulties, it’s okay to speak-up and seek help. #HeadtoHealth can help you…",HeadtoHealth,mentalhealth
#mentalhealth,2020-07-24 12:50:05,gippslandphn,https://twitter.com/gippslandphn,https://twitter.com/i/web/status/1286493830129352714,"Young people in the Wellington community can now access specialised mental health support services online or by telephone, through a new headspace satellite in Sale. Find at more at https://t.co/HbQLLVSQ3e #stronglocalcapability #accessforeveryone #mentalhealth @headspace_aus https://t.co/3C06mD2z5B",accessforeveryone,stronglocalcapability
#mentalhealth,2020-07-25 12:16:04,RJ_Howes,https://twitter.com/RJ_Howes,https://twitter.com/i/web/status/1286847657487372289,"RT @healthgovau: If you’re experiencing ongoing #mentalhealth difficulties, it’s okay to speak-up and seek help. #HeadtoHealth can help you…",HeadtoHealth,mentalhealth
#mentalhealth,2020-07-25 01:42:24,Sibatul_Ain_Mir,https://twitter.com/Sibatul_Ain_Mir,https://twitter.com/i/web/status/1286688188061200385,"RT @healthgovau: If you’re experiencing ongoing #mentalhealth difficulties, it’s okay to speak-up and seek help. #HeadtoHealth can help you…",HeadtoHealth,mentalhealth
suicide,2020-07-22 18:54:24,amycentaine,https://twitter.com/amycentaine,https://twitter.com/i/web/status/1285860735000559620,RT @totallypeachy_: some good news for your timeline: today the national suicide prevention line was approved to have a designated 3 digit…,,
suicide,2020-07-22 10:45:29,aliyannago,https://twitter.com/aliyannago,https://twitter.com/i/web/status/1285737695629565952,RT @totallypeachy_: some good news for your timeline: today the national suicide prevention line was approved to have a designated 3 digit…,,
suicide,2020-07-22 11:10:56,Syd_vicious9,https://twitter.com/Syd_vicious9,https://twitter.com/i/web/status/1285744100872990723,RT @totallypeachy_: some good news for your timeline: today the national suicide prevention line was approved to have a designated 3 digit…,,
suicide,2020-07-22 05:44:06,nevaehlyyy,https://twitter.com/nevaehlyyy,https://twitter.com/i/web/status/1285661850563223554,RT @totallypeachy_: some good news for your timeline: today the national suicide prevention line was approved to have a designated 3 digit…,,
suicide,2020-07-22 00:45:18,abbyswanj,https://twitter.com/abbyswanj,https://twitter.com/i/web/status/1285586655081041921,RT @totallypeachy_: some good news for your timeline: today the national suicide prevention line was approved to have a designated 3 digit…,,
suicide,2020-07-22 07:55:01,elsimops_,https://twitter.com/elsimops_,https://twitter.com/i/web/status/1285694798427496448,RT @totallypeachy_: some good news for your timeline: today the national suicide prevention line was approved to have a designated 3 digit…,,
suicide,2020-07-25 15:14:09,VictoriaVian,https://twitter.com/VictoriaVian,https://twitter.com/i/web/status/1286892472635990017,RT @totallypeachy_: some good news for your timeline: today the national suicide prevention line was approved to have a designated 3 digit…,,
suicide,2020-07-23 02:31:27,Nethmi__P,https://twitter.com/Nethmi__P,https://twitter.com/i/web/status/1285975758133837824,RT @totallypeachy_: some good news for your timeline: today the national suicide prevention line was approved to have a designated 3 digit…,,
suicide,2020-07-23 12:06:46,yourfrienddana,https://twitter.com/yourfrienddana,https://twitter.com/i/web/status/1286120541712027648,RT @totallypeachy_: some good news for your timeline: today the national suicide prevention line was approved to have a designated 3 digit…,,
suicide,2020-07-24 03:58:15,VeeVeeRomanoff,https://twitter.com/VeeVeeRomanoff,https://twitter.com/i/web/status/1286359989817352194,RT @totallypeachy_: some good news for your timeline: today the national suicide prevention line was approved to have a designated 3 digit…,,
self-care,2020-07-24 17:53:03,headspace_aus,https://twitter.com/headspace_aus,https://twitter.com/i/web/status/1286570073893638145,"Today is International Self-Care Day! We’ve created an AR filter called ‘self-care’ on Instagram to inspire some self-care activities.  Self-care is different for all of us, but taking time to care for yourself will go a long way towards improving your mental health. https://t.co/RXSbmtXlXb",,
digit,2020-07-22 18:54:24,amycentaine,https://twitter.com/amycentaine,https://twitter.com/i/web/status/1285860735000559620,RT @totallypeachy_: some good news for your timeline: today the national suicide prevention line was approved to have a designated 3 digit…,,
digit,2020-07-22 10:45:29,aliyannago,https://twitter.com/aliyannago,https://twitter.com/i/web/status/1285737695629565952,RT @totallypeachy_: some good news for your timeline: today the national suicide prevention line was approved to have a designated 3 digit…,,
digit,2020-07-22 11:10:56,Syd_vicious9,https://twitter.com/Syd_vicious9,https://twitter.com/i/web/status/1285744100872990723,RT @totallypeachy_: some good news for your timeline: today the national suicide prevention line was approved to have a designated 3 digit…,,
digit,2020-07-22 05:44:06,nevaehlyyy,https://twitter.com/nevaehlyyy,https://twitter.com/i/web/status/1285661850563223554,RT @totallypeachy_: some good news for your timeline: today the national suicide prevention line was approved to have a designated 3 digit…,,
digit,2020-07-22 00:45:18,abbyswanj,https://twitter.com/abbyswanj,https://twitter.com/i/web/status/1285586655081041921,RT @totallypeachy_: some good news for your timeline: today the national suicide prevention line was approved to have a designated 3 digit…,,
digit,2020-07-22 07:55:01,elsimops_,https://twitter.com/elsimops_,https://twitter.com/i/web/status/1285694798427496448,RT @totallypeachy_: some good news for your timeline: today the national suicide prevention line was approved to have a designated 3 digit…,,
digit,2020-07-25 15:14:09,VictoriaVian,https://twitter.com/VictoriaVian,https://twitter.com/i/web/status/1286892472635990017,RT @totallypeachy_: some good news for your timeline: today the national suicide prevention line was approved to have a designated 3 digit…,,
digit,2020-07-23 02:31:27,Nethmi__P,https://twitter.com/Nethmi__P,https://twitter.com/i/web/status/1285975758133837824,RT @totallypeachy_: some good news for your timeline: today the national suicide prevention line was approved to have a designated 3 digit…,,
digit,2020-07-23 12:06:46,yourfrienddana,https://twitter.com/yourfrienddana,https://twitter.com/i/web/status/1286120541712027648,RT @totallypeachy_: some good news for your timeline: today the national suicide prevention line was approved to have a designated 3 digit…,,
digit,2020-07-24 03:58:15,VeeVeeRomanoff,https://twitter.com/VeeVeeRomanoff,https://twitter.com/i/web/status/1286359989817352194,RT @totallypeachy_: some good news for your timeline: today the national suicide prevention line was approved to have a designated 3 digit…,,
prevention,2020-07-22 18:54:24,amycentaine,https://twitter.com/amycentaine,https://twitter.com/i/web/status/1285860735000559620,RT @totallypeachy_: some good news for your timeline: today the national suicide prevention line was approved to have a designated 3 digit…,,
prevention,2020-07-22 10:45:29,aliyannago,https://twitter.com/aliyannago,https://twitter.com/i/web/status/1285737695629565952,RT @totallypeachy_: some good news for your timeline: today the national suicide prevention line was approved to have a designated 3 digit…,,
prevention,2020-07-22 11:10:56,Syd_vicious9,https://twitter.com/Syd_vicious9,https://twitter.com/i/web/status/1285744100872990723,RT @totallypeachy_: some good news for your timeline: today the national suicide prevention line was approved to have a designated 3 digit…,,
prevention,2020-07-22 05:44:06,nevaehlyyy,https://twitter.com/nevaehlyyy,https://twitter.com/i/web/status/1285661850563223554,RT @totallypeachy_: some good news for your timeline: today the national suicide prevention line was approved to have a designated 3 digit…,,
prevention,2020-07-22 00:45:18,abbyswanj,https://twitter.com/abbyswanj,https://twitter.com/i/web/status/1285586655081041921,RT @totallypeachy_: some good news for your timeline: today the national suicide prevention line was approved to have a designated 3 digit…,,
prevention,2020-07-22 07:55:01,elsimops_,https://twitter.com/elsimops_,https://twitter.com/i/web/status/1285694798427496448,RT @totallypeachy_: some good news for your timeline: today the national suicide prevention line was approved to have a designated 3 digit…,,
prevention,2020-07-25 15:14:09,VictoriaVian,https://twitter.com/VictoriaVian,https://twitter.com/i/web/status/1286892472635990017,RT @totallypeachy_: some good news for your timeline: today the national suicide prevention line was approved to have a designated 3 digit…,,
prevention,2020-07-23 02:31:27,Nethmi__P,https://twitter.com/Nethmi__P,https://twitter.com/i/web/status/1285975758133837824,RT @totallypeachy_: some good news for your timeline: today the national suicide prevention line was approved to have a designated 3 digit…,,
prevention,2020-07-23 12:06:46,yourfrienddana,https://twitter.com/yourfrienddana,https://twitter.com/i/web/status/1286120541712027648,RT @totallypeachy_: some good news for your timeline: today the national suicide prevention line was approved to have a designated 3 digit…,,
prevention,2020-07-24 03:58:15,VeeVeeRomanoff,https://twitter.com/VeeVeeRomanoff,https://twitter.com/i/web/status/1286359989817352194,RT @totallypeachy_: some good news for your timeline: today the national suicide prevention line was approved to have a designated 3 digit…,,
bring,2020-07-25 11:31:35,WgarNews,https://twitter.com/WgarNews,https://twitter.com/i/web/status/1286836460495106050,"RT @SaraMyriad: Learning what triggers my anxiety and, most importantly, how to bring myself down, has been one of the things I am most pro…",,
important,2020-07-25 23:20:54,TrevorLithgow,https://twitter.com/TrevorLithgow,https://twitter.com/i/web/status/1287014966499844096,"RT @healthgovau: Taking care of your mental health and wellbeing is important, especially during this time. Beyond Blue has a dedicated Cor…",,
important,2020-07-26 17:39:33,Tahnee_Bridson,https://twitter.com/Tahnee_Bridson,https://twitter.com/i/web/status/1287291452519616513,"RT @healthgovau: Taking care of your mental health and wellbeing is important, especially during this time. Beyond Blue has a dedicated Cor…",,
important,2020-07-26 09:40:55,PharmGuildAus,https://twitter.com/PharmGuildAus,https://twitter.com/i/web/status/1287171001860538368,"RT @healthgovau: Taking care of your mental health and wellbeing is important, especially during this time. Beyond Blue has a dedicated Cor…",,
important,2020-07-25 22:30:48,Monica_Farrow,https://twitter.com/Monica_Farrow,https://twitter.com/i/web/status/1287002361337012224,"RT @healthgovau: Taking care of your mental health and wellbeing is important, especially during this time. Beyond Blue has a dedicated Cor…",,
important,2020-07-25 11:31:35,WgarNews,https://twitter.com/WgarNews,https://twitter.com/i/web/status/1286836460495106050,"RT @SaraMyriad: Learning what triggers my anxiety and, most importantly, how to bring myself down, has been one of the things I am most pro…",,
important,2020-07-26 12:22:14,ColettaFrank,https://twitter.com/ColettaFrank,https://twitter.com/i/web/status/1287211597945925635,"RT @healthgovau: Taking care of your mental health and wellbeing is important, especially during this time. Beyond Blue has a dedicated Cor…",,
important,2020-07-25 20:34:35,murphykj1,https://twitter.com/murphykj1,https://twitter.com/i/web/status/1286973112806854656,"RT @healthgovau: Taking care of your mental health and wellbeing is important, especially during this time. Beyond Blue has a dedicated Cor…",,
important,2020-07-25 22:23:35,auparamedprac,https://twitter.com/auparamedprac,https://twitter.com/i/web/status/1287000544649736192,"RT @healthgovau: Taking care of your mental health and wellbeing is important, especially during this time. Beyond Blue has a dedicated Cor…",,
important,2020-07-26 11:56:26,MJA_Editor,https://twitter.com/MJA_Editor,https://twitter.com/i/web/status/1287205105062707200,"RT @healthgovau: Taking care of your mental health and wellbeing is important, especially during this time. Beyond Blue has a dedicated Cor…",,
honestly,2020-07-22 14:01:23,_sallyroberts,https://twitter.com/_sallyroberts,https://twitter.com/i/web/status/1285786997643042824,RT @danielaritorto: We've honestly come so far in talking about mental health but I'm still in awe of the bravery of Phoebe and TJ who spok…,,
honestly,2020-07-22 14:00:44,KerryAnnSmith1,https://twitter.com/KerryAnnSmith1,https://twitter.com/i/web/status/1285786831863205889,RT @danielaritorto: We've honestly come so far in talking about mental health but I'm still in awe of the bravery of Phoebe and TJ who spok…,,
honestly,2020-07-22 12:16:53,danielaritorto,https://twitter.com/danielaritorto,https://twitter.com/i/web/status/1285760698874687489,"We've honestly come so far in talking about mental health but I'm still in awe of the bravery of Phoebe and TJ who spoke so openly to me about experiencing eating disorders as young migrants, cultural barriers &amp; how they're helping others 🙏 @Bfoundation https://t.co/K89BXjQeZE",,
honestly,2020-07-22 14:10:07,SophieClare1103,https://twitter.com/SophieClare1103,https://twitter.com/i/web/status/1285789192845316101,RT @danielaritorto: We've honestly come so far in talking about mental health but I'm still in awe of the bravery of Phoebe and TJ who spok…,,
honestly,2020-07-23 04:16:59,FewingsBj,https://twitter.com/FewingsBj,https://twitter.com/i/web/status/1286002314705162240,RT @danielaritorto: We've honestly come so far in talking about mental health but I'm still in awe of the bravery of Phoebe and TJ who spok…,,
honestly,2020-07-23 09:02:26,gavin_hazel,https://twitter.com/gavin_hazel,https://twitter.com/i/web/status/1286074151992664064,RT @danielaritorto: We've honestly come so far in talking about mental health but I'm still in awe of the bravery of Phoebe and TJ who spok…,,
time,2020-07-22 18:54:24,amycentaine,https://twitter.com/amycentaine,https://twitter.com/i/web/status/1285860735000559620,RT @totallypeachy_: some good news for your timeline: today the national suicide prevention line was approved to have a designated 3 digit…,,
time,2020-07-22 10:45:29,aliyannago,https://twitter.com/aliyannago,https://twitter.com/i/web/status/1285737695629565952,RT @totallypeachy_: some good news for your timeline: today the national suicide prevention line was approved to have a designated 3 digit…,,
time,2020-07-22 00:13:02,BillyBassHarri1,https://twitter.com/BillyBassHarri1,https://twitter.com/i/web/status/1285578535482961925,RT @lynlinking: @BlakandBlack @WgarNews @twtrrr @CartwheelPrint @GerryGeorgatos @NspTrp @NatIndigTimes @WhteRbbnAdvocat @AnimaeOK @RachelQu…,,
time,2020-07-22 11:10:56,Syd_vicious9,https://twitter.com/Syd_vicious9,https://twitter.com/i/web/status/1285744100872990723,RT @totallypeachy_: some good news for your timeline: today the national suicide prevention line was approved to have a designated 3 digit…,,
time,2020-07-22 05:44:06,nevaehlyyy,https://twitter.com/nevaehlyyy,https://twitter.com/i/web/status/1285661850563223554,RT @totallypeachy_: some good news for your timeline: today the national suicide prevention line was approved to have a designated 3 digit…,,
time,2020-07-22 17:05:46,AgPeriUrban,https://twitter.com/AgPeriUrban,https://twitter.com/i/web/status/1285833396581588992,RT @tandemcarers: At Tandem Time tomorrow 10am we will discuss the proposed Adult Mental Health Centre model for 8 trial sites across Austr…,,
time,2020-07-22 12:10:42,BelovedLadyLove,https://twitter.com/BelovedLadyLove,https://twitter.com/i/web/status/1285759143408594945,RT @lynlinking: @BlakandBlack @WgarNews @twtrrr @CartwheelPrint @GerryGeorgatos @NspTrp @NatIndigTimes @WhteRbbnAdvocat @AnimaeOK @RachelQu…,,
time,2020-07-22 00:45:18,abbyswanj,https://twitter.com/abbyswanj,https://twitter.com/i/web/status/1285586655081041921,RT @totallypeachy_: some good news for your timeline: today the national suicide prevention line was approved to have a designated 3 digit…,,
time,2020-07-22 17:03:17,WMHNVic,https://twitter.com/WMHNVic,https://twitter.com/i/web/status/1285832773509382144,RT @tandemcarers: At Tandem Time tomorrow 10am we will discuss the proposed Adult Mental Health Centre model for 8 trial sites across Austr…,,
time,2020-07-22 17:07:46,pauline_mh1,https://twitter.com/pauline_mh1,https://twitter.com/i/web/status/1285833902494367744,RT @tandemcarers: At Tandem Time tomorrow 10am we will discuss the proposed Adult Mental Health Centre model for 8 trial sites across Austr…,,
medication,2020-07-25 23:40:15,jaquix173,https://twitter.com/jaquix173,https://twitter.com/i/web/status/1287019836669739014,RT @RedFiddler: I actually thought i needed to take super strong anti-anxiety medication because I couldn't cope with life... Turns out I j…,,
medication,2020-07-26 07:47:41,rubin_angela,https://twitter.com/rubin_angela,https://twitter.com/i/web/status/1287142505700458496,RT @RedFiddler: I actually thought i needed to take super strong anti-anxiety medication because I couldn't cope with life... Turns out I j…,,
medication,2020-07-25 19:22:21,Magpie1954nBird,https://twitter.com/Magpie1954nBird,https://twitter.com/i/web/status/1286954934382899200,RT @RedFiddler: I actually thought i needed to take super strong anti-anxiety medication because I couldn't cope with life... Turns out I j…,,
anxiety,2020-07-22 13:51:17,InnoWellOrg,https://twitter.com/InnoWellOrg,https://twitter.com/i/web/status/1285784453869010946,RT @StressFreeKids: What to do when you feel anxious by Mindful Online #anxiety #mentalhealth https://t.co/avuoVobAux,anxiety,mentalhealth
anxiety,2020-07-22 17:01:54,cracksintheice,https://twitter.com/cracksintheice,https://twitter.com/i/web/status/1285832426007273472,"Do you, or someone you know, provide support for someone living with depression and/or anxiety? The #MindsTogether team @EverymindAU would like to hear from you. Find out more via https://t.co/vkMY2KOzid and register your interest here: https://t.co/0UwReavC6g https://t.co/aeULb6fva4",MindsTogether,MindsTogether
anxiety,2020-07-24 09:16:01,erwin_renaldi,https://twitter.com/erwin_renaldi,https://twitter.com/i/web/status/1286439958622777344,RT @abcnews: Sari remembers her first public anxiety attack. She's urging others to talk about their mental health https://t.co/tBihYdxg4U,,
anxiety,2020-07-24 09:49:42,Interlime,https://twitter.com/Interlime,https://twitter.com/i/web/status/1286448434887536641,RT @abcnews: Sari remembers her first public anxiety attack. She's urging others to talk about their mental health https://t.co/tBihYdxg4U,,
anxiety,2020-07-24 05:14:21,abcnews,https://twitter.com/abcnews,https://twitter.com/i/web/status/1286379140443119616,Sari remembers her first public anxiety attack. She's urging others to talk about their mental health https://t.co/tBihYdxg4U,,
anxiety,2020-07-24 12:26:53,Froche_Moore,https://twitter.com/Froche_Moore,https://twitter.com/i/web/status/1286487989061746688,Sari remembers her first public anxiety attack. She's urging others to talk about their mental health https://t.co/ILAvy9ejDw,,
anxiety,2020-07-24 16:20:06,InnoWellOrg,https://twitter.com/InnoWellOrg,https://twitter.com/i/web/status/1286546682554060800,"As the #coronavirus pandemic continues, young Australians are struggling in record numbers to cope with the anxiety of watching their world turned upside down.  A great piece by @abcnews https://t.co/LNB1RObHmI",coronavirus,coronavirus
anxiety,2020-07-25 11:31:35,WgarNews,https://twitter.com/WgarNews,https://twitter.com/i/web/status/1286836460495106050,"RT @SaraMyriad: Learning what triggers my anxiety and, most importantly, how to bring myself down, has been one of the things I am most pro…",,
anxiety,2020-07-25 23:40:15,jaquix173,https://twitter.com/jaquix173,https://twitter.com/i/web/status/1287019836669739014,RT @RedFiddler: I actually thought i needed to take super strong anti-anxiety medication because I couldn't cope with life... Turns out I j…,,
anxiety,2020-07-25 18:40:18,jazzbby91,https://twitter.com/jazzbby91,https://twitter.com/i/web/status/1286944353202528256,@ruthryan @nirvans_ @ausgov @ScottMorrisonMP @AusBorderForce Don’t be scared to take them!!! I was on anti anxiety meds for 3 years and recently tapered off (great timing!) and they can definitely be a helpful tool!!! Gotta take care of ourselves so we’re well when we can get to our partners 🥺❤️❤️❤️,,
early,2020-07-25 12:28:39,budgetbuscharte,https://twitter.com/budgetbuscharte,https://twitter.com/i/web/status/1286850824941867009,"RT @lonelyplanet: $49 plane tickets to Chicago for the holidays and early 2021? 🏙️ Flexible fares in case you need to cancel? 👀 Pinch us, @…",,
early,2020-07-25 14:59:19,budgetbuscharte,https://twitter.com/budgetbuscharte,https://twitter.com/i/web/status/1286888740376293376,"RT @lonelyplanet: $49 plane tickets to Chicago for the holidays and early 2021? 🏙️ Flexible fares in case you need to cancel? 👀 Pinch us, @…",,
early,2020-07-27 17:14:30,qld_civil,https://twitter.com/qld_civil,https://twitter.com/i/web/status/1287647536199606272,"@jazzbby91 @KKeneally @AusHumanRights @ausgov @beyondblue @zalisteggall @NickMcKim @MehreenFaruqi @AdamBandt They clearly shown their true face when they literally advertising for toilet papers when the second wave hit! We stopped following media and drinking coffee and our anxiety went away and we feel much better. The fact that we found each other is 99%, opening borders is another %1",,
early,2020-07-28 20:21:52,mindfullmedic,https://twitter.com/mindfullmedic,https://twitter.com/i/web/status/1288057074136412163,"RT @KarenGaunson: Early &amp; sustained preparation re healthcare worker wellbeing created resources, peer networks &amp; pathways to mental health…",,
service,2020-07-22 16:21:00,MonashCouncil,https://twitter.com/MonashCouncil,https://twitter.com/i/web/status/1285822132577017857,"We're excited to announce that @headspace_aus will open in Monash in Oct to support our young people's mental health. There’s been a lot of advocacy for this from our Monash Youth Committee, Monash Youth Services, Mayors past &amp; present, families &amp; schools https://t.co/Nw1dkkMzNk",,
service,2020-07-24 17:37:27,DaveismOfficial,https://twitter.com/DaveismOfficial,https://twitter.com/i/web/status/1286566149627326470,RT @gippslandphn: Young people in the Wellington community can now access specialised mental health support services online or by telephone…,,
service,2020-07-23 08:38:47,JoRobinson_Aus,https://twitter.com/JoRobinson_Aus,https://twitter.com/i/web/status/1286068200233295872,RT @DrChrisGroot: Do you know about @unimelb's  new after-hours mental health crisis service?  It is available to students after 5pm on wee…,,
service,2020-07-24 17:38:08,GippslandTimes,https://twitter.com/GippslandTimes,https://twitter.com/i/web/status/1286566317873479682,RT @gippslandphn: Young people in the Wellington community can now access specialised mental health support services online or by telephone…,,
service,2020-07-24 12:50:05,gippslandphn,https://twitter.com/gippslandphn,https://twitter.com/i/web/status/1286493830129352714,"Young people in the Wellington community can now access specialised mental health support services online or by telephone, through a new headspace satellite in Sale. Find at more at https://t.co/HbQLLVSQ3e #stronglocalcapability #accessforeveryone #mentalhealth @headspace_aus https://t.co/3C06mD2z5B",accessforeveryone,stronglocalcapability
turn,2020-07-24 16:20:06,InnoWellOrg,https://twitter.com/InnoWellOrg,https://twitter.com/i/web/status/1286546682554060800,"As the #coronavirus pandemic continues, young Australians are struggling in record numbers to cope with the anxiety of watching their world turned upside down.  A great piece by @abcnews https://t.co/LNB1RObHmI",coronavirus,coronavirus
turn,2020-07-25 23:40:15,jaquix173,https://twitter.com/jaquix173,https://twitter.com/i/web/status/1287019836669739014,RT @RedFiddler: I actually thought i needed to take super strong anti-anxiety medication because I couldn't cope with life... Turns out I j…,,
turn,2020-07-26 07:47:41,rubin_angela,https://twitter.com/rubin_angela,https://twitter.com/i/web/status/1287142505700458496,RT @RedFiddler: I actually thought i needed to take super strong anti-anxiety medication because I couldn't cope with life... Turns out I j…,,
turn,2020-07-25 19:22:21,Magpie1954nBird,https://twitter.com/Magpie1954nBird,https://twitter.com/i/web/status/1286954934382899200,RT @RedFiddler: I actually thought i needed to take super strong anti-anxiety medication because I couldn't cope with life... Turns out I j…,,
phoebe,2020-07-22 14:01:23,_sallyroberts,https://twitter.com/_sallyroberts,https://twitter.com/i/web/status/1285786997643042824,RT @danielaritorto: We've honestly come so far in talking about mental health but I'm still in awe of the bravery of Phoebe and TJ who spok…,,
phoebe,2020-07-22 14:00:44,KerryAnnSmith1,https://twitter.com/KerryAnnSmith1,https://twitter.com/i/web/status/1285786831863205889,RT @danielaritorto: We've honestly come so far in talking about mental health but I'm still in awe of the bravery of Phoebe and TJ who spok…,,
phoebe,2020-07-22 12:16:53,danielaritorto,https://twitter.com/danielaritorto,https://twitter.com/i/web/status/1285760698874687489,"We've honestly come so far in talking about mental health but I'm still in awe of the bravery of Phoebe and TJ who spoke so openly to me about experiencing eating disorders as young migrants, cultural barriers &amp; how they're helping others 🙏 @Bfoundation https://t.co/K89BXjQeZE",,
phoebe,2020-07-22 14:10:07,SophieClare1103,https://twitter.com/SophieClare1103,https://twitter.com/i/web/status/1285789192845316101,RT @danielaritorto: We've honestly come so far in talking about mental health but I'm still in awe of the bravery of Phoebe and TJ who spok…,,
phoebe,2020-07-23 04:16:59,FewingsBj,https://twitter.com/FewingsBj,https://twitter.com/i/web/status/1286002314705162240,RT @danielaritorto: We've honestly come so far in talking about mental health but I'm still in awe of the bravery of Phoebe and TJ who spok…,,
phoebe,2020-07-23 09:02:26,gavin_hazel,https://twitter.com/gavin_hazel,https://twitter.com/i/web/status/1286074151992664064,RT @danielaritorto: We've honestly come so far in talking about mental health but I'm still in awe of the bravery of Phoebe and TJ who spok…,,
māori,2020-07-24 16:01:54,ChristinaZhou44,https://twitter.com/ChristinaZhou44,https://twitter.com/i/web/status/1286542102273302528,"RT @taliaualiitia: These are trying times but, for Māori or Pacific men they're brought up to be the providers - it takes a lot of bravery…",,
māori,2020-07-24 07:44:53,erinahandley,https://twitter.com/erinahandley,https://twitter.com/i/web/status/1286417022138454016,"RT @taliaualiitia: These are trying times but, for Māori or Pacific men they're brought up to be the providers - it takes a lot of bravery…",,
māori,2020-07-24 08:45:14,erwin_renaldi,https://twitter.com/erwin_renaldi,https://twitter.com/i/web/status/1286432209843281921,"RT @taliaualiitia: These are trying times but, for Māori or Pacific men they're brought up to be the providers - it takes a lot of bravery…",,
māori,2020-07-24 08:51:15,analispolitik,https://twitter.com/analispolitik,https://twitter.com/i/web/status/1286433724981075970,"RT @taliaualiitia: These are trying times but, for Māori or Pacific men they're brought up to be the providers - it takes a lot of bravery…",,
māori,2020-07-24 07:24:28,RJ_Howes,https://twitter.com/RJ_Howes,https://twitter.com/i/web/status/1286411883604402176,"RT @taliaualiitia: These are trying times but, for Māori or Pacific men they're brought up to be the providers - it takes a lot of bravery…",,
especially,2020-07-25 23:20:54,TrevorLithgow,https://twitter.com/TrevorLithgow,https://twitter.com/i/web/status/1287014966499844096,"RT @healthgovau: Taking care of your mental health and wellbeing is important, especially during this time. Beyond Blue has a dedicated Cor…",,
especially,2020-07-26 17:39:33,Tahnee_Bridson,https://twitter.com/Tahnee_Bridson,https://twitter.com/i/web/status/1287291452519616513,"RT @healthgovau: Taking care of your mental health and wellbeing is important, especially during this time. Beyond Blue has a dedicated Cor…",,
especially,2020-07-26 09:40:55,PharmGuildAus,https://twitter.com/PharmGuildAus,https://twitter.com/i/web/status/1287171001860538368,"RT @healthgovau: Taking care of your mental health and wellbeing is important, especially during this time. Beyond Blue has a dedicated Cor…",,
especially,2020-07-25 22:30:48,Monica_Farrow,https://twitter.com/Monica_Farrow,https://twitter.com/i/web/status/1287002361337012224,"RT @healthgovau: Taking care of your mental health and wellbeing is important, especially during this time. Beyond Blue has a dedicated Cor…",,
especially,2020-07-26 12:22:14,ColettaFrank,https://twitter.com/ColettaFrank,https://twitter.com/i/web/status/1287211597945925635,"RT @healthgovau: Taking care of your mental health and wellbeing is important, especially during this time. Beyond Blue has a dedicated Cor…",,
especially,2020-07-25 20:34:35,murphykj1,https://twitter.com/murphykj1,https://twitter.com/i/web/status/1286973112806854656,"RT @healthgovau: Taking care of your mental health and wellbeing is important, especially during this time. Beyond Blue has a dedicated Cor…",,
especially,2020-07-25 22:23:35,auparamedprac,https://twitter.com/auparamedprac,https://twitter.com/i/web/status/1287000544649736192,"RT @healthgovau: Taking care of your mental health and wellbeing is important, especially during this time. Beyond Blue has a dedicated Cor…",,
especially,2020-07-26 11:56:26,MJA_Editor,https://twitter.com/MJA_Editor,https://twitter.com/i/web/status/1287205105062707200,"RT @healthgovau: Taking care of your mental health and wellbeing is important, especially during this time. Beyond Blue has a dedicated Cor…",,
national,2020-07-22 18:54:24,amycentaine,https://twitter.com/amycentaine,https://twitter.com/i/web/status/1285860735000559620,RT @totallypeachy_: some good news for your timeline: today the national suicide prevention line was approved to have a designated 3 digit…,,
national,2020-07-22 10:45:29,aliyannago,https://twitter.com/aliyannago,https://twitter.com/i/web/status/1285737695629565952,RT @totallypeachy_: some good news for your timeline: today the national suicide prevention line was approved to have a designated 3 digit…,,
national,2020-07-22 11:10:56,Syd_vicious9,https://twitter.com/Syd_vicious9,https://twitter.com/i/web/status/1285744100872990723,RT @totallypeachy_: some good news for your timeline: today the national suicide prevention line was approved to have a designated 3 digit…,,
national,2020-07-22 05:44:06,nevaehlyyy,https://twitter.com/nevaehlyyy,https://twitter.com/i/web/status/1285661850563223554,RT @totallypeachy_: some good news for your timeline: today the national suicide prevention line was approved to have a designated 3 digit…,,
national,2020-07-22 00:45:18,abbyswanj,https://twitter.com/abbyswanj,https://twitter.com/i/web/status/1285586655081041921,RT @totallypeachy_: some good news for your timeline: today the national suicide prevention line was approved to have a designated 3 digit…,,
national,2020-07-22 07:55:01,elsimops_,https://twitter.com/elsimops_,https://twitter.com/i/web/status/1285694798427496448,RT @totallypeachy_: some good news for your timeline: today the national suicide prevention line was approved to have a designated 3 digit…,,
national,2020-07-22 15:50:11,ian_hickie,https://twitter.com/ian_hickie,https://twitter.com/i/web/status/1285814377153613825,@SquigglyRick Rick - once again you are spot on!!! The insecurity kills mental health long before the  reality arrives- it’s why the national narrative now is so critical! @SabraLane @GMegalogenis @CSART_world @Sydney_Uni @normanswan @PatsKarvelas @PatMcGorry @JoshFrydenberg @GregHuntMP,,
national,2020-07-25 15:14:09,VictoriaVian,https://twitter.com/VictoriaVian,https://twitter.com/i/web/status/1286892472635990017,RT @totallypeachy_: some good news for your timeline: today the national suicide prevention line was approved to have a designated 3 digit…,,
national,2020-07-23 02:31:27,Nethmi__P,https://twitter.com/Nethmi__P,https://twitter.com/i/web/status/1285975758133837824,RT @totallypeachy_: some good news for your timeline: today the national suicide prevention line was approved to have a designated 3 digit…,,
national,2020-07-23 12:06:46,yourfrienddana,https://twitter.com/yourfrienddana,https://twitter.com/i/web/status/1286120541712027648,RT @totallypeachy_: some good news for your timeline: today the national suicide prevention line was approved to have a designated 3 digit…,,
young,2020-07-22 21:01:29,wphawksjfc,https://twitter.com/wphawksjfc,https://twitter.com/i/web/status/1285892719030624256,RT @MonashCouncil: We're excited to announce that @headspace_aus will open in Monash in Oct to support our young people's mental health. Th…,,
young,2020-07-22 12:16:53,danielaritorto,https://twitter.com/danielaritorto,https://twitter.com/i/web/status/1285760698874687489,"We've honestly come so far in talking about mental health but I'm still in awe of the bravery of Phoebe and TJ who spoke so openly to me about experiencing eating disorders as young migrants, cultural barriers &amp; how they're helping others 🙏 @Bfoundation https://t.co/K89BXjQeZE",,
young,2020-07-22 16:21:00,MonashCouncil,https://twitter.com/MonashCouncil,https://twitter.com/i/web/status/1285822132577017857,"We're excited to announce that @headspace_aus will open in Monash in Oct to support our young people's mental health. There’s been a lot of advocacy for this from our Monash Youth Committee, Monash Youth Services, Mayors past &amp; present, families &amp; schools https://t.co/Nw1dkkMzNk",,
young,2020-07-24 17:37:27,DaveismOfficial,https://twitter.com/DaveismOfficial,https://twitter.com/i/web/status/1286566149627326470,RT @gippslandphn: Young people in the Wellington community can now access specialised mental health support services online or by telephone…,,
young,2020-07-24 17:38:08,GippslandTimes,https://twitter.com/GippslandTimes,https://twitter.com/i/web/status/1286566317873479682,RT @gippslandphn: Young people in the Wellington community can now access specialised mental health support services online or by telephone…,,
young,2020-07-24 12:50:05,gippslandphn,https://twitter.com/gippslandphn,https://twitter.com/i/web/status/1286493830129352714,"Young people in the Wellington community can now access specialised mental health support services online or by telephone, through a new headspace satellite in Sale. Find at more at https://t.co/HbQLLVSQ3e #stronglocalcapability #accessforeveryone #mentalhealth @headspace_aus https://t.co/3C06mD2z5B",accessforeveryone,stronglocalcapability
young,2020-07-24 16:20:06,InnoWellOrg,https://twitter.com/InnoWellOrg,https://twitter.com/i/web/status/1286546682554060800,"As the #coronavirus pandemic continues, young Australians are struggling in record numbers to cope with the anxiety of watching their world turned upside down.  A great piece by @abcnews https://t.co/LNB1RObHmI",coronavirus,coronavirus
bravery,2020-07-22 14:01:23,_sallyroberts,https://twitter.com/_sallyroberts,https://twitter.com/i/web/status/1285786997643042824,RT @danielaritorto: We've honestly come so far in talking about mental health but I'm still in awe of the bravery of Phoebe and TJ who spok…,,
bravery,2020-07-22 14:00:44,KerryAnnSmith1,https://twitter.com/KerryAnnSmith1,https://twitter.com/i/web/status/1285786831863205889,RT @danielaritorto: We've honestly come so far in talking about mental health but I'm still in awe of the bravery of Phoebe and TJ who spok…,,
bravery,2020-07-22 12:16:53,danielaritorto,https://twitter.com/danielaritorto,https://twitter.com/i/web/status/1285760698874687489,"We've honestly come so far in talking about mental health but I'm still in awe of the bravery of Phoebe and TJ who spoke so openly to me about experiencing eating disorders as young migrants, cultural barriers &amp; how they're helping others 🙏 @Bfoundation https://t.co/K89BXjQeZE",,
bravery,2020-07-22 14:10:07,SophieClare1103,https://twitter.com/SophieClare1103,https://twitter.com/i/web/status/1285789192845316101,RT @danielaritorto: We've honestly come so far in talking about mental health but I'm still in awe of the bravery of Phoebe and TJ who spok…,,
bravery,2020-07-24 16:01:54,ChristinaZhou44,https://twitter.com/ChristinaZhou44,https://twitter.com/i/web/status/1286542102273302528,"RT @taliaualiitia: These are trying times but, for Māori or Pacific men they're brought up to be the providers - it takes a lot of bravery…",,
bravery,2020-07-24 07:44:53,erinahandley,https://twitter.com/erinahandley,https://twitter.com/i/web/status/1286417022138454016,"RT @taliaualiitia: These are trying times but, for Māori or Pacific men they're brought up to be the providers - it takes a lot of bravery…",,
bravery,2020-07-24 08:45:14,erwin_renaldi,https://twitter.com/erwin_renaldi,https://twitter.com/i/web/status/1286432209843281921,"RT @taliaualiitia: These are trying times but, for Māori or Pacific men they're brought up to be the providers - it takes a lot of bravery…",,
bravery,2020-07-24 08:51:15,analispolitik,https://twitter.com/analispolitik,https://twitter.com/i/web/status/1286433724981075970,"RT @taliaualiitia: These are trying times but, for Māori or Pacific men they're brought up to be the providers - it takes a lot of bravery…",,
bravery,2020-07-23 04:16:59,FewingsBj,https://twitter.com/FewingsBj,https://twitter.com/i/web/status/1286002314705162240,RT @danielaritorto: We've honestly come so far in talking about mental health but I'm still in awe of the bravery of Phoebe and TJ who spok…,,
bravery,2020-07-23 09:02:26,gavin_hazel,https://twitter.com/gavin_hazel,https://twitter.com/i/web/status/1286074151992664064,RT @danielaritorto: We've honestly come so far in talking about mental health but I'm still in awe of the bravery of Phoebe and TJ who spok…,,
professional,2020-07-22 22:58:37,ochreblue,https://twitter.com/ochreblue,https://twitter.com/i/web/status/1285922196863324162,RT @oshergunsberg: It's probably pertinent to point out that everyone on the show has full access to mental health professionals as well as…,,
professional,2020-07-22 19:48:12,bridgetdowneyy,https://twitter.com/bridgetdowneyy,https://twitter.com/i/web/status/1285874276956950528,RT @oshergunsberg: It's probably pertinent to point out that everyone on the show has full access to mental health professionals as well as…,,
professional,2020-07-22 19:58:15,xander85,https://twitter.com/xander85,https://twitter.com/i/web/status/1285876805312737281,RT @oshergunsberg: It's probably pertinent to point out that everyone on the show has full access to mental health professionals as well as…,,
professional,2020-07-22 19:56:21,Joonieverse,https://twitter.com/Joonieverse,https://twitter.com/i/web/status/1285876328500097030,RT @oshergunsberg: It's probably pertinent to point out that everyone on the show has full access to mental health professionals as well as…,,
professional,2020-07-22 19:53:05,iamatboy,https://twitter.com/iamatboy,https://twitter.com/i/web/status/1285875504348721153,RT @oshergunsberg: It's probably pertinent to point out that everyone on the show has full access to mental health professionals as well as…,,
professional,2020-07-23 13:27:58,kejr_,https://twitter.com/kejr_,https://twitter.com/i/web/status/1286140974129766400,RT @oshergunsberg: It's probably pertinent to point out that everyone on the show has full access to mental health professionals as well as…,,
professional,2020-07-24 11:15:04,NDSS_AUS,https://twitter.com/NDSS_AUS,https://twitter.com/i/web/status/1286469916128944128,"Happy Stress Down Day! #StressDownDay Find a way to stress down today.  Need some support? Call Lifeline 13 11 14, or  NDSS Helpline 1800 637 to speak to  a diabetes health professional. We have a range of emotional fact sheets to help you. Find them here: https://t.co/RJ5JQZzTkt https://t.co/Iet2AEcxY8",StressDownDay,StressDownDay
timeline,2020-07-22 18:54:24,amycentaine,https://twitter.com/amycentaine,https://twitter.com/i/web/status/1285860735000559620,RT @totallypeachy_: some good news for your timeline: today the national suicide prevention line was approved to have a designated 3 digit…,,
timeline,2020-07-22 10:45:29,aliyannago,https://twitter.com/aliyannago,https://twitter.com/i/web/status/1285737695629565952,RT @totallypeachy_: some good news for your timeline: today the national suicide prevention line was approved to have a designated 3 digit…,,
timeline,2020-07-22 11:10:56,Syd_vicious9,https://twitter.com/Syd_vicious9,https://twitter.com/i/web/status/1285744100872990723,RT @totallypeachy_: some good news for your timeline: today the national suicide prevention line was approved to have a designated 3 digit…,,
timeline,2020-07-22 05:44:06,nevaehlyyy,https://twitter.com/nevaehlyyy,https://twitter.com/i/web/status/1285661850563223554,RT @totallypeachy_: some good news for your timeline: today the national suicide prevention line was approved to have a designated 3 digit…,,
timeline,2020-07-22 00:45:18,abbyswanj,https://twitter.com/abbyswanj,https://twitter.com/i/web/status/1285586655081041921,RT @totallypeachy_: some good news for your timeline: today the national suicide prevention line was approved to have a designated 3 digit…,,
timeline,2020-07-22 07:55:01,elsimops_,https://twitter.com/elsimops_,https://twitter.com/i/web/status/1285694798427496448,RT @totallypeachy_: some good news for your timeline: today the national suicide prevention line was approved to have a designated 3 digit…,,
timeline,2020-07-25 15:14:09,VictoriaVian,https://twitter.com/VictoriaVian,https://twitter.com/i/web/status/1286892472635990017,RT @totallypeachy_: some good news for your timeline: today the national suicide prevention line was approved to have a designated 3 digit…,,
timeline,2020-07-23 02:31:27,Nethmi__P,https://twitter.com/Nethmi__P,https://twitter.com/i/web/status/1285975758133837824,RT @totallypeachy_: some good news for your timeline: today the national suicide prevention line was approved to have a designated 3 digit…,,
timeline,2020-07-23 12:06:46,yourfrienddana,https://twitter.com/yourfrienddana,https://twitter.com/i/web/status/1286120541712027648,RT @totallypeachy_: some good news for your timeline: today the national suicide prevention line was approved to have a designated 3 digit…,,
timeline,2020-07-24 03:58:15,VeeVeeRomanoff,https://twitter.com/VeeVeeRomanoff,https://twitter.com/i/web/status/1286359989817352194,RT @totallypeachy_: some good news for your timeline: today the national suicide prevention line was approved to have a designated 3 digit…,,
#headtohealth,2020-07-24 21:29:48,whatnowau,https://twitter.com/whatnowau,https://twitter.com/i/web/status/1286624618426462209,"RT @healthgovau: If you’re experiencing ongoing #mentalhealth difficulties, it’s okay to speak-up and seek help. #HeadtoHealth can help you…",HeadtoHealth,mentalhealth
#headtohealth,2020-07-24 19:54:01,MontanePS,https://twitter.com/MontanePS,https://twitter.com/i/web/status/1286600515615256576,"RT @healthgovau: If you’re experiencing ongoing #mentalhealth difficulties, it’s okay to speak-up and seek help. #HeadtoHealth can help you…",HeadtoHealth,mentalhealth
#headtohealth,2020-07-25 12:16:04,RJ_Howes,https://twitter.com/RJ_Howes,https://twitter.com/i/web/status/1286847657487372289,"RT @healthgovau: If you’re experiencing ongoing #mentalhealth difficulties, it’s okay to speak-up and seek help. #HeadtoHealth can help you…",HeadtoHealth,mentalhealth
#headtohealth,2020-07-25 01:42:24,Sibatul_Ain_Mir,https://twitter.com/Sibatul_Ain_Mir,https://twitter.com/i/web/status/1286688188061200385,"RT @healthgovau: If you’re experiencing ongoing #mentalhealth difficulties, it’s okay to speak-up and seek help. #HeadtoHealth can help you…",HeadtoHealth,mentalhealth
today,2020-07-22 18:54:24,amycentaine,https://twitter.com/amycentaine,https://twitter.com/i/web/status/1285860735000559620,RT @totallypeachy_: some good news for your timeline: today the national suicide prevention line was approved to have a designated 3 digit…,,
today,2020-07-22 10:45:29,aliyannago,https://twitter.com/aliyannago,https://twitter.com/i/web/status/1285737695629565952,RT @totallypeachy_: some good news for your timeline: today the national suicide prevention line was approved to have a designated 3 digit…,,
today,2020-07-22 11:10:56,Syd_vicious9,https://twitter.com/Syd_vicious9,https://twitter.com/i/web/status/1285744100872990723,RT @totallypeachy_: some good news for your timeline: today the national suicide prevention line was approved to have a designated 3 digit…,,
today,2020-07-22 05:44:06,nevaehlyyy,https://twitter.com/nevaehlyyy,https://twitter.com/i/web/status/1285661850563223554,RT @totallypeachy_: some good news for your timeline: today the national suicide prevention line was approved to have a designated 3 digit…,,
today,2020-07-22 00:45:18,abbyswanj,https://twitter.com/abbyswanj,https://twitter.com/i/web/status/1285586655081041921,RT @totallypeachy_: some good news for your timeline: today the national suicide prevention line was approved to have a designated 3 digit…,,
today,2020-07-22 07:55:01,elsimops_,https://twitter.com/elsimops_,https://twitter.com/i/web/status/1285694798427496448,RT @totallypeachy_: some good news for your timeline: today the national suicide prevention line was approved to have a designated 3 digit…,,
today,2020-07-25 15:14:09,VictoriaVian,https://twitter.com/VictoriaVian,https://twitter.com/i/web/status/1286892472635990017,RT @totallypeachy_: some good news for your timeline: today the national suicide prevention line was approved to have a designated 3 digit…,,
today,2020-07-23 02:31:27,Nethmi__P,https://twitter.com/Nethmi__P,https://twitter.com/i/web/status/1285975758133837824,RT @totallypeachy_: some good news for your timeline: today the national suicide prevention line was approved to have a designated 3 digit…,,
today,2020-07-23 12:06:46,yourfrienddana,https://twitter.com/yourfrienddana,https://twitter.com/i/web/status/1286120541712027648,RT @totallypeachy_: some good news for your timeline: today the national suicide prevention line was approved to have a designated 3 digit…,,
today,2020-07-24 03:58:15,VeeVeeRomanoff,https://twitter.com/VeeVeeRomanoff,https://twitter.com/i/web/status/1286359989817352194,RT @totallypeachy_: some good news for your timeline: today the national suicide prevention line was approved to have a designated 3 digit…,,
beyond,2020-07-25 23:20:54,TrevorLithgow,https://twitter.com/TrevorLithgow,https://twitter.com/i/web/status/1287014966499844096,"RT @healthgovau: Taking care of your mental health and wellbeing is important, especially during this time. Beyond Blue has a dedicated Cor…",,
beyond,2020-07-26 17:39:33,Tahnee_Bridson,https://twitter.com/Tahnee_Bridson,https://twitter.com/i/web/status/1287291452519616513,"RT @healthgovau: Taking care of your mental health and wellbeing is important, especially during this time. Beyond Blue has a dedicated Cor…",,
beyond,2020-07-26 09:40:55,PharmGuildAus,https://twitter.com/PharmGuildAus,https://twitter.com/i/web/status/1287171001860538368,"RT @healthgovau: Taking care of your mental health and wellbeing is important, especially during this time. Beyond Blue has a dedicated Cor…",,
beyond,2020-07-25 22:30:48,Monica_Farrow,https://twitter.com/Monica_Farrow,https://twitter.com/i/web/status/1287002361337012224,"RT @healthgovau: Taking care of your mental health and wellbeing is important, especially during this time. Beyond Blue has a dedicated Cor…",,
beyond,2020-07-26 12:22:14,ColettaFrank,https://twitter.com/ColettaFrank,https://twitter.com/i/web/status/1287211597945925635,"RT @healthgovau: Taking care of your mental health and wellbeing is important, especially during this time. Beyond Blue has a dedicated Cor…",,
beyond,2020-07-25 20:34:35,murphykj1,https://twitter.com/murphykj1,https://twitter.com/i/web/status/1286973112806854656,"RT @healthgovau: Taking care of your mental health and wellbeing is important, especially during this time. Beyond Blue has a dedicated Cor…",,
beyond,2020-07-25 22:23:35,auparamedprac,https://twitter.com/auparamedprac,https://twitter.com/i/web/status/1287000544649736192,"RT @healthgovau: Taking care of your mental health and wellbeing is important, especially during this time. Beyond Blue has a dedicated Cor…",,
beyond,2020-07-26 11:56:26,MJA_Editor,https://twitter.com/MJA_Editor,https://twitter.com/i/web/status/1287205105062707200,"RT @healthgovau: Taking care of your mental health and wellbeing is important, especially during this time. Beyond Blue has a dedicated Cor…",,
beyond,2020-07-27 17:14:30,qld_civil,https://twitter.com/qld_civil,https://twitter.com/i/web/status/1287647536199606272,"@jazzbby91 @KKeneally @AusHumanRights @ausgov @beyondblue @zalisteggall @NickMcKim @MehreenFaruqi @AdamBandt They clearly shown their true face when they literally advertising for toilet papers when the second wave hit! We stopped following media and drinking coffee and our anxiety went away and we feel much better. The fact that we found each other is 99%, opening borders is another %1",,
wellbeing,2020-07-25 23:20:54,TrevorLithgow,https://twitter.com/TrevorLithgow,https://twitter.com/i/web/status/1287014966499844096,"RT @healthgovau: Taking care of your mental health and wellbeing is important, especially during this time. Beyond Blue has a dedicated Cor…",,
wellbeing,2020-07-26 17:39:33,Tahnee_Bridson,https://twitter.com/Tahnee_Bridson,https://twitter.com/i/web/status/1287291452519616513,"RT @healthgovau: Taking care of your mental health and wellbeing is important, especially during this time. Beyond Blue has a dedicated Cor…",,
wellbeing,2020-07-26 09:40:55,PharmGuildAus,https://twitter.com/PharmGuildAus,https://twitter.com/i/web/status/1287171001860538368,"RT @healthgovau: Taking care of your mental health and wellbeing is important, especially during this time. Beyond Blue has a dedicated Cor…",,
wellbeing,2020-07-25 22:30:48,Monica_Farrow,https://twitter.com/Monica_Farrow,https://twitter.com/i/web/status/1287002361337012224,"RT @healthgovau: Taking care of your mental health and wellbeing is important, especially during this time. Beyond Blue has a dedicated Cor…",,
wellbeing,2020-07-26 12:22:14,ColettaFrank,https://twitter.com/ColettaFrank,https://twitter.com/i/web/status/1287211597945925635,"RT @healthgovau: Taking care of your mental health and wellbeing is important, especially during this time. Beyond Blue has a dedicated Cor…",,
wellbeing,2020-07-25 20:34:35,murphykj1,https://twitter.com/murphykj1,https://twitter.com/i/web/status/1286973112806854656,"RT @healthgovau: Taking care of your mental health and wellbeing is important, especially during this time. Beyond Blue has a dedicated Cor…",,
wellbeing,2020-07-25 22:23:35,auparamedprac,https://twitter.com/auparamedprac,https://twitter.com/i/web/status/1287000544649736192,"RT @healthgovau: Taking care of your mental health and wellbeing is important, especially during this time. Beyond Blue has a dedicated Cor…",,
wellbeing,2020-07-26 11:56:26,MJA_Editor,https://twitter.com/MJA_Editor,https://twitter.com/i/web/status/1287205105062707200,"RT @healthgovau: Taking care of your mental health and wellbeing is important, especially during this time. Beyond Blue has a dedicated Cor…",,
wellbeing,2020-07-28 20:21:52,mindfullmedic,https://twitter.com/mindfullmedic,https://twitter.com/i/web/status/1288057074136412163,"RT @KarenGaunson: Early &amp; sustained preparation re healthcare worker wellbeing created resources, peer networks &amp; pathways to mental health…",,
designate,2020-07-22 18:54:24,amycentaine,https://twitter.com/amycentaine,https://twitter.com/i/web/status/1285860735000559620,RT @totallypeachy_: some good news for your timeline: today the national suicide prevention line was approved to have a designated 3 digit…,,
designate,2020-07-22 10:45:29,aliyannago,https://twitter.com/aliyannago,https://twitter.com/i/web/status/1285737695629565952,RT @totallypeachy_: some good news for your timeline: today the national suicide prevention line was approved to have a designated 3 digit…,,
designate,2020-07-22 11:10:56,Syd_vicious9,https://twitter.com/Syd_vicious9,https://twitter.com/i/web/status/1285744100872990723,RT @totallypeachy_: some good news for your timeline: today the national suicide prevention line was approved to have a designated 3 digit…,,
designate,2020-07-22 05:44:06,nevaehlyyy,https://twitter.com/nevaehlyyy,https://twitter.com/i/web/status/1285661850563223554,RT @totallypeachy_: some good news for your timeline: today the national suicide prevention line was approved to have a designated 3 digit…,,
designate,2020-07-22 00:45:18,abbyswanj,https://twitter.com/abbyswanj,https://twitter.com/i/web/status/1285586655081041921,RT @totallypeachy_: some good news for your timeline: today the national suicide prevention line was approved to have a designated 3 digit…,,
designate,2020-07-22 07:55:01,elsimops_,https://twitter.com/elsimops_,https://twitter.com/i/web/status/1285694798427496448,RT @totallypeachy_: some good news for your timeline: today the national suicide prevention line was approved to have a designated 3 digit…,,
designate,2020-07-25 15:14:09,VictoriaVian,https://twitter.com/VictoriaVian,https://twitter.com/i/web/status/1286892472635990017,RT @totallypeachy_: some good news for your timeline: today the national suicide prevention line was approved to have a designated 3 digit…,,
designate,2020-07-23 02:31:27,Nethmi__P,https://twitter.com/Nethmi__P,https://twitter.com/i/web/status/1285975758133837824,RT @totallypeachy_: some good news for your timeline: today the national suicide prevention line was approved to have a designated 3 digit…,,
designate,2020-07-23 12:06:46,yourfrienddana,https://twitter.com/yourfrienddana,https://twitter.com/i/web/status/1286120541712027648,RT @totallypeachy_: some good news for your timeline: today the national suicide prevention line was approved to have a designated 3 digit…,,
designate,2020-07-24 03:58:15,VeeVeeRomanoff,https://twitter.com/VeeVeeRomanoff,https://twitter.com/i/web/status/1286359989817352194,RT @totallypeachy_: some good news for your timeline: today the national suicide prevention line was approved to have a designated 3 digit…,,
point,2020-07-22 22:58:37,ochreblue,https://twitter.com/ochreblue,https://twitter.com/i/web/status/1285922196863324162,RT @oshergunsberg: It's probably pertinent to point out that everyone on the show has full access to mental health professionals as well as…,,
point,2020-07-22 19:48:12,bridgetdowneyy,https://twitter.com/bridgetdowneyy,https://twitter.com/i/web/status/1285874276956950528,RT @oshergunsberg: It's probably pertinent to point out that everyone on the show has full access to mental health professionals as well as…,,
point,2020-07-22 19:58:15,xander85,https://twitter.com/xander85,https://twitter.com/i/web/status/1285876805312737281,RT @oshergunsberg: It's probably pertinent to point out that everyone on the show has full access to mental health professionals as well as…,,
point,2020-07-22 19:56:21,Joonieverse,https://twitter.com/Joonieverse,https://twitter.com/i/web/status/1285876328500097030,RT @oshergunsberg: It's probably pertinent to point out that everyone on the show has full access to mental health professionals as well as…,,
point,2020-07-22 19:53:05,iamatboy,https://twitter.com/iamatboy,https://twitter.com/i/web/status/1285875504348721153,RT @oshergunsberg: It's probably pertinent to point out that everyone on the show has full access to mental health professionals as well as…,,
point,2020-07-23 13:27:58,kejr_,https://twitter.com/kejr_,https://twitter.com/i/web/status/1286140974129766400,RT @oshergunsberg: It's probably pertinent to point out that everyone on the show has full access to mental health professionals as well as…,,
dedicate,2020-07-25 23:20:54,TrevorLithgow,https://twitter.com/TrevorLithgow,https://twitter.com/i/web/status/1287014966499844096,"RT @healthgovau: Taking care of your mental health and wellbeing is important, especially during this time. Beyond Blue has a dedicated Cor…",,
dedicate,2020-07-26 17:39:33,Tahnee_Bridson,https://twitter.com/Tahnee_Bridson,https://twitter.com/i/web/status/1287291452519616513,"RT @healthgovau: Taking care of your mental health and wellbeing is important, especially during this time. Beyond Blue has a dedicated Cor…",,
dedicate,2020-07-26 09:40:55,PharmGuildAus,https://twitter.com/PharmGuildAus,https://twitter.com/i/web/status/1287171001860538368,"RT @healthgovau: Taking care of your mental health and wellbeing is important, especially during this time. Beyond Blue has a dedicated Cor…",,
dedicate,2020-07-25 22:30:48,Monica_Farrow,https://twitter.com/Monica_Farrow,https://twitter.com/i/web/status/1287002361337012224,"RT @healthgovau: Taking care of your mental health and wellbeing is important, especially during this time. Beyond Blue has a dedicated Cor…",,
dedicate,2020-07-26 12:22:14,ColettaFrank,https://twitter.com/ColettaFrank,https://twitter.com/i/web/status/1287211597945925635,"RT @healthgovau: Taking care of your mental health and wellbeing is important, especially during this time. Beyond Blue has a dedicated Cor…",,
dedicate,2020-07-25 20:34:35,murphykj1,https://twitter.com/murphykj1,https://twitter.com/i/web/status/1286973112806854656,"RT @healthgovau: Taking care of your mental health and wellbeing is important, especially during this time. Beyond Blue has a dedicated Cor…",,
dedicate,2020-07-25 22:23:35,auparamedprac,https://twitter.com/auparamedprac,https://twitter.com/i/web/status/1287000544649736192,"RT @healthgovau: Taking care of your mental health and wellbeing is important, especially during this time. Beyond Blue has a dedicated Cor…",,
dedicate,2020-07-26 11:56:26,MJA_Editor,https://twitter.com/MJA_Editor,https://twitter.com/i/web/status/1287205105062707200,"RT @healthgovau: Taking care of your mental health and wellbeing is important, especially during this time. Beyond Blue has a dedicated Cor…",,
talking,2020-07-22 14:01:23,_sallyroberts,https://twitter.com/_sallyroberts,https://twitter.com/i/web/status/1285786997643042824,RT @danielaritorto: We've honestly come so far in talking about mental health but I'm still in awe of the bravery of Phoebe and TJ who spok…,,
talking,2020-07-22 14:00:44,KerryAnnSmith1,https://twitter.com/KerryAnnSmith1,https://twitter.com/i/web/status/1285786831863205889,RT @danielaritorto: We've honestly come so far in talking about mental health but I'm still in awe of the bravery of Phoebe and TJ who spok…,,
talking,2020-07-22 12:16:53,danielaritorto,https://twitter.com/danielaritorto,https://twitter.com/i/web/status/1285760698874687489,"We've honestly come so far in talking about mental health but I'm still in awe of the bravery of Phoebe and TJ who spoke so openly to me about experiencing eating disorders as young migrants, cultural barriers &amp; how they're helping others 🙏 @Bfoundation https://t.co/K89BXjQeZE",,
talking,2020-07-22 14:10:07,SophieClare1103,https://twitter.com/SophieClare1103,https://twitter.com/i/web/status/1285789192845316101,RT @danielaritorto: We've honestly come so far in talking about mental health but I'm still in awe of the bravery of Phoebe and TJ who spok…,,
talking,2020-07-23 04:16:59,FewingsBj,https://twitter.com/FewingsBj,https://twitter.com/i/web/status/1286002314705162240,RT @danielaritorto: We've honestly come so far in talking about mental health but I'm still in awe of the bravery of Phoebe and TJ who spok…,,
talking,2020-07-23 09:02:26,gavin_hazel,https://twitter.com/gavin_hazel,https://twitter.com/i/web/status/1286074151992664064,RT @danielaritorto: We've honestly come so far in talking about mental health but I'm still in awe of the bravery of Phoebe and TJ who spok…,,
take,2020-07-24 16:01:54,ChristinaZhou44,https://twitter.com/ChristinaZhou44,https://twitter.com/i/web/status/1286542102273302528,"RT @taliaualiitia: These are trying times but, for Māori or Pacific men they're brought up to be the providers - it takes a lot of bravery…",,
take,2020-07-25 09:00:57,VisibleFarmer,https://twitter.com/VisibleFarmer,https://twitter.com/i/web/status/1286798555248619520,"Every day in Australia 6 men + 2 women take their own lives.  Rural regions fare the worst.  @RUboggedmate helps rural men to 'unload their shit bucket before it overflows', in bloke talk.  All hats off to founder @spraydriftgirl 🤠 🙏👏  https://t.co/K7uJpsSIgZ  #VisibleFarmer https://t.co/FUDmUHQGqk",VisibleFarmer,VisibleFarmer
take,2020-07-24 07:44:53,erinahandley,https://twitter.com/erinahandley,https://twitter.com/i/web/status/1286417022138454016,"RT @taliaualiitia: These are trying times but, for Māori or Pacific men they're brought up to be the providers - it takes a lot of bravery…",,
take,2020-07-24 08:45:14,erwin_renaldi,https://twitter.com/erwin_renaldi,https://twitter.com/i/web/status/1286432209843281921,"RT @taliaualiitia: These are trying times but, for Māori or Pacific men they're brought up to be the providers - it takes a lot of bravery…",,
take,2020-07-24 08:51:15,analispolitik,https://twitter.com/analispolitik,https://twitter.com/i/web/status/1286433724981075970,"RT @taliaualiitia: These are trying times but, for Māori or Pacific men they're brought up to be the providers - it takes a lot of bravery…",,
take,2020-07-24 07:24:28,RJ_Howes,https://twitter.com/RJ_Howes,https://twitter.com/i/web/status/1286411883604402176,"RT @taliaualiitia: These are trying times but, for Māori or Pacific men they're brought up to be the providers - it takes a lot of bravery…",,
take,2020-07-23 16:40:17,CareSearch,https://twitter.com/CareSearch,https://twitter.com/i/web/status/1286189372291907584,"RT @healthgovau: No matter how #COVID19 has affected you, adjusting to the changes can take some time. Keep track of how you are feeling an…",COVID19,COVID19
take,2020-07-26 12:17:36,DrRimmer,https://twitter.com/DrRimmer,https://twitter.com/i/web/status/1287210428397846528,"RT @healthgovau: No matter how #COVID19 has affected you, adjusting to the changes can take some time. Keep track of how you are feeling an…",COVID19,COVID19
take,2020-07-25 23:40:15,jaquix173,https://twitter.com/jaquix173,https://twitter.com/i/web/status/1287019836669739014,RT @RedFiddler: I actually thought i needed to take super strong anti-anxiety medication because I couldn't cope with life... Turns out I j…,,
take,2020-07-25 18:40:18,jazzbby91,https://twitter.com/jazzbby91,https://twitter.com/i/web/status/1286944353202528256,@ruthryan @nirvans_ @ausgov @ScottMorrisonMP @AusBorderForce Don’t be scared to take them!!! I was on anti anxiety meds for 3 years and recently tapered off (great timing!) and they can definitely be a helpful tool!!! Gotta take care of ourselves so we’re well when we can get to our partners 🥺❤️❤️❤️,,
pacific,2020-07-24 16:01:54,ChristinaZhou44,https://twitter.com/ChristinaZhou44,https://twitter.com/i/web/status/1286542102273302528,"RT @taliaualiitia: These are trying times but, for Māori or Pacific men they're brought up to be the providers - it takes a lot of bravery…",,
pacific,2020-07-24 07:44:53,erinahandley,https://twitter.com/erinahandley,https://twitter.com/i/web/status/1286417022138454016,"RT @taliaualiitia: These are trying times but, for Māori or Pacific men they're brought up to be the providers - it takes a lot of bravery…",,
pacific,2020-07-24 08:45:14,erwin_renaldi,https://twitter.com/erwin_renaldi,https://twitter.com/i/web/status/1286432209843281921,"RT @taliaualiitia: These are trying times but, for Māori or Pacific men they're brought up to be the providers - it takes a lot of bravery…",,
pacific,2020-07-24 08:51:15,analispolitik,https://twitter.com/analispolitik,https://twitter.com/i/web/status/1286433724981075970,"RT @taliaualiitia: These are trying times but, for Māori or Pacific men they're brought up to be the providers - it takes a lot of bravery…",,
pacific,2020-07-24 07:24:28,RJ_Howes,https://twitter.com/RJ_Howes,https://twitter.com/i/web/status/1286411883604402176,"RT @taliaualiitia: These are trying times but, for Māori or Pacific men they're brought up to be the providers - it takes a lot of bravery…",,
ongoing,2020-07-24 21:29:48,whatnowau,https://twitter.com/whatnowau,https://twitter.com/i/web/status/1286624618426462209,"RT @healthgovau: If you’re experiencing ongoing #mentalhealth difficulties, it’s okay to speak-up and seek help. #HeadtoHealth can help you…",HeadtoHealth,mentalhealth
ongoing,2020-07-24 19:54:01,MontanePS,https://twitter.com/MontanePS,https://twitter.com/i/web/status/1286600515615256576,"RT @healthgovau: If you’re experiencing ongoing #mentalhealth difficulties, it’s okay to speak-up and seek help. #HeadtoHealth can help you…",HeadtoHealth,mentalhealth
ongoing,2020-07-25 12:16:04,RJ_Howes,https://twitter.com/RJ_Howes,https://twitter.com/i/web/status/1286847657487372289,"RT @healthgovau: If you’re experiencing ongoing #mentalhealth difficulties, it’s okay to speak-up and seek help. #HeadtoHealth can help you…",HeadtoHealth,mentalhealth
ongoing,2020-07-25 01:42:24,Sibatul_Ain_Mir,https://twitter.com/Sibatul_Ain_Mir,https://twitter.com/i/web/status/1286688188061200385,"RT @healthgovau: If you’re experiencing ongoing #mentalhealth difficulties, it’s okay to speak-up and seek help. #HeadtoHealth can help you…",HeadtoHealth,mentalhealth
access,2020-07-22 22:58:37,ochreblue,https://twitter.com/ochreblue,https://twitter.com/i/web/status/1285922196863324162,RT @oshergunsberg: It's probably pertinent to point out that everyone on the show has full access to mental health professionals as well as…,,
access,2020-07-22 19:48:12,bridgetdowneyy,https://twitter.com/bridgetdowneyy,https://twitter.com/i/web/status/1285874276956950528,RT @oshergunsberg: It's probably pertinent to point out that everyone on the show has full access to mental health professionals as well as…,,
access,2020-07-22 19:58:15,xander85,https://twitter.com/xander85,https://twitter.com/i/web/status/1285876805312737281,RT @oshergunsberg: It's probably pertinent to point out that everyone on the show has full access to mental health professionals as well as…,,
access,2020-07-22 19:56:21,Joonieverse,https://twitter.com/Joonieverse,https://twitter.com/i/web/status/1285876328500097030,RT @oshergunsberg: It's probably pertinent to point out that everyone on the show has full access to mental health professionals as well as…,,
access,2020-07-22 19:53:05,iamatboy,https://twitter.com/iamatboy,https://twitter.com/i/web/status/1285875504348721153,RT @oshergunsberg: It's probably pertinent to point out that everyone on the show has full access to mental health professionals as well as…,,
access,2020-07-24 19:10:09,LD_Australia,https://twitter.com/LD_Australia,https://twitter.com/i/web/status/1286589476597243905,"RT @PamelaSnow2: The language, literacy &amp; mental health profiles of adolescents in out-of-home care: An Australian sample. New #OpenAccess…",OpenAccess,OpenAccess
access,2020-07-24 17:37:27,DaveismOfficial,https://twitter.com/DaveismOfficial,https://twitter.com/i/web/status/1286566149627326470,RT @gippslandphn: Young people in the Wellington community can now access specialised mental health support services online or by telephone…,,
access,2020-07-23 13:27:58,kejr_,https://twitter.com/kejr_,https://twitter.com/i/web/status/1286140974129766400,RT @oshergunsberg: It's probably pertinent to point out that everyone on the show has full access to mental health professionals as well as…,,
access,2020-07-24 17:38:08,GippslandTimes,https://twitter.com/GippslandTimes,https://twitter.com/i/web/status/1286566317873479682,RT @gippslandphn: Young people in the Wellington community can now access specialised mental health support services online or by telephone…,,
access,2020-07-24 12:50:05,gippslandphn,https://twitter.com/gippslandphn,https://twitter.com/i/web/status/1286493830129352714,"Young people in the Wellington community can now access specialised mental health support services online or by telephone, through a new headspace satellite in Sale. Find at more at https://t.co/HbQLLVSQ3e #stronglocalcapability #accessforeveryone #mentalhealth @headspace_aus https://t.co/3C06mD2z5B",accessforeveryone,stronglocalcapability
support,2020-07-22 16:00:01,CathNews,https://twitter.com/CathNews,https://twitter.com/i/web/status/1285816850094239746,"Grants of up to $20,000 are now available to not-for-profit organisations throughout rural, regional and remote Australia to support projects that improve and strengthen the mental health of their communities.   https://t.co/6DRQW6p6yx via CCI Giving, @FRRR_Oz https://t.co/anglfHdC82",,
support,2020-07-22 21:01:29,wphawksjfc,https://twitter.com/wphawksjfc,https://twitter.com/i/web/status/1285892719030624256,RT @MonashCouncil: We're excited to announce that @headspace_aus will open in Monash in Oct to support our young people's mental health. Th…,,
support,2020-07-22 16:21:00,MonashCouncil,https://twitter.com/MonashCouncil,https://twitter.com/i/web/status/1285822132577017857,"We're excited to announce that @headspace_aus will open in Monash in Oct to support our young people's mental health. There’s been a lot of advocacy for this from our Monash Youth Committee, Monash Youth Services, Mayors past &amp; present, families &amp; schools https://t.co/Nw1dkkMzNk",,
support,2020-07-22 17:01:54,cracksintheice,https://twitter.com/cracksintheice,https://twitter.com/i/web/status/1285832426007273472,"Do you, or someone you know, provide support for someone living with depression and/or anxiety? The #MindsTogether team @EverymindAU would like to hear from you. Find out more via https://t.co/vkMY2KOzid and register your interest here: https://t.co/0UwReavC6g https://t.co/aeULb6fva4",MindsTogether,MindsTogether
support,2020-07-27 13:33:34,calltomindpsych,https://twitter.com/calltomindpsych,https://twitter.com/i/web/status/1287591935532601345,"@abcnews shares obstacles faced by some communities in seeking mental health support. Our psychs come from a range of backgrounds, provide culturally-appropriate care &amp; acknowledge diversities + unique mental health challenges faced by various communities. https://t.co/K30gfCNO2g",,
support,2020-07-24 17:37:27,DaveismOfficial,https://twitter.com/DaveismOfficial,https://twitter.com/i/web/status/1286566149627326470,RT @gippslandphn: Young people in the Wellington community can now access specialised mental health support services online or by telephone…,,
support,2020-07-24 11:15:04,NDSS_AUS,https://twitter.com/NDSS_AUS,https://twitter.com/i/web/status/1286469916128944128,"Happy Stress Down Day! #StressDownDay Find a way to stress down today.  Need some support? Call Lifeline 13 11 14, or  NDSS Helpline 1800 637 to speak to  a diabetes health professional. We have a range of emotional fact sheets to help you. Find them here: https://t.co/RJ5JQZzTkt https://t.co/Iet2AEcxY8",StressDownDay,StressDownDay
support,2020-07-24 17:38:08,GippslandTimes,https://twitter.com/GippslandTimes,https://twitter.com/i/web/status/1286566317873479682,RT @gippslandphn: Young people in the Wellington community can now access specialised mental health support services online or by telephone…,,
support,2020-07-24 12:50:05,gippslandphn,https://twitter.com/gippslandphn,https://twitter.com/i/web/status/1286493830129352714,"Young people in the Wellington community can now access specialised mental health support services online or by telephone, through a new headspace satellite in Sale. Find at more at https://t.co/HbQLLVSQ3e #stronglocalcapability #accessforeveryone #mentalhealth @headspace_aus https://t.co/3C06mD2z5B",accessforeveryone,stronglocalcapability
doctor,2020-07-22 02:18:31,budgetbuscharte,https://twitter.com/budgetbuscharte,https://twitter.com/i/web/status/1285610114960023555,RT @lonelyplanet: You can see a plague doctor’s outfit from the 17th century https://t.co/fSC4BiAoP7,,
doctor,2020-07-23 11:54:40,spirit_of_aus,https://twitter.com/spirit_of_aus,https://twitter.com/i/web/status/1286117494919372800,"@klr_12 Yeah. Some doctors are just not great at dealing with mental health, but you did so good to reach out for help! Maybe ask around in your area and see if there are any doctors that people have had good mental health experiences with?",,
speak-up,2020-07-24 21:29:48,whatnowau,https://twitter.com/whatnowau,https://twitter.com/i/web/status/1286624618426462209,"RT @healthgovau: If you’re experiencing ongoing #mentalhealth difficulties, it’s okay to speak-up and seek help. #HeadtoHealth can help you…",HeadtoHealth,mentalhealth
speak-up,2020-07-24 19:54:01,MontanePS,https://twitter.com/MontanePS,https://twitter.com/i/web/status/1286600515615256576,"RT @healthgovau: If you’re experiencing ongoing #mentalhealth difficulties, it’s okay to speak-up and seek help. #HeadtoHealth can help you…",HeadtoHealth,mentalhealth
speak-up,2020-07-25 12:16:04,RJ_Howes,https://twitter.com/RJ_Howes,https://twitter.com/i/web/status/1286847657487372289,"RT @healthgovau: If you’re experiencing ongoing #mentalhealth difficulties, it’s okay to speak-up and seek help. #HeadtoHealth can help you…",HeadtoHealth,mentalhealth
speak-up,2020-07-25 01:42:24,Sibatul_Ain_Mir,https://twitter.com/Sibatul_Ain_Mir,https://twitter.com/i/web/status/1286688188061200385,"RT @healthgovau: If you’re experiencing ongoing #mentalhealth difficulties, it’s okay to speak-up and seek help. #HeadtoHealth can help you…",HeadtoHealth,mentalhealth
taking,2020-07-24 17:53:03,headspace_aus,https://twitter.com/headspace_aus,https://twitter.com/i/web/status/1286570073893638145,"Today is International Self-Care Day! We’ve created an AR filter called ‘self-care’ on Instagram to inspire some self-care activities.  Self-care is different for all of us, but taking time to care for yourself will go a long way towards improving your mental health. https://t.co/RXSbmtXlXb",,
taking,2020-07-25 23:20:54,TrevorLithgow,https://twitter.com/TrevorLithgow,https://twitter.com/i/web/status/1287014966499844096,"RT @healthgovau: Taking care of your mental health and wellbeing is important, especially during this time. Beyond Blue has a dedicated Cor…",,
taking,2020-07-26 17:39:33,Tahnee_Bridson,https://twitter.com/Tahnee_Bridson,https://twitter.com/i/web/status/1287291452519616513,"RT @healthgovau: Taking care of your mental health and wellbeing is important, especially during this time. Beyond Blue has a dedicated Cor…",,
taking,2020-07-26 09:40:55,PharmGuildAus,https://twitter.com/PharmGuildAus,https://twitter.com/i/web/status/1287171001860538368,"RT @healthgovau: Taking care of your mental health and wellbeing is important, especially during this time. Beyond Blue has a dedicated Cor…",,
taking,2020-07-25 22:30:48,Monica_Farrow,https://twitter.com/Monica_Farrow,https://twitter.com/i/web/status/1287002361337012224,"RT @healthgovau: Taking care of your mental health and wellbeing is important, especially during this time. Beyond Blue has a dedicated Cor…",,
taking,2020-07-26 12:22:14,ColettaFrank,https://twitter.com/ColettaFrank,https://twitter.com/i/web/status/1287211597945925635,"RT @healthgovau: Taking care of your mental health and wellbeing is important, especially during this time. Beyond Blue has a dedicated Cor…",,
taking,2020-07-25 20:34:35,murphykj1,https://twitter.com/murphykj1,https://twitter.com/i/web/status/1286973112806854656,"RT @healthgovau: Taking care of your mental health and wellbeing is important, especially during this time. Beyond Blue has a dedicated Cor…",,
taking,2020-07-25 22:23:35,auparamedprac,https://twitter.com/auparamedprac,https://twitter.com/i/web/status/1287000544649736192,"RT @healthgovau: Taking care of your mental health and wellbeing is important, especially during this time. Beyond Blue has a dedicated Cor…",,
taking,2020-07-26 11:56:26,MJA_Editor,https://twitter.com/MJA_Editor,https://twitter.com/i/web/status/1287205105062707200,"RT @healthgovau: Taking care of your mental health and wellbeing is important, especially during this time. Beyond Blue has a dedicated Cor…",,
active,2020-07-27 12:52:36,LivelifePT_SYD,https://twitter.com/LivelifePT_SYD,https://twitter.com/i/web/status/1287581626197635072,RT @healthgovau: Being active makes a big difference to your physical and mental health. Find a daily activity that works for you. For idea…,,
active,2020-07-27 12:50:34,ausgov,https://twitter.com/ausgov,https://twitter.com/i/web/status/1287581115138453504,RT @healthgovau: Being active makes a big difference to your physical and mental health. Find a daily activity that works for you. For idea…,,
active,2020-07-27 12:39:23,DiabetesAus,https://twitter.com/DiabetesAus,https://twitter.com/i/web/status/1287578301393801217,RT @healthgovau: Being active makes a big difference to your physical and mental health. Find a daily activity that works for you. For idea…,,
active,2020-07-27 13:23:23,SA_MFS,https://twitter.com/SA_MFS,https://twitter.com/i/web/status/1287589372166987777,RT @healthgovau: Being active makes a big difference to your physical and mental health. Find a daily activity that works for you. For idea…,,
active,2020-07-27 16:08:59,CityofAdelaide,https://twitter.com/CityofAdelaide,https://twitter.com/i/web/status/1287631049279901696,RT @healthgovau: Being active makes a big difference to your physical and mental health. Find a daily activity that works for you. For idea…,,
active,2020-07-28 22:21:13,italiancutie82,https://twitter.com/italiancutie82,https://twitter.com/i/web/status/1288087112667893761,RT @healthgovau: Being active makes a big difference to your physical and mental health. Find a daily activity that works for you. For idea…,,
active,2020-07-27 12:41:49,QldAmbulance,https://twitter.com/QldAmbulance,https://twitter.com/i/web/status/1287578913539948544,RT @healthgovau: Being active makes a big difference to your physical and mental health. Find a daily activity that works for you. For idea…,,
active,2020-07-28 11:57:38,GaryWeingarten,https://twitter.com/GaryWeingarten,https://twitter.com/i/web/status/1287930181395587073,RT @healthgovau: Being active makes a big difference to your physical and mental health. Find a daily activity that works for you. For idea…,,
active,2020-07-28 07:10:13,Sportiest_Spice,https://twitter.com/Sportiest_Spice,https://twitter.com/i/web/status/1287857850463580160,RT @healthgovau: Being active makes a big difference to your physical and mental health. Find a daily activity that works for you. For idea…,,
active,2020-07-27 12:53:02,SA_SES,https://twitter.com/SA_SES,https://twitter.com/i/web/status/1287581735656411136,RT @healthgovau: Being active makes a big difference to your physical and mental health. Find a daily activity that works for you. For idea…,,
thought,2020-07-25 23:40:15,jaquix173,https://twitter.com/jaquix173,https://twitter.com/i/web/status/1287019836669739014,RT @RedFiddler: I actually thought i needed to take super strong anti-anxiety medication because I couldn't cope with life... Turns out I j…,,
thought,2020-07-26 07:47:41,rubin_angela,https://twitter.com/rubin_angela,https://twitter.com/i/web/status/1287142505700458496,RT @RedFiddler: I actually thought i needed to take super strong anti-anxiety medication because I couldn't cope with life... Turns out I j…,,
thought,2020-07-25 19:22:21,Magpie1954nBird,https://twitter.com/Magpie1954nBird,https://twitter.com/i/web/status/1286954934382899200,RT @RedFiddler: I actually thought i needed to take super strong anti-anxiety medication because I couldn't cope with life... Turns out I j…,,
super,2020-07-25 23:40:15,jaquix173,https://twitter.com/jaquix173,https://twitter.com/i/web/status/1287019836669739014,RT @RedFiddler: I actually thought i needed to take super strong anti-anxiety medication because I couldn't cope with life... Turns out I j…,,
super,2020-07-26 07:47:41,rubin_angela,https://twitter.com/rubin_angela,https://twitter.com/i/web/status/1287142505700458496,RT @RedFiddler: I actually thought i needed to take super strong anti-anxiety medication because I couldn't cope with life... Turns out I j…,,
super,2020-07-25 19:22:21,Magpie1954nBird,https://twitter.com/Magpie1954nBird,https://twitter.com/i/web/status/1286954934382899200,RT @RedFiddler: I actually thought i needed to take super strong anti-anxiety medication because I couldn't cope with life... Turns out I j…,,
