Topic,word1,word2,word3,word4,word5,word6,word7,word8,word9,word10
Topic 1,#mentalhealth,issue,clinic,care,australia,depression,pride,always,anxiety,people
Topic 2,lockdown,level,important,move,august,system,productive,medical,deteriorate,drain
Topic 3,session,start,enough,service,medicare,add,physical,support,victorian,announce
Topic 4,covid,anxiety,australian,change,affect,welcome,people,clinic,million,create
Topic 5,clinic,support,people,partner,increase,regional,greater,pandemic,establish,australian
