Topic,word1,word2,word3,word4,word5,word6,word7,word8,word9,word10
Topic 1,collective,lockdown,crisis,lonely,strain,anger,second,truly,take,family
Topic 2,suffer,impact,economy,social,unemployment,recession,along,anxiety,people,depression
Topic 3,economic,heart,breaking,think,airline,australia,people,family,month,relate
Topic 4,depression,family,reunite,create,#loveisnottourism,going,support,love,#letuscomehome,#lockdown
Topic 5,australian,future,citizen,distance,border,longer,mentally,physically,closure,prime
