keyword,created_at_local_time,screen_name,user_URL,tweet_URL,tweet_text,hashtag1,hashtag2
important,2020-09-14 11:57:57,ausgov,https://twitter.com/ausgov,https://twitter.com/i/web/status/1305324877654552576,RT @healthgovau: It’s important to do things that help you maintain good mental health. Take time to discover what works for you. If you ne…,,
important,2020-09-12 10:41:09,healthgovau,https://twitter.com/healthgovau,https://twitter.com/i/web/status/1304580775594131461,"The changing environment can have an impact on your mental health, so it’s important to access support when you need it. For more information, visit https://t.co/I5mXqpB6sk https://t.co/ldUzKIVBmv",,
important,2020-09-13 19:15:07,healthgovau,https://twitter.com/healthgovau,https://twitter.com/i/web/status/1305072505523253253,"It’s important to do things that help you maintain good mental health. Take time to discover what works for you. If you need mental health information and support, visit https://t.co/I5mXqpB6sk https://t.co/d353ns50d6",,
important,2020-09-14 01:56:36,SocialworkWa,https://twitter.com/SocialworkWa,https://twitter.com/i/web/status/1305173544322527232,RT @healthgovau: It’s important to do things that help you maintain good mental health. Take time to discover what works for you. If you ne…,,
important,2020-09-14 10:15:12,CityofAdelaide,https://twitter.com/CityofAdelaide,https://twitter.com/i/web/status/1305299020244561923,RT @healthgovau: It’s important to do things that help you maintain good mental health. Take time to discover what works for you. If you ne…,,
important,2020-09-14 03:21:38,Cassie638,https://twitter.com/Cassie638,https://twitter.com/i/web/status/1305194942386511878,RT @healthgovau: It’s important to do things that help you maintain good mental health. Take time to discover what works for you. If you ne…,,
important,2020-09-14 07:00:04,cheryl_catsoz,https://twitter.com/cheryl_catsoz,https://twitter.com/i/web/status/1305249914633420800,RT @healthgovau: It’s important to do things that help you maintain good mental health. Take time to discover what works for you. If you ne…,,
important,2020-09-14 09:22:35,SA_SES,https://twitter.com/SA_SES,https://twitter.com/i/web/status/1305285780579860480,RT @healthgovau: It’s important to do things that help you maintain good mental health. Take time to discover what works for you. If you ne…,,
important,2020-09-14 08:08:34,darlingdownshhs,https://twitter.com/darlingdownshhs,https://twitter.com/i/web/status/1305267152098717696,RT @healthgovau: It’s important to do things that help you maintain good mental health. Take time to discover what works for you. If you ne…,,
important,2020-09-13 11:40:08,LivingWorksAus,https://twitter.com/LivingWorksAus,https://twitter.com/i/web/status/1304958008380669952,"Whatever yr politics, important message from @NMHC @ScottMorrisonMP  Validating impacts 👉#COVID19 on mental health &amp; associated risks for #SuicidePrevention  It's not easy being in the national driving seat for these issues, glad it's a priority   Let's all be 👉 #InThisTogether https://t.co/T5Z5bGdcqz",COVID19,SuicidePrevention
additional,2020-09-14 12:33:06,InnoWellOrg,https://twitter.com/InnoWellOrg,https://twitter.com/i/web/status/1305333723504599041,"Great news from @GregHuntMP for our friends in #Melbourne. From Monday 14 September 2020, Victorians will have access to additional mental health support with 15 new dedicated mental health clinics opening to the public. https://t.co/KhG5sjZr8x",Melbourne,Melbourne
additional,2020-09-13 18:34:56,RealVaughanWAUS,https://twitter.com/RealVaughanWAUS,https://twitter.com/i/web/status/1305062394570264576,"RT @GregHuntMP: From tomorrow, Victorians will have access to additional mental health support with 15 new dedicated mental health clinics…",,
additional,2020-09-13 20:32:39,Rebecca70106641,https://twitter.com/Rebecca70106641,https://twitter.com/i/web/status/1305092020042526721,"RT @GregHuntMP: From tomorrow, Victorians will have access to additional mental health support with 15 new dedicated mental health clinics…",,
additional,2020-09-13 19:45:06,HealthVanguard,https://twitter.com/HealthVanguard,https://twitter.com/i/web/status/1305080054158819329,"RT @GregHuntMP: From tomorrow, Victorians will have access to additional mental health support with 15 new dedicated mental health clinics…",,
additional,2020-09-13 17:39:59,ODonohueMLC,https://twitter.com/ODonohueMLC,https://twitter.com/i/web/status/1305048567573176323,"RT @GregHuntMP: From tomorrow, Victorians will have access to additional mental health support with 15 new dedicated mental health clinics…",,
additional,2020-09-13 20:38:19,LeanneTogher,https://twitter.com/LeanneTogher,https://twitter.com/i/web/status/1305093447028596737,"RT @GregHuntMP: From tomorrow, Victorians will have access to additional mental health support with 15 new dedicated mental health clinics…",,
additional,2020-09-13 20:47:13,fatima_ishfaq,https://twitter.com/fatima_ishfaq,https://twitter.com/i/web/status/1305095686568861696,"RT @GregHuntMP: From tomorrow, Victorians will have access to additional mental health support with 15 new dedicated mental health clinics…",,
additional,2020-09-14 08:29:19,LiberalAus,https://twitter.com/LiberalAus,https://twitter.com/i/web/status/1305272375412363264,"RT @GregHuntMP: From tomorrow, Victorians will have access to additional mental health support with 15 new dedicated mental health clinics…",,
additional,2020-09-13 21:31:32,georgiecrozier,https://twitter.com/georgiecrozier,https://twitter.com/i/web/status/1305106836165591042,"RT @GregHuntMP: From tomorrow, Victorians will have access to additional mental health support with 15 new dedicated mental health clinics…",,
additional,2020-09-13 19:52:20,NWMHgrads,https://twitter.com/NWMHgrads,https://twitter.com/i/web/status/1305081873387778048,"RT @GregHuntMP: From tomorrow, Victorians will have access to additional mental health support with 15 new dedicated mental health clinics…",,
family,2020-09-09 09:53:28,SWSPHN,https://twitter.com/SWSPHN,https://twitter.com/i/web/status/1303481613792108544,"If you, a friend or family member are struggling - help is available. 💚 We encourage anyone who may be at risk or experiencing emotional distress to contact one of the following services in the image below.  Find out more: https://t.co/JhjWt3rTFe  #support #helpisavailable https://t.co/vqTMJe2nYk https://t.co/ML2tVGOEpP",helpisavailable,support
family,2020-09-10 16:29:38,AuDigitalHealth,https://twitter.com/AuDigitalHealth,https://twitter.com/i/web/status/1303943700473552897,"It hasn't been easy to get together with our friends &amp; family as much as we would have liked this year. Just as technology has helped keep us connected, there are also many #DigitalHealth services that can provide support when it's needed. Learn more https://t.co/P1nU7c4XmI https://t.co/g7KILfQYvB",DigitalHealth,DigitalHealth
family,2020-09-10 16:29:19,MyHealthRec,https://twitter.com/MyHealthRec,https://twitter.com/i/web/status/1303943618747531267,"It hasn't been easy to get together with our friends &amp; family as much as we would have liked this year. Just as technology has helped keep us connected, there are also many #DigitalHealth services that can provide support when it's needed. Learn more https://t.co/bB0f8EcT19 https://t.co/ktiKtNh0jZ",DigitalHealth,DigitalHealth
family,2020-09-14 18:43:54,jazzbby91,https://twitter.com/jazzbby91,https://twitter.com/i/web/status/1305427037365047298,"@BrianMitchellMP Thank you!! I hope something can be done soon for the indefinitely separated life partners &amp; families due to the borders too. My life partner is a foreigner and pretty much my only family, so it’s been a very lonely 11 months without him by my side now.",,
family,2020-09-14 21:59:04,vixx_pixx,https://twitter.com/vixx_pixx,https://twitter.com/i/web/status/1305476153725997061,I live alone. I’m now on jobseeker. I have a mental illness. I have social anxiety. I haven’t seen family in months. I was built for COVID-19. I’m thriving because I  finally have the time to look after my mental health. I feel stronger than ever. #qanda,qanda,qanda
family,2020-09-12 13:29:46,tandigi,https://twitter.com/tandigi,https://twitter.com/i/web/status/1304623209099063296,@GregHuntMP Virginian isn't speaking for all of us... The roadmap and the numbers going down have significantly eased my anxiety. My mental health has  improved dramatically as a result. Speaking to family and friends many of them feel this way too.,,
university,2020-09-15 12:48:29,natalya_beer,https://twitter.com/natalya_beer,https://twitter.com/i/web/status/1305699982847086593,RT @GroupOfEight: Improving the mental health and physical fitness of university students is the focus of a new mentor-based exercise progr…,,
university,2020-09-15 05:13:59,anasghadouani,https://twitter.com/anasghadouani,https://twitter.com/i/web/status/1305585605556854785,RT @GroupOfEight: Improving the mental health and physical fitness of university students is the focus of a new mentor-based exercise progr…,,
university,2020-09-14 12:49:48,ScienceUWA,https://twitter.com/ScienceUWA,https://twitter.com/i/web/status/1305337927854030848,RT @GroupOfEight: Improving the mental health and physical fitness of university students is the focus of a new mentor-based exercise progr…,,
university,2020-09-15 09:26:03,amandameyerphd,https://twitter.com/amandameyerphd,https://twitter.com/i/web/status/1305649038742568961,RT @GroupOfEight: Improving the mental health and physical fitness of university students is the focus of a new mentor-based exercise progr…,,
university,2020-09-14 11:50:00,GroupOfEight,https://twitter.com/GroupOfEight,https://twitter.com/i/web/status/1305322879962185728,Improving the mental health and physical fitness of university students is the focus of a new mentor-based exercise program @uwanews – believed to be the first of its kind at an Australian university. @GregHuntMP  https://t.co/ayTOGslNmJ,,
university,2020-09-09 21:43:30,ElliotCClarke_,https://twitter.com/ElliotCClarke_,https://twitter.com/i/web/status/1303660295936647169,"Dear @GregHuntMP - I participated in the funded Bipolar research at Royal Brisbane which you advocated, and noted your mother was also diagnosed. I commend you for that. Can you also extend support to all university students more generally re: mental health?",,
#covid19,2020-09-09 02:21:39,italiancutie82,https://twitter.com/italiancutie82,https://twitter.com/i/web/status/1303367909289259009,"RT @healthgovau: Thanks to all health, aged and disability care professionals – your work’s vital in the fight against #COVID19. Remember,…",COVID19,COVID19
#covid19,2020-09-09 02:25:45,italiancutie82,https://twitter.com/italiancutie82,https://twitter.com/i/web/status/1303368939217383425,"RT @healthgovau: Thanks to all health, aged and disability care professionals – you’re work’s vital in the fight against #COVID19. Remember…",COVID19,COVID19
#covid19,2020-09-10 20:01:06,RANZCP,https://twitter.com/RANZCP,https://twitter.com/i/web/status/1303996917244981248,Head to Health provides information and digital resources to help support people’s mental health and wellbeing during the #COVID19 pandemic https://t.co/7YMskhnLSu #COVID19,COVID19,COVID19
#covid19,2020-09-13 11:40:08,LivingWorksAus,https://twitter.com/LivingWorksAus,https://twitter.com/i/web/status/1304958008380669952,"Whatever yr politics, important message from @NMHC @ScottMorrisonMP  Validating impacts 👉#COVID19 on mental health &amp; associated risks for #SuicidePrevention  It's not easy being in the national driving seat for these issues, glad it's a priority   Let's all be 👉 #InThisTogether https://t.co/T5Z5bGdcqz",COVID19,SuicidePrevention
#covid19,2020-09-12 15:45:36,jo_manski,https://twitter.com/jo_manski,https://twitter.com/i/web/status/1304657394257915910,RT @VictoriaJPalmer: Primary care models are critical to managing #Covid19 we're celebrating the support of GPs &amp; partners to provide a pat…,Covid19,Covid19
#covid19,2020-09-10 09:05:02,EasternMelbPHN,https://twitter.com/EasternMelbPHN,https://twitter.com/i/web/status/1303831811852824577,"The #COVID19 pandemic has caused many people to experience high levels of anxiety and worry. This #RUOK day, we want to remind GPs #HealthPathwaysMelb has evidence-based pathways available for COVID-19 Mental Health support. https://t.co/BkjFmveWeH #mentalhealth #talk https://t.co/66N1zlzaOf",COVID19,talk
#covid19,2020-09-12 22:15:57,rmc1956,https://twitter.com/rmc1956,https://twitter.com/i/web/status/1304755628749942785,RT @VictoriaJPalmer: Primary care models are critical to managing #Covid19 we're celebrating the support of GPs &amp; partners to provide a pat…,Covid19,Covid19
#covid19,2020-09-12 09:32:28,VictoriaJPalmer,https://twitter.com/VictoriaJPalmer,https://twitter.com/i/web/status/1304563489902452736,Primary care models are critical to managing #Covid19 we're celebrating the support of GPs &amp; partners to provide a patient-driven solution for self-monitoring of physical-mental health during isolation and quarantine @DanielAndrewsMP @VictorianCHO @healthgovau @DrTedros https://t.co/Wkf1vN5wp4,Covid19,Covid19
access,2020-09-12 10:41:09,healthgovau,https://twitter.com/healthgovau,https://twitter.com/i/web/status/1304580775594131461,"The changing environment can have an impact on your mental health, so it’s important to access support when you need it. For more information, visit https://t.co/I5mXqpB6sk https://t.co/ldUzKIVBmv",,
access,2020-09-14 12:33:06,InnoWellOrg,https://twitter.com/InnoWellOrg,https://twitter.com/i/web/status/1305333723504599041,"Great news from @GregHuntMP for our friends in #Melbourne. From Monday 14 September 2020, Victorians will have access to additional mental health support with 15 new dedicated mental health clinics opening to the public. https://t.co/KhG5sjZr8x",Melbourne,Melbourne
access,2020-09-13 18:34:56,RealVaughanWAUS,https://twitter.com/RealVaughanWAUS,https://twitter.com/i/web/status/1305062394570264576,"RT @GregHuntMP: From tomorrow, Victorians will have access to additional mental health support with 15 new dedicated mental health clinics…",,
access,2020-09-13 20:32:39,Rebecca70106641,https://twitter.com/Rebecca70106641,https://twitter.com/i/web/status/1305092020042526721,"RT @GregHuntMP: From tomorrow, Victorians will have access to additional mental health support with 15 new dedicated mental health clinics…",,
access,2020-09-13 19:45:06,HealthVanguard,https://twitter.com/HealthVanguard,https://twitter.com/i/web/status/1305080054158819329,"RT @GregHuntMP: From tomorrow, Victorians will have access to additional mental health support with 15 new dedicated mental health clinics…",,
access,2020-09-13 17:39:59,ODonohueMLC,https://twitter.com/ODonohueMLC,https://twitter.com/i/web/status/1305048567573176323,"RT @GregHuntMP: From tomorrow, Victorians will have access to additional mental health support with 15 new dedicated mental health clinics…",,
access,2020-09-13 20:38:19,LeanneTogher,https://twitter.com/LeanneTogher,https://twitter.com/i/web/status/1305093447028596737,"RT @GregHuntMP: From tomorrow, Victorians will have access to additional mental health support with 15 new dedicated mental health clinics…",,
access,2020-09-13 20:47:13,fatima_ishfaq,https://twitter.com/fatima_ishfaq,https://twitter.com/i/web/status/1305095686568861696,"RT @GregHuntMP: From tomorrow, Victorians will have access to additional mental health support with 15 new dedicated mental health clinics…",,
access,2020-09-09 19:18:17,MelissaGijsbers,https://twitter.com/MelissaGijsbers,https://twitter.com/i/web/status/1303623752299675648,@SenatorSiewert @GregHuntMP Oh no! My son has been able to access a mental health specialist for chronic pain via telehealth that we wouldn't have access to as we're in a rural area. Telehealth is one thing we have loved about lockdown as we can get the health support we need without driving 2 hrs each way,,
access,2020-09-14 08:29:19,LiberalAus,https://twitter.com/LiberalAus,https://twitter.com/i/web/status/1305272375412363264,"RT @GregHuntMP: From tomorrow, Victorians will have access to additional mental health support with 15 new dedicated mental health clinics…",,
advice,2020-09-13 13:43:54,JoRobinson_Aus,https://twitter.com/JoRobinson_Aus,https://twitter.com/i/web/status/1304989152820080640,"RT @NWMelbPHN: from 8.30am mon you can call 1800 595 212 for advice, referral and wraparound care if  you are struggling with the impact of…",,
advice,2020-09-14 11:26:42,stuartrobertmp,https://twitter.com/stuartrobertmp,https://twitter.com/i/web/status/1305317014815211520,"We have a plan to manage COVID-19 that gets the balance right between protecting our health (both physical and mental) and the economy. @ScottMorrisonMP plan: consistent, fair hotspot definitions based on the advice of Aus's top health officials – AHPPC.  https://t.co/PMTXN6krgF",,
advice,2020-09-13 17:54:01,ProposchA,https://twitter.com/ProposchA,https://twitter.com/i/web/status/1305052096798969856,"RT @NWMelbPHN: from 8.30am mon you can call 1800 595 212 for advice, referral and wraparound care if  you are struggling with the impact of…",,
advice,2020-09-13 13:41:22,NWMelbPHN,https://twitter.com/NWMelbPHN,https://twitter.com/i/web/status/1304988517672476673,"from 8.30am mon you can call 1800 595 212 for advice, referral and wraparound care if  you are struggling with the impact of #COVID-19. you may be referred to one of 15 new HeadtoHelp mental health hubs  ⁦@GregHuntMP⁩ #ItsOkayToNotBeOkay  https://t.co/rJihSss6qe",COVID,ItsOkayToNotBeOkay
advice,2020-09-13 17:04:13,PatMcGorry,https://twitter.com/PatMcGorry,https://twitter.com/i/web/status/1305039565497925633,"RT @NWMelbPHN: from 8.30am mon you can call 1800 595 212 for advice, referral and wraparound care if  you are struggling with the impact of…",,
advice,2020-09-13 14:51:34,Dpeters1977,https://twitter.com/Dpeters1977,https://twitter.com/i/web/status/1305006182990360577,"RT @NWMelbPHN: from 8.30am mon you can call 1800 595 212 for advice, referral and wraparound care if  you are struggling with the impact of…",,
advice,2020-09-14 10:30:01,HW_Partnership,https://twitter.com/HW_Partnership,https://twitter.com/i/web/status/1305302749127426048,"RT @NWMelbPHN: from 8.30am mon you can call 1800 595 212 for advice, referral and wraparound care if  you are struggling with the impact of…",,
pandemic,2020-09-10 20:01:06,RANZCP,https://twitter.com/RANZCP,https://twitter.com/i/web/status/1303996917244981248,Head to Health provides information and digital resources to help support people’s mental health and wellbeing during the #COVID19 pandemic https://t.co/7YMskhnLSu #COVID19,COVID19,COVID19
pandemic,2020-09-13 19:19:39,7NewsSydney,https://twitter.com/7NewsSydney,https://twitter.com/i/web/status/1305073649989238785,Mental health issues among Australian workers have spiked during the coronavirus pandemic with many employers reporting a jump in cases of anxiety among staff. But there is help with trained professionals just a phone call away. https://t.co/TWh1KQycs4 @KristianGaupset #7NEWS https://t.co/Wm2NDV0zkb,7NEWS,7NEWS
pandemic,2020-09-13 20:02:21,7NewsAdelaide,https://twitter.com/7NewsAdelaide,https://twitter.com/i/web/status/1305084394663636992,Mental health issues among Australian workers have spiked since the pandemic with many employers reporting a jump in cases of anxiety among their staff. But there is help with trained professionals just a phone call away. https://t.co/8ftPfFYTVQ #7NEWS https://t.co/ThMAk1djSr,7NEWS,7NEWS
pandemic,2020-09-10 09:05:02,EasternMelbPHN,https://twitter.com/EasternMelbPHN,https://twitter.com/i/web/status/1303831811852824577,"The #COVID19 pandemic has caused many people to experience high levels of anxiety and worry. This #RUOK day, we want to remind GPs #HealthPathwaysMelb has evidence-based pathways available for COVID-19 Mental Health support. https://t.co/BkjFmveWeH #mentalhealth #talk https://t.co/66N1zlzaOf",COVID19,talk
pandemic,2020-09-13 14:09:44,EasternMelbPHN,https://twitter.com/EasternMelbPHN,https://twitter.com/i/web/status/1304995653093859328,Today @GregHuntMP announced 15 #HeadtoHelp hubs will be located around Victoria to support all Victorians struggling with mental health and wellbeing due to the pandemic https://t.co/IpyZY6NgQA We've rapidly established three in our community. https://t.co/dJZyKMkM5j https://t.co/iOBh9q7e8W,HeadtoHelp,HeadtoHelp
pandemic,2020-09-13 19:19:39,7NewsAustralia,https://twitter.com/7NewsAustralia,https://twitter.com/i/web/status/1305073650048012290,Mental health issues among Australian workers have spiked during the coronavirus pandemic with many employers reporting a jump in cases of anxiety among staff. But there is help with trained professionals just a phone call away. https://t.co/b3nAU20I54 @KristianGaupset #7NEWS https://t.co/1jHlSV8A23,7NEWS,7NEWS
clinic,2020-09-13 21:47:31,Paula4Geelong,https://twitter.com/Paula4Geelong,https://twitter.com/i/web/status/1305110858628964352,RT @SenSHenderson: Delighted to welcome the announcement by @GregHuntMP of new #HeadtoHelp mental health clinics for #Geelong and #Ballarat…,Ballarat,HeadtoHelp
clinic,2020-09-14 12:33:06,InnoWellOrg,https://twitter.com/InnoWellOrg,https://twitter.com/i/web/status/1305333723504599041,"Great news from @GregHuntMP for our friends in #Melbourne. From Monday 14 September 2020, Victorians will have access to additional mental health support with 15 new dedicated mental health clinics opening to the public. https://t.co/KhG5sjZr8x",Melbourne,Melbourne
clinic,2020-09-13 16:20:51,SenSHenderson,https://twitter.com/SenSHenderson,https://twitter.com/i/web/status/1305028651377856514,Delighted to welcome the announcement by @GregHuntMP of new #HeadtoHelp mental health clinics for #Geelong and #Ballarat.   These clinics will provide vital grassroots support including for the mental health toll caused by COVID-19.   For more details https://t.co/8otCuRuwm1,Ballarat,HeadtoHelp
clinic,2020-09-13 18:04:30,TrevorLithgow,https://twitter.com/TrevorLithgow,https://twitter.com/i/web/status/1305054737599873024,"RT @GregHuntMP: These new clinics, branded with the HeadtoHelp logo, are a free service and will provide a place within the community for p…",,
clinic,2020-09-13 16:33:37,OZzSue4,https://twitter.com/OZzSue4,https://twitter.com/i/web/status/1305031864051064837,RT @SenSHenderson: Delighted to welcome the announcement by @GregHuntMP of new #HeadtoHelp mental health clinics for #Geelong and #Ballarat…,Ballarat,HeadtoHelp
clinic,2020-09-14 12:59:33,VictorianPCPs,https://twitter.com/VictorianPCPs,https://twitter.com/i/web/status/1305340382410977281,"RT @vichealthassoc: Our members are home to 9 of 15 new HeadtoHelp clinics located across Victoria. These new clinics, which open today, ar…",,
clinic,2020-09-13 18:34:56,RealVaughanWAUS,https://twitter.com/RealVaughanWAUS,https://twitter.com/i/web/status/1305062394570264576,"RT @GregHuntMP: From tomorrow, Victorians will have access to additional mental health support with 15 new dedicated mental health clinics…",,
clinic,2020-09-13 20:32:39,Rebecca70106641,https://twitter.com/Rebecca70106641,https://twitter.com/i/web/status/1305092020042526721,"RT @GregHuntMP: From tomorrow, Victorians will have access to additional mental health support with 15 new dedicated mental health clinics…",,
clinic,2020-09-13 20:32:44,Rebecca70106641,https://twitter.com/Rebecca70106641,https://twitter.com/i/web/status/1305092038568947713,"RT @GregHuntMP: These new clinics, branded with the HeadtoHelp logo, are a free service and will provide a place within the community for p…",,
clinic,2020-09-13 19:45:06,HealthVanguard,https://twitter.com/HealthVanguard,https://twitter.com/i/web/status/1305080054158819329,"RT @GregHuntMP: From tomorrow, Victorians will have access to additional mental health support with 15 new dedicated mental health clinics…",,
victorian,2020-09-14 12:33:06,InnoWellOrg,https://twitter.com/InnoWellOrg,https://twitter.com/i/web/status/1305333723504599041,"Great news from @GregHuntMP for our friends in #Melbourne. From Monday 14 September 2020, Victorians will have access to additional mental health support with 15 new dedicated mental health clinics opening to the public. https://t.co/KhG5sjZr8x",Melbourne,Melbourne
victorian,2020-09-13 18:34:56,RealVaughanWAUS,https://twitter.com/RealVaughanWAUS,https://twitter.com/i/web/status/1305062394570264576,"RT @GregHuntMP: From tomorrow, Victorians will have access to additional mental health support with 15 new dedicated mental health clinics…",,
victorian,2020-09-13 20:32:39,Rebecca70106641,https://twitter.com/Rebecca70106641,https://twitter.com/i/web/status/1305092020042526721,"RT @GregHuntMP: From tomorrow, Victorians will have access to additional mental health support with 15 new dedicated mental health clinics…",,
victorian,2020-09-13 19:45:06,HealthVanguard,https://twitter.com/HealthVanguard,https://twitter.com/i/web/status/1305080054158819329,"RT @GregHuntMP: From tomorrow, Victorians will have access to additional mental health support with 15 new dedicated mental health clinics…",,
victorian,2020-09-13 17:39:59,ODonohueMLC,https://twitter.com/ODonohueMLC,https://twitter.com/i/web/status/1305048567573176323,"RT @GregHuntMP: From tomorrow, Victorians will have access to additional mental health support with 15 new dedicated mental health clinics…",,
victorian,2020-09-13 20:38:19,LeanneTogher,https://twitter.com/LeanneTogher,https://twitter.com/i/web/status/1305093447028596737,"RT @GregHuntMP: From tomorrow, Victorians will have access to additional mental health support with 15 new dedicated mental health clinics…",,
victorian,2020-09-13 20:47:13,fatima_ishfaq,https://twitter.com/fatima_ishfaq,https://twitter.com/i/web/status/1305095686568861696,"RT @GregHuntMP: From tomorrow, Victorians will have access to additional mental health support with 15 new dedicated mental health clinics…",,
victorian,2020-09-13 18:00:46,chocchiplover,https://twitter.com/chocchiplover,https://twitter.com/i/web/status/1305053794947026945,RT @EasternMelbPHN: Today @GregHuntMP announced 15 #HeadtoHelp hubs will be located around Victoria to support all Victorians struggling wi…,HeadtoHelp,HeadtoHelp
victorian,2020-09-14 08:29:19,LiberalAus,https://twitter.com/LiberalAus,https://twitter.com/i/web/status/1305272375412363264,"RT @GregHuntMP: From tomorrow, Victorians will have access to additional mental health support with 15 new dedicated mental health clinics…",,
victorian,2020-09-13 17:53:20,ProposchA,https://twitter.com/ProposchA,https://twitter.com/i/web/status/1305051925474209793,RT @EasternMelbPHN: Today @GregHuntMP announced 15 #HeadtoHelp hubs will be located around Victoria to support all Victorians struggling wi…,HeadtoHelp,HeadtoHelp
thing,2020-09-14 11:57:57,ausgov,https://twitter.com/ausgov,https://twitter.com/i/web/status/1305324877654552576,RT @healthgovau: It’s important to do things that help you maintain good mental health. Take time to discover what works for you. If you ne…,,
thing,2020-09-13 19:15:07,healthgovau,https://twitter.com/healthgovau,https://twitter.com/i/web/status/1305072505523253253,"It’s important to do things that help you maintain good mental health. Take time to discover what works for you. If you need mental health information and support, visit https://t.co/I5mXqpB6sk https://t.co/d353ns50d6",,
thing,2020-09-14 01:56:36,SocialworkWa,https://twitter.com/SocialworkWa,https://twitter.com/i/web/status/1305173544322527232,RT @healthgovau: It’s important to do things that help you maintain good mental health. Take time to discover what works for you. If you ne…,,
thing,2020-09-14 10:15:12,CityofAdelaide,https://twitter.com/CityofAdelaide,https://twitter.com/i/web/status/1305299020244561923,RT @healthgovau: It’s important to do things that help you maintain good mental health. Take time to discover what works for you. If you ne…,,
thing,2020-09-14 03:21:38,Cassie638,https://twitter.com/Cassie638,https://twitter.com/i/web/status/1305194942386511878,RT @healthgovau: It’s important to do things that help you maintain good mental health. Take time to discover what works for you. If you ne…,,
thing,2020-09-14 07:00:04,cheryl_catsoz,https://twitter.com/cheryl_catsoz,https://twitter.com/i/web/status/1305249914633420800,RT @healthgovau: It’s important to do things that help you maintain good mental health. Take time to discover what works for you. If you ne…,,
thing,2020-09-14 09:22:35,SA_SES,https://twitter.com/SA_SES,https://twitter.com/i/web/status/1305285780579860480,RT @healthgovau: It’s important to do things that help you maintain good mental health. Take time to discover what works for you. If you ne…,,
thing,2020-09-14 08:08:34,darlingdownshhs,https://twitter.com/darlingdownshhs,https://twitter.com/i/web/status/1305267152098717696,RT @healthgovau: It’s important to do things that help you maintain good mental health. Take time to discover what works for you. If you ne…,,
thing,2020-09-14 18:43:54,jazzbby91,https://twitter.com/jazzbby91,https://twitter.com/i/web/status/1305427037365047298,"@BrianMitchellMP Thank you!! I hope something can be done soon for the indefinitely separated life partners &amp; families due to the borders too. My life partner is a foreigner and pretty much my only family, so it’s been a very lonely 11 months without him by my side now.",,
thing,2020-09-09 19:18:17,MelissaGijsbers,https://twitter.com/MelissaGijsbers,https://twitter.com/i/web/status/1303623752299675648,@SenatorSiewert @GregHuntMP Oh no! My son has been able to access a mental health specialist for chronic pain via telehealth that we wouldn't have access to as we're in a rural area. Telehealth is one thing we have loved about lockdown as we can get the health support we need without driving 2 hrs each way,,
referral,2020-09-13 13:43:54,JoRobinson_Aus,https://twitter.com/JoRobinson_Aus,https://twitter.com/i/web/status/1304989152820080640,"RT @NWMelbPHN: from 8.30am mon you can call 1800 595 212 for advice, referral and wraparound care if  you are struggling with the impact of…",,
referral,2020-09-14 11:16:02,lgbtihealth,https://twitter.com/lgbtihealth,https://twitter.com/i/web/status/1305314331832188928,Thank you @GregHuntMP for the continued support and funding for national LGBTI mental health and peer-support programs #MindOUT and #QLife. For support and referral contact: https://t.co/dxL9xrV0uu https://t.co/7X3RgxsZGu,MindOUT,QLife
referral,2020-09-13 17:54:01,ProposchA,https://twitter.com/ProposchA,https://twitter.com/i/web/status/1305052096798969856,"RT @NWMelbPHN: from 8.30am mon you can call 1800 595 212 for advice, referral and wraparound care if  you are struggling with the impact of…",,
referral,2020-09-13 13:41:22,NWMelbPHN,https://twitter.com/NWMelbPHN,https://twitter.com/i/web/status/1304988517672476673,"from 8.30am mon you can call 1800 595 212 for advice, referral and wraparound care if  you are struggling with the impact of #COVID-19. you may be referred to one of 15 new HeadtoHelp mental health hubs  ⁦@GregHuntMP⁩ #ItsOkayToNotBeOkay  https://t.co/rJihSss6qe",COVID,ItsOkayToNotBeOkay
referral,2020-09-13 17:04:13,PatMcGorry,https://twitter.com/PatMcGorry,https://twitter.com/i/web/status/1305039565497925633,"RT @NWMelbPHN: from 8.30am mon you can call 1800 595 212 for advice, referral and wraparound care if  you are struggling with the impact of…",,
referral,2020-09-13 14:51:34,Dpeters1977,https://twitter.com/Dpeters1977,https://twitter.com/i/web/status/1305006182990360577,"RT @NWMelbPHN: from 8.30am mon you can call 1800 595 212 for advice, referral and wraparound care if  you are struggling with the impact of…",,
referral,2020-09-14 10:30:01,HW_Partnership,https://twitter.com/HW_Partnership,https://twitter.com/i/web/status/1305302749127426048,"RT @NWMelbPHN: from 8.30am mon you can call 1800 595 212 for advice, referral and wraparound care if  you are struggling with the impact of…",,
partner,2020-09-14 18:43:54,jazzbby91,https://twitter.com/jazzbby91,https://twitter.com/i/web/status/1305427037365047298,"@BrianMitchellMP Thank you!! I hope something can be done soon for the indefinitely separated life partners &amp; families due to the borders too. My life partner is a foreigner and pretty much my only family, so it’s been a very lonely 11 months without him by my side now.",,
partner,2020-09-12 15:45:36,jo_manski,https://twitter.com/jo_manski,https://twitter.com/i/web/status/1304657394257915910,RT @VictoriaJPalmer: Primary care models are critical to managing #Covid19 we're celebrating the support of GPs &amp; partners to provide a pat…,Covid19,Covid19
partner,2020-09-12 22:15:57,rmc1956,https://twitter.com/rmc1956,https://twitter.com/i/web/status/1304755628749942785,RT @VictoriaJPalmer: Primary care models are critical to managing #Covid19 we're celebrating the support of GPs &amp; partners to provide a pat…,Covid19,Covid19
partner,2020-09-12 09:32:28,VictoriaJPalmer,https://twitter.com/VictoriaJPalmer,https://twitter.com/i/web/status/1304563489902452736,Primary care models are critical to managing #Covid19 we're celebrating the support of GPs &amp; partners to provide a patient-driven solution for self-monitoring of physical-mental health during isolation and quarantine @DanielAndrewsMP @VictorianCHO @healthgovau @DrTedros https://t.co/Wkf1vN5wp4,Covid19,Covid19
partner,2020-09-13 14:29:40,MurrayPHN,https://twitter.com/MurrayPHN,https://twitter.com/i/web/status/1305000670844518400,"Today @GregHuntMP announced the locations of 15 new mental health hubs in Victoria. In the Murray PHN region, our hubs will be located in Bendigo and Wodonga, with partners @HealthyBendigo and #GatewayHealth. HeadtoHelp opens tomorrow https://t.co/SM9ox8S0Qh https://t.co/TVZJ31y6oq",GatewayHealth,GatewayHealth
work,2020-09-14 11:57:57,ausgov,https://twitter.com/ausgov,https://twitter.com/i/web/status/1305324877654552576,RT @healthgovau: It’s important to do things that help you maintain good mental health. Take time to discover what works for you. If you ne…,,
work,2020-09-13 19:15:07,healthgovau,https://twitter.com/healthgovau,https://twitter.com/i/web/status/1305072505523253253,"It’s important to do things that help you maintain good mental health. Take time to discover what works for you. If you need mental health information and support, visit https://t.co/I5mXqpB6sk https://t.co/d353ns50d6",,
work,2020-09-14 01:56:36,SocialworkWa,https://twitter.com/SocialworkWa,https://twitter.com/i/web/status/1305173544322527232,RT @healthgovau: It’s important to do things that help you maintain good mental health. Take time to discover what works for you. If you ne…,,
work,2020-09-14 10:15:12,CityofAdelaide,https://twitter.com/CityofAdelaide,https://twitter.com/i/web/status/1305299020244561923,RT @healthgovau: It’s important to do things that help you maintain good mental health. Take time to discover what works for you. If you ne…,,
work,2020-09-09 02:21:39,italiancutie82,https://twitter.com/italiancutie82,https://twitter.com/i/web/status/1303367909289259009,"RT @healthgovau: Thanks to all health, aged and disability care professionals – your work’s vital in the fight against #COVID19. Remember,…",COVID19,COVID19
work,2020-09-09 02:25:45,italiancutie82,https://twitter.com/italiancutie82,https://twitter.com/i/web/status/1303368939217383425,"RT @healthgovau: Thanks to all health, aged and disability care professionals – you’re work’s vital in the fight against #COVID19. Remember…",COVID19,COVID19
work,2020-09-14 03:21:38,Cassie638,https://twitter.com/Cassie638,https://twitter.com/i/web/status/1305194942386511878,RT @healthgovau: It’s important to do things that help you maintain good mental health. Take time to discover what works for you. If you ne…,,
work,2020-09-14 07:00:04,cheryl_catsoz,https://twitter.com/cheryl_catsoz,https://twitter.com/i/web/status/1305249914633420800,RT @healthgovau: It’s important to do things that help you maintain good mental health. Take time to discover what works for you. If you ne…,,
work,2020-09-14 09:22:35,SA_SES,https://twitter.com/SA_SES,https://twitter.com/i/web/status/1305285780579860480,RT @healthgovau: It’s important to do things that help you maintain good mental health. Take time to discover what works for you. If you ne…,,
work,2020-09-14 08:08:34,darlingdownshhs,https://twitter.com/darlingdownshhs,https://twitter.com/i/web/status/1305267152098717696,RT @healthgovau: It’s important to do things that help you maintain good mental health. Take time to discover what works for you. If you ne…,,
resource,2020-09-11 19:15:08,healthgovau,https://twitter.com/healthgovau,https://twitter.com/i/web/status/1304347736368709632,Looking for mental health support but not sure where to start? Sam the chatbot can help. All you need to do is answer some of Sam's questions and you will be pointed to relevant mental health resources. Visit https://t.co/38IqKAsdag https://t.co/jUaEjElKwy,,
resource,2020-09-10 20:01:06,RANZCP,https://twitter.com/RANZCP,https://twitter.com/i/web/status/1303996917244981248,Head to Health provides information and digital resources to help support people’s mental health and wellbeing during the #COVID19 pandemic https://t.co/7YMskhnLSu #COVID19,COVID19,COVID19
resource,2020-09-11 18:00:49,FostKim,https://twitter.com/FostKim,https://twitter.com/i/web/status/1304329033300107265,RT @LornaMoxham: Mental health nurses are an under-utilised resource. They work holistically with physical and mental health. @GregHuntMP,,
resource,2020-09-11 12:36:19,LornaMoxham,https://twitter.com/LornaMoxham,https://twitter.com/i/web/status/1304247369857343489,Mental health nurses are an under-utilised resource. They work holistically with physical and mental health. @GregHuntMP https://t.co/0q7IQq3akB,,
maintain,2020-09-14 11:57:57,ausgov,https://twitter.com/ausgov,https://twitter.com/i/web/status/1305324877654552576,RT @healthgovau: It’s important to do things that help you maintain good mental health. Take time to discover what works for you. If you ne…,,
maintain,2020-09-13 19:15:07,healthgovau,https://twitter.com/healthgovau,https://twitter.com/i/web/status/1305072505523253253,"It’s important to do things that help you maintain good mental health. Take time to discover what works for you. If you need mental health information and support, visit https://t.co/I5mXqpB6sk https://t.co/d353ns50d6",,
maintain,2020-09-14 01:56:36,SocialworkWa,https://twitter.com/SocialworkWa,https://twitter.com/i/web/status/1305173544322527232,RT @healthgovau: It’s important to do things that help you maintain good mental health. Take time to discover what works for you. If you ne…,,
maintain,2020-09-14 10:15:12,CityofAdelaide,https://twitter.com/CityofAdelaide,https://twitter.com/i/web/status/1305299020244561923,RT @healthgovau: It’s important to do things that help you maintain good mental health. Take time to discover what works for you. If you ne…,,
maintain,2020-09-14 03:21:38,Cassie638,https://twitter.com/Cassie638,https://twitter.com/i/web/status/1305194942386511878,RT @healthgovau: It’s important to do things that help you maintain good mental health. Take time to discover what works for you. If you ne…,,
maintain,2020-09-14 07:00:04,cheryl_catsoz,https://twitter.com/cheryl_catsoz,https://twitter.com/i/web/status/1305249914633420800,RT @healthgovau: It’s important to do things that help you maintain good mental health. Take time to discover what works for you. If you ne…,,
maintain,2020-09-14 09:22:35,SA_SES,https://twitter.com/SA_SES,https://twitter.com/i/web/status/1305285780579860480,RT @healthgovau: It’s important to do things that help you maintain good mental health. Take time to discover what works for you. If you ne…,,
maintain,2020-09-14 08:08:34,darlingdownshhs,https://twitter.com/darlingdownshhs,https://twitter.com/i/web/status/1305267152098717696,RT @healthgovau: It’s important to do things that help you maintain good mental health. Take time to discover what works for you. If you ne…,,
people,2020-09-14 19:16:02,healthgovau,https://twitter.com/healthgovau,https://twitter.com/i/web/status/1305435127695249408,"This year has been challenging and if you are feeling stressed or worried, you are not alone.   The Kids Helpline has a handy guide that can help you understand why people feel stress and anxiety and what you can do about it.  You can find it here: https://t.co/KqYg1TXB4o https://t.co/F9aHVA9XwW",,
people,2020-09-10 20:01:06,RANZCP,https://twitter.com/RANZCP,https://twitter.com/i/web/status/1303996917244981248,Head to Health provides information and digital resources to help support people’s mental health and wellbeing during the #COVID19 pandemic https://t.co/7YMskhnLSu #COVID19,COVID19,COVID19
people,2020-09-10 09:05:02,EasternMelbPHN,https://twitter.com/EasternMelbPHN,https://twitter.com/i/web/status/1303831811852824577,"The #COVID19 pandemic has caused many people to experience high levels of anxiety and worry. This #RUOK day, we want to remind GPs #HealthPathwaysMelb has evidence-based pathways available for COVID-19 Mental Health support. https://t.co/BkjFmveWeH #mentalhealth #talk https://t.co/66N1zlzaOf",COVID19,talk
people,2020-09-14 09:20:32,MarcBryantAus,https://twitter.com/MarcBryantAus,https://twitter.com/i/web/status/1305285262038061056,Great to see the locations of the new #headtohelp mental health hubs across #Victoria  Our #skillssavelives campaign with Vic PHNs will integrate the new services to ensure our community outreach sentinels connect people to care   https://t.co/f7rJtMnDge  @GregHuntMP https://t.co/BMci2L432q,headtohelp,Victoria
people,2020-09-10 17:59:20,kiwiavo,https://twitter.com/kiwiavo,https://twitter.com/i/web/status/1303966272359600129,RT @healthgovau: [NEWS] Helping lift the mental health burden for Australian youth  Supporting young people around Australia and their ment…,,
people,2020-09-11 10:14:38,LMStrategy,https://twitter.com/LMStrategy,https://twitter.com/i/web/status/1304211716025118720,@notforgottentv @AmandaJ95577106 @GregHuntMP So important. Many people with mental health problems find it so hard to get to appointments or even leave their house,,
campaign,2020-09-13 09:01:02,HNerida,https://twitter.com/HNerida,https://twitter.com/i/web/status/1304917970376822784,RT @ian_hickie: The Sunday Telegraph's Can We Talk youth suicide campaign https://t.co/w6MYwbzWIX Very grateful to @benpike00 for his commi…,,
campaign,2020-09-14 09:20:32,MarcBryantAus,https://twitter.com/MarcBryantAus,https://twitter.com/i/web/status/1305285262038061056,Great to see the locations of the new #headtohelp mental health hubs across #Victoria  Our #skillssavelives campaign with Vic PHNs will integrate the new services to ensure our community outreach sentinels connect people to care   https://t.co/f7rJtMnDge  @GregHuntMP https://t.co/BMci2L432q,headtohelp,Victoria
campaign,2020-09-13 07:31:04,ian_hickie,https://twitter.com/ian_hickie,https://twitter.com/i/web/status/1304895327879573504,The Sunday Telegraph's Can We Talk youth suicide campaign https://t.co/w6MYwbzWIX Very grateful to @benpike00 for his commitment to the youth of this country and their mental health needs in 2020 @PatMcGorry @GregHuntMP,,
campaign,2020-09-14 14:47:31,RosesInTheOcean,https://twitter.com/RosesInTheOcean,https://twitter.com/i/web/status/1305367552810311680,RT @MarcBryantAus: Great to see the locations of the new #headtohelp mental health hubs across #Victoria  Our #skillssavelives campaign wit…,headtohelp,Victoria
campaign,2020-09-14 15:09:14,Dpeters1977,https://twitter.com/Dpeters1977,https://twitter.com/i/web/status/1305373014691688448,RT @MarcBryantAus: Great to see the locations of the new #headtohelp mental health hubs across #Victoria  Our #skillssavelives campaign wit…,headtohelp,Victoria
support,2020-09-11 19:15:08,healthgovau,https://twitter.com/healthgovau,https://twitter.com/i/web/status/1304347736368709632,Looking for mental health support but not sure where to start? Sam the chatbot can help. All you need to do is answer some of Sam's questions and you will be pointed to relevant mental health resources. Visit https://t.co/38IqKAsdag https://t.co/jUaEjElKwy,,
support,2020-09-12 10:41:09,healthgovau,https://twitter.com/healthgovau,https://twitter.com/i/web/status/1304580775594131461,"The changing environment can have an impact on your mental health, so it’s important to access support when you need it. For more information, visit https://t.co/I5mXqpB6sk https://t.co/ldUzKIVBmv",,
support,2020-09-13 19:15:07,healthgovau,https://twitter.com/healthgovau,https://twitter.com/i/web/status/1305072505523253253,"It’s important to do things that help you maintain good mental health. Take time to discover what works for you. If you need mental health information and support, visit https://t.co/I5mXqpB6sk https://t.co/d353ns50d6",,
support,2020-09-09 09:53:28,SWSPHN,https://twitter.com/SWSPHN,https://twitter.com/i/web/status/1303481613792108544,"If you, a friend or family member are struggling - help is available. 💚 We encourage anyone who may be at risk or experiencing emotional distress to contact one of the following services in the image below.  Find out more: https://t.co/JhjWt3rTFe  #support #helpisavailable https://t.co/vqTMJe2nYk https://t.co/ML2tVGOEpP",helpisavailable,support
support,2020-09-10 16:29:38,AuDigitalHealth,https://twitter.com/AuDigitalHealth,https://twitter.com/i/web/status/1303943700473552897,"It hasn't been easy to get together with our friends &amp; family as much as we would have liked this year. Just as technology has helped keep us connected, there are also many #DigitalHealth services that can provide support when it's needed. Learn more https://t.co/P1nU7c4XmI https://t.co/g7KILfQYvB",DigitalHealth,DigitalHealth
support,2020-09-10 20:01:06,RANZCP,https://twitter.com/RANZCP,https://twitter.com/i/web/status/1303996917244981248,Head to Health provides information and digital resources to help support people’s mental health and wellbeing during the #COVID19 pandemic https://t.co/7YMskhnLSu #COVID19,COVID19,COVID19
support,2020-09-10 16:29:19,MyHealthRec,https://twitter.com/MyHealthRec,https://twitter.com/i/web/status/1303943618747531267,"It hasn't been easy to get together with our friends &amp; family as much as we would have liked this year. Just as technology has helped keep us connected, there are also many #DigitalHealth services that can provide support when it's needed. Learn more https://t.co/bB0f8EcT19 https://t.co/ktiKtNh0jZ",DigitalHealth,DigitalHealth
support,2020-09-14 12:33:06,InnoWellOrg,https://twitter.com/InnoWellOrg,https://twitter.com/i/web/status/1305333723504599041,"Great news from @GregHuntMP for our friends in #Melbourne. From Monday 14 September 2020, Victorians will have access to additional mental health support with 15 new dedicated mental health clinics opening to the public. https://t.co/KhG5sjZr8x",Melbourne,Melbourne
support,2020-09-13 16:20:51,SenSHenderson,https://twitter.com/SenSHenderson,https://twitter.com/i/web/status/1305028651377856514,Delighted to welcome the announcement by @GregHuntMP of new #HeadtoHelp mental health clinics for #Geelong and #Ballarat.   These clinics will provide vital grassroots support including for the mental health toll caused by COVID-19.   For more details https://t.co/8otCuRuwm1,Ballarat,HeadtoHelp
support,2020-09-13 18:34:56,RealVaughanWAUS,https://twitter.com/RealVaughanWAUS,https://twitter.com/i/web/status/1305062394570264576,"RT @GregHuntMP: From tomorrow, Victorians will have access to additional mental health support with 15 new dedicated mental health clinics…",,
provide,2020-09-10 16:29:38,AuDigitalHealth,https://twitter.com/AuDigitalHealth,https://twitter.com/i/web/status/1303943700473552897,"It hasn't been easy to get together with our friends &amp; family as much as we would have liked this year. Just as technology has helped keep us connected, there are also many #DigitalHealth services that can provide support when it's needed. Learn more https://t.co/P1nU7c4XmI https://t.co/g7KILfQYvB",DigitalHealth,DigitalHealth
provide,2020-09-10 20:01:06,RANZCP,https://twitter.com/RANZCP,https://twitter.com/i/web/status/1303996917244981248,Head to Health provides information and digital resources to help support people’s mental health and wellbeing during the #COVID19 pandemic https://t.co/7YMskhnLSu #COVID19,COVID19,COVID19
provide,2020-09-10 16:29:19,MyHealthRec,https://twitter.com/MyHealthRec,https://twitter.com/i/web/status/1303943618747531267,"It hasn't been easy to get together with our friends &amp; family as much as we would have liked this year. Just as technology has helped keep us connected, there are also many #DigitalHealth services that can provide support when it's needed. Learn more https://t.co/bB0f8EcT19 https://t.co/ktiKtNh0jZ",DigitalHealth,DigitalHealth
provide,2020-09-13 16:20:51,SenSHenderson,https://twitter.com/SenSHenderson,https://twitter.com/i/web/status/1305028651377856514,Delighted to welcome the announcement by @GregHuntMP of new #HeadtoHelp mental health clinics for #Geelong and #Ballarat.   These clinics will provide vital grassroots support including for the mental health toll caused by COVID-19.   For more details https://t.co/8otCuRuwm1,Ballarat,HeadtoHelp
provide,2020-09-13 18:04:30,TrevorLithgow,https://twitter.com/TrevorLithgow,https://twitter.com/i/web/status/1305054737599873024,"RT @GregHuntMP: These new clinics, branded with the HeadtoHelp logo, are a free service and will provide a place within the community for p…",,
provide,2020-09-13 20:32:44,Rebecca70106641,https://twitter.com/Rebecca70106641,https://twitter.com/i/web/status/1305092038568947713,"RT @GregHuntMP: These new clinics, branded with the HeadtoHelp logo, are a free service and will provide a place within the community for p…",,
provide,2020-09-14 08:29:22,LiberalAus,https://twitter.com/LiberalAus,https://twitter.com/i/web/status/1305272384950120450,"RT @GregHuntMP: These new clinics, branded with the HeadtoHelp logo, are a free service and will provide a place within the community for p…",,
provide,2020-09-12 15:45:36,jo_manski,https://twitter.com/jo_manski,https://twitter.com/i/web/status/1304657394257915910,RT @VictoriaJPalmer: Primary care models are critical to managing #Covid19 we're celebrating the support of GPs &amp; partners to provide a pat…,Covid19,Covid19
provide,2020-09-14 12:20:02,vichealthassoc,https://twitter.com/vichealthassoc,https://twitter.com/i/web/status/1305330434071572480,"Our members are home to 9 of 15 new HeadtoHelp clinics located across Victoria. These new clinics, which open today, are free &amp; provide a place within the community to access mental health care as early &amp; conveniently as possible. @GregHuntMP   https://t.co/4LyCITdq6Z",,
provide,2020-09-12 22:15:57,rmc1956,https://twitter.com/rmc1956,https://twitter.com/i/web/status/1304755628749942785,RT @VictoriaJPalmer: Primary care models are critical to managing #Covid19 we're celebrating the support of GPs &amp; partners to provide a pat…,Covid19,Covid19
student,2020-09-15 12:48:29,natalya_beer,https://twitter.com/natalya_beer,https://twitter.com/i/web/status/1305699982847086593,RT @GroupOfEight: Improving the mental health and physical fitness of university students is the focus of a new mentor-based exercise progr…,,
student,2020-09-15 05:13:59,anasghadouani,https://twitter.com/anasghadouani,https://twitter.com/i/web/status/1305585605556854785,RT @GroupOfEight: Improving the mental health and physical fitness of university students is the focus of a new mentor-based exercise progr…,,
student,2020-09-14 12:49:48,ScienceUWA,https://twitter.com/ScienceUWA,https://twitter.com/i/web/status/1305337927854030848,RT @GroupOfEight: Improving the mental health and physical fitness of university students is the focus of a new mentor-based exercise progr…,,
student,2020-09-15 09:26:03,amandameyerphd,https://twitter.com/amandameyerphd,https://twitter.com/i/web/status/1305649038742568961,RT @GroupOfEight: Improving the mental health and physical fitness of university students is the focus of a new mentor-based exercise progr…,,
student,2020-09-14 11:50:00,GroupOfEight,https://twitter.com/GroupOfEight,https://twitter.com/i/web/status/1305322879962185728,Improving the mental health and physical fitness of university students is the focus of a new mentor-based exercise program @uwanews – believed to be the first of its kind at an Australian university. @GregHuntMP  https://t.co/ayTOGslNmJ,,
student,2020-09-09 21:43:30,ElliotCClarke_,https://twitter.com/ElliotCClarke_,https://twitter.com/i/web/status/1303660295936647169,"Dear @GregHuntMP - I participated in the funded Bipolar research at Royal Brisbane which you advocated, and noted your mother was also diagnosed. I commend you for that. Can you also extend support to all university students more generally re: mental health?",,
speaking,2020-09-12 13:29:46,tandigi,https://twitter.com/tandigi,https://twitter.com/i/web/status/1304623209099063296,@GregHuntMP Virginian isn't speaking for all of us... The roadmap and the numbers going down have significantly eased my anxiety. My mental health has  improved dramatically as a result. Speaking to family and friends many of them feel this way too.,,
australian,2020-09-13 19:19:39,7NewsSydney,https://twitter.com/7NewsSydney,https://twitter.com/i/web/status/1305073649989238785,Mental health issues among Australian workers have spiked during the coronavirus pandemic with many employers reporting a jump in cases of anxiety among staff. But there is help with trained professionals just a phone call away. https://t.co/TWh1KQycs4 @KristianGaupset #7NEWS https://t.co/Wm2NDV0zkb,7NEWS,7NEWS
australian,2020-09-13 20:02:21,7NewsAdelaide,https://twitter.com/7NewsAdelaide,https://twitter.com/i/web/status/1305084394663636992,Mental health issues among Australian workers have spiked since the pandemic with many employers reporting a jump in cases of anxiety among their staff. But there is help with trained professionals just a phone call away. https://t.co/8ftPfFYTVQ #7NEWS https://t.co/ThMAk1djSr,7NEWS,7NEWS
australian,2020-09-13 20:10:19,KatherineWhela4,https://twitter.com/KatherineWhela4,https://twitter.com/i/web/status/1305086401013112832,"@ScottMorrisonMP @JoshFrydenberg what are you doing to help our fellow Australians in Victoria. We may be governed by State leaders, but we are one under the Constitution... help our Vic brothers &amp; sisters. Their mental health &amp; finances/businesses are at risk... please! 🙏",,
australian,2020-09-13 19:19:39,7NewsAustralia,https://twitter.com/7NewsAustralia,https://twitter.com/i/web/status/1305073650048012290,Mental health issues among Australian workers have spiked during the coronavirus pandemic with many employers reporting a jump in cases of anxiety among staff. But there is help with trained professionals just a phone call away. https://t.co/b3nAU20I54 @KristianGaupset #7NEWS https://t.co/1jHlSV8A23,7NEWS,7NEWS
australian,2020-09-10 17:59:20,kiwiavo,https://twitter.com/kiwiavo,https://twitter.com/i/web/status/1303966272359600129,RT @healthgovau: [NEWS] Helping lift the mental health burden for Australian youth  Supporting young people around Australia and their ment…,,
australian,2020-09-14 11:50:00,GroupOfEight,https://twitter.com/GroupOfEight,https://twitter.com/i/web/status/1305322879962185728,Improving the mental health and physical fitness of university students is the focus of a new mentor-based exercise program @uwanews – believed to be the first of its kind at an Australian university. @GregHuntMP  https://t.co/ayTOGslNmJ,,
discover,2020-09-14 11:57:57,ausgov,https://twitter.com/ausgov,https://twitter.com/i/web/status/1305324877654552576,RT @healthgovau: It’s important to do things that help you maintain good mental health. Take time to discover what works for you. If you ne…,,
discover,2020-09-13 19:15:07,healthgovau,https://twitter.com/healthgovau,https://twitter.com/i/web/status/1305072505523253253,"It’s important to do things that help you maintain good mental health. Take time to discover what works for you. If you need mental health information and support, visit https://t.co/I5mXqpB6sk https://t.co/d353ns50d6",,
discover,2020-09-14 01:56:36,SocialworkWa,https://twitter.com/SocialworkWa,https://twitter.com/i/web/status/1305173544322527232,RT @healthgovau: It’s important to do things that help you maintain good mental health. Take time to discover what works for you. If you ne…,,
discover,2020-09-14 10:15:12,CityofAdelaide,https://twitter.com/CityofAdelaide,https://twitter.com/i/web/status/1305299020244561923,RT @healthgovau: It’s important to do things that help you maintain good mental health. Take time to discover what works for you. If you ne…,,
discover,2020-09-14 03:21:38,Cassie638,https://twitter.com/Cassie638,https://twitter.com/i/web/status/1305194942386511878,RT @healthgovau: It’s important to do things that help you maintain good mental health. Take time to discover what works for you. If you ne…,,
discover,2020-09-14 07:00:04,cheryl_catsoz,https://twitter.com/cheryl_catsoz,https://twitter.com/i/web/status/1305249914633420800,RT @healthgovau: It’s important to do things that help you maintain good mental health. Take time to discover what works for you. If you ne…,,
discover,2020-09-14 09:22:35,SA_SES,https://twitter.com/SA_SES,https://twitter.com/i/web/status/1305285780579860480,RT @healthgovau: It’s important to do things that help you maintain good mental health. Take time to discover what works for you. If you ne…,,
discover,2020-09-14 08:08:34,darlingdownshhs,https://twitter.com/darlingdownshhs,https://twitter.com/i/web/status/1305267152098717696,RT @healthgovau: It’s important to do things that help you maintain good mental health. Take time to discover what works for you. If you ne…,,
among,2020-09-13 19:19:39,7NewsSydney,https://twitter.com/7NewsSydney,https://twitter.com/i/web/status/1305073649989238785,Mental health issues among Australian workers have spiked during the coronavirus pandemic with many employers reporting a jump in cases of anxiety among staff. But there is help with trained professionals just a phone call away. https://t.co/TWh1KQycs4 @KristianGaupset #7NEWS https://t.co/Wm2NDV0zkb,7NEWS,7NEWS
among,2020-09-13 20:02:21,7NewsAdelaide,https://twitter.com/7NewsAdelaide,https://twitter.com/i/web/status/1305084394663636992,Mental health issues among Australian workers have spiked since the pandemic with many employers reporting a jump in cases of anxiety among their staff. But there is help with trained professionals just a phone call away. https://t.co/8ftPfFYTVQ #7NEWS https://t.co/ThMAk1djSr,7NEWS,7NEWS
among,2020-09-13 19:19:39,7NewsAustralia,https://twitter.com/7NewsAustralia,https://twitter.com/i/web/status/1305073650048012290,Mental health issues among Australian workers have spiked during the coronavirus pandemic with many employers reporting a jump in cases of anxiety among staff. But there is help with trained professionals just a phone call away. https://t.co/b3nAU20I54 @KristianGaupset #7NEWS https://t.co/1jHlSV8A23,7NEWS,7NEWS
tomorrow,2020-09-13 18:34:56,RealVaughanWAUS,https://twitter.com/RealVaughanWAUS,https://twitter.com/i/web/status/1305062394570264576,"RT @GregHuntMP: From tomorrow, Victorians will have access to additional mental health support with 15 new dedicated mental health clinics…",,
tomorrow,2020-09-13 20:32:39,Rebecca70106641,https://twitter.com/Rebecca70106641,https://twitter.com/i/web/status/1305092020042526721,"RT @GregHuntMP: From tomorrow, Victorians will have access to additional mental health support with 15 new dedicated mental health clinics…",,
tomorrow,2020-09-13 19:45:06,HealthVanguard,https://twitter.com/HealthVanguard,https://twitter.com/i/web/status/1305080054158819329,"RT @GregHuntMP: From tomorrow, Victorians will have access to additional mental health support with 15 new dedicated mental health clinics…",,
tomorrow,2020-09-13 17:39:59,ODonohueMLC,https://twitter.com/ODonohueMLC,https://twitter.com/i/web/status/1305048567573176323,"RT @GregHuntMP: From tomorrow, Victorians will have access to additional mental health support with 15 new dedicated mental health clinics…",,
tomorrow,2020-09-13 20:38:19,LeanneTogher,https://twitter.com/LeanneTogher,https://twitter.com/i/web/status/1305093447028596737,"RT @GregHuntMP: From tomorrow, Victorians will have access to additional mental health support with 15 new dedicated mental health clinics…",,
tomorrow,2020-09-13 20:47:13,fatima_ishfaq,https://twitter.com/fatima_ishfaq,https://twitter.com/i/web/status/1305095686568861696,"RT @GregHuntMP: From tomorrow, Victorians will have access to additional mental health support with 15 new dedicated mental health clinics…",,
tomorrow,2020-09-14 08:29:19,LiberalAus,https://twitter.com/LiberalAus,https://twitter.com/i/web/status/1305272375412363264,"RT @GregHuntMP: From tomorrow, Victorians will have access to additional mental health support with 15 new dedicated mental health clinics…",,
tomorrow,2020-09-13 21:31:32,georgiecrozier,https://twitter.com/georgiecrozier,https://twitter.com/i/web/status/1305106836165591042,"RT @GregHuntMP: From tomorrow, Victorians will have access to additional mental health support with 15 new dedicated mental health clinics…",,
tomorrow,2020-09-13 19:52:20,NWMHgrads,https://twitter.com/NWMHgrads,https://twitter.com/i/web/status/1305081873387778048,"RT @GregHuntMP: From tomorrow, Victorians will have access to additional mental health support with 15 new dedicated mental health clinics…",,
tomorrow,2020-09-13 13:46:02,RodWCase,https://twitter.com/RodWCase,https://twitter.com/i/web/status/1304989689288388609,RT @HealthyBendigo: Big day tomorrow as we open a new #Bendigo #HeadtoHelp hub providing #mentalhealth support for those in need in @Greate…,Bendigo,mentalhealth
exercise,2020-09-15 12:48:29,natalya_beer,https://twitter.com/natalya_beer,https://twitter.com/i/web/status/1305699982847086593,RT @GroupOfEight: Improving the mental health and physical fitness of university students is the focus of a new mentor-based exercise progr…,,
exercise,2020-09-15 05:13:59,anasghadouani,https://twitter.com/anasghadouani,https://twitter.com/i/web/status/1305585605556854785,RT @GroupOfEight: Improving the mental health and physical fitness of university students is the focus of a new mentor-based exercise progr…,,
exercise,2020-09-14 12:49:48,ScienceUWA,https://twitter.com/ScienceUWA,https://twitter.com/i/web/status/1305337927854030848,RT @GroupOfEight: Improving the mental health and physical fitness of university students is the focus of a new mentor-based exercise progr…,,
exercise,2020-09-15 09:26:03,amandameyerphd,https://twitter.com/amandameyerphd,https://twitter.com/i/web/status/1305649038742568961,RT @GroupOfEight: Improving the mental health and physical fitness of university students is the focus of a new mentor-based exercise progr…,,
exercise,2020-09-14 11:50:00,GroupOfEight,https://twitter.com/GroupOfEight,https://twitter.com/i/web/status/1305322879962185728,Improving the mental health and physical fitness of university students is the focus of a new mentor-based exercise program @uwanews – believed to be the first of its kind at an Australian university. @GregHuntMP  https://t.co/ayTOGslNmJ,,
vital,2020-09-09 02:21:39,italiancutie82,https://twitter.com/italiancutie82,https://twitter.com/i/web/status/1303367909289259009,"RT @healthgovau: Thanks to all health, aged and disability care professionals – your work’s vital in the fight against #COVID19. Remember,…",COVID19,COVID19
vital,2020-09-09 02:25:45,italiancutie82,https://twitter.com/italiancutie82,https://twitter.com/i/web/status/1303368939217383425,"RT @healthgovau: Thanks to all health, aged and disability care professionals – you’re work’s vital in the fight against #COVID19. Remember…",COVID19,COVID19
vital,2020-09-13 16:20:51,SenSHenderson,https://twitter.com/SenSHenderson,https://twitter.com/i/web/status/1305028651377856514,Delighted to welcome the announcement by @GregHuntMP of new #HeadtoHelp mental health clinics for #Geelong and #Ballarat.   These clinics will provide vital grassroots support including for the mental health toll caused by COVID-19.   For more details https://t.co/8otCuRuwm1,Ballarat,HeadtoHelp
disability,2020-09-09 02:21:39,italiancutie82,https://twitter.com/italiancutie82,https://twitter.com/i/web/status/1303367909289259009,"RT @healthgovau: Thanks to all health, aged and disability care professionals – your work’s vital in the fight against #COVID19. Remember,…",COVID19,COVID19
disability,2020-09-09 02:25:45,italiancutie82,https://twitter.com/italiancutie82,https://twitter.com/i/web/status/1303368939217383425,"RT @healthgovau: Thanks to all health, aged and disability care professionals – you’re work’s vital in the fight against #COVID19. Remember…",COVID19,COVID19
mentor-based,2020-09-15 12:48:29,natalya_beer,https://twitter.com/natalya_beer,https://twitter.com/i/web/status/1305699982847086593,RT @GroupOfEight: Improving the mental health and physical fitness of university students is the focus of a new mentor-based exercise progr…,,
mentor-based,2020-09-15 05:13:59,anasghadouani,https://twitter.com/anasghadouani,https://twitter.com/i/web/status/1305585605556854785,RT @GroupOfEight: Improving the mental health and physical fitness of university students is the focus of a new mentor-based exercise progr…,,
mentor-based,2020-09-14 12:49:48,ScienceUWA,https://twitter.com/ScienceUWA,https://twitter.com/i/web/status/1305337927854030848,RT @GroupOfEight: Improving the mental health and physical fitness of university students is the focus of a new mentor-based exercise progr…,,
mentor-based,2020-09-15 09:26:03,amandameyerphd,https://twitter.com/amandameyerphd,https://twitter.com/i/web/status/1305649038742568961,RT @GroupOfEight: Improving the mental health and physical fitness of university students is the focus of a new mentor-based exercise progr…,,
mentor-based,2020-09-14 11:50:00,GroupOfEight,https://twitter.com/GroupOfEight,https://twitter.com/i/web/status/1305322879962185728,Improving the mental health and physical fitness of university students is the focus of a new mentor-based exercise program @uwanews – believed to be the first of its kind at an Australian university. @GregHuntMP  https://t.co/ayTOGslNmJ,,
across,2020-09-14 12:59:33,VictorianPCPs,https://twitter.com/VictorianPCPs,https://twitter.com/i/web/status/1305340382410977281,"RT @vichealthassoc: Our members are home to 9 of 15 new HeadtoHelp clinics located across Victoria. These new clinics, which open today, ar…",,
across,2020-09-14 13:50:28,BallaratCH,https://twitter.com/BallaratCH,https://twitter.com/i/web/status/1305353195539980289,"RT @vichealthassoc: Our members are home to 9 of 15 new HeadtoHelp clinics located across Victoria. These new clinics, which open today, ar…",,
across,2020-09-14 05:44:13,lucymdonoghue,https://twitter.com/lucymdonoghue,https://twitter.com/i/web/status/1305230827677073409,RT @lonelyplanet: Night trains are making a comeback across Europe https://t.co/DRChgWaKeQ,,
across,2020-09-14 12:20:02,vichealthassoc,https://twitter.com/vichealthassoc,https://twitter.com/i/web/status/1305330434071572480,"Our members are home to 9 of 15 new HeadtoHelp clinics located across Victoria. These new clinics, which open today, are free &amp; provide a place within the community to access mental health care as early &amp; conveniently as possible. @GregHuntMP   https://t.co/4LyCITdq6Z",,
across,2020-09-14 09:20:32,MarcBryantAus,https://twitter.com/MarcBryantAus,https://twitter.com/i/web/status/1305285262038061056,Great to see the locations of the new #headtohelp mental health hubs across #Victoria  Our #skillssavelives campaign with Vic PHNs will integrate the new services to ensure our community outreach sentinels connect people to care   https://t.co/f7rJtMnDge  @GregHuntMP https://t.co/BMci2L432q,headtohelp,Victoria
across,2020-09-14 14:47:31,RosesInTheOcean,https://twitter.com/RosesInTheOcean,https://twitter.com/i/web/status/1305367552810311680,RT @MarcBryantAus: Great to see the locations of the new #headtohelp mental health hubs across #Victoria  Our #skillssavelives campaign wit…,headtohelp,Victoria
across,2020-09-14 15:09:14,Dpeters1977,https://twitter.com/Dpeters1977,https://twitter.com/i/web/status/1305373014691688448,RT @MarcBryantAus: Great to see the locations of the new #headtohelp mental health hubs across #Victoria  Our #skillssavelives campaign wit…,headtohelp,Victoria
improve,2020-09-12 13:29:46,tandigi,https://twitter.com/tandigi,https://twitter.com/i/web/status/1304623209099063296,@GregHuntMP Virginian isn't speaking for all of us... The roadmap and the numbers going down have significantly eased my anxiety. My mental health has  improved dramatically as a result. Speaking to family and friends many of them feel this way too.,,
today,2020-09-14 13:27:39,upperhumepcp,https://twitter.com/upperhumepcp,https://twitter.com/i/web/status/1305347452942168067,"RT @MurrayPHN: Today @GregHuntMP announced the locations of 15 new mental health hubs in Victoria. In the Murray PHN region, our hubs will…",,
today,2020-09-14 12:59:33,VictorianPCPs,https://twitter.com/VictorianPCPs,https://twitter.com/i/web/status/1305340382410977281,"RT @vichealthassoc: Our members are home to 9 of 15 new HeadtoHelp clinics located across Victoria. These new clinics, which open today, ar…",,
today,2020-09-13 20:02:26,Rebecca70106641,https://twitter.com/Rebecca70106641,https://twitter.com/i/web/status/1305084415899443200,"RT @MurrayPHN: Today @GregHuntMP announced the locations of 15 new mental health hubs in Victoria. In the Murray PHN region, our hubs will…",,
today,2020-09-14 13:50:28,BallaratCH,https://twitter.com/BallaratCH,https://twitter.com/i/web/status/1305353195539980289,"RT @vichealthassoc: Our members are home to 9 of 15 new HeadtoHelp clinics located across Victoria. These new clinics, which open today, ar…",,
today,2020-09-13 14:33:12,KW77,https://twitter.com/KW77,https://twitter.com/i/web/status/1305001561471422465,"RT @MurrayPHN: Today @GregHuntMP announced the locations of 15 new mental health hubs in Victoria. In the Murray PHN region, our hubs will…",,
today,2020-09-13 14:31:47,CEOMurrayPHN,https://twitter.com/CEOMurrayPHN,https://twitter.com/i/web/status/1305001203479191555,"RT @MurrayPHN: Today @GregHuntMP announced the locations of 15 new mental health hubs in Victoria. In the Murray PHN region, our hubs will…",,
today,2020-09-13 18:00:46,chocchiplover,https://twitter.com/chocchiplover,https://twitter.com/i/web/status/1305053794947026945,RT @EasternMelbPHN: Today @GregHuntMP announced 15 #HeadtoHelp hubs will be located around Victoria to support all Victorians struggling wi…,HeadtoHelp,HeadtoHelp
today,2020-09-13 17:51:43,ProposchA,https://twitter.com/ProposchA,https://twitter.com/i/web/status/1305051517272035328,"RT @MurrayPHN: Today @GregHuntMP announced the locations of 15 new mental health hubs in Victoria. In the Murray PHN region, our hubs will…",,
today,2020-09-13 17:53:20,ProposchA,https://twitter.com/ProposchA,https://twitter.com/i/web/status/1305051925474209793,RT @EasternMelbPHN: Today @GregHuntMP announced 15 #HeadtoHelp hubs will be located around Victoria to support all Victorians struggling wi…,HeadtoHelp,HeadtoHelp
today,2020-09-14 12:20:02,vichealthassoc,https://twitter.com/vichealthassoc,https://twitter.com/i/web/status/1305330434071572480,"Our members are home to 9 of 15 new HeadtoHelp clinics located across Victoria. These new clinics, which open today, are free &amp; provide a place within the community to access mental health care as early &amp; conveniently as possible. @GregHuntMP   https://t.co/4LyCITdq6Z",,
dedicate,2020-09-14 12:33:06,InnoWellOrg,https://twitter.com/InnoWellOrg,https://twitter.com/i/web/status/1305333723504599041,"Great news from @GregHuntMP for our friends in #Melbourne. From Monday 14 September 2020, Victorians will have access to additional mental health support with 15 new dedicated mental health clinics opening to the public. https://t.co/KhG5sjZr8x",Melbourne,Melbourne
dedicate,2020-09-13 18:34:56,RealVaughanWAUS,https://twitter.com/RealVaughanWAUS,https://twitter.com/i/web/status/1305062394570264576,"RT @GregHuntMP: From tomorrow, Victorians will have access to additional mental health support with 15 new dedicated mental health clinics…",,
dedicate,2020-09-13 20:32:39,Rebecca70106641,https://twitter.com/Rebecca70106641,https://twitter.com/i/web/status/1305092020042526721,"RT @GregHuntMP: From tomorrow, Victorians will have access to additional mental health support with 15 new dedicated mental health clinics…",,
dedicate,2020-09-13 19:45:06,HealthVanguard,https://twitter.com/HealthVanguard,https://twitter.com/i/web/status/1305080054158819329,"RT @GregHuntMP: From tomorrow, Victorians will have access to additional mental health support with 15 new dedicated mental health clinics…",,
dedicate,2020-09-13 17:39:59,ODonohueMLC,https://twitter.com/ODonohueMLC,https://twitter.com/i/web/status/1305048567573176323,"RT @GregHuntMP: From tomorrow, Victorians will have access to additional mental health support with 15 new dedicated mental health clinics…",,
dedicate,2020-09-13 20:38:19,LeanneTogher,https://twitter.com/LeanneTogher,https://twitter.com/i/web/status/1305093447028596737,"RT @GregHuntMP: From tomorrow, Victorians will have access to additional mental health support with 15 new dedicated mental health clinics…",,
dedicate,2020-09-13 20:47:13,fatima_ishfaq,https://twitter.com/fatima_ishfaq,https://twitter.com/i/web/status/1305095686568861696,"RT @GregHuntMP: From tomorrow, Victorians will have access to additional mental health support with 15 new dedicated mental health clinics…",,
dedicate,2020-09-14 08:29:19,LiberalAus,https://twitter.com/LiberalAus,https://twitter.com/i/web/status/1305272375412363264,"RT @GregHuntMP: From tomorrow, Victorians will have access to additional mental health support with 15 new dedicated mental health clinics…",,
dedicate,2020-09-13 21:31:32,georgiecrozier,https://twitter.com/georgiecrozier,https://twitter.com/i/web/status/1305106836165591042,"RT @GregHuntMP: From tomorrow, Victorians will have access to additional mental health support with 15 new dedicated mental health clinics…",,
dedicate,2020-09-13 19:52:20,NWMHgrads,https://twitter.com/NWMHgrads,https://twitter.com/i/web/status/1305081873387778048,"RT @GregHuntMP: From tomorrow, Victorians will have access to additional mental health support with 15 new dedicated mental health clinics…",,
impact,2020-09-13 13:43:54,JoRobinson_Aus,https://twitter.com/JoRobinson_Aus,https://twitter.com/i/web/status/1304989152820080640,"RT @NWMelbPHN: from 8.30am mon you can call 1800 595 212 for advice, referral and wraparound care if  you are struggling with the impact of…",,
impact,2020-09-12 10:41:09,healthgovau,https://twitter.com/healthgovau,https://twitter.com/i/web/status/1304580775594131461,"The changing environment can have an impact on your mental health, so it’s important to access support when you need it. For more information, visit https://t.co/I5mXqpB6sk https://t.co/ldUzKIVBmv",,
impact,2020-09-13 11:40:08,LivingWorksAus,https://twitter.com/LivingWorksAus,https://twitter.com/i/web/status/1304958008380669952,"Whatever yr politics, important message from @NMHC @ScottMorrisonMP  Validating impacts 👉#COVID19 on mental health &amp; associated risks for #SuicidePrevention  It's not easy being in the national driving seat for these issues, glad it's a priority   Let's all be 👉 #InThisTogether https://t.co/T5Z5bGdcqz",COVID19,SuicidePrevention
impact,2020-09-13 17:54:01,ProposchA,https://twitter.com/ProposchA,https://twitter.com/i/web/status/1305052096798969856,"RT @NWMelbPHN: from 8.30am mon you can call 1800 595 212 for advice, referral and wraparound care if  you are struggling with the impact of…",,
impact,2020-09-13 13:41:22,NWMelbPHN,https://twitter.com/NWMelbPHN,https://twitter.com/i/web/status/1304988517672476673,"from 8.30am mon you can call 1800 595 212 for advice, referral and wraparound care if  you are struggling with the impact of #COVID-19. you may be referred to one of 15 new HeadtoHelp mental health hubs  ⁦@GregHuntMP⁩ #ItsOkayToNotBeOkay  https://t.co/rJihSss6qe",COVID,ItsOkayToNotBeOkay
impact,2020-09-13 17:04:13,PatMcGorry,https://twitter.com/PatMcGorry,https://twitter.com/i/web/status/1305039565497925633,"RT @NWMelbPHN: from 8.30am mon you can call 1800 595 212 for advice, referral and wraparound care if  you are struggling with the impact of…",,
impact,2020-09-13 14:51:34,Dpeters1977,https://twitter.com/Dpeters1977,https://twitter.com/i/web/status/1305006182990360577,"RT @NWMelbPHN: from 8.30am mon you can call 1800 595 212 for advice, referral and wraparound care if  you are struggling with the impact of…",,
impact,2020-09-14 10:30:01,HW_Partnership,https://twitter.com/HW_Partnership,https://twitter.com/i/web/status/1305302749127426048,"RT @NWMelbPHN: from 8.30am mon you can call 1800 595 212 for advice, referral and wraparound care if  you are struggling with the impact of…",,
fitness,2020-09-15 12:48:29,natalya_beer,https://twitter.com/natalya_beer,https://twitter.com/i/web/status/1305699982847086593,RT @GroupOfEight: Improving the mental health and physical fitness of university students is the focus of a new mentor-based exercise progr…,,
fitness,2020-09-15 05:13:59,anasghadouani,https://twitter.com/anasghadouani,https://twitter.com/i/web/status/1305585605556854785,RT @GroupOfEight: Improving the mental health and physical fitness of university students is the focus of a new mentor-based exercise progr…,,
fitness,2020-09-14 12:49:48,ScienceUWA,https://twitter.com/ScienceUWA,https://twitter.com/i/web/status/1305337927854030848,RT @GroupOfEight: Improving the mental health and physical fitness of university students is the focus of a new mentor-based exercise progr…,,
fitness,2020-09-15 09:26:03,amandameyerphd,https://twitter.com/amandameyerphd,https://twitter.com/i/web/status/1305649038742568961,RT @GroupOfEight: Improving the mental health and physical fitness of university students is the focus of a new mentor-based exercise progr…,,
fitness,2020-09-14 11:50:00,GroupOfEight,https://twitter.com/GroupOfEight,https://twitter.com/i/web/status/1305322879962185728,Improving the mental health and physical fitness of university students is the focus of a new mentor-based exercise program @uwanews – believed to be the first of its kind at an Australian university. @GregHuntMP  https://t.co/ayTOGslNmJ,,
progr,2020-09-15 12:48:29,natalya_beer,https://twitter.com/natalya_beer,https://twitter.com/i/web/status/1305699982847086593,RT @GroupOfEight: Improving the mental health and physical fitness of university students is the focus of a new mentor-based exercise progr…,,
progr,2020-09-14 11:16:02,lgbtihealth,https://twitter.com/lgbtihealth,https://twitter.com/i/web/status/1305314331832188928,Thank you @GregHuntMP for the continued support and funding for national LGBTI mental health and peer-support programs #MindOUT and #QLife. For support and referral contact: https://t.co/dxL9xrV0uu https://t.co/7X3RgxsZGu,MindOUT,QLife
progr,2020-09-15 05:13:59,anasghadouani,https://twitter.com/anasghadouani,https://twitter.com/i/web/status/1305585605556854785,RT @GroupOfEight: Improving the mental health and physical fitness of university students is the focus of a new mentor-based exercise progr…,,
progr,2020-09-14 12:49:48,ScienceUWA,https://twitter.com/ScienceUWA,https://twitter.com/i/web/status/1305337927854030848,RT @GroupOfEight: Improving the mental health and physical fitness of university students is the focus of a new mentor-based exercise progr…,,
progr,2020-09-15 09:26:03,amandameyerphd,https://twitter.com/amandameyerphd,https://twitter.com/i/web/status/1305649038742568961,RT @GroupOfEight: Improving the mental health and physical fitness of university students is the focus of a new mentor-based exercise progr…,,
progr,2020-09-14 11:50:00,GroupOfEight,https://twitter.com/GroupOfEight,https://twitter.com/i/web/status/1305322879962185728,Improving the mental health and physical fitness of university students is the focus of a new mentor-based exercise program @uwanews – believed to be the first of its kind at an Australian university. @GregHuntMP  https://t.co/ayTOGslNmJ,,
anxiety,2020-09-14 19:16:02,healthgovau,https://twitter.com/healthgovau,https://twitter.com/i/web/status/1305435127695249408,"This year has been challenging and if you are feeling stressed or worried, you are not alone.   The Kids Helpline has a handy guide that can help you understand why people feel stress and anxiety and what you can do about it.  You can find it here: https://t.co/KqYg1TXB4o https://t.co/F9aHVA9XwW",,
anxiety,2020-09-13 19:19:39,7NewsSydney,https://twitter.com/7NewsSydney,https://twitter.com/i/web/status/1305073649989238785,Mental health issues among Australian workers have spiked during the coronavirus pandemic with many employers reporting a jump in cases of anxiety among staff. But there is help with trained professionals just a phone call away. https://t.co/TWh1KQycs4 @KristianGaupset #7NEWS https://t.co/Wm2NDV0zkb,7NEWS,7NEWS
anxiety,2020-09-15 13:40:41,jiangyin,https://twitter.com/jiangyin,https://twitter.com/i/web/status/1305713120552210432,"@erstkate I have social anxiety as well. Lexapro and a beta blocker called Deralin (which I actually take for migraines, not anxiety) have helped me immensely - I still get anxious around others, but not as much as I used to.",,
anxiety,2020-09-14 21:59:04,vixx_pixx,https://twitter.com/vixx_pixx,https://twitter.com/i/web/status/1305476153725997061,I live alone. I’m now on jobseeker. I have a mental illness. I have social anxiety. I haven’t seen family in months. I was built for COVID-19. I’m thriving because I  finally have the time to look after my mental health. I feel stronger than ever. #qanda,qanda,qanda
anxiety,2020-09-13 20:02:21,7NewsAdelaide,https://twitter.com/7NewsAdelaide,https://twitter.com/i/web/status/1305084394663636992,Mental health issues among Australian workers have spiked since the pandemic with many employers reporting a jump in cases of anxiety among their staff. But there is help with trained professionals just a phone call away. https://t.co/8ftPfFYTVQ #7NEWS https://t.co/ThMAk1djSr,7NEWS,7NEWS
anxiety,2020-09-10 09:05:02,EasternMelbPHN,https://twitter.com/EasternMelbPHN,https://twitter.com/i/web/status/1303831811852824577,"The #COVID19 pandemic has caused many people to experience high levels of anxiety and worry. This #RUOK day, we want to remind GPs #HealthPathwaysMelb has evidence-based pathways available for COVID-19 Mental Health support. https://t.co/BkjFmveWeH #mentalhealth #talk https://t.co/66N1zlzaOf",COVID19,talk
anxiety,2020-09-12 13:29:46,tandigi,https://twitter.com/tandigi,https://twitter.com/i/web/status/1304623209099063296,@GregHuntMP Virginian isn't speaking for all of us... The roadmap and the numbers going down have significantly eased my anxiety. My mental health has  improved dramatically as a result. Speaking to family and friends many of them feel this way too.,,
anxiety,2020-09-15 08:41:59,AnnettePeart,https://twitter.com/AnnettePeart,https://twitter.com/i/web/status/1305637947983552514,@zdaniel It really helps with managing that simmering anxiety,,
anxiety,2020-09-13 19:19:39,7NewsAustralia,https://twitter.com/7NewsAustralia,https://twitter.com/i/web/status/1305073650048012290,Mental health issues among Australian workers have spiked during the coronavirus pandemic with many employers reporting a jump in cases of anxiety among staff. But there is help with trained professionals just a phone call away. https://t.co/b3nAU20I54 @KristianGaupset #7NEWS https://t.co/1jHlSV8A23,7NEWS,7NEWS
victoria,2020-09-15 19:31:55,Amanda05597148,https://twitter.com/Amanda05597148,https://twitter.com/i/web/status/1305801511784439808,"@AmyJay28310367 @veronikabog @Carolyne_BM @ScottMorrisonMP So sorry, Amy. Stay strong💓! So many of us are hurting at the moment. I’m from Victoria &amp; it’s an absolute mess down here. Kids suffering, marriages falling apart, mental health disease skyrocketing 😔.. we’ll get there together 🙏🌷xx...",,
victoria,2020-09-14 12:33:06,InnoWellOrg,https://twitter.com/InnoWellOrg,https://twitter.com/i/web/status/1305333723504599041,"Great news from @GregHuntMP for our friends in #Melbourne. From Monday 14 September 2020, Victorians will have access to additional mental health support with 15 new dedicated mental health clinics opening to the public. https://t.co/KhG5sjZr8x",Melbourne,Melbourne
victoria,2020-09-14 13:27:39,upperhumepcp,https://twitter.com/upperhumepcp,https://twitter.com/i/web/status/1305347452942168067,"RT @MurrayPHN: Today @GregHuntMP announced the locations of 15 new mental health hubs in Victoria. In the Murray PHN region, our hubs will…",,
victoria,2020-09-14 12:59:33,VictorianPCPs,https://twitter.com/VictorianPCPs,https://twitter.com/i/web/status/1305340382410977281,"RT @vichealthassoc: Our members are home to 9 of 15 new HeadtoHelp clinics located across Victoria. These new clinics, which open today, ar…",,
victoria,2020-09-13 18:34:56,RealVaughanWAUS,https://twitter.com/RealVaughanWAUS,https://twitter.com/i/web/status/1305062394570264576,"RT @GregHuntMP: From tomorrow, Victorians will have access to additional mental health support with 15 new dedicated mental health clinics…",,
victoria,2020-09-13 20:02:26,Rebecca70106641,https://twitter.com/Rebecca70106641,https://twitter.com/i/web/status/1305084415899443200,"RT @MurrayPHN: Today @GregHuntMP announced the locations of 15 new mental health hubs in Victoria. In the Murray PHN region, our hubs will…",,
victoria,2020-09-13 20:32:39,Rebecca70106641,https://twitter.com/Rebecca70106641,https://twitter.com/i/web/status/1305092020042526721,"RT @GregHuntMP: From tomorrow, Victorians will have access to additional mental health support with 15 new dedicated mental health clinics…",,
victoria,2020-09-13 19:45:06,HealthVanguard,https://twitter.com/HealthVanguard,https://twitter.com/i/web/status/1305080054158819329,"RT @GregHuntMP: From tomorrow, Victorians will have access to additional mental health support with 15 new dedicated mental health clinics…",,
victoria,2020-09-14 13:50:28,BallaratCH,https://twitter.com/BallaratCH,https://twitter.com/i/web/status/1305353195539980289,"RT @vichealthassoc: Our members are home to 9 of 15 new HeadtoHelp clinics located across Victoria. These new clinics, which open today, ar…",,
victoria,2020-09-13 17:39:59,ODonohueMLC,https://twitter.com/ODonohueMLC,https://twitter.com/i/web/status/1305048567573176323,"RT @GregHuntMP: From tomorrow, Victorians will have access to additional mental health support with 15 new dedicated mental health clinics…",,
focus,2020-09-15 12:48:29,natalya_beer,https://twitter.com/natalya_beer,https://twitter.com/i/web/status/1305699982847086593,RT @GroupOfEight: Improving the mental health and physical fitness of university students is the focus of a new mentor-based exercise progr…,,
focus,2020-09-15 05:13:59,anasghadouani,https://twitter.com/anasghadouani,https://twitter.com/i/web/status/1305585605556854785,RT @GroupOfEight: Improving the mental health and physical fitness of university students is the focus of a new mentor-based exercise progr…,,
focus,2020-09-14 12:49:48,ScienceUWA,https://twitter.com/ScienceUWA,https://twitter.com/i/web/status/1305337927854030848,RT @GroupOfEight: Improving the mental health and physical fitness of university students is the focus of a new mentor-based exercise progr…,,
focus,2020-09-15 09:26:03,amandameyerphd,https://twitter.com/amandameyerphd,https://twitter.com/i/web/status/1305649038742568961,RT @GroupOfEight: Improving the mental health and physical fitness of university students is the focus of a new mentor-based exercise progr…,,
focus,2020-09-14 11:50:00,GroupOfEight,https://twitter.com/GroupOfEight,https://twitter.com/i/web/status/1305322879962185728,Improving the mental health and physical fitness of university students is the focus of a new mentor-based exercise program @uwanews – believed to be the first of its kind at an Australian university. @GregHuntMP  https://t.co/ayTOGslNmJ,,
remember,2020-09-09 02:21:39,italiancutie82,https://twitter.com/italiancutie82,https://twitter.com/i/web/status/1303367909289259009,"RT @healthgovau: Thanks to all health, aged and disability care professionals – your work’s vital in the fight against #COVID19. Remember,…",COVID19,COVID19
remember,2020-09-09 02:25:45,italiancutie82,https://twitter.com/italiancutie82,https://twitter.com/i/web/status/1303368939217383425,"RT @healthgovau: Thanks to all health, aged and disability care professionals – you’re work’s vital in the fight against #COVID19. Remember…",COVID19,COVID19
wraparound,2020-09-13 13:43:54,JoRobinson_Aus,https://twitter.com/JoRobinson_Aus,https://twitter.com/i/web/status/1304989152820080640,"RT @NWMelbPHN: from 8.30am mon you can call 1800 595 212 for advice, referral and wraparound care if  you are struggling with the impact of…",,
wraparound,2020-09-13 17:54:01,ProposchA,https://twitter.com/ProposchA,https://twitter.com/i/web/status/1305052096798969856,"RT @NWMelbPHN: from 8.30am mon you can call 1800 595 212 for advice, referral and wraparound care if  you are struggling with the impact of…",,
wraparound,2020-09-13 13:41:22,NWMelbPHN,https://twitter.com/NWMelbPHN,https://twitter.com/i/web/status/1304988517672476673,"from 8.30am mon you can call 1800 595 212 for advice, referral and wraparound care if  you are struggling with the impact of #COVID-19. you may be referred to one of 15 new HeadtoHelp mental health hubs  ⁦@GregHuntMP⁩ #ItsOkayToNotBeOkay  https://t.co/rJihSss6qe",COVID,ItsOkayToNotBeOkay
wraparound,2020-09-13 17:04:13,PatMcGorry,https://twitter.com/PatMcGorry,https://twitter.com/i/web/status/1305039565497925633,"RT @NWMelbPHN: from 8.30am mon you can call 1800 595 212 for advice, referral and wraparound care if  you are struggling with the impact of…",,
wraparound,2020-09-13 14:51:34,Dpeters1977,https://twitter.com/Dpeters1977,https://twitter.com/i/web/status/1305006182990360577,"RT @NWMelbPHN: from 8.30am mon you can call 1800 595 212 for advice, referral and wraparound care if  you are struggling with the impact of…",,
wraparound,2020-09-14 10:30:01,HW_Partnership,https://twitter.com/HW_Partnership,https://twitter.com/i/web/status/1305302749127426048,"RT @NWMelbPHN: from 8.30am mon you can call 1800 595 212 for advice, referral and wraparound care if  you are struggling with the impact of…",,
thanks,2020-09-09 02:21:39,italiancutie82,https://twitter.com/italiancutie82,https://twitter.com/i/web/status/1303367909289259009,"RT @healthgovau: Thanks to all health, aged and disability care professionals – your work’s vital in the fight against #COVID19. Remember,…",COVID19,COVID19
thanks,2020-09-09 02:25:45,italiancutie82,https://twitter.com/italiancutie82,https://twitter.com/i/web/status/1303368939217383425,"RT @healthgovau: Thanks to all health, aged and disability care professionals – you’re work’s vital in the fight against #COVID19. Remember…",COVID19,COVID19
thanks,2020-09-13 13:45:47,HealthyBendigo,https://twitter.com/HealthyBendigo,https://twitter.com/i/web/status/1304989627170742273,Big day tomorrow as we open a new #Bendigo #HeadtoHelp hub providing #mentalhealth support for those in need in @GreaterBendigo .  Thanks @MurrayPHN &amp; @GregHuntMP for giving us this opportunity to keep providing valuable care for those in need. Learn more: https://t.co/yjk3NIg8Jh https://t.co/C1mfM0Uqsw,Bendigo,mentalhealth
physical,2020-09-15 12:48:29,natalya_beer,https://twitter.com/natalya_beer,https://twitter.com/i/web/status/1305699982847086593,RT @GroupOfEight: Improving the mental health and physical fitness of university students is the focus of a new mentor-based exercise progr…,,
physical,2020-09-14 11:26:42,stuartrobertmp,https://twitter.com/stuartrobertmp,https://twitter.com/i/web/status/1305317014815211520,"We have a plan to manage COVID-19 that gets the balance right between protecting our health (both physical and mental) and the economy. @ScottMorrisonMP plan: consistent, fair hotspot definitions based on the advice of Aus's top health officials – AHPPC.  https://t.co/PMTXN6krgF",,
physical,2020-09-15 05:13:59,anasghadouani,https://twitter.com/anasghadouani,https://twitter.com/i/web/status/1305585605556854785,RT @GroupOfEight: Improving the mental health and physical fitness of university students is the focus of a new mentor-based exercise progr…,,
physical,2020-09-11 18:00:49,FostKim,https://twitter.com/FostKim,https://twitter.com/i/web/status/1304329033300107265,RT @LornaMoxham: Mental health nurses are an under-utilised resource. They work holistically with physical and mental health. @GregHuntMP,,
physical,2020-09-14 12:49:48,ScienceUWA,https://twitter.com/ScienceUWA,https://twitter.com/i/web/status/1305337927854030848,RT @GroupOfEight: Improving the mental health and physical fitness of university students is the focus of a new mentor-based exercise progr…,,
physical,2020-09-11 12:36:19,LornaMoxham,https://twitter.com/LornaMoxham,https://twitter.com/i/web/status/1304247369857343489,Mental health nurses are an under-utilised resource. They work holistically with physical and mental health. @GregHuntMP https://t.co/0q7IQq3akB,,
physical,2020-09-15 09:26:03,amandameyerphd,https://twitter.com/amandameyerphd,https://twitter.com/i/web/status/1305649038742568961,RT @GroupOfEight: Improving the mental health and physical fitness of university students is the focus of a new mentor-based exercise progr…,,
physical,2020-09-12 09:32:28,VictoriaJPalmer,https://twitter.com/VictoriaJPalmer,https://twitter.com/i/web/status/1304563489902452736,Primary care models are critical to managing #Covid19 we're celebrating the support of GPs &amp; partners to provide a patient-driven solution for self-monitoring of physical-mental health during isolation and quarantine @DanielAndrewsMP @VictorianCHO @healthgovau @DrTedros https://t.co/Wkf1vN5wp4,Covid19,Covid19
physical,2020-09-14 11:50:00,GroupOfEight,https://twitter.com/GroupOfEight,https://twitter.com/i/web/status/1305322879962185728,Improving the mental health and physical fitness of university students is the focus of a new mentor-based exercise program @uwanews – believed to be the first of its kind at an Australian university. @GregHuntMP  https://t.co/ayTOGslNmJ,,
