Topic,word1,word2,word3,word4,word5,word6,word7,word8,word9,word10
Topic 1,pandemic,australia,coronavirus,#removethecap,#afairgoforlove,#loveisnottoursim,lover,impact,social,include
Topic 2,suicide,additional,provide,remain,priority,medicare,prevention,subsidise,australian,covid
Topic 3,impact,coronavirus,covid,restriction,tough,stress,government,young,anxious,morrison
Topic 4,lockdown,demand,covid,melbourne,level,detail,stage,andrew,roadmap,daniel
Topic 5,border,anxiety,depression,stress,right,australia,unique,world,suicide,support
