Topic,word1,word2,word3,word4,word5,word6,word7,word8,word9,word10
Topic 1,impact,tough,coronavirus,people,support,depression,great,anxiety,#covid19,million
Topic 2,collective,lockdown,lonely,crisis,second,strain,truly,anger,response,urgent
Topic 3,australia,restriction,week,extension,receive,#covid19vic,welcome,medicare,session,subsidise
Topic 4,people,session,psychology,number,fear,limit,medicare-funded,need,anxiety,wellbeing
Topic 5,session,support,additional,stage,extra,medicare,victorian,restriction,subsidise,announce
