Topic,word1,word2,word3,word4,word5,word6,word7,word8,word9,word10
Topic 1,people,impact,covid,change,australian,world,around,bushfires,life,financial
Topic 2,social,feeling,physical,future,australian,border,citizen,prime,despite,closure
Topic 3,depression,anxiety,people,family,lonely,lockdown,reunite,collective,#loveisnottourism,please
Topic 4,covid,social,pandemic,impact,economy,suffer,relate,contact,along,recession
Topic 5,suicide,depression,economic,breaking,heart,airline,think,going,overwhelm,crisis
