keyword,counts
⁦⁩,407
actions,248
stay,231
critical,220
dozens,208
ed,208
succes,208
active,208
hope,202
priority,195
eat,195
touch,195
seek,195
keeping,185
needed,180
support,175
based,166
care,163
sian,161
highly,161
well,141
#covid19,139
dear,139
pritchard,139
qualified,139
experienced,139
practitiiner,139
great,136
right,110
life-c,110
thanks,110
disability,110
vital,110
remember,110
read,110
eating,110
professionals,92
provide,92
important,89
honest,82
story,82
quality,82
works,82
aged,82
fight,82
daily,82
thank,82
likely,82
help,82
community,79
needs,79
maintain,69
discover,69
entourage,69
digital,69
developed,69
shown,69
reduce,69
social,69
symptom,69
speak,69
difference,69
sticking,69
routine,69
exercising,69
maintaining,69
prioritise,69
nutrition,69
play,69
#apds,69
key,69
welcome,69
$319,69
enhance,69
#covid19vic,69
#suicidepreventio,69
personal,66
work,66
make,60
time,56
take,55
need,53
nurses,48
suicide,46
minister,46
ne,46
intervention,46
alone,46
aus,46
#mentalhealth,46
food,46
role,46
lgbtqia+,46
5x,46
news,46
create,46
high,41
anxiety,37
part,37
getting,35
