Topic,word1,word2,word3,word4,word5,word6,word7,word8,word9,word10
Topic 1,australia,anxiety,struggle,better,covid-safe,love,reunite,additional,service,million
Topic 2,nurse,service,access,community,practitioner,still,support,try,another,pressure
Topic 3,start,enough,medicare,add,session,going,people,depression,social,australian
Topic 4,medical,system,people,deteriorate,productive,significantly,drain,support,longer,experience
Topic 5,depression,anxiety,stress,seeing,solution,pandemic,increase,damage,suicidal,rejection
