Topic,word1,word2,word3,word4,word5,word6,word7,word8,word9,word10
Topic 1,think,lonely,taxpayer,another,depression,scott,morrison,friend,government,85000
Topic 2,depression,future,government,really,worrying,dealing,ausralian,struggle,anxiety,offer
Topic 3,people,anxiety,death,stress,young,cause,depression,suicide,issue,citizen
Topic 4,covid,better,personally,pretending,world,australia,suicide,blame,morrison,extend
Topic 5,australia,happening,minister,#strandedaussies,damage,service,police,benefit,force,abandon
