Topic,word1,word2,word3,word4,word5,word6,word7,word8,word9,word10
Topic 1,impact,coronavirus,support,tough,time,information,stress,overwhelm,extra,uncertain
Topic 2,depression,lockdown,melbourne,pandemic,second,government,covid,fear,crisis,advice
Topic 3,lockdown,australia,anxiety,victoria,today,case,increase,struggle,getting,middle
Topic 4,need,priority,touch,active,important,people,study,confirm,effective,state
Topic 5,really,important,sleep,melbourne,public,lockdown,support,funding,social,reduce
