Topic,word1,word2,word3,word4,word5,word6,word7,word8,word9,word10
Topic 1,impact,tough,people,support,coronavirus,covid,additional,illness,pandemic,severe
Topic 2,need,active,touch,priority,support,agree,point,press,earlier,starting
Topic 3,session,announce,medicare-subsidised,doubling,professional,additional,medicare,facing,people,psychological
Topic 4,support,please,reach,available,wellbeing,concern,access,lockdown,important,stage
Topic 5,anxiety,support,covid,depression,acknowledge,australia,victorian,pandemic,thank,#healthcareworkers
