keyword,counts
apart,318
🥳👏👍,314
bravo,314
sky,314
host,314
alan,314
jones,314
rips,314
insane,314
emoti,314
clinics,313
hubs,307
causing,300
financial,300
additional,283
dedicated,283
#headtohelp,271
policies,267
tomorrow,266
announced,264
exploded,256
locations,248
news,244
lockdown,243
support,239
economic,233
today,229
victoria,224
access,222
murray,220
phn,220
located,220
games,220
video,208
call,198
wrote,198
advice,195
referral,195
maintain,195
ne,195
across,195
victorians,194
community,186
covid,185
provide,180
830am,179
mon,179
595,179
212,179
wraparound,179
#twitch,179
discover,170
works,170
physical,166
professionals,161
improving,161
fitness,161
mentor-based,161
exercise,161
within,161
campaign,161
among,154
streaming,154
region,152
university,151
headtohelp,141
menta,141
progr,139
branded,139
logo,139
wi,139
managing,139
#bendigo,139
hub,139
#gaming,139
x2,139
broadcasting,139
place,134
providing,134
struggling,126
focus,114
open,113
things,111
thanks,110
vital,110
delighted,110
welcome,110
#geelong,110
#ballarat,110
members,110
spiked,110
employers,110
reporting,110
jump,110
staff,110
trained,110
phone,110
models,110
celebrating,110
#skillssavelives,110
