Topic,word1,word2,word3,word4,word5,word6,word7,word8,word9,word10
Topic 1,young,people,great,friendship,anxiety,headspace,today,support,story,celebrate
Topic 2,support,people,beyond,anyone,action,family,1800respect,contact,australia,service
Topic 3,support,australian,service,available,pandemic,covid,need,alone,#1800respect,dedicate
Topic 4,people,support,community,nurse,critical,right,dozen,keeping,succes,base
Topic 5,support,need,explore,active,connection,priority,touch,compassion,kindness,beyond
