Topic,word1,word2,word3,word4,word5,word6,word7,word8,word9,word10
Topic 1,action,great,story,honest,personal,quality,life-c,work,anxiety,#suicidepreventio
Topic 2,support,people,right,critical,nurse,community,dozen,keeping,succes,base
Topic 3,anxiety,important,daily,develop,orygen,show,symptom,intervention,reduce,digital
Topic 4,need,active,priority,touch,experience,highly,minister,pritchard,practitiiner,provide
Topic 5,depression,likely,suicide,experience,first,lgbtqia,anxiety,alone,young,guess
