Topic,word1,word2,word3,word4,word5,word6,word7,word8,word9,word10
Topic 1,support,australian,wellbeing,anxiety,information,please,suffer,essential,friend,#auspol
Topic 2,impact,hotel,coronavirus,tough,#removethecap,someone,imprisonment,really,#afairgof,genuinely
Topic 3,social,#covid19,important,ongoing,inform,medium,impact,covid,victoria,research
Topic 4,today,first,joint,press,release,paragraph,affect,family,brain,hickie
Topic 5,covid,overwhelm,outbreak,stress,anxious,isolation,restriction,impact,depression,change
