Topic,word1,word2,word3,word4,word5,word6,word7,word8,word9,word10
Topic 1,research,quality,international,recognition,leadership,fabulous,support,family,1800respect,funding
Topic 2,people,support,clinic,learn,victorian,access,beyond,announcement,dedicate,additional
Topic 3,australia,feeling,optimize,digital,critical,absolutely,become,online,unsettle,publish
Topic 4,support,service,covid,pandemic,impact,beyond,design,dedicate,online,australian
Topic 5,support,resource,language,service,community,create,range,australian,comfor,wellbeing
