Topic,word1,word2,word3,word4,word5,word6,word7,word8,word9,word10
Topic 1,australia,pandemic,expert,economic,social,effect,dramati,warn,stereotype,trans
Topic 2,impact,coronavirus,tough,advice,follow,come,stopping,protest,overwhelmin,wellbeing
Topic 3,suicide,prevention,healthcare,prevent,housing,hotline,posting,today,anxiety,national
Topic 4,service,australia,governor,reagan,president,california,de-funded,nation-wide,coronavirus,need
Topic 5,community,people,make,physical,active,bravery,daily,work,activity,difference
