Topic,word1,word2,word3,word4,word5,word6,word7,word8,word9,word10
Topic 1,australia,lockdown,covid,prevent,challenge,suicide,isolation,officer,stress,around
Topic 2,come,follow,advice,overwhelmin,protest,stopping,putting,people,today,take
Topic 3,impact,coronavirus,tough,need,priority,active,touch,important,really,diabetes
Topic 4,experience,stress,available,support,feeling,together,bring,uncertainty,listen,everyone
Topic 5,overwhelm,time,support,uncertain,understandable,extra,information,australian,anxiety,wellbeing
