keyword,counts
beyond,382
blue,376
useful,356
helplines,353
real,353
ca,350
224,343
636,333
stay,312
important,304
highlight,300
lifeline,299
financial,297
help,297
link,296
connected,294
mensline,266
counsellin,256
touch,248
available,248
ways,238
friends,236
things,236
small,220
difficult,220
share,220
reunions,220
possible,220
victoria,209
top,209
staying,208
dedicated,208
designed,208
self-isolating,208
discussion,208
stories,208
forums,208
copin,208
welcome,208
gov,208
commitment,208
addressing,208
tim,208
support,206
needs,202
australia,200
money,198
cope,198
time,195
toolkit,195
resources,195
supporting,195
check-in,195
chair,195
connection,195
compassion,195
kindness,195
thro,195
operate,195
self-care,185
suicide,181
home,180
mind,179
provides,179
partnering,179
protect,179
uncertain,179
priority,179
eat,179
active,179
wellbeing,176
tips,176
#1800respect,176
partnered,171
make,168
h,166
working,166
campaign,161
frontline,161
finan,161
communities,161
manage,161
resilience,161
“planning,161
schedule,161
friends”,161
keep,155
australians,153
website,151
people,148
information,139
pe,139
updated,139
advice,139
routine,139
resource,139
24,139
days,139
without,139
“this,139
