Topic,word1,word2,word3,word4,word5,word6,word7,word8,word9,word10
Topic 1,pandemic,system,increase,expose,federal,deficiency,state,causing,demand,depression
Topic 2,focus,response,physical,national,people,young,central,welfare,impact,support
Topic 3,impact,people,covid,coronavirus,australia,#mentalhealth,support,anxiety,country,anxious
Topic 4,include,outside,receive,funding,beyond,company,several,share,psychiatrist,service
Topic 5,nurse,depression,people,partner,program,time,require,death,essential,evaluate
