keyword,created_at_local_time,screen_name,user_URL,tweet_URL,tweet_text,hashtag1,hashtag2
scott,2020-09-17 20:11:12,sreeura,https://twitter.com/sreeura,https://twitter.com/i/web/status/1306536171942494208,RT @Skarthi75372886: @AusHCIndia @ruokday @ScottMorrisonMP @SBSNews - with due respect we state that WE ARE NOT OK. Celebration caption mak…,,
scott,2020-09-22 17:09:56,LorraineBranna2,https://twitter.com/LorraineBranna2,https://twitter.com/i/web/status/1308302493764313089,"@ScottMorrisonMP @JoshFrydenberg What r u doing to help the inequity in Australia? What r u doing to improve childrens lives, with 1 in 5 living below the poverty line? What r u doing to improve the Mental Health Pandemic, with peak bodies showing a direct correlation to poverty? https://t.co/uwtNfrvvkT",,
scott,2020-09-17 15:48:45,jupiteracending,https://twitter.com/jupiteracending,https://twitter.com/i/web/status/1306470126925918208,"@ScottMorrisonMP @PatMcGorry @orygen_aus Hi Scott , I know mental health only to well thx to these Animals and those who help them get away with their crimes, you know the funy thing is that the one strangling me “claims “ he was off his medication for mental health, subsequently he passed on his disease to me 🧐⚖️🇦🇺 https://t.co/3lCmqsusPd",,
scott,2020-09-16 19:44:36,MwilliamDMD,https://twitter.com/MwilliamDMD,https://twitter.com/i/web/status/1306167091179839488,@ScottMorrisonMP @PatMcGorry @orygen_aus You know what would help Victorians mental health more? If you and Greg Hunt followed through on your announcement to review Victoria's modelling and roadmap. @GregHuntMP @ScottMorrisonMP,,
scott,2020-09-18 05:00:04,WaditwarP,https://twitter.com/WaditwarP,https://twitter.com/i/web/status/1306669266846973952,"@ScottMorrisonMP @PatMcGorry @orygen_aus If you really care for the mental health of Aussies, please do something for people stranded overseas. No action from you to reduce the impact of your poor leadership on their mental health. Increase the capping  by 2000 won’t help.",,
scott,2020-09-17 00:57:52,ParnisPatrick,https://twitter.com/ParnisPatrick,https://twitter.com/i/web/status/1306245925619212290,"@ScottMorrisonMP @PatMcGorry @orygen_aus Scott for goodness sake step in an help Victoria. Show some leadership and take over before its to late. The mental health of people here is at breaking point, along with the economy.",,
scott,2020-09-16 19:36:20,Nutsack_II,https://twitter.com/Nutsack_II,https://twitter.com/i/web/status/1306165011572719618,@ScottMorrisonMP @PatMcGorry @orygen_aus If you guys genuinely care about mental health then end the lockdowns immediately and put everyone on UBI,,
scott,2020-09-17 20:36:03,nir_7in,https://twitter.com/nir_7in,https://twitter.com/i/web/status/1306542424743989249,RT @Skarthi75372886: @AusHCIndia @ruokday @ScottMorrisonMP @SBSNews - with due respect we state that WE ARE NOT OK. Celebration caption mak…,,
scott,2020-09-16 13:01:03,jaquix173,https://twitter.com/jaquix173,https://twitter.com/i/web/status/1306065532710387714,RT @iMusing: more like Scott Morrison’s “high unemployment-economy destroying-deep and extended depression-climate change acceleration-rich…,,
scott,2020-09-16 23:49:32,sreeura,https://twitter.com/sreeura,https://twitter.com/i/web/status/1306228729048256512,RT @Samantha_G01: @ScottMorrisonMP (3/3) Where is the compassion from the government? And when will you start listening to what your citize…,,
unemployment-economy,2020-09-16 13:01:03,jaquix173,https://twitter.com/jaquix173,https://twitter.com/i/web/status/1306065532710387714,RT @iMusing: more like Scott Morrison’s “high unemployment-economy destroying-deep and extended depression-climate change acceleration-rich…,,
unemployment-economy,2020-09-16 21:57:27,pg0268,https://twitter.com/pg0268,https://twitter.com/i/web/status/1306200523771539456,RT @iMusing: more like Scott Morrison’s “high unemployment-economy destroying-deep and extended depression-climate change acceleration-rich…,,
unemployment-economy,2020-09-16 14:32:46,AnthChristo,https://twitter.com/AnthChristo,https://twitter.com/i/web/status/1306088616347672576,RT @iMusing: more like Scott Morrison’s “high unemployment-economy destroying-deep and extended depression-climate change acceleration-rich…,,
unemployment-economy,2020-09-16 21:03:40,008moonside,https://twitter.com/008moonside,https://twitter.com/i/web/status/1306186987049607168,RT @iMusing: more like Scott Morrison’s “high unemployment-economy destroying-deep and extended depression-climate change acceleration-rich…,,
unemployment-economy,2020-09-16 20:15:07,SuzyWallace9,https://twitter.com/SuzyWallace9,https://twitter.com/i/web/status/1306174769872527360,RT @iMusing: more like Scott Morrison’s “high unemployment-economy destroying-deep and extended depression-climate change acceleration-rich…,,
death,2020-09-17 21:27:34,Erewhon_Tramp,https://twitter.com/Erewhon_Tramp,https://twitter.com/i/web/status/1306555391011106816,"@KKeneally @AusHCUK @ScottMorrisonMP @AusHouseLondon Lift the CAPS on returning Citizens and PR's  People cant take any more stress, depression and anxiety.   People will commit suicide. Who is to blame for those deaths if it happens. GET US HOME This is getting to be a life or death situation",,
death,2020-09-17 21:28:51,Erewhon_Tramp,https://twitter.com/Erewhon_Tramp,https://twitter.com/i/web/status/1306555713972563968,"Lift the CAPS on returning Citizens and PR's People cant take any more stress, depression and anxiety.   People will commit suicide. Who is to blame for those deaths if it happens. #bringushome  This is getting to be a life or death situation",bringushome,bringushome
death,2020-09-19 04:06:31,Erewhon_Tramp,https://twitter.com/Erewhon_Tramp,https://twitter.com/i/web/status/1307018177587679232,"@AnnastaciaMP Lift the CAPS on returning Citizens and PR's People cant take any more stress, depression and anxiety.   People will commit suicide. Who is to blame for those deaths if it happens. #bringushome  This is getting to be a life or death situation",bringushome,bringushome
death,2020-09-19 04:14:49,Erewhon_Tramp,https://twitter.com/Erewhon_Tramp,https://twitter.com/i/web/status/1307020265717665792,"@AusHCUK @JustJacqs59 @AusHouseLondon REMOVE the CAPS on returning Citizens and PR's People cant take any more stress, depression and anxiety.   People will commit suicide. Who is to blame for those deaths if it happens. #bringushome  This is getting to be a life or death situation",bringushome,bringushome
death,2020-09-19 04:17:59,Erewhon_Tramp,https://twitter.com/Erewhon_Tramp,https://twitter.com/i/web/status/1307021064199958533,"@AnnastaciaMP REMOVE the CAPS on returning Citizens and PR's People cant take any more stress, depression and anxiety.   People will commit suicide. Who is to blame for those deaths if it happens. #bringushome  This is getting to be a life or death situation",bringushome,bringushome
anxiety,2020-09-16 13:37:15,pearlparky,https://twitter.com/pearlparky,https://twitter.com/i/web/status/1306074643413958656,@MissJanie1 @RobPeffer @cassandragoldie @AlanKohler @ACOSS @D_AccessEcon It’s like they’re deliberately vague about it because they want people to live in anxiety.,,
anxiety,2020-09-18 10:13:32,Yieki1,https://twitter.com/Yieki1,https://twitter.com/i/web/status/1306748152779661314,@itsaboutclass @RonniSalt disability affects my everyday life. Massive deep dive. I won't know anything until early October. So nearly 3 months of pure anxiety of people telling me I won't get it. Getting the support we need is so unbelievably difficult by design. Its the continued war on vulnerable peeps,,
anxiety,2020-09-17 21:27:34,Erewhon_Tramp,https://twitter.com/Erewhon_Tramp,https://twitter.com/i/web/status/1306555391011106816,"@KKeneally @AusHCUK @ScottMorrisonMP @AusHouseLondon Lift the CAPS on returning Citizens and PR's  People cant take any more stress, depression and anxiety.   People will commit suicide. Who is to blame for those deaths if it happens. GET US HOME This is getting to be a life or death situation",,
anxiety,2020-09-17 21:28:51,Erewhon_Tramp,https://twitter.com/Erewhon_Tramp,https://twitter.com/i/web/status/1306555713972563968,"Lift the CAPS on returning Citizens and PR's People cant take any more stress, depression and anxiety.   People will commit suicide. Who is to blame for those deaths if it happens. #bringushome  This is getting to be a life or death situation",bringushome,bringushome
anxiety,2020-09-19 04:06:31,Erewhon_Tramp,https://twitter.com/Erewhon_Tramp,https://twitter.com/i/web/status/1307018177587679232,"@AnnastaciaMP Lift the CAPS on returning Citizens and PR's People cant take any more stress, depression and anxiety.   People will commit suicide. Who is to blame for those deaths if it happens. #bringushome  This is getting to be a life or death situation",bringushome,bringushome
anxiety,2020-09-19 04:14:49,Erewhon_Tramp,https://twitter.com/Erewhon_Tramp,https://twitter.com/i/web/status/1307020265717665792,"@AusHCUK @JustJacqs59 @AusHouseLondon REMOVE the CAPS on returning Citizens and PR's People cant take any more stress, depression and anxiety.   People will commit suicide. Who is to blame for those deaths if it happens. #bringushome  This is getting to be a life or death situation",bringushome,bringushome
anxiety,2020-09-19 04:17:59,Erewhon_Tramp,https://twitter.com/Erewhon_Tramp,https://twitter.com/i/web/status/1307021064199958533,"@AnnastaciaMP REMOVE the CAPS on returning Citizens and PR's People cant take any more stress, depression and anxiety.   People will commit suicide. Who is to blame for those deaths if it happens. #bringushome  This is getting to be a life or death situation",bringushome,bringushome
anxiety,2020-09-17 17:48:38,VicAusMidwife,https://twitter.com/VicAusMidwife,https://twitter.com/i/web/status/1306500293916463105,RT @Dr2NisreenAlwan: You can tell from my timeline I’m not feeling particularly calm today! It’s the level of anxiety me &amp; my public health…,,
anxiety,2020-09-16 13:36:21,jazzbby91,https://twitter.com/jazzbby91,https://twitter.com/i/web/status/1306074419597467649,My anxiety has been shit from the moment I woke up today. I just feel sad and flat and it fucking sucks.,,
anxiety,2020-09-20 02:26:40,koukli86,https://twitter.com/koukli86,https://twitter.com/i/web/status/1307355436291633157,RT @kdneeds2travel: Another day that i wake up away from the man i love. I battle with anxiety and depression everyday. No one should be go…,,
victoria,2020-09-16 19:44:36,MwilliamDMD,https://twitter.com/MwilliamDMD,https://twitter.com/i/web/status/1306167091179839488,@ScottMorrisonMP @PatMcGorry @orygen_aus You know what would help Victorians mental health more? If you and Greg Hunt followed through on your announcement to review Victoria's modelling and roadmap. @GregHuntMP @ScottMorrisonMP,,
victoria,2020-09-17 00:57:52,ParnisPatrick,https://twitter.com/ParnisPatrick,https://twitter.com/i/web/status/1306245925619212290,"@ScottMorrisonMP @PatMcGorry @orygen_aus Scott for goodness sake step in an help Victoria. Show some leadership and take over before its to late. The mental health of people here is at breaking point, along with the economy.",,
victoria,2020-09-18 14:22:23,Amanda05597148,https://twitter.com/Amanda05597148,https://twitter.com/i/web/status/1306810777827901441,"RT @drvictoriafox: I feel so much sadness for my son, &amp; so helpless as a mother &amp; scientist I can’t do anything about it. He’s lonely worki…",,
victoria,2020-09-20 20:50:58,DineenKev,https://twitter.com/DineenKev,https://twitter.com/i/web/status/1307633343849086976,"@ScottMorrisonMP Unfortunately @DanielAndrewsMP has created such a mess here in Victoria there are so many sad stories of suicides and attempts due to his draconian lockdowns that health exports disagree with. Aiming for zero is great, but mental health here in Victoria is at breaking point.",,
victoria,2020-09-20 09:54:21,bengibs1980,https://twitter.com/bengibs1980,https://twitter.com/i/web/status/1307468102318260224,@ScottMorrisonMP Mr Morrison when are you going to step in and get children back to school in Victoria? The mental health impact on our children is horrific. Pleas step in to deal with @DanielAndrewsMP,,
victoria,2020-09-21 14:03:10,amcl2004,https://twitter.com/amcl2004,https://twitter.com/i/web/status/1307893105903898626,"But please go on, please tell me what a great job Dan Andrews is doing in #Victoria despite the mental health impacts on the young  Melbourne Uni study shows that young people are experiencing much higher levels of depression, anxiety &amp; stress during #COVID19Victoria   #ThanksDan https://t.co/Xvzub48ft7",COVID19Victoria,Victoria
victoria,2020-09-21 14:05:41,amcl2004,https://twitter.com/amcl2004,https://twitter.com/i/web/status/1307893737222074369,"@DanielAndrewsMP Melbourne Uni study shows that young people are experiencing much higher levels of depression, anxiety &amp; stress during #COVID19Victoria   But please go on, please tell me what a great job Dan Andrews is doing #thanksDan  https://t.co/gOJJumjfJ9",COVID19Victoria,thanksDan
victoria,2020-09-21 14:22:30,amcl2004,https://twitter.com/amcl2004,https://twitter.com/i/web/status/1307897972663808000,"@SandroDemaio @PatsKarvelas Melbourne Uni study shows that young people are experiencing much higher levels of depression, anxiety &amp; stress during   When do we walk &amp; chew gum at the same time in Victoria to address the holistic picture especially the mental health of the young?  https://t.co/xuCwAbsaSD",,
victoria,2020-09-20 22:39:53,J8Aleks,https://twitter.com/J8Aleks,https://twitter.com/i/web/status/1307660753428643841,"@ScottMorrisonMP What’s our #DictatorDan doing in Victoria to help with this cause, locking up young healthy people? Will he be help accountable for the growing number of people losing their lives due to mental health issues?",DictatorDan,DictatorDan
victoria,2020-09-18 10:00:45,RTE49,https://twitter.com/RTE49,https://twitter.com/i/web/status/1306744937245941763,@SkyNewsAust not in Victoria! Victoria is on its economic and mental health knees and just about out for good. @GregHuntMP,,
lonely,2020-09-17 17:18:05,Dpeters1977,https://twitter.com/Dpeters1977,https://twitter.com/i/web/status/1306492605006454785,"RT @EndLonelinessAU: Loneliness threatens our physical health. Lonely people are more likely to die earlier, and have higher morbidity of p…",,
lonely,2020-09-18 14:22:23,Amanda05597148,https://twitter.com/Amanda05597148,https://twitter.com/i/web/status/1306810777827901441,"RT @drvictoriafox: I feel so much sadness for my son, &amp; so helpless as a mother &amp; scientist I can’t do anything about it. He’s lonely worki…",,
lonely,2020-09-18 13:24:30,AlecWilmot,https://twitter.com/AlecWilmot,https://twitter.com/i/web/status/1306796209332346880,"This kind of Aussie chauvinism makes me furious. Int. students are trying to make a go of it and it's not easy. It can be very challenging to culturally/socially integrate, many students are lonely, especially under these conditions. Then the host nation will not even offer beds. https://t.co/oYwO9urnR4",,
lonely,2020-09-16 23:29:24,jazzbby91,https://twitter.com/jazzbby91,https://twitter.com/i/web/status/1306223663407013891,"@shanaynayyyyyy @sebg11111 @_EMazing @J3sika01 We love to see it!!! I don’t actually think they’ve got a partner, I’m pretty sure it’s a lonely basement dweller 😂",,
lonely,2020-09-16 16:16:14,cajeffrey14,https://twitter.com/cajeffrey14,https://twitter.com/i/web/status/1306114653966053377,"RT @virgotweet: YET ANOTHER SCOTT MORRISON LIBERAL RORT! Taxpayers stumping up $85,000 a year for best friend of PM’s ‘sad &amp; lonely’ wife t…",,
lonely,2020-09-16 11:00:08,KerryAnnSmith1,https://twitter.com/KerryAnnSmith1,https://twitter.com/i/web/status/1306035105350037505,"RT @virgotweet: YET ANOTHER SCOTT MORRISON LIBERAL RORT! Taxpayers stumping up $85,000 a year for best friend of PM’s ‘sad &amp; lonely’ wife t…",,
lonely,2020-09-16 13:00:52,RichForrest2,https://twitter.com/RichForrest2,https://twitter.com/i/web/status/1306065487218929664,"RT @virgotweet: YET ANOTHER SCOTT MORRISON LIBERAL RORT! Taxpayers stumping up $85,000 a year for best friend of PM’s ‘sad &amp; lonely’ wife t…",,
lonely,2020-09-16 13:02:12,RichForrest2,https://twitter.com/RichForrest2,https://twitter.com/i/web/status/1306065825539846148,"YET ANOTHER SCOTT MORRISON LIBERAL RORT! Taxpayers stumping up $85,000 a year for best friend of PM’s ‘sad &amp; lonely’ wife to hang out at Kirribilli House: https://t.co/Xat2M0DdjR",,
lonely,2020-09-16 17:36:01,johnsalmond,https://twitter.com/johnsalmond,https://twitter.com/i/web/status/1306134729758892033,"RT @virgotweet: YET ANOTHER SCOTT MORRISON LIBERAL RORT! Taxpayers stumping up $85,000 a year for best friend of PM’s ‘sad &amp; lonely’ wife t…",,
lonely,2020-09-16 07:41:33,TL772019,https://twitter.com/TL772019,https://twitter.com/i/web/status/1305985129672708096,RT @commonsense058: Melbourne has become a Capital City populated with lonely people. #melbournelockdown #victorialockdown #coronavirus #Lo…,coronavirus,victorialockdown
extend,2020-09-16 13:01:03,jaquix173,https://twitter.com/jaquix173,https://twitter.com/i/web/status/1306065532710387714,RT @iMusing: more like Scott Morrison’s “high unemployment-economy destroying-deep and extended depression-climate change acceleration-rich…,,
extend,2020-09-16 23:27:01,sreeura,https://twitter.com/sreeura,https://twitter.com/i/web/status/1306223063055253504,"RT @adventure_ali_: The chaos for more than 20,000 Australians stranded around the world looks set to extend to well after Christmas. Thi…",,
extend,2020-09-16 21:57:27,pg0268,https://twitter.com/pg0268,https://twitter.com/i/web/status/1306200523771539456,RT @iMusing: more like Scott Morrison’s “high unemployment-economy destroying-deep and extended depression-climate change acceleration-rich…,,
extend,2020-09-16 14:32:46,AnthChristo,https://twitter.com/AnthChristo,https://twitter.com/i/web/status/1306088616347672576,RT @iMusing: more like Scott Morrison’s “high unemployment-economy destroying-deep and extended depression-climate change acceleration-rich…,,
extend,2020-09-16 21:03:40,008moonside,https://twitter.com/008moonside,https://twitter.com/i/web/status/1306186987049607168,RT @iMusing: more like Scott Morrison’s “high unemployment-economy destroying-deep and extended depression-climate change acceleration-rich…,,
extend,2020-09-17 06:08:47,nir_7in,https://twitter.com/nir_7in,https://twitter.com/i/web/status/1306324171643789312,"RT @adventure_ali_: The chaos for more than 20,000 Australians stranded around the world looks set to extend to well after Christmas. Thi…",,
extend,2020-09-16 20:15:07,SuzyWallace9,https://twitter.com/SuzyWallace9,https://twitter.com/i/web/status/1306174769872527360,RT @iMusing: more like Scott Morrison’s “high unemployment-economy destroying-deep and extended depression-climate change acceleration-rich…,,
young,2020-09-17 11:38:50,tassie_JR,https://twitter.com/tassie_JR,https://twitter.com/i/web/status/1306407231269658624,RT @DanielBleakley: One of the biggest causes of mental health problems in young people is anxiety about the lack of serious action on the…,,
young,2020-09-21 14:03:10,amcl2004,https://twitter.com/amcl2004,https://twitter.com/i/web/status/1307893105903898626,"But please go on, please tell me what a great job Dan Andrews is doing in #Victoria despite the mental health impacts on the young  Melbourne Uni study shows that young people are experiencing much higher levels of depression, anxiety &amp; stress during #COVID19Victoria   #ThanksDan https://t.co/Xvzub48ft7",COVID19Victoria,Victoria
young,2020-09-21 14:05:41,amcl2004,https://twitter.com/amcl2004,https://twitter.com/i/web/status/1307893737222074369,"@DanielAndrewsMP Melbourne Uni study shows that young people are experiencing much higher levels of depression, anxiety &amp; stress during #COVID19Victoria   But please go on, please tell me what a great job Dan Andrews is doing #thanksDan  https://t.co/gOJJumjfJ9",COVID19Victoria,thanksDan
young,2020-09-21 14:22:30,amcl2004,https://twitter.com/amcl2004,https://twitter.com/i/web/status/1307897972663808000,"@SandroDemaio @PatsKarvelas Melbourne Uni study shows that young people are experiencing much higher levels of depression, anxiety &amp; stress during   When do we walk &amp; chew gum at the same time in Victoria to address the holistic picture especially the mental health of the young?  https://t.co/xuCwAbsaSD",,
young,2020-09-20 22:39:53,J8Aleks,https://twitter.com/J8Aleks,https://twitter.com/i/web/status/1307660753428643841,"@ScottMorrisonMP What’s our #DictatorDan doing in Victoria to help with this cause, locking up young healthy people? Will he be help accountable for the growing number of people losing their lives due to mental health issues?",DictatorDan,DictatorDan
young,2020-09-17 11:35:32,ireneis68700941,https://twitter.com/ireneis68700941,https://twitter.com/i/web/status/1306406399212019712,@ScottMorrisonMP @PatMcGorry @orygen_aus You spent over 10 times this much creating mental health issues in young people with your robodebt disaster of a program.,,
young,2020-09-17 11:37:36,DanielBleakley,https://twitter.com/DanielBleakley,https://twitter.com/i/web/status/1306406921314791425,One of the biggest causes of mental health problems in young people is anxiety about the lack of serious action on the climate crisis. https://t.co/J4SiPAdbHc,,
young,2020-09-17 11:37:39,DanielBleakley,https://twitter.com/DanielBleakley,https://twitter.com/i/web/status/1306406935168647169,@ScottMorrisonMP @PatMcGorry @orygen_aus One of the biggest causes of mental health problems in young people is anxiety about the lack of serious action on the climate crisis.,,
worrying,2020-09-18 15:43:59,BasnetRashmita,https://twitter.com/BasnetRashmita,https://twitter.com/i/web/status/1306831313005981697,"RT @ShresthaPrameel: We are struggling, dealing with depression and worrying about our future. Ausralian government doesn't really care abo…",,
worrying,2020-09-16 21:02:47,Nilam3615,https://twitter.com/Nilam3615,https://twitter.com/i/web/status/1306186764747509760,"RT @NiramaTandan: We are struggling, dealing with depression and worrying about our future. Ausralian government doesn't really care about…",,
worrying,2020-09-16 11:22:08,nehasandhu123,https://twitter.com/nehasandhu123,https://twitter.com/i/web/status/1306040640451407874,"RT @ShresthaPrameel: We are struggling, dealing with depression and worrying about our future. Ausralian government doesn't really care abo…",,
worrying,2020-09-16 11:24:43,nehasandhu123,https://twitter.com/nehasandhu123,https://twitter.com/i/web/status/1306041292338601984,"RT @NiramaTandan: We are struggling, dealing with depression and worrying about our future. Ausralian government doesn't really care about…",,
worrying,2020-09-16 00:06:06,nir_7in,https://twitter.com/nir_7in,https://twitter.com/i/web/status/1305870509909966850,"RT @ShresthaPrameel: We are struggling, dealing with depression and worrying about our future. Ausralian government doesn't really care abo…",,
worrying,2020-09-16 00:16:20,nir_7in,https://twitter.com/nir_7in,https://twitter.com/i/web/status/1305873086701543425,"RT @NiramaTandan: We are struggling, dealing with depression and worrying about our future. Ausralian government doesn't really care about…",,
#auspol,2020-09-22 16:12:45,John_M_bps,https://twitter.com/John_M_bps,https://twitter.com/i/web/status/1308288102243262466,"@JodiMcKayMP 1. #Australia locks up children, ergo devoid of empathy  2. Clear evidence of his scam &amp; contempt for true mental health sufferers.  There is no reason to call @mattjcan's  favorite Italian 'bushman' bc he is not unwell.  @LNPQLD RUSE #auspol  @ausgov @GladysB @ScottMorrisonMP",auspol,Australia
#auspol,2020-09-22 15:49:44,neetasalaria,https://twitter.com/neetasalaria,https://twitter.com/i/web/status/1308282311541100544,"@AnnieFuller09 @ScottMorrisonMP So true feelings are changing from desperation to depression  ,missing home and family.  abandoned by Australian Government #auspol . Only my faith in God and family keeps me going .@AusHCIndia ever announcing anything to comfort #strandedAussies .",auspol,strandedAussies
#auspol,2020-09-19 14:06:41,666Tweet,https://twitter.com/666Tweet,https://twitter.com/i/web/status/1307169214965444609,"76 times the #Fiberals were told #Robodebt was illegal. Yet they still persued the debts, causing anxiety, mental health issues and worse 😥 #auspol https://t.co/wap3MJHM76",auspol,Robodebt
#auspol,2020-09-22 06:04:03,HumanLike_U,https://twitter.com/HumanLike_U,https://twitter.com/i/web/status/1308134918178758656,"@removethecaps @KKeneally @SenatorWong @ScottMorrisonMP This is Australia being unashamed even to their own citizens; denying citizens of right to be with their loved ones in times of a crisis. Decimating the economy is not enough, decimating the mental health of its people is its objective because the leaders are weak #auspol",auspol,auspol
#auspol,2020-09-16 17:19:07,ditreble,https://twitter.com/ditreble,https://twitter.com/i/web/status/1306130480035627008,"@healthgovau @ausgov Do you think, for the sake of our mental health, you could ask Fed Got ministers to stop treating us like pawns in a political game? I was doing okay with our lockdown in Melb until Frydenberg &amp; Hunt started bullying our Premier. It's causing me huge stress. #auspol #melburnians",auspol,melburnians
#auspol,2020-09-19 20:45:04,Sod1959,https://twitter.com/Sod1959,https://twitter.com/i/web/status/1307269471409598464,@JoshFrydenberg @LiberalAus As you and @ScottMorrisonMP  are about to cut $300 from those of us stuck on #jobseeker which will yet again hurt both our mental and physical health  maybe listen to this song and learn some compassion #Auspol #acoss #raisetherateforgood   https://t.co/cHKw3e7JAT,acoss,raisetherateforgood
depression,2020-09-16 13:01:03,jaquix173,https://twitter.com/jaquix173,https://twitter.com/i/web/status/1306065532710387714,RT @iMusing: more like Scott Morrison’s “high unemployment-economy destroying-deep and extended depression-climate change acceleration-rich…,,
depression,2020-09-16 21:57:27,pg0268,https://twitter.com/pg0268,https://twitter.com/i/web/status/1306200523771539456,RT @iMusing: more like Scott Morrison’s “high unemployment-economy destroying-deep and extended depression-climate change acceleration-rich…,,
depression,2020-09-17 21:27:34,Erewhon_Tramp,https://twitter.com/Erewhon_Tramp,https://twitter.com/i/web/status/1306555391011106816,"@KKeneally @AusHCUK @ScottMorrisonMP @AusHouseLondon Lift the CAPS on returning Citizens and PR's  People cant take any more stress, depression and anxiety.   People will commit suicide. Who is to blame for those deaths if it happens. GET US HOME This is getting to be a life or death situation",,
depression,2020-09-17 21:28:51,Erewhon_Tramp,https://twitter.com/Erewhon_Tramp,https://twitter.com/i/web/status/1306555713972563968,"Lift the CAPS on returning Citizens and PR's People cant take any more stress, depression and anxiety.   People will commit suicide. Who is to blame for those deaths if it happens. #bringushome  This is getting to be a life or death situation",bringushome,bringushome
depression,2020-09-19 04:06:31,Erewhon_Tramp,https://twitter.com/Erewhon_Tramp,https://twitter.com/i/web/status/1307018177587679232,"@AnnastaciaMP Lift the CAPS on returning Citizens and PR's People cant take any more stress, depression and anxiety.   People will commit suicide. Who is to blame for those deaths if it happens. #bringushome  This is getting to be a life or death situation",bringushome,bringushome
depression,2020-09-19 04:14:49,Erewhon_Tramp,https://twitter.com/Erewhon_Tramp,https://twitter.com/i/web/status/1307020265717665792,"@AusHCUK @JustJacqs59 @AusHouseLondon REMOVE the CAPS on returning Citizens and PR's People cant take any more stress, depression and anxiety.   People will commit suicide. Who is to blame for those deaths if it happens. #bringushome  This is getting to be a life or death situation",bringushome,bringushome
depression,2020-09-19 04:17:59,Erewhon_Tramp,https://twitter.com/Erewhon_Tramp,https://twitter.com/i/web/status/1307021064199958533,"@AnnastaciaMP REMOVE the CAPS on returning Citizens and PR's People cant take any more stress, depression and anxiety.   People will commit suicide. Who is to blame for those deaths if it happens. #bringushome  This is getting to be a life or death situation",bringushome,bringushome
depression,2020-09-18 15:43:59,BasnetRashmita,https://twitter.com/BasnetRashmita,https://twitter.com/i/web/status/1306831313005981697,"RT @ShresthaPrameel: We are struggling, dealing with depression and worrying about our future. Ausralian government doesn't really care abo…",,
depression,2020-09-20 02:26:40,koukli86,https://twitter.com/koukli86,https://twitter.com/i/web/status/1307355436291633157,RT @kdneeds2travel: Another day that i wake up away from the man i love. I battle with anxiety and depression everyday. No one should be go…,,
depression,2020-09-22 15:49:44,neetasalaria,https://twitter.com/neetasalaria,https://twitter.com/i/web/status/1308282311541100544,"@AnnieFuller09 @ScottMorrisonMP So true feelings are changing from desperation to depression  ,missing home and family.  abandoned by Australian Government #auspol . Only my faith in God and family keeps me going .@AusHCIndia ever announcing anything to comfort #strandedAussies .",auspol,strandedAussies
destroying-deep,2020-09-16 13:01:03,jaquix173,https://twitter.com/jaquix173,https://twitter.com/i/web/status/1306065532710387714,RT @iMusing: more like Scott Morrison’s “high unemployment-economy destroying-deep and extended depression-climate change acceleration-rich…,,
destroying-deep,2020-09-16 21:57:27,pg0268,https://twitter.com/pg0268,https://twitter.com/i/web/status/1306200523771539456,RT @iMusing: more like Scott Morrison’s “high unemployment-economy destroying-deep and extended depression-climate change acceleration-rich…,,
destroying-deep,2020-09-16 14:32:46,AnthChristo,https://twitter.com/AnthChristo,https://twitter.com/i/web/status/1306088616347672576,RT @iMusing: more like Scott Morrison’s “high unemployment-economy destroying-deep and extended depression-climate change acceleration-rich…,,
destroying-deep,2020-09-16 21:03:40,008moonside,https://twitter.com/008moonside,https://twitter.com/i/web/status/1306186987049607168,RT @iMusing: more like Scott Morrison’s “high unemployment-economy destroying-deep and extended depression-climate change acceleration-rich…,,
destroying-deep,2020-09-16 20:15:07,SuzyWallace9,https://twitter.com/SuzyWallace9,https://twitter.com/i/web/status/1306174769872527360,RT @iMusing: more like Scott Morrison’s “high unemployment-economy destroying-deep and extended depression-climate change acceleration-rich…,,
another,2020-09-20 02:26:40,koukli86,https://twitter.com/koukli86,https://twitter.com/i/web/status/1307355436291633157,RT @kdneeds2travel: Another day that i wake up away from the man i love. I battle with anxiety and depression everyday. No one should be go…,,
another,2020-09-16 16:16:14,cajeffrey14,https://twitter.com/cajeffrey14,https://twitter.com/i/web/status/1306114653966053377,"RT @virgotweet: YET ANOTHER SCOTT MORRISON LIBERAL RORT! Taxpayers stumping up $85,000 a year for best friend of PM’s ‘sad &amp; lonely’ wife t…",,
another,2020-09-16 11:00:08,KerryAnnSmith1,https://twitter.com/KerryAnnSmith1,https://twitter.com/i/web/status/1306035105350037505,"RT @virgotweet: YET ANOTHER SCOTT MORRISON LIBERAL RORT! Taxpayers stumping up $85,000 a year for best friend of PM’s ‘sad &amp; lonely’ wife t…",,
another,2020-09-16 13:00:52,RichForrest2,https://twitter.com/RichForrest2,https://twitter.com/i/web/status/1306065487218929664,"RT @virgotweet: YET ANOTHER SCOTT MORRISON LIBERAL RORT! Taxpayers stumping up $85,000 a year for best friend of PM’s ‘sad &amp; lonely’ wife t…",,
another,2020-09-16 13:02:12,RichForrest2,https://twitter.com/RichForrest2,https://twitter.com/i/web/status/1306065825539846148,"YET ANOTHER SCOTT MORRISON LIBERAL RORT! Taxpayers stumping up $85,000 a year for best friend of PM’s ‘sad &amp; lonely’ wife to hang out at Kirribilli House: https://t.co/Xat2M0DdjR",,
another,2020-09-20 21:34:58,ian_hickie,https://twitter.com/ian_hickie,https://twitter.com/i/web/status/1307644418736885760,"@JudkinsSimon As the adverse impacts of COVID19 on mental health escalate, pressure on EDs will increase - need additional capacity (e.g purchasing from private sector) and new solutions (e.g. alternative clinics) funded by FEDs on Oct 6, Budget - not put off for another year...@GregHuntMP",,
another,2020-09-16 17:36:01,johnsalmond,https://twitter.com/johnsalmond,https://twitter.com/i/web/status/1306134729758892033,"RT @virgotweet: YET ANOTHER SCOTT MORRISON LIBERAL RORT! Taxpayers stumping up $85,000 a year for best friend of PM’s ‘sad &amp; lonely’ wife t…",,
another,2020-09-20 07:36:23,tall_rach,https://twitter.com/tall_rach,https://twitter.com/i/web/status/1307433382008086529,RT @kdneeds2travel: Another day that i wake up away from the man i love. I battle with anxiety and depression everyday. No one should be go…,,
another,2020-09-16 20:04:03,Marvell_Law,https://twitter.com/Marvell_Law,https://twitter.com/i/web/status/1306171987350310912,"RT @virgotweet: YET ANOTHER SCOTT MORRISON LIBERAL RORT! Taxpayers stumping up $85,000 a year for best friend of PM’s ‘sad &amp; lonely’ wife t…",,
future,2020-09-18 15:43:59,BasnetRashmita,https://twitter.com/BasnetRashmita,https://twitter.com/i/web/status/1306831313005981697,"RT @ShresthaPrameel: We are struggling, dealing with depression and worrying about our future. Ausralian government doesn't really care abo…",,
future,2020-09-16 21:02:47,Nilam3615,https://twitter.com/Nilam3615,https://twitter.com/i/web/status/1306186764747509760,"RT @NiramaTandan: We are struggling, dealing with depression and worrying about our future. Ausralian government doesn't really care about…",,
future,2020-09-19 13:29:23,ScallywagRay,https://twitter.com/ScallywagRay,https://twitter.com/i/web/status/1307159828507144193,"@sophieelsworth Good on Tom. They don’t make them like they use to hey.  Depressions, world wars, concentration camps, food shortages, they did it all for future generations.  #IStandWithTom",IStandWithTom,IStandWithTom
future,2020-09-16 11:22:08,nehasandhu123,https://twitter.com/nehasandhu123,https://twitter.com/i/web/status/1306040640451407874,"RT @ShresthaPrameel: We are struggling, dealing with depression and worrying about our future. Ausralian government doesn't really care abo…",,
future,2020-09-16 11:24:43,nehasandhu123,https://twitter.com/nehasandhu123,https://twitter.com/i/web/status/1306041292338601984,"RT @NiramaTandan: We are struggling, dealing with depression and worrying about our future. Ausralian government doesn't really care about…",,
future,2020-09-16 00:06:06,nir_7in,https://twitter.com/nir_7in,https://twitter.com/i/web/status/1305870509909966850,"RT @ShresthaPrameel: We are struggling, dealing with depression and worrying about our future. Ausralian government doesn't really care abo…",,
future,2020-09-16 00:16:20,nir_7in,https://twitter.com/nir_7in,https://twitter.com/i/web/status/1305873086701543425,"RT @NiramaTandan: We are struggling, dealing with depression and worrying about our future. Ausralian government doesn't really care about…",,
doubt,2020-09-17 19:27:04,croke_david,https://twitter.com/croke_david,https://twitter.com/i/web/status/1306525068189560833,RT @4goodgovt: @phlogga There is no doubt that the LNP led campaign has caused considerable stress and anxiety. They have prolonged our rec…,,
doubt,2020-09-21 12:03:00,nicoligee,https://twitter.com/nicoligee,https://twitter.com/i/web/status/1307862865055866881,"@KKeneally @ScottMorrisonMP The Ministers of Mental Health, need to act on the damage happening to #StrandedAussies. Abandonment, uncertainty, doubt of citizenship value.  @GregHuntMP @bronnietaylor @ShaneRattenbury @natashafyles @jeremyrockliff @MartinFoleyMP @StephenWadeMLC @rogercookmla",StrandedAussies,StrandedAussies
doubt,2020-09-17 17:25:51,4goodgovt,https://twitter.com/4goodgovt,https://twitter.com/i/web/status/1306494559208140800,@phlogga There is no doubt that the LNP led campaign has caused considerable stress and anxiety. They have prolonged our recovery and encouraged protests. Class action against the LNP is a great idea.,,
overseas,2020-09-18 05:00:04,WaditwarP,https://twitter.com/WaditwarP,https://twitter.com/i/web/status/1306669266846973952,"@ScottMorrisonMP @PatMcGorry @orygen_aus If you really care for the mental health of Aussies, please do something for people stranded overseas. No action from you to reduce the impact of your poor leadership on their mental health. Increase the capping  by 2000 won’t help.",,
overseas,2020-09-16 12:56:14,BasnetRashmita,https://twitter.com/BasnetRashmita,https://twitter.com/i/web/status/1306064321374384128,RT @ShresthaPrameel: Australian government cares more about making money from overseas students rather then our mental health. It's utterly…,,
overseas,2020-09-16 00:09:33,nir_7in,https://twitter.com/nir_7in,https://twitter.com/i/web/status/1305871380731367430,RT @ShresthaPrameel: Australian government cares more about making money from overseas students rather then our mental health. It's utterly…,,
making,2020-09-16 12:56:14,BasnetRashmita,https://twitter.com/BasnetRashmita,https://twitter.com/i/web/status/1306064321374384128,RT @ShresthaPrameel: Australian government cares more about making money from overseas students rather then our mental health. It's utterly…,,
making,2020-09-17 11:52:29,Clay02911789,https://twitter.com/Clay02911789,https://twitter.com/i/web/status/1306410665318334466,RT @DaveJ1738: and yet @ScottMorrisonMP the fkn scumbag continues to do it. Next minute he's making some statement about mental health of A…,,
making,2020-09-16 00:09:33,nir_7in,https://twitter.com/nir_7in,https://twitter.com/i/web/status/1305871380731367430,RT @ShresthaPrameel: Australian government cares more about making money from overseas students rather then our mental health. It's utterly…,,
people,2020-09-18 05:00:04,WaditwarP,https://twitter.com/WaditwarP,https://twitter.com/i/web/status/1306669266846973952,"@ScottMorrisonMP @PatMcGorry @orygen_aus If you really care for the mental health of Aussies, please do something for people stranded overseas. No action from you to reduce the impact of your poor leadership on their mental health. Increase the capping  by 2000 won’t help.",,
people,2020-09-17 00:57:52,ParnisPatrick,https://twitter.com/ParnisPatrick,https://twitter.com/i/web/status/1306245925619212290,"@ScottMorrisonMP @PatMcGorry @orygen_aus Scott for goodness sake step in an help Victoria. Show some leadership and take over before its to late. The mental health of people here is at breaking point, along with the economy.",,
people,2020-09-17 17:18:05,Dpeters1977,https://twitter.com/Dpeters1977,https://twitter.com/i/web/status/1306492605006454785,"RT @EndLonelinessAU: Loneliness threatens our physical health. Lonely people are more likely to die earlier, and have higher morbidity of p…",,
people,2020-09-16 13:37:15,pearlparky,https://twitter.com/pearlparky,https://twitter.com/i/web/status/1306074643413958656,@MissJanie1 @RobPeffer @cassandragoldie @AlanKohler @ACOSS @D_AccessEcon It’s like they’re deliberately vague about it because they want people to live in anxiety.,,
people,2020-09-17 23:49:00,AmandaJ95577106,https://twitter.com/AmandaJ95577106,https://twitter.com/i/web/status/1306590984902332422,@CaringConcern @GregHuntMP  We need input from a broad spectrum of people working together for the benefit of mental health. Silos fighting over funding don't help anyone especially if special interests not declared.,,
people,2020-09-18 10:13:32,Yieki1,https://twitter.com/Yieki1,https://twitter.com/i/web/status/1306748152779661314,@itsaboutclass @RonniSalt disability affects my everyday life. Massive deep dive. I won't know anything until early October. So nearly 3 months of pure anxiety of people telling me I won't get it. Getting the support we need is so unbelievably difficult by design. Its the continued war on vulnerable peeps,,
people,2020-09-17 21:27:34,Erewhon_Tramp,https://twitter.com/Erewhon_Tramp,https://twitter.com/i/web/status/1306555391011106816,"@KKeneally @AusHCUK @ScottMorrisonMP @AusHouseLondon Lift the CAPS on returning Citizens and PR's  People cant take any more stress, depression and anxiety.   People will commit suicide. Who is to blame for those deaths if it happens. GET US HOME This is getting to be a life or death situation",,
people,2020-09-17 21:28:51,Erewhon_Tramp,https://twitter.com/Erewhon_Tramp,https://twitter.com/i/web/status/1306555713972563968,"Lift the CAPS on returning Citizens and PR's People cant take any more stress, depression and anxiety.   People will commit suicide. Who is to blame for those deaths if it happens. #bringushome  This is getting to be a life or death situation",bringushome,bringushome
people,2020-09-19 04:06:31,Erewhon_Tramp,https://twitter.com/Erewhon_Tramp,https://twitter.com/i/web/status/1307018177587679232,"@AnnastaciaMP Lift the CAPS on returning Citizens and PR's People cant take any more stress, depression and anxiety.   People will commit suicide. Who is to blame for those deaths if it happens. #bringushome  This is getting to be a life or death situation",bringushome,bringushome
people,2020-09-19 04:14:49,Erewhon_Tramp,https://twitter.com/Erewhon_Tramp,https://twitter.com/i/web/status/1307020265717665792,"@AusHCUK @JustJacqs59 @AusHouseLondon REMOVE the CAPS on returning Citizens and PR's People cant take any more stress, depression and anxiety.   People will commit suicide. Who is to blame for those deaths if it happens. #bringushome  This is getting to be a life or death situation",bringushome,bringushome
think,2020-09-17 16:09:24,sreeura,https://twitter.com/sreeura,https://twitter.com/i/web/status/1306475320136982533,"RT @TaperJeanGirl: . @ScottMorrisonMP I’ve had two flights cancelled so far, after the last one I had a breakdown. I don’t think my mental…",,
think,2020-09-16 23:29:24,jazzbby91,https://twitter.com/jazzbby91,https://twitter.com/i/web/status/1306223663407013891,"@shanaynayyyyyy @sebg11111 @_EMazing @J3sika01 We love to see it!!! I don’t actually think they’ve got a partner, I’m pretty sure it’s a lonely basement dweller 😂",,
think,2020-09-17 15:07:58,neetasalaria,https://twitter.com/neetasalaria,https://twitter.com/i/web/status/1306459863216656384,"RT @TaperJeanGirl: . @ScottMorrisonMP I’ve had two flights cancelled so far, after the last one I had a breakdown. I don’t think my mental…",,
think,2020-09-16 17:22:04,Pullenvalebirds,https://twitter.com/Pullenvalebirds,https://twitter.com/i/web/status/1306131220925837312,"RT @ditreble: @healthgovau @ausgov Do you think, for the sake of our mental health, you could ask Fed Got ministers to stop treating us lik…",,
think,2020-09-16 17:19:07,ditreble,https://twitter.com/ditreble,https://twitter.com/i/web/status/1306130480035627008,"@healthgovau @ausgov Do you think, for the sake of our mental health, you could ask Fed Got ministers to stop treating us like pawns in a political game? I was doing okay with our lockdown in Melb until Frydenberg &amp; Hunt started bullying our Premier. It's causing me huge stress. #auspol #melburnians",auspol,melburnians
think,2020-09-17 10:23:32,nehasandhu123,https://twitter.com/nehasandhu123,https://twitter.com/i/web/status/1306388281324494848,"RT @TaperJeanGirl: . @ScottMorrisonMP I’ve had two flights cancelled so far, after the last one I had a breakdown. I don’t think my mental…",,
think,2020-09-17 19:25:52,rodneyholmes64,https://twitter.com/rodneyholmes64,https://twitter.com/i/web/status/1306524762391232512,"RT @gregmlarsen: Man if you think hotel quarantine is draconian, soul-destroying, and causing severe depression, wait until you find out ab…",,
think,2020-09-18 01:43:39,oldman_sam,https://twitter.com/oldman_sam,https://twitter.com/i/web/status/1306619835099443202,"RT @gregmlarsen: Man if you think hotel quarantine is draconian, soul-destroying, and causing severe depression, wait until you find out ab…",,
think,2020-09-17 07:44:34,tall_rach,https://twitter.com/tall_rach,https://twitter.com/i/web/status/1306348274836746240,"RT @TaperJeanGirl: . @ScottMorrisonMP I’ve had two flights cancelled so far, after the last one I had a breakdown. I don’t think my mental…",,
think,2020-09-17 19:35:44,DrColinTrainor,https://twitter.com/DrColinTrainor,https://twitter.com/i/web/status/1306527248871120896,"RT @gregmlarsen: Man if you think hotel quarantine is draconian, soul-destroying, and causing severe depression, wait until you find out ab…",,
depression-climate,2020-09-16 13:01:03,jaquix173,https://twitter.com/jaquix173,https://twitter.com/i/web/status/1306065532710387714,RT @iMusing: more like Scott Morrison’s “high unemployment-economy destroying-deep and extended depression-climate change acceleration-rich…,,
depression-climate,2020-09-16 21:57:27,pg0268,https://twitter.com/pg0268,https://twitter.com/i/web/status/1306200523771539456,RT @iMusing: more like Scott Morrison’s “high unemployment-economy destroying-deep and extended depression-climate change acceleration-rich…,,
depression-climate,2020-09-16 14:32:46,AnthChristo,https://twitter.com/AnthChristo,https://twitter.com/i/web/status/1306088616347672576,RT @iMusing: more like Scott Morrison’s “high unemployment-economy destroying-deep and extended depression-climate change acceleration-rich…,,
depression-climate,2020-09-16 21:03:40,008moonside,https://twitter.com/008moonside,https://twitter.com/i/web/status/1306186987049607168,RT @iMusing: more like Scott Morrison’s “high unemployment-economy destroying-deep and extended depression-climate change acceleration-rich…,,
depression-climate,2020-09-16 20:15:07,SuzyWallace9,https://twitter.com/SuzyWallace9,https://twitter.com/i/web/status/1306174769872527360,RT @iMusing: more like Scott Morrison’s “high unemployment-economy destroying-deep and extended depression-climate change acceleration-rich…,,
situation,2020-09-17 21:27:34,Erewhon_Tramp,https://twitter.com/Erewhon_Tramp,https://twitter.com/i/web/status/1306555391011106816,"@KKeneally @AusHCUK @ScottMorrisonMP @AusHouseLondon Lift the CAPS on returning Citizens and PR's  People cant take any more stress, depression and anxiety.   People will commit suicide. Who is to blame for those deaths if it happens. GET US HOME This is getting to be a life or death situation",,
situation,2020-09-17 21:28:51,Erewhon_Tramp,https://twitter.com/Erewhon_Tramp,https://twitter.com/i/web/status/1306555713972563968,"Lift the CAPS on returning Citizens and PR's People cant take any more stress, depression and anxiety.   People will commit suicide. Who is to blame for those deaths if it happens. #bringushome  This is getting to be a life or death situation",bringushome,bringushome
situation,2020-09-19 04:06:31,Erewhon_Tramp,https://twitter.com/Erewhon_Tramp,https://twitter.com/i/web/status/1307018177587679232,"@AnnastaciaMP Lift the CAPS on returning Citizens and PR's People cant take any more stress, depression and anxiety.   People will commit suicide. Who is to blame for those deaths if it happens. #bringushome  This is getting to be a life or death situation",bringushome,bringushome
situation,2020-09-19 04:14:49,Erewhon_Tramp,https://twitter.com/Erewhon_Tramp,https://twitter.com/i/web/status/1307020265717665792,"@AusHCUK @JustJacqs59 @AusHouseLondon REMOVE the CAPS on returning Citizens and PR's People cant take any more stress, depression and anxiety.   People will commit suicide. Who is to blame for those deaths if it happens. #bringushome  This is getting to be a life or death situation",bringushome,bringushome
situation,2020-09-19 04:17:59,Erewhon_Tramp,https://twitter.com/Erewhon_Tramp,https://twitter.com/i/web/status/1307021064199958533,"@AnnastaciaMP REMOVE the CAPS on returning Citizens and PR's People cant take any more stress, depression and anxiety.   People will commit suicide. Who is to blame for those deaths if it happens. #bringushome  This is getting to be a life or death situation",bringushome,bringushome
situation,2020-09-22 15:44:13,debwallace05,https://twitter.com/debwallace05,https://twitter.com/i/web/status/1308280923150979073,@piepaulie @DanielAndrewsMP @GregHuntMP @TimSmithMP Throwing more money at help lines isn’t the answer. Change the situation and give people some hope though is. Locking people up for 23 hours a day is detrimental to everyone’s mental health. Why aren’t more people talking about that?,,
minister,2020-09-16 17:22:04,Pullenvalebirds,https://twitter.com/Pullenvalebirds,https://twitter.com/i/web/status/1306131220925837312,"RT @ditreble: @healthgovau @ausgov Do you think, for the sake of our mental health, you could ask Fed Got ministers to stop treating us lik…",,
minister,2020-09-21 12:03:00,nicoligee,https://twitter.com/nicoligee,https://twitter.com/i/web/status/1307862865055866881,"@KKeneally @ScottMorrisonMP The Ministers of Mental Health, need to act on the damage happening to #StrandedAussies. Abandonment, uncertainty, doubt of citizenship value.  @GregHuntMP @bronnietaylor @ShaneRattenbury @natashafyles @jeremyrockliff @MartinFoleyMP @StephenWadeMLC @rogercookmla",StrandedAussies,StrandedAussies
minister,2020-09-16 17:19:07,ditreble,https://twitter.com/ditreble,https://twitter.com/i/web/status/1306130480035627008,"@healthgovau @ausgov Do you think, for the sake of our mental health, you could ask Fed Got ministers to stop treating us like pawns in a political game? I was doing okay with our lockdown in Melb until Frydenberg &amp; Hunt started bullying our Premier. It's causing me huge stress. #auspol #melburnians",auspol,melburnians
minister,2020-09-21 18:34:13,KaneBriggs,https://twitter.com/KaneBriggs,https://twitter.com/i/web/status/1307961317467328512,"RT @nicoligee: @KKeneally @ScottMorrisonMP The Ministers of Mental Health, need to act on the damage happening to #StrandedAussies. Abandon…",StrandedAussies,StrandedAussies
minister,2020-09-21 17:48:17,tall_rach,https://twitter.com/tall_rach,https://twitter.com/i/web/status/1307949757961297921,"RT @nicoligee: @KKeneally @ScottMorrisonMP The Ministers of Mental Health, need to act on the damage happening to #StrandedAussies. Abandon…",StrandedAussies,StrandedAussies
minister,2020-09-21 15:55:22,janesuzy,https://twitter.com/janesuzy,https://twitter.com/i/web/status/1307921339966091264,"RT @nicoligee: @KKeneally @ScottMorrisonMP The Ministers of Mental Health, need to act on the damage happening to #StrandedAussies. Abandon…",StrandedAussies,StrandedAussies
minister,2020-09-16 17:30:48,Zephyrdom,https://twitter.com/Zephyrdom,https://twitter.com/i/web/status/1306133418942410752,"RT @ditreble: @healthgovau @ausgov Do you think, for the sake of our mental health, you could ask Fed Got ministers to stop treating us lik…",,
minister,2020-09-21 17:49:35,marlinpaz,https://twitter.com/marlinpaz,https://twitter.com/i/web/status/1307950084928176130,"RT @nicoligee: @KKeneally @ScottMorrisonMP The Ministers of Mental Health, need to act on the damage happening to #StrandedAussies. Abandon…",StrandedAussies,StrandedAussies
morrison,2020-09-17 20:11:12,sreeura,https://twitter.com/sreeura,https://twitter.com/i/web/status/1306536171942494208,RT @Skarthi75372886: @AusHCIndia @ruokday @ScottMorrisonMP @SBSNews - with due respect we state that WE ARE NOT OK. Celebration caption mak…,,
morrison,2020-09-22 17:09:56,LorraineBranna2,https://twitter.com/LorraineBranna2,https://twitter.com/i/web/status/1308302493764313089,"@ScottMorrisonMP @JoshFrydenberg What r u doing to help the inequity in Australia? What r u doing to improve childrens lives, with 1 in 5 living below the poverty line? What r u doing to improve the Mental Health Pandemic, with peak bodies showing a direct correlation to poverty? https://t.co/uwtNfrvvkT",,
morrison,2020-09-17 15:48:45,jupiteracending,https://twitter.com/jupiteracending,https://twitter.com/i/web/status/1306470126925918208,"@ScottMorrisonMP @PatMcGorry @orygen_aus Hi Scott , I know mental health only to well thx to these Animals and those who help them get away with their crimes, you know the funy thing is that the one strangling me “claims “ he was off his medication for mental health, subsequently he passed on his disease to me 🧐⚖️🇦🇺 https://t.co/3lCmqsusPd",,
morrison,2020-09-16 19:44:36,MwilliamDMD,https://twitter.com/MwilliamDMD,https://twitter.com/i/web/status/1306167091179839488,@ScottMorrisonMP @PatMcGorry @orygen_aus You know what would help Victorians mental health more? If you and Greg Hunt followed through on your announcement to review Victoria's modelling and roadmap. @GregHuntMP @ScottMorrisonMP,,
morrison,2020-09-18 05:00:04,WaditwarP,https://twitter.com/WaditwarP,https://twitter.com/i/web/status/1306669266846973952,"@ScottMorrisonMP @PatMcGorry @orygen_aus If you really care for the mental health of Aussies, please do something for people stranded overseas. No action from you to reduce the impact of your poor leadership on their mental health. Increase the capping  by 2000 won’t help.",,
morrison,2020-09-17 00:57:52,ParnisPatrick,https://twitter.com/ParnisPatrick,https://twitter.com/i/web/status/1306245925619212290,"@ScottMorrisonMP @PatMcGorry @orygen_aus Scott for goodness sake step in an help Victoria. Show some leadership and take over before its to late. The mental health of people here is at breaking point, along with the economy.",,
morrison,2020-09-16 19:36:20,Nutsack_II,https://twitter.com/Nutsack_II,https://twitter.com/i/web/status/1306165011572719618,@ScottMorrisonMP @PatMcGorry @orygen_aus If you guys genuinely care about mental health then end the lockdowns immediately and put everyone on UBI,,
morrison,2020-09-17 20:36:03,nir_7in,https://twitter.com/nir_7in,https://twitter.com/i/web/status/1306542424743989249,RT @Skarthi75372886: @AusHCIndia @ruokday @ScottMorrisonMP @SBSNews - with due respect we state that WE ARE NOT OK. Celebration caption mak…,,
morrison,2020-09-16 13:01:03,jaquix173,https://twitter.com/jaquix173,https://twitter.com/i/web/status/1306065532710387714,RT @iMusing: more like Scott Morrison’s “high unemployment-economy destroying-deep and extended depression-climate change acceleration-rich…,,
morrison,2020-09-16 23:49:32,sreeura,https://twitter.com/sreeura,https://twitter.com/i/web/status/1306228729048256512,RT @Samantha_G01: @ScottMorrisonMP (3/3) Where is the compassion from the government? And when will you start listening to what your citize…,,
suicide,2020-09-17 21:27:34,Erewhon_Tramp,https://twitter.com/Erewhon_Tramp,https://twitter.com/i/web/status/1306555391011106816,"@KKeneally @AusHCUK @ScottMorrisonMP @AusHouseLondon Lift the CAPS on returning Citizens and PR's  People cant take any more stress, depression and anxiety.   People will commit suicide. Who is to blame for those deaths if it happens. GET US HOME This is getting to be a life or death situation",,
suicide,2020-09-17 21:28:51,Erewhon_Tramp,https://twitter.com/Erewhon_Tramp,https://twitter.com/i/web/status/1306555713972563968,"Lift the CAPS on returning Citizens and PR's People cant take any more stress, depression and anxiety.   People will commit suicide. Who is to blame for those deaths if it happens. #bringushome  This is getting to be a life or death situation",bringushome,bringushome
suicide,2020-09-19 04:06:31,Erewhon_Tramp,https://twitter.com/Erewhon_Tramp,https://twitter.com/i/web/status/1307018177587679232,"@AnnastaciaMP Lift the CAPS on returning Citizens and PR's People cant take any more stress, depression and anxiety.   People will commit suicide. Who is to blame for those deaths if it happens. #bringushome  This is getting to be a life or death situation",bringushome,bringushome
suicide,2020-09-19 04:14:49,Erewhon_Tramp,https://twitter.com/Erewhon_Tramp,https://twitter.com/i/web/status/1307020265717665792,"@AusHCUK @JustJacqs59 @AusHouseLondon REMOVE the CAPS on returning Citizens and PR's People cant take any more stress, depression and anxiety.   People will commit suicide. Who is to blame for those deaths if it happens. #bringushome  This is getting to be a life or death situation",bringushome,bringushome
suicide,2020-09-19 04:17:59,Erewhon_Tramp,https://twitter.com/Erewhon_Tramp,https://twitter.com/i/web/status/1307021064199958533,"@AnnastaciaMP REMOVE the CAPS on returning Citizens and PR's People cant take any more stress, depression and anxiety.   People will commit suicide. Who is to blame for those deaths if it happens. #bringushome  This is getting to be a life or death situation",bringushome,bringushome
suicide,2020-09-20 20:50:58,DineenKev,https://twitter.com/DineenKev,https://twitter.com/i/web/status/1307633343849086976,"@ScottMorrisonMP Unfortunately @DanielAndrewsMP has created such a mess here in Victoria there are so many sad stories of suicides and attempts due to his draconian lockdowns that health exports disagree with. Aiming for zero is great, but mental health here in Victoria is at breaking point.",,
suicide,2020-09-16 09:04:28,CharlesFig_Aus,https://twitter.com/CharlesFig_Aus,https://twitter.com/i/web/status/1306005994217058311,"RT @CharlesFig_Aus: @DanielAndrewsMP   Where's your daily reporting case numbers of people driven to depression, suicides/attempts, lost li…",,
suicide,2020-09-20 20:44:07,vmainard,https://twitter.com/vmainard,https://twitter.com/i/web/status/1307631619478441985,@ScottMorrisonMP We need money put into all mental health services not just suicide prevention. If you are serious about helping people with mental health issues. Take the cap off medicare for Psychologists and Psychiatrists. Not all problems can be solved in 10 visits.,,
money,2020-09-16 12:56:14,BasnetRashmita,https://twitter.com/BasnetRashmita,https://twitter.com/i/web/status/1306064321374384128,RT @ShresthaPrameel: Australian government cares more about making money from overseas students rather then our mental health. It's utterly…,,
money,2020-09-20 20:44:07,vmainard,https://twitter.com/vmainard,https://twitter.com/i/web/status/1307631619478441985,@ScottMorrisonMP We need money put into all mental health services not just suicide prevention. If you are serious about helping people with mental health issues. Take the cap off medicare for Psychologists and Psychiatrists. Not all problems can be solved in 10 visits.,,
money,2020-09-22 15:44:13,debwallace05,https://twitter.com/debwallace05,https://twitter.com/i/web/status/1308280923150979073,@piepaulie @DanielAndrewsMP @GregHuntMP @TimSmithMP Throwing more money at help lines isn’t the answer. Change the situation and give people some hope though is. Locking people up for 23 hours a day is detrimental to everyone’s mental health. Why aren’t more people talking about that?,,
money,2020-09-16 00:09:33,nir_7in,https://twitter.com/nir_7in,https://twitter.com/i/web/status/1305871380731367430,RT @ShresthaPrameel: Australian government cares more about making money from overseas students rather then our mental health. It's utterly…,,
change,2020-09-16 13:01:03,jaquix173,https://twitter.com/jaquix173,https://twitter.com/i/web/status/1306065532710387714,RT @iMusing: more like Scott Morrison’s “high unemployment-economy destroying-deep and extended depression-climate change acceleration-rich…,,
change,2020-09-16 21:57:27,pg0268,https://twitter.com/pg0268,https://twitter.com/i/web/status/1306200523771539456,RT @iMusing: more like Scott Morrison’s “high unemployment-economy destroying-deep and extended depression-climate change acceleration-rich…,,
change,2020-09-16 14:32:46,AnthChristo,https://twitter.com/AnthChristo,https://twitter.com/i/web/status/1306088616347672576,RT @iMusing: more like Scott Morrison’s “high unemployment-economy destroying-deep and extended depression-climate change acceleration-rich…,,
change,2020-09-22 15:44:13,debwallace05,https://twitter.com/debwallace05,https://twitter.com/i/web/status/1308280923150979073,@piepaulie @DanielAndrewsMP @GregHuntMP @TimSmithMP Throwing more money at help lines isn’t the answer. Change the situation and give people some hope though is. Locking people up for 23 hours a day is detrimental to everyone’s mental health. Why aren’t more people talking about that?,,
change,2020-09-16 21:03:40,008moonside,https://twitter.com/008moonside,https://twitter.com/i/web/status/1306186987049607168,RT @iMusing: more like Scott Morrison’s “high unemployment-economy destroying-deep and extended depression-climate change acceleration-rich…,,
change,2020-09-16 20:15:07,SuzyWallace9,https://twitter.com/SuzyWallace9,https://twitter.com/i/web/status/1306174769872527360,RT @iMusing: more like Scott Morrison’s “high unemployment-economy destroying-deep and extended depression-climate change acceleration-rich…,,
life,2020-09-18 10:13:32,Yieki1,https://twitter.com/Yieki1,https://twitter.com/i/web/status/1306748152779661314,@itsaboutclass @RonniSalt disability affects my everyday life. Massive deep dive. I won't know anything until early October. So nearly 3 months of pure anxiety of people telling me I won't get it. Getting the support we need is so unbelievably difficult by design. Its the continued war on vulnerable peeps,,
life,2020-09-17 21:27:34,Erewhon_Tramp,https://twitter.com/Erewhon_Tramp,https://twitter.com/i/web/status/1306555391011106816,"@KKeneally @AusHCUK @ScottMorrisonMP @AusHouseLondon Lift the CAPS on returning Citizens and PR's  People cant take any more stress, depression and anxiety.   People will commit suicide. Who is to blame for those deaths if it happens. GET US HOME This is getting to be a life or death situation",,
life,2020-09-17 21:28:51,Erewhon_Tramp,https://twitter.com/Erewhon_Tramp,https://twitter.com/i/web/status/1306555713972563968,"Lift the CAPS on returning Citizens and PR's People cant take any more stress, depression and anxiety.   People will commit suicide. Who is to blame for those deaths if it happens. #bringushome  This is getting to be a life or death situation",bringushome,bringushome
life,2020-09-19 04:06:31,Erewhon_Tramp,https://twitter.com/Erewhon_Tramp,https://twitter.com/i/web/status/1307018177587679232,"@AnnastaciaMP Lift the CAPS on returning Citizens and PR's People cant take any more stress, depression and anxiety.   People will commit suicide. Who is to blame for those deaths if it happens. #bringushome  This is getting to be a life or death situation",bringushome,bringushome
life,2020-09-19 04:14:49,Erewhon_Tramp,https://twitter.com/Erewhon_Tramp,https://twitter.com/i/web/status/1307020265717665792,"@AusHCUK @JustJacqs59 @AusHouseLondon REMOVE the CAPS on returning Citizens and PR's People cant take any more stress, depression and anxiety.   People will commit suicide. Who is to blame for those deaths if it happens. #bringushome  This is getting to be a life or death situation",bringushome,bringushome
life,2020-09-19 04:17:59,Erewhon_Tramp,https://twitter.com/Erewhon_Tramp,https://twitter.com/i/web/status/1307021064199958533,"@AnnastaciaMP REMOVE the CAPS on returning Citizens and PR's People cant take any more stress, depression and anxiety.   People will commit suicide. Who is to blame for those deaths if it happens. #bringushome  This is getting to be a life or death situation",bringushome,bringushome
value,2020-09-19 17:29:12,meghapabathi,https://twitter.com/meghapabathi,https://twitter.com/i/web/status/1307220178954903552,"@LINT2020 @ScottMorrisonMP @UN @mentalhealth @AusHumanRights @Jskah891 @LINT2020 Not like our lives are valued anyway! Due to my deteriorating physical and mental health, I don't know how long I can survive. I hope nobody in the world goes through what me and my family did! Nobody in the world should ever be punished for no reason, like how we are",,
value,2020-09-21 12:03:00,nicoligee,https://twitter.com/nicoligee,https://twitter.com/i/web/status/1307862865055866881,"@KKeneally @ScottMorrisonMP The Ministers of Mental Health, need to act on the damage happening to #StrandedAussies. Abandonment, uncertainty, doubt of citizenship value.  @GregHuntMP @bronnietaylor @ShaneRattenbury @natashafyles @jeremyrockliff @MartinFoleyMP @StephenWadeMLC @rogercookmla",StrandedAussies,StrandedAussies
value,2020-09-20 04:20:32,janesuzy,https://twitter.com/janesuzy,https://twitter.com/i/web/status/1307384093668077569,RT @meghapabathi: @LINT2020 @ScottMorrisonMP @UN @mentalhealth @AusHumanRights @Jskah891 @LINT2020 Not like our lives are valued anyway! Du…,,
stumping,2020-09-16 16:16:14,cajeffrey14,https://twitter.com/cajeffrey14,https://twitter.com/i/web/status/1306114653966053377,"RT @virgotweet: YET ANOTHER SCOTT MORRISON LIBERAL RORT! Taxpayers stumping up $85,000 a year for best friend of PM’s ‘sad &amp; lonely’ wife t…",,
stumping,2020-09-16 11:00:08,KerryAnnSmith1,https://twitter.com/KerryAnnSmith1,https://twitter.com/i/web/status/1306035105350037505,"RT @virgotweet: YET ANOTHER SCOTT MORRISON LIBERAL RORT! Taxpayers stumping up $85,000 a year for best friend of PM’s ‘sad &amp; lonely’ wife t…",,
stumping,2020-09-16 13:00:52,RichForrest2,https://twitter.com/RichForrest2,https://twitter.com/i/web/status/1306065487218929664,"RT @virgotweet: YET ANOTHER SCOTT MORRISON LIBERAL RORT! Taxpayers stumping up $85,000 a year for best friend of PM’s ‘sad &amp; lonely’ wife t…",,
stumping,2020-09-16 13:02:12,RichForrest2,https://twitter.com/RichForrest2,https://twitter.com/i/web/status/1306065825539846148,"YET ANOTHER SCOTT MORRISON LIBERAL RORT! Taxpayers stumping up $85,000 a year for best friend of PM’s ‘sad &amp; lonely’ wife to hang out at Kirribilli House: https://t.co/Xat2M0DdjR",,
stumping,2020-09-16 17:36:01,johnsalmond,https://twitter.com/johnsalmond,https://twitter.com/i/web/status/1306134729758892033,"RT @virgotweet: YET ANOTHER SCOTT MORRISON LIBERAL RORT! Taxpayers stumping up $85,000 a year for best friend of PM’s ‘sad &amp; lonely’ wife t…",,
stumping,2020-09-16 20:04:03,Marvell_Law,https://twitter.com/Marvell_Law,https://twitter.com/i/web/status/1306171987350310912,"RT @virgotweet: YET ANOTHER SCOTT MORRISON LIBERAL RORT! Taxpayers stumping up $85,000 a year for best friend of PM’s ‘sad &amp; lonely’ wife t…",,
really,2020-09-18 05:00:04,WaditwarP,https://twitter.com/WaditwarP,https://twitter.com/i/web/status/1306669266846973952,"@ScottMorrisonMP @PatMcGorry @orygen_aus If you really care for the mental health of Aussies, please do something for people stranded overseas. No action from you to reduce the impact of your poor leadership on their mental health. Increase the capping  by 2000 won’t help.",,
really,2020-09-18 15:43:59,BasnetRashmita,https://twitter.com/BasnetRashmita,https://twitter.com/i/web/status/1306831313005981697,"RT @ShresthaPrameel: We are struggling, dealing with depression and worrying about our future. Ausralian government doesn't really care abo…",,
really,2020-09-16 21:02:47,Nilam3615,https://twitter.com/Nilam3615,https://twitter.com/i/web/status/1306186764747509760,"RT @NiramaTandan: We are struggling, dealing with depression and worrying about our future. Ausralian government doesn't really care about…",,
really,2020-09-16 11:22:08,nehasandhu123,https://twitter.com/nehasandhu123,https://twitter.com/i/web/status/1306040640451407874,"RT @ShresthaPrameel: We are struggling, dealing with depression and worrying about our future. Ausralian government doesn't really care abo…",,
really,2020-09-16 11:24:43,nehasandhu123,https://twitter.com/nehasandhu123,https://twitter.com/i/web/status/1306041292338601984,"RT @NiramaTandan: We are struggling, dealing with depression and worrying about our future. Ausralian government doesn't really care about…",,
really,2020-09-16 00:06:06,nir_7in,https://twitter.com/nir_7in,https://twitter.com/i/web/status/1305870509909966850,"RT @ShresthaPrameel: We are struggling, dealing with depression and worrying about our future. Ausralian government doesn't really care abo…",,
really,2020-09-16 00:16:20,nir_7in,https://twitter.com/nir_7in,https://twitter.com/i/web/status/1305873086701543425,"RT @NiramaTandan: We are struggling, dealing with depression and worrying about our future. Ausralian government doesn't really care about…",,
liberal,2020-09-16 16:16:14,cajeffrey14,https://twitter.com/cajeffrey14,https://twitter.com/i/web/status/1306114653966053377,"RT @virgotweet: YET ANOTHER SCOTT MORRISON LIBERAL RORT! Taxpayers stumping up $85,000 a year for best friend of PM’s ‘sad &amp; lonely’ wife t…",,
liberal,2020-09-16 11:00:08,KerryAnnSmith1,https://twitter.com/KerryAnnSmith1,https://twitter.com/i/web/status/1306035105350037505,"RT @virgotweet: YET ANOTHER SCOTT MORRISON LIBERAL RORT! Taxpayers stumping up $85,000 a year for best friend of PM’s ‘sad &amp; lonely’ wife t…",,
liberal,2020-09-16 13:00:52,RichForrest2,https://twitter.com/RichForrest2,https://twitter.com/i/web/status/1306065487218929664,"RT @virgotweet: YET ANOTHER SCOTT MORRISON LIBERAL RORT! Taxpayers stumping up $85,000 a year for best friend of PM’s ‘sad &amp; lonely’ wife t…",,
liberal,2020-09-16 13:02:12,RichForrest2,https://twitter.com/RichForrest2,https://twitter.com/i/web/status/1306065825539846148,"YET ANOTHER SCOTT MORRISON LIBERAL RORT! Taxpayers stumping up $85,000 a year for best friend of PM’s ‘sad &amp; lonely’ wife to hang out at Kirribilli House: https://t.co/Xat2M0DdjR",,
liberal,2020-09-16 17:36:01,johnsalmond,https://twitter.com/johnsalmond,https://twitter.com/i/web/status/1306134729758892033,"RT @virgotweet: YET ANOTHER SCOTT MORRISON LIBERAL RORT! Taxpayers stumping up $85,000 a year for best friend of PM’s ‘sad &amp; lonely’ wife t…",,
liberal,2020-09-19 20:45:04,Sod1959,https://twitter.com/Sod1959,https://twitter.com/i/web/status/1307269471409598464,@JoshFrydenberg @LiberalAus As you and @ScottMorrisonMP  are about to cut $300 from those of us stuck on #jobseeker which will yet again hurt both our mental and physical health  maybe listen to this song and learn some compassion #Auspol #acoss #raisetherateforgood   https://t.co/cHKw3e7JAT,acoss,raisetherateforgood
liberal,2020-09-16 20:04:03,Marvell_Law,https://twitter.com/Marvell_Law,https://twitter.com/i/web/status/1306171987350310912,"RT @virgotweet: YET ANOTHER SCOTT MORRISON LIBERAL RORT! Taxpayers stumping up $85,000 a year for best friend of PM’s ‘sad &amp; lonely’ wife t…",,
getting,2020-09-18 10:13:32,Yieki1,https://twitter.com/Yieki1,https://twitter.com/i/web/status/1306748152779661314,@itsaboutclass @RonniSalt disability affects my everyday life. Massive deep dive. I won't know anything until early October. So nearly 3 months of pure anxiety of people telling me I won't get it. Getting the support we need is so unbelievably difficult by design. Its the continued war on vulnerable peeps,,
getting,2020-09-17 21:27:34,Erewhon_Tramp,https://twitter.com/Erewhon_Tramp,https://twitter.com/i/web/status/1306555391011106816,"@KKeneally @AusHCUK @ScottMorrisonMP @AusHouseLondon Lift the CAPS on returning Citizens and PR's  People cant take any more stress, depression and anxiety.   People will commit suicide. Who is to blame for those deaths if it happens. GET US HOME This is getting to be a life or death situation",,
getting,2020-09-17 21:28:51,Erewhon_Tramp,https://twitter.com/Erewhon_Tramp,https://twitter.com/i/web/status/1306555713972563968,"Lift the CAPS on returning Citizens and PR's People cant take any more stress, depression and anxiety.   People will commit suicide. Who is to blame for those deaths if it happens. #bringushome  This is getting to be a life or death situation",bringushome,bringushome
getting,2020-09-19 04:06:31,Erewhon_Tramp,https://twitter.com/Erewhon_Tramp,https://twitter.com/i/web/status/1307018177587679232,"@AnnastaciaMP Lift the CAPS on returning Citizens and PR's People cant take any more stress, depression and anxiety.   People will commit suicide. Who is to blame for those deaths if it happens. #bringushome  This is getting to be a life or death situation",bringushome,bringushome
getting,2020-09-19 04:14:49,Erewhon_Tramp,https://twitter.com/Erewhon_Tramp,https://twitter.com/i/web/status/1307020265717665792,"@AusHCUK @JustJacqs59 @AusHouseLondon REMOVE the CAPS on returning Citizens and PR's People cant take any more stress, depression and anxiety.   People will commit suicide. Who is to blame for those deaths if it happens. #bringushome  This is getting to be a life or death situation",bringushome,bringushome
getting,2020-09-19 04:17:59,Erewhon_Tramp,https://twitter.com/Erewhon_Tramp,https://twitter.com/i/web/status/1307021064199958533,"@AnnastaciaMP REMOVE the CAPS on returning Citizens and PR's People cant take any more stress, depression and anxiety.   People will commit suicide. Who is to blame for those deaths if it happens. #bringushome  This is getting to be a life or death situation",bringushome,bringushome
friend,2020-09-16 16:16:14,cajeffrey14,https://twitter.com/cajeffrey14,https://twitter.com/i/web/status/1306114653966053377,"RT @virgotweet: YET ANOTHER SCOTT MORRISON LIBERAL RORT! Taxpayers stumping up $85,000 a year for best friend of PM’s ‘sad &amp; lonely’ wife t…",,
friend,2020-09-18 01:19:51,HittingAlice,https://twitter.com/HittingAlice,https://twitter.com/i/web/status/1306613845285240832,"RT @Shedfieldlodge: Sadly, we don’t always know the depths of someone’s depression until it is too late. May we get 2 friends to copy and r…",,
friend,2020-09-16 11:00:08,KerryAnnSmith1,https://twitter.com/KerryAnnSmith1,https://twitter.com/i/web/status/1306035105350037505,"RT @virgotweet: YET ANOTHER SCOTT MORRISON LIBERAL RORT! Taxpayers stumping up $85,000 a year for best friend of PM’s ‘sad &amp; lonely’ wife t…",,
friend,2020-09-16 13:00:52,RichForrest2,https://twitter.com/RichForrest2,https://twitter.com/i/web/status/1306065487218929664,"RT @virgotweet: YET ANOTHER SCOTT MORRISON LIBERAL RORT! Taxpayers stumping up $85,000 a year for best friend of PM’s ‘sad &amp; lonely’ wife t…",,
friend,2020-09-16 13:02:12,RichForrest2,https://twitter.com/RichForrest2,https://twitter.com/i/web/status/1306065825539846148,"YET ANOTHER SCOTT MORRISON LIBERAL RORT! Taxpayers stumping up $85,000 a year for best friend of PM’s ‘sad &amp; lonely’ wife to hang out at Kirribilli House: https://t.co/Xat2M0DdjR",,
friend,2020-09-16 17:36:01,johnsalmond,https://twitter.com/johnsalmond,https://twitter.com/i/web/status/1306134729758892033,"RT @virgotweet: YET ANOTHER SCOTT MORRISON LIBERAL RORT! Taxpayers stumping up $85,000 a year for best friend of PM’s ‘sad &amp; lonely’ wife t…",,
friend,2020-09-16 20:04:03,Marvell_Law,https://twitter.com/Marvell_Law,https://twitter.com/i/web/status/1306171987350310912,"RT @virgotweet: YET ANOTHER SCOTT MORRISON LIBERAL RORT! Taxpayers stumping up $85,000 a year for best friend of PM’s ‘sad &amp; lonely’ wife t…",,
dealing,2020-09-18 15:43:59,BasnetRashmita,https://twitter.com/BasnetRashmita,https://twitter.com/i/web/status/1306831313005981697,"RT @ShresthaPrameel: We are struggling, dealing with depression and worrying about our future. Ausralian government doesn't really care abo…",,
dealing,2020-09-16 21:02:47,Nilam3615,https://twitter.com/Nilam3615,https://twitter.com/i/web/status/1306186764747509760,"RT @NiramaTandan: We are struggling, dealing with depression and worrying about our future. Ausralian government doesn't really care about…",,
dealing,2020-09-16 11:22:08,nehasandhu123,https://twitter.com/nehasandhu123,https://twitter.com/i/web/status/1306040640451407874,"RT @ShresthaPrameel: We are struggling, dealing with depression and worrying about our future. Ausralian government doesn't really care abo…",,
dealing,2020-09-16 11:24:43,nehasandhu123,https://twitter.com/nehasandhu123,https://twitter.com/i/web/status/1306041292338601984,"RT @NiramaTandan: We are struggling, dealing with depression and worrying about our future. Ausralian government doesn't really care about…",,
dealing,2020-09-16 00:06:06,nir_7in,https://twitter.com/nir_7in,https://twitter.com/i/web/status/1305870509909966850,"RT @ShresthaPrameel: We are struggling, dealing with depression and worrying about our future. Ausralian government doesn't really care abo…",,
dealing,2020-09-16 00:16:20,nir_7in,https://twitter.com/nir_7in,https://twitter.com/i/web/status/1305873086701543425,"RT @NiramaTandan: We are struggling, dealing with depression and worrying about our future. Ausralian government doesn't really care about…",,
acceleration-rich,2020-09-16 13:01:03,jaquix173,https://twitter.com/jaquix173,https://twitter.com/i/web/status/1306065532710387714,RT @iMusing: more like Scott Morrison’s “high unemployment-economy destroying-deep and extended depression-climate change acceleration-rich…,,
acceleration-rich,2020-09-16 21:57:27,pg0268,https://twitter.com/pg0268,https://twitter.com/i/web/status/1306200523771539456,RT @iMusing: more like Scott Morrison’s “high unemployment-economy destroying-deep and extended depression-climate change acceleration-rich…,,
acceleration-rich,2020-09-16 14:32:46,AnthChristo,https://twitter.com/AnthChristo,https://twitter.com/i/web/status/1306088616347672576,RT @iMusing: more like Scott Morrison’s “high unemployment-economy destroying-deep and extended depression-climate change acceleration-rich…,,
acceleration-rich,2020-09-16 21:03:40,008moonside,https://twitter.com/008moonside,https://twitter.com/i/web/status/1306186987049607168,RT @iMusing: more like Scott Morrison’s “high unemployment-economy destroying-deep and extended depression-climate change acceleration-rich…,,
acceleration-rich,2020-09-16 20:15:07,SuzyWallace9,https://twitter.com/SuzyWallace9,https://twitter.com/i/web/status/1306174769872527360,RT @iMusing: more like Scott Morrison’s “high unemployment-economy destroying-deep and extended depression-climate change acceleration-rich…,,
failing,2020-09-22 19:02:26,LowitjaInstitut,https://twitter.com/LowitjaInstitut,https://twitter.com/i/web/status/1308330806218117120,RT @JudkinsSimon: @acemonline @RCMentalHealth @GregHuntMP #NoWhereElseToGo Mental health presentations in ED sign of failing system https:/…,NoWhereElseToGo,NoWhereElseToGo
failing,2020-09-22 11:23:08,jam_fancy,https://twitter.com/jam_fancy,https://twitter.com/i/web/status/1308215221689876482,RT @JudkinsSimon: @acemonline @RCMentalHealth @GregHuntMP #NoWhereElseToGo Mental health presentations in ED sign of failing system https:/…,NoWhereElseToGo,NoWhereElseToGo
failing,2020-09-22 11:34:16,nicolaballenden,https://twitter.com/nicolaballenden,https://twitter.com/i/web/status/1308218020976713729,RT @JudkinsSimon: @acemonline @RCMentalHealth @GregHuntMP #NoWhereElseToGo Mental health presentations in ED sign of failing system https:/…,NoWhereElseToGo,NoWhereElseToGo
failing,2020-09-22 10:01:31,acemonline,https://twitter.com/acemonline,https://twitter.com/i/web/status/1308194679670730753,RT @JudkinsSimon: @acemonline @RCMentalHealth @GregHuntMP #NoWhereElseToGo Mental health presentations in ED sign of failing system https:/…,NoWhereElseToGo,NoWhereElseToGo
failing,2020-09-22 10:47:42,Dpeters1977,https://twitter.com/Dpeters1977,https://twitter.com/i/web/status/1308206301038538752,RT @JudkinsSimon: @acemonline @RCMentalHealth @GregHuntMP #NoWhereElseToGo Mental health presentations in ED sign of failing system https:/…,NoWhereElseToGo,NoWhereElseToGo
failing,2020-09-22 09:58:09,JudkinsSimon,https://twitter.com/JudkinsSimon,https://twitter.com/i/web/status/1308193834132594693,@acemonline @RCMentalHealth @GregHuntMP #NoWhereElseToGo Mental health presentations in ED sign of failing system https://t.co/irzIKnaBfV,NoWhereElseToGo,NoWhereElseToGo
system,2020-09-22 10:53:52,ovadosepeace,https://twitter.com/ovadosepeace,https://twitter.com/i/web/status/1308207854885564417,"@SenatorSiewert @GregHuntMP melbournes mental health system uses hypnosis on psych patients infects them with candida,mould and other bacteria to induce mental illness and implants patients for pain #cybertorture terminal #mkultra experiments,the police participate and shoot dead victims, become deranged",cybertorture,mkultra
system,2020-09-18 13:55:11,jiangyin,https://twitter.com/jiangyin,https://twitter.com/i/web/status/1306803932585275392,"Yep. Tagged a gifted kid in primary school, then three months before I turned 14 BOOM. Social anxiety so bad that I now can't function without two different meds in my system. https://t.co/yOejbKrRON",,
system,2020-09-22 19:02:26,LowitjaInstitut,https://twitter.com/LowitjaInstitut,https://twitter.com/i/web/status/1308330806218117120,RT @JudkinsSimon: @acemonline @RCMentalHealth @GregHuntMP #NoWhereElseToGo Mental health presentations in ED sign of failing system https:/…,NoWhereElseToGo,NoWhereElseToGo
system,2020-09-22 11:23:08,jam_fancy,https://twitter.com/jam_fancy,https://twitter.com/i/web/status/1308215221689876482,RT @JudkinsSimon: @acemonline @RCMentalHealth @GregHuntMP #NoWhereElseToGo Mental health presentations in ED sign of failing system https:/…,NoWhereElseToGo,NoWhereElseToGo
system,2020-09-22 11:34:16,nicolaballenden,https://twitter.com/nicolaballenden,https://twitter.com/i/web/status/1308218020976713729,RT @JudkinsSimon: @acemonline @RCMentalHealth @GregHuntMP #NoWhereElseToGo Mental health presentations in ED sign of failing system https:/…,NoWhereElseToGo,NoWhereElseToGo
system,2020-09-22 10:01:31,acemonline,https://twitter.com/acemonline,https://twitter.com/i/web/status/1308194679670730753,RT @JudkinsSimon: @acemonline @RCMentalHealth @GregHuntMP #NoWhereElseToGo Mental health presentations in ED sign of failing system https:/…,NoWhereElseToGo,NoWhereElseToGo
system,2020-09-22 10:47:42,Dpeters1977,https://twitter.com/Dpeters1977,https://twitter.com/i/web/status/1308206301038538752,RT @JudkinsSimon: @acemonline @RCMentalHealth @GregHuntMP #NoWhereElseToGo Mental health presentations in ED sign of failing system https:/…,NoWhereElseToGo,NoWhereElseToGo
system,2020-09-22 09:58:09,JudkinsSimon,https://twitter.com/JudkinsSimon,https://twitter.com/i/web/status/1308193834132594693,@acemonline @RCMentalHealth @GregHuntMP #NoWhereElseToGo Mental health presentations in ED sign of failing system https://t.co/irzIKnaBfV,NoWhereElseToGo,NoWhereElseToGo
government,2020-09-16 23:49:32,sreeura,https://twitter.com/sreeura,https://twitter.com/i/web/status/1306228729048256512,RT @Samantha_G01: @ScottMorrisonMP (3/3) Where is the compassion from the government? And when will you start listening to what your citize…,,
government,2020-09-16 12:56:14,BasnetRashmita,https://twitter.com/BasnetRashmita,https://twitter.com/i/web/status/1306064321374384128,RT @ShresthaPrameel: Australian government cares more about making money from overseas students rather then our mental health. It's utterly…,,
government,2020-09-18 15:43:59,BasnetRashmita,https://twitter.com/BasnetRashmita,https://twitter.com/i/web/status/1306831313005981697,"RT @ShresthaPrameel: We are struggling, dealing with depression and worrying about our future. Ausralian government doesn't really care abo…",,
government,2020-09-22 15:49:44,neetasalaria,https://twitter.com/neetasalaria,https://twitter.com/i/web/status/1308282311541100544,"@AnnieFuller09 @ScottMorrisonMP So true feelings are changing from desperation to depression  ,missing home and family.  abandoned by Australian Government #auspol . Only my faith in God and family keeps me going .@AusHCIndia ever announcing anything to comfort #strandedAussies .",auspol,strandedAussies
government,2020-09-16 21:02:47,Nilam3615,https://twitter.com/Nilam3615,https://twitter.com/i/web/status/1306186764747509760,"RT @NiramaTandan: We are struggling, dealing with depression and worrying about our future. Ausralian government doesn't really care about…",,
government,2020-09-16 19:38:16,JulianBrownNote,https://twitter.com/JulianBrownNote,https://twitter.com/i/web/status/1306165498338447360,"@ScottMorrisonMP @PatMcGorry @orygen_aus Nothing will have a more detrimental impact on the mental health of Australians than your governments economic failure for the last 6 years &amp; the incredible pressure that puts on our mental health, with economic hardship you caused being the number 1 worry https://t.co/PfxjJmcdWY",,
government,2020-09-16 11:22:08,nehasandhu123,https://twitter.com/nehasandhu123,https://twitter.com/i/web/status/1306040640451407874,"RT @ShresthaPrameel: We are struggling, dealing with depression and worrying about our future. Ausralian government doesn't really care abo…",,
government,2020-09-16 11:24:43,nehasandhu123,https://twitter.com/nehasandhu123,https://twitter.com/i/web/status/1306041292338601984,"RT @NiramaTandan: We are struggling, dealing with depression and worrying about our future. Ausralian government doesn't really care about…",,
government,2020-09-16 00:06:06,nir_7in,https://twitter.com/nir_7in,https://twitter.com/i/web/status/1305870509909966850,"RT @ShresthaPrameel: We are struggling, dealing with depression and worrying about our future. Ausralian government doesn't really care abo…",,
government,2020-09-16 00:09:33,nir_7in,https://twitter.com/nir_7in,https://twitter.com/i/web/status/1305871380731367430,RT @ShresthaPrameel: Australian government cares more about making money from overseas students rather then our mental health. It's utterly…,,
ausralian,2020-09-18 15:43:59,BasnetRashmita,https://twitter.com/BasnetRashmita,https://twitter.com/i/web/status/1306831313005981697,"RT @ShresthaPrameel: We are struggling, dealing with depression and worrying about our future. Ausralian government doesn't really care abo…",,
ausralian,2020-09-16 21:02:47,Nilam3615,https://twitter.com/Nilam3615,https://twitter.com/i/web/status/1306186764747509760,"RT @NiramaTandan: We are struggling, dealing with depression and worrying about our future. Ausralian government doesn't really care about…",,
ausralian,2020-09-16 11:22:08,nehasandhu123,https://twitter.com/nehasandhu123,https://twitter.com/i/web/status/1306040640451407874,"RT @ShresthaPrameel: We are struggling, dealing with depression and worrying about our future. Ausralian government doesn't really care abo…",,
ausralian,2020-09-16 11:24:43,nehasandhu123,https://twitter.com/nehasandhu123,https://twitter.com/i/web/status/1306041292338601984,"RT @NiramaTandan: We are struggling, dealing with depression and worrying about our future. Ausralian government doesn't really care about…",,
ausralian,2020-09-16 00:06:06,nir_7in,https://twitter.com/nir_7in,https://twitter.com/i/web/status/1305870509909966850,"RT @ShresthaPrameel: We are struggling, dealing with depression and worrying about our future. Ausralian government doesn't really care abo…",,
ausralian,2020-09-16 00:16:20,nir_7in,https://twitter.com/nir_7in,https://twitter.com/i/web/status/1305873086701543425,"RT @NiramaTandan: We are struggling, dealing with depression and worrying about our future. Ausralian government doesn't really care about…",,
