Topic,word1,word2,word3,word4,word5,word6,word7,word8,word9,word10
Topic 1,impact,tough,coronavirus,need,active,touch,priority,compelling-but-wrong,story,just-so
Topic 2,stopping,protest,overwhelmin,follow,advice,come,anxiety,elimination,#loveisessential,picture
Topic 3,wellbeing,information,support,extra,understandable,uncertain,overwhelm,time,australian,national
Topic 4,paper,imperial,toilet,u-bend,flush,pandemic,wellbeing,depression,factor,#beyondblue
Topic 5,australia,econd,#coronavirus,experience,flight,flexible,#inflammation,live,longitudinal,#depression
