Topic,word1,word2,word3,word4,word5,word6,word7,word8,word9,word10
Topic 1,anxiety,patient,continue,ask,#bringushome,totally,month,agree,general,disorder
Topic 2,seeing,currently,amount,consultation,notify,enormous,sadly,patient,support,start
Topic 3,national,recovery,economic,given,youth,generation,prospect,emerge,strategy,current
Topic 4,covid,depression,increase,impact,pressure,adverse,escalate,additional,early,show
Topic 5,depression,people,pandemic,coronavirus,telehealth,cutting,advocate,defence,feeling,think
