Topic,word1,word2,word3,word4,word5,word6,word7,word8,word9,word10
Topic 1,active,daily,activity,make,physical,work,difference,support,anxiety,#covid19
Topic 2,session,medicare,restriction,#covid19vic,welcome,receive,extension,subsidise,#mentalh,#depression
Topic 3,anxiety,support,additional,exercise,thanks,covid,experience,stress,learn,resource
Topic 4,session,million,funding,award,research,harness,artificial,federal,researcher,extra
Topic 5,access,session,victorian,welcome,program,#medicare,expand,provide,better,restriction
