Topic,word1,word2,word3,word4,word5,word6,word7,word8,word9,word10
Topic 1,stress,partner,depression,people,australia,loneliness,seperated,understand,sadness,anxiety
Topic 2,impact,tough,coronavirus,violence,people,depression,family,increase,include,group
Topic 3,depression,anxiety,focus,young,people,story,issue,response,tonight,physical
Topic 4,support,worry,access,feeling,difficult,uncertain,want,coronavir,abuse,impact
Topic 5,australia,country,nurse,family,pandemic,people,together,essential,support,friend
