Topic,word1,word2,word3,word4,word5,word6,word7,word8,word9,word10
Topic 1,covid,extend,australian,look,around,20000,strand,chaos,christmas,world
Topic 2,anxious,isolation,struggle,depress,island,christmas,detainee,bore,frustrate,impact
Topic 3,people,social,detainee,depression,covid,australia,anxiety,#auspol,going,lockdown
Topic 4,depression,lockdown,important,physical,#afairgoforlove,#removethecap,possible,reunion,anxiety,business
Topic 5,people,access,concern,christmas,additional,island,suicide,priority,remain,provide
