keyword,created_at_local_time,screen_name,user_URL,tweet_URL,tweet_text,hashtag1,hashtag2
think,2020-07-22 13:34:20,jazzbby91,https://twitter.com/jazzbby91,https://twitter.com/i/web/status/1285780190623232003,RT @ruthryan: It’s not hard 🇦🇺. You are breaking hearts. If you want to look from an economic side only then think of the airlines (and the…,,
think,2020-07-22 14:23:36,reunitelove,https://twitter.com/reunitelove,https://twitter.com/i/web/status/1285792589493358592,RT @ruthryan: It’s not hard 🇦🇺. You are breaking hearts. If you want to look from an economic side only then think of the airlines (and the…,,
think,2020-07-22 21:08:26,saschimiii,https://twitter.com/saschimiii,https://twitter.com/i/web/status/1285894466251837445,RT @ruthryan: It’s not hard 🇦🇺. You are breaking hearts. If you want to look from an economic side only then think of the airlines (and the…,,
think,2020-07-22 11:54:24,ruthryan,https://twitter.com/ruthryan,https://twitter.com/i/web/status/1285755040573960192,It’s not hard 🇦🇺. You are breaking hearts. If you want to look from an economic side only then think of the airlines (and therefor workers) able to fly again! Plus you’ll save money on mental health. @ScottMorrisonMP @PeterDutton_MP @TomMcIlroy @DavidColemanMP  #LoveIsNotTourism https://t.co/dFx4GBBCrC,LoveIsNotTourism,LoveIsNotTourism
think,2020-07-27 00:27:11,sreeura,https://twitter.com/sreeura,https://twitter.com/i/web/status/1287394035477254146,RT @ruthryan: It’s not hard 🇦🇺. You are breaking hearts. If you want to look from an economic side only then think of the airlines (and the…,,
fiancee,2020-07-26 19:00:55,Nucleon39642876,https://twitter.com/Nucleon39642876,https://twitter.com/i/web/status/1287311928008650753,@PeterDutton_MP @ScottMorrisonMP Lonely and alone tonight. Thought I'd try making my fiancee's favourite dish - adobo. I will make it for her if you ever let her in. Turns out....adobo...quite hard. I need help! Let me see my fiancee please! #LoveIsNotTourism #AFairGoForLove https://t.co/QtXxUvHpqq,AFairGoForLove,LoveIsNotTourism
depression,2020-07-26 14:48:09,Bishop64,https://twitter.com/Bishop64,https://twitter.com/i/web/status/1287248316791574528,RT @colonelhogans: Good on @JEChalmers Jim Chalmers. No surprise that the LNP will use the worst economic crisis since the Great Depression…,,
depression,2020-07-26 17:42:51,sreeura,https://twitter.com/sreeura,https://twitter.com/i/web/status/1287292282027139072,RT @MeenuDhawan16: @Alankri85552961 @AusBorderForce @JohnR57600644 @ScottMorrisonMP @shanebazzi We are in depression. Just want to reunite…,,
depression,2020-07-26 20:51:15,sreeura,https://twitter.com/sreeura,https://twitter.com/i/web/status/1287339693818822657,RT @phlnkumar: Please allow temporary visa holders back to Australia like other countries are doing. Please help us we are in depression an…,,
depression,2020-07-27 15:48:22,sreeura,https://twitter.com/sreeura,https://twitter.com/i/web/status/1287625861332516865,"RT @ManjotD57047569: #ReuniteTheFamilies #letuscomehome #LoveIsNotTourism We all are going through depression. You all have families, pleas…",letuscomehome,ReuniteTheFamilies
depression,2020-07-24 02:13:14,VinietaaSharrma,https://twitter.com/VinietaaSharrma,https://twitter.com/i/web/status/1286333559926484993,"RT @ManjotD57047569: Its been months, we have not seen our families, this seperation is killing us. We all are going through depression. #L…",,
depression,2020-07-27 02:49:39,VinietaaSharrma,https://twitter.com/VinietaaSharrma,https://twitter.com/i/web/status/1287429890296307712,RT @ManjotD57047569: #ReuniteTheFamilies #letuscomehome  we all are going through from depression. This separation is getting worse than th…,letuscomehome,ReuniteTheFamilies
depression,2020-07-28 20:46:14,lealovinglifea1,https://twitter.com/lealovinglifea1,https://twitter.com/i/web/status/1288063206641082368,RT @DennisVehlen: @EU_Commission @EuropeanYouthEU @GabrielMariya Are you aware that some people suffer from depression one step away from s…,,
depression,2020-07-26 12:11:04,rubin_angela,https://twitter.com/rubin_angela,https://twitter.com/i/web/status/1287208787607269379,RT @deniseshrivell: The Morrison Govt is driving us towards -a depression with a Reaganomics strategy to entrench wealth inequality  -impac…,,
depression,2020-07-24 02:00:51,GillPirthi,https://twitter.com/GillPirthi,https://twitter.com/i/web/status/1286330443298553857,"RT @ManjotD57047569: Its been months, we have not seen our families, this seperation is killing us. We all are going through depression. #L…",,
depression,2020-07-28 01:48:57,GillPirthi,https://twitter.com/GillPirthi,https://twitter.com/i/web/status/1287777002708074501,"RT @ManjotD57047569: #ReuniteTheFamilies #letuscomehome #LoveIsNotTourism We all are going through depression. You all have families, pleas…",letuscomehome,ReuniteTheFamilies
unemployment,2020-07-24 17:09:39,AmandaLNeil,https://twitter.com/AmandaLNeil,https://twitter.com/i/web/status/1286559151942856704,"RT @ian_hickie: Unemployment to soar as economy suffers deep recession#. The big impact on mental health is job loss, along with social dis…",,
unemployment,2020-07-24 23:04:00,ingioz,https://twitter.com/ingioz,https://twitter.com/i/web/status/1286648324582326277,"RT @ian_hickie: Unemployment to soar as economy suffers deep recession#. The big impact on mental health is job loss, along with social dis…",,
unemployment,2020-07-25 09:41:49,natashainoz,https://twitter.com/natashainoz,https://twitter.com/i/web/status/1286808837127692288,"RT @ian_hickie: Unemployment to soar as economy suffers deep recession#. The big impact on mental health is job loss, along with social dis…",,
unemployment,2020-07-25 08:38:42,suevmurray,https://twitter.com/suevmurray,https://twitter.com/i/web/status/1286792953189396480,"RT @ian_hickie: Unemployment to soar as economy suffers deep recession#. The big impact on mental health is job loss, along with social dis…",,
unemployment,2020-07-24 06:41:21,ian_hickie,https://twitter.com/ian_hickie,https://twitter.com/i/web/status/1286401033246130176,"Unemployment to soar as economy suffers deep recession#. The big impact on mental health is job loss, along with social dislocation; now and for next 2-5 years ⁦@GregHuntMP⁩ ⁦⁦@Sydney_Uni⁩ ⁦@Bowenchris⁩ ⁦⁩ ⁦@PatMcGorry⁩  https://t.co/eWucijXzq8",,
unemployment,2020-07-24 23:31:41,PatMcGorry,https://twitter.com/PatMcGorry,https://twitter.com/i/web/status/1286655291329716224,"RT @ian_hickie: Unemployment to soar as economy suffers deep recession#. The big impact on mental health is job loss, along with social dis…",,
unemployment,2020-07-24 08:05:51,imo_bell,https://twitter.com/imo_bell,https://twitter.com/i/web/status/1286422301219594240,"RT @ian_hickie: Unemployment to soar as economy suffers deep recession#. The big impact on mental health is job loss, along with social dis…",,
unemployment,2020-07-24 19:17:46,Prof_Naismith,https://twitter.com/Prof_Naismith,https://twitter.com/i/web/status/1286591394740486145,"RT @ian_hickie: Unemployment to soar as economy suffers deep recession#. The big impact on mental health is job loss, along with social dis…",,
unemployment,2020-07-24 08:45:04,anthonyjhannan,https://twitter.com/anthonyjhannan,https://twitter.com/i/web/status/1286432167564730368,"RT @ian_hickie: Unemployment to soar as economy suffers deep recession#. The big impact on mental health is job loss, along with social dis…",,
unemployment,2020-07-24 21:53:49,RJ_Howes,https://twitter.com/RJ_Howes,https://twitter.com/i/web/status/1286630665748754433,"@AusUnemployment @Asher_Wolf Since first lockdown I have had an undercurrent of creeping, insidious, thoroughly unnecessary anxiety about this issue. This system was inhumane &amp; uncertain before the pandemic. Does anyone take this government seriously anymore? 'Please Sir, can I have some more anxiety..'",,
going,2020-07-22 21:37:52,MJ_Leaver,https://twitter.com/MJ_Leaver,https://twitter.com/i/web/status/1285901876106412032,"Australia needs to be seriously looking at what services are going to be extended. I'd suggest at a minimum @GregHuntMP that the number of appointments available under a Mental Health Care plan is increased to 20, and a further commitment to affordable psychological telehealth. https://t.co/l6dai5me8T",,
going,2020-07-27 15:48:22,sreeura,https://twitter.com/sreeura,https://twitter.com/i/web/status/1287625861332516865,"RT @ManjotD57047569: #ReuniteTheFamilies #letuscomehome #LoveIsNotTourism We all are going through depression. You all have families, pleas…",letuscomehome,ReuniteTheFamilies
going,2020-07-27 21:24:56,ManeMirch,https://twitter.com/ManeMirch,https://twitter.com/i/web/status/1287710557735276544,@healthgovau How are we going to prioritize our mental health when some of us have sacrificed so much during this year yet we are back to □1 due to some selfish people. We are punished and at risk because of others. That kills my mental health!,,
going,2020-07-24 02:13:14,VinietaaSharrma,https://twitter.com/VinietaaSharrma,https://twitter.com/i/web/status/1286333559926484993,"RT @ManjotD57047569: Its been months, we have not seen our families, this seperation is killing us. We all are going through depression. #L…",,
going,2020-07-27 02:49:39,VinietaaSharrma,https://twitter.com/VinietaaSharrma,https://twitter.com/i/web/status/1287429890296307712,RT @ManjotD57047569: #ReuniteTheFamilies #letuscomehome  we all are going through from depression. This separation is getting worse than th…,letuscomehome,ReuniteTheFamilies
going,2020-07-24 02:00:51,GillPirthi,https://twitter.com/GillPirthi,https://twitter.com/i/web/status/1286330443298553857,"RT @ManjotD57047569: Its been months, we have not seen our families, this seperation is killing us. We all are going through depression. #L…",,
going,2020-07-28 01:48:57,GillPirthi,https://twitter.com/GillPirthi,https://twitter.com/i/web/status/1287777002708074501,"RT @ManjotD57047569: #ReuniteTheFamilies #letuscomehome #LoveIsNotTourism We all are going through depression. You all have families, pleas…",letuscomehome,ReuniteTheFamilies
going,2020-07-24 10:44:54,ruthryan,https://twitter.com/ruthryan,https://twitter.com/i/web/status/1286462327785582592,"@theprojecttv 💔10 months without my fiancé. 💔 thousands of Australians heartbroken and going on depression and anxiety medication, but you report this!!??!!",,
shed,2020-07-27 21:24:56,ManeMirch,https://twitter.com/ManeMirch,https://twitter.com/i/web/status/1287710557735276544,@healthgovau How are we going to prioritize our mental health when some of us have sacrificed so much during this year yet we are back to □1 due to some selfish people. We are punished and at risk because of others. That kills my mental health!,,
shed,2020-07-28 07:59:48,nic_goodfellow,https://twitter.com/nic_goodfellow,https://twitter.com/i/web/status/1287870326865461250,"@healthgovau What about funding for women's sheds? There are many trying to start up but zero support. We need spaces, too, for mental health and ALOT of women want these sheds too.",,
shed,2020-07-27 15:01:30,BlknWhtKat,https://twitter.com/BlknWhtKat,https://twitter.com/i/web/status/1287614064953143296,@MTAnedt5IiPGKMm @GregHuntMP How is providing Men’s Sheds for mental health for men in a crisis where many men are committing suicide rigging a non-existent election? How many years away is it?,,
people,2020-07-26 00:20:43,Ihla8,https://twitter.com/Ihla8,https://twitter.com/i/web/status/1287030021433905152,People's mental health is in jeopardy. Let couples and families reunite. They do not want a holiday. They just want to be with their loved ones   #LoveIsNotTourism #AFairGoForLove #LoveIsEssential  @ScottMorrisonMP @AlanTudgeMP @PeterDutton_MP @AusBorderForce https://t.co/DkXhOsdL2g,AFairGoForLove,LoveIsNotTourism
people,2020-07-27 21:24:56,ManeMirch,https://twitter.com/ManeMirch,https://twitter.com/i/web/status/1287710557735276544,@healthgovau How are we going to prioritize our mental health when some of us have sacrificed so much during this year yet we are back to □1 due to some selfish people. We are punished and at risk because of others. That kills my mental health!,,
people,2020-07-28 00:09:31,MelisaB39884862,https://twitter.com/MelisaB39884862,https://twitter.com/i/web/status/1287751978626424839,"RT @noplaceforsheep: The idea of sacrificing people to such an awful, lonely death for the sake of capitalism is barbaric. #qanda",qanda,qanda
people,2020-07-28 20:46:14,lealovinglifea1,https://twitter.com/lealovinglifea1,https://twitter.com/i/web/status/1288063206641082368,RT @DennisVehlen: @EU_Commission @EuropeanYouthEU @GabrielMariya Are you aware that some people suffer from depression one step away from s…,,
people,2020-07-27 23:01:21,3wombats,https://twitter.com/3wombats,https://twitter.com/i/web/status/1287734824279539712,"RT @noplaceforsheep: The idea of sacrificing people to such an awful, lonely death for the sake of capitalism is barbaric. #qanda",qanda,qanda
people,2020-07-28 09:58:38,Jpana75,https://twitter.com/Jpana75,https://twitter.com/i/web/status/1287900235696504832,The same people that are concerned about @DanielAndrewsMP mental health are also the same people that attack @ScottMorrisonMP on a daily basis.. Apparently the importance of mental health is dependent on which side of politics you’re on. #COVID19Vic,COVID19Vic,COVID19Vic
people,2020-07-26 12:44:11,GillPirthi,https://twitter.com/GillPirthi,https://twitter.com/i/web/status/1287217118400847874,RT @Ihla8: People's mental health is in jeopardy. Let couples and families reunite. They do not want a holiday. They just want to be with t…,,
people,2020-07-24 11:25:30,feralartist,https://twitter.com/feralartist,https://twitter.com/i/web/status/1286472544053129217,RT @SenSanders: We are in the worst economic condition since the Great Depression. People are worried about getting evicted from their home…,,
people,2020-07-24 02:41:33,wendycollins62,https://twitter.com/wendycollins62,https://twitter.com/i/web/status/1286340687919808513,RT @SallyRMelb: The mental health issues related to lockdown and the pandemic are especially hard for people with depression.   The charity…,,
heart,2020-07-22 13:34:20,jazzbby91,https://twitter.com/jazzbby91,https://twitter.com/i/web/status/1285780190623232003,RT @ruthryan: It’s not hard 🇦🇺. You are breaking hearts. If you want to look from an economic side only then think of the airlines (and the…,,
heart,2020-07-22 14:23:36,reunitelove,https://twitter.com/reunitelove,https://twitter.com/i/web/status/1285792589493358592,RT @ruthryan: It’s not hard 🇦🇺. You are breaking hearts. If you want to look from an economic side only then think of the airlines (and the…,,
heart,2020-07-22 21:08:26,saschimiii,https://twitter.com/saschimiii,https://twitter.com/i/web/status/1285894466251837445,RT @ruthryan: It’s not hard 🇦🇺. You are breaking hearts. If you want to look from an economic side only then think of the airlines (and the…,,
heart,2020-07-22 11:54:24,ruthryan,https://twitter.com/ruthryan,https://twitter.com/i/web/status/1285755040573960192,It’s not hard 🇦🇺. You are breaking hearts. If you want to look from an economic side only then think of the airlines (and therefor workers) able to fly again! Plus you’ll save money on mental health. @ScottMorrisonMP @PeterDutton_MP @TomMcIlroy @DavidColemanMP  #LoveIsNotTourism https://t.co/dFx4GBBCrC,LoveIsNotTourism,LoveIsNotTourism
heart,2020-07-27 00:27:11,sreeura,https://twitter.com/sreeura,https://twitter.com/i/web/status/1287394035477254146,RT @ruthryan: It’s not hard 🇦🇺. You are breaking hearts. If you want to look from an economic side only then think of the airlines (and the…,,
heart,2020-07-24 09:18:40,ruthryan,https://twitter.com/ruthryan,https://twitter.com/i/web/status/1286440624783122434,I wonder @ScottMorrisonMP would feel not being able to hug Jenny for the past 10 months with an indefinite future timeline.This man cares little about the hearts and mental health of his citizens. Live away from Jenny for 2 years and then we will talk about how tough Aussies are.,,
heart,2020-07-24 10:44:54,ruthryan,https://twitter.com/ruthryan,https://twitter.com/i/web/status/1286462327785582592,"@theprojecttv 💔10 months without my fiancé. 💔 thousands of Australians heartbroken and going on depression and anxiety medication, but you report this!!??!!",,
heart,2020-07-27 20:15:51,shaillaquadra,https://twitter.com/shaillaquadra,https://twitter.com/i/web/status/1287693175042134016,"@aussie_smitty Same. Since mandatory masks started in #Victoria, I feel my heart jumpy all the time. Is like constant anxiety now. Is scary how our freedom can be taken away within a blink. News trashing more and more anyone questioning. The sheep more and scared. Agree, time to end this movie.",Victoria,Victoria
recession,2020-07-24 17:09:39,AmandaLNeil,https://twitter.com/AmandaLNeil,https://twitter.com/i/web/status/1286559151942856704,"RT @ian_hickie: Unemployment to soar as economy suffers deep recession#. The big impact on mental health is job loss, along with social dis…",,
recession,2020-07-24 23:04:00,ingioz,https://twitter.com/ingioz,https://twitter.com/i/web/status/1286648324582326277,"RT @ian_hickie: Unemployment to soar as economy suffers deep recession#. The big impact on mental health is job loss, along with social dis…",,
recession,2020-07-25 09:41:49,natashainoz,https://twitter.com/natashainoz,https://twitter.com/i/web/status/1286808837127692288,"RT @ian_hickie: Unemployment to soar as economy suffers deep recession#. The big impact on mental health is job loss, along with social dis…",,
recession,2020-07-25 08:38:42,suevmurray,https://twitter.com/suevmurray,https://twitter.com/i/web/status/1286792953189396480,"RT @ian_hickie: Unemployment to soar as economy suffers deep recession#. The big impact on mental health is job loss, along with social dis…",,
recession,2020-07-24 06:41:21,ian_hickie,https://twitter.com/ian_hickie,https://twitter.com/i/web/status/1286401033246130176,"Unemployment to soar as economy suffers deep recession#. The big impact on mental health is job loss, along with social dislocation; now and for next 2-5 years ⁦@GregHuntMP⁩ ⁦⁦@Sydney_Uni⁩ ⁦@Bowenchris⁩ ⁦⁩ ⁦@PatMcGorry⁩  https://t.co/eWucijXzq8",,
recession,2020-07-24 23:31:41,PatMcGorry,https://twitter.com/PatMcGorry,https://twitter.com/i/web/status/1286655291329716224,"RT @ian_hickie: Unemployment to soar as economy suffers deep recession#. The big impact on mental health is job loss, along with social dis…",,
recession,2020-07-24 08:05:51,imo_bell,https://twitter.com/imo_bell,https://twitter.com/i/web/status/1286422301219594240,"RT @ian_hickie: Unemployment to soar as economy suffers deep recession#. The big impact on mental health is job loss, along with social dis…",,
recession,2020-07-24 19:17:46,Prof_Naismith,https://twitter.com/Prof_Naismith,https://twitter.com/i/web/status/1286591394740486145,"RT @ian_hickie: Unemployment to soar as economy suffers deep recession#. The big impact on mental health is job loss, along with social dis…",,
recession,2020-07-24 08:45:04,anthonyjhannan,https://twitter.com/anthonyjhannan,https://twitter.com/i/web/status/1286432167564730368,"RT @ian_hickie: Unemployment to soar as economy suffers deep recession#. The big impact on mental health is job loss, along with social dis…",,
closure,2020-07-28 12:58:44,sreeura,https://twitter.com/sreeura,https://twitter.com/i/web/status/1287945556669562880,RT @moni1032: Stares in Australian citizen who’s prime minister is pushing for border closure “for foreseeable future” despite it tearing t…,,
closure,2020-07-28 09:49:53,hiba_akmal,https://twitter.com/hiba_akmal,https://twitter.com/i/web/status/1287898030893490176,RT @moni1032: Stares in Australian citizen who’s prime minister is pushing for border closure “for foreseeable future” despite it tearing t…,,
closure,2020-07-28 11:24:24,HapsariHeti,https://twitter.com/HapsariHeti,https://twitter.com/i/web/status/1287921818280448000,RT @moni1032: Stares in Australian citizen who’s prime minister is pushing for border closure “for foreseeable future” despite it tearing t…,,
closure,2020-07-28 19:30:43,jazzbby91,https://twitter.com/jazzbby91,https://twitter.com/i/web/status/1288044203625213952,RT @moni1032: Stares in Australian citizen who’s prime minister is pushing for border closure “for foreseeable future” despite it tearing t…,,
closure,2020-07-28 20:46:01,lealovinglifea1,https://twitter.com/lealovinglifea1,https://twitter.com/i/web/status/1288063153658626048,RT @moni1032: Stares in Australian citizen who’s prime minister is pushing for border closure “for foreseeable future” despite it tearing t…,,
closure,2020-07-28 08:40:20,moni1032,https://twitter.com/moni1032,https://twitter.com/i/web/status/1287880528234868736,Stares in Australian citizen who’s prime minister is pushing for border closure “for foreseeable future” despite it tearing thousands of families and loved ones apart causing a mental health crisis #LoveIsNotToursim #AFairGoForLove @ScottMorrisonMP @AlanTudgeMP @PeterDutton_MP https://t.co/AcFFhy1Bnf,AFairGoForLove,LoveIsNotToursim
closure,2020-07-28 19:33:43,reunitelove,https://twitter.com/reunitelove,https://twitter.com/i/web/status/1288044956624379905,RT @moni1032: Stares in Australian citizen who’s prime minister is pushing for border closure “for foreseeable future” despite it tearing t…,,
physically,2020-07-26 23:23:15,sreeura,https://twitter.com/sreeura,https://twitter.com/i/web/status/1287377947641262084,RT @nirvans_: I don‘t know how much longer I can mentally and physically do this. @ausgov @ScottMorrisonMP @AusBorderForce the distance fro…,,
physically,2020-07-25 17:32:10,jazzbby91,https://twitter.com/jazzbby91,https://twitter.com/i/web/status/1286927204476022786,RT @nirvans_: I don‘t know how much longer I can mentally and physically do this. @ausgov @ScottMorrisonMP @AusBorderForce the distance fro…,,
physically,2020-07-24 22:35:19,reunitelove,https://twitter.com/reunitelove,https://twitter.com/i/web/status/1286641106935885824,RT @nirvans_: I don‘t know how much longer I can mentally and physically do this. @ausgov @ScottMorrisonMP @AusBorderForce the distance fro…,,
physically,2020-07-26 18:08:50,shanaynayyyyyy,https://twitter.com/shanaynayyyyyy,https://twitter.com/i/web/status/1287298820640870400,RT @nirvans_: I don‘t know how much longer I can mentally and physically do this. @ausgov @ScottMorrisonMP @AusBorderForce the distance fro…,,
physically,2020-07-27 03:50:38,chefsami_la,https://twitter.com/chefsami_la,https://twitter.com/i/web/status/1287445237619552256,RT @nirvans_: I don‘t know how much longer I can mentally and physically do this. @ausgov @ScottMorrisonMP @AusBorderForce the distance fro…,,
physically,2020-07-24 22:55:34,saschimiii,https://twitter.com/saschimiii,https://twitter.com/i/web/status/1286646202675507201,RT @nirvans_: I don‘t know how much longer I can mentally and physically do this. @ausgov @ScottMorrisonMP @AusBorderForce the distance fro…,,
physically,2020-07-26 12:29:25,GillPirthi,https://twitter.com/GillPirthi,https://twitter.com/i/web/status/1287213403409223683,RT @nirvans_: I don‘t know how much longer I can mentally and physically do this. @ausgov @ScottMorrisonMP @AusBorderForce the distance fro…,,
pushing,2020-07-28 12:58:44,sreeura,https://twitter.com/sreeura,https://twitter.com/i/web/status/1287945556669562880,RT @moni1032: Stares in Australian citizen who’s prime minister is pushing for border closure “for foreseeable future” despite it tearing t…,,
pushing,2020-07-28 09:49:53,hiba_akmal,https://twitter.com/hiba_akmal,https://twitter.com/i/web/status/1287898030893490176,RT @moni1032: Stares in Australian citizen who’s prime minister is pushing for border closure “for foreseeable future” despite it tearing t…,,
pushing,2020-07-28 11:24:24,HapsariHeti,https://twitter.com/HapsariHeti,https://twitter.com/i/web/status/1287921818280448000,RT @moni1032: Stares in Australian citizen who’s prime minister is pushing for border closure “for foreseeable future” despite it tearing t…,,
pushing,2020-07-28 19:30:43,jazzbby91,https://twitter.com/jazzbby91,https://twitter.com/i/web/status/1288044203625213952,RT @moni1032: Stares in Australian citizen who’s prime minister is pushing for border closure “for foreseeable future” despite it tearing t…,,
pushing,2020-07-28 20:46:01,lealovinglifea1,https://twitter.com/lealovinglifea1,https://twitter.com/i/web/status/1288063153658626048,RT @moni1032: Stares in Australian citizen who’s prime minister is pushing for border closure “for foreseeable future” despite it tearing t…,,
pushing,2020-07-28 08:40:20,moni1032,https://twitter.com/moni1032,https://twitter.com/i/web/status/1287880528234868736,Stares in Australian citizen who’s prime minister is pushing for border closure “for foreseeable future” despite it tearing thousands of families and loved ones apart causing a mental health crisis #LoveIsNotToursim #AFairGoForLove @ScottMorrisonMP @AlanTudgeMP @PeterDutton_MP https://t.co/AcFFhy1Bnf,AFairGoForLove,LoveIsNotToursim
pushing,2020-07-28 19:33:43,reunitelove,https://twitter.com/reunitelove,https://twitter.com/i/web/status/1288044956624379905,RT @moni1032: Stares in Australian citizen who’s prime minister is pushing for border closure “for foreseeable future” despite it tearing t…,,
pandemic,2020-07-22 02:42:07,RJ_Howes,https://twitter.com/RJ_Howes,https://twitter.com/i/web/status/1285616053125554177,Chronic anxiety may not be an effective pandemic survival trait.,,
pandemic,2020-07-26 19:30:06,BizpracSoftware,https://twitter.com/BizpracSoftware,https://twitter.com/i/web/status/1287319272486842369,"It's important to to take care of yourself, and your family/friends, during the Covid19 pandemic... https://t.co/Q9ow34kbdY https://t.co/Hv2U1Lw0B9",,
pandemic,2020-07-25 19:45:14,jaquix173,https://twitter.com/jaquix173,https://twitter.com/i/web/status/1286960691509735425,RT @Max_Gross: @healthgovau The current Australian Government does more to damage our mental health than any pandemic ever could #LNPfail…,LNPfail,LNPfail
pandemic,2020-07-25 18:06:43,correctrix,https://twitter.com/correctrix,https://twitter.com/i/web/status/1286935902749519872,"@healthgovau If mental health is a priority, why was I sent this threat today? I'm disabled but usually work as much as I can. Then the lockdown took away my job. I'm diligently staying at home — though I'd love to see mates for my sanity — waiting for pandemic to be over &amp; my work to return. https://t.co/FyoXIJXx5v",,
pandemic,2020-07-24 02:41:33,wendycollins62,https://twitter.com/wendycollins62,https://twitter.com/i/web/status/1286340687919808513,RT @SallyRMelb: The mental health issues related to lockdown and the pandemic are especially hard for people with depression.   The charity…,,
pandemic,2020-07-24 21:53:49,RJ_Howes,https://twitter.com/RJ_Howes,https://twitter.com/i/web/status/1286630665748754433,"@AusUnemployment @Asher_Wolf Since first lockdown I have had an undercurrent of creeping, insidious, thoroughly unnecessary anxiety about this issue. This system was inhumane &amp; uncertain before the pandemic. Does anyone take this government seriously anymore? 'Please Sir, can I have some more anxiety..'",,
mentally,2020-07-26 23:23:15,sreeura,https://twitter.com/sreeura,https://twitter.com/i/web/status/1287377947641262084,RT @nirvans_: I don‘t know how much longer I can mentally and physically do this. @ausgov @ScottMorrisonMP @AusBorderForce the distance fro…,,
mentally,2020-07-25 17:32:10,jazzbby91,https://twitter.com/jazzbby91,https://twitter.com/i/web/status/1286927204476022786,RT @nirvans_: I don‘t know how much longer I can mentally and physically do this. @ausgov @ScottMorrisonMP @AusBorderForce the distance fro…,,
mentally,2020-07-24 22:35:19,reunitelove,https://twitter.com/reunitelove,https://twitter.com/i/web/status/1286641106935885824,RT @nirvans_: I don‘t know how much longer I can mentally and physically do this. @ausgov @ScottMorrisonMP @AusBorderForce the distance fro…,,
mentally,2020-07-26 18:08:50,shanaynayyyyyy,https://twitter.com/shanaynayyyyyy,https://twitter.com/i/web/status/1287298820640870400,RT @nirvans_: I don‘t know how much longer I can mentally and physically do this. @ausgov @ScottMorrisonMP @AusBorderForce the distance fro…,,
mentally,2020-07-27 03:50:38,chefsami_la,https://twitter.com/chefsami_la,https://twitter.com/i/web/status/1287445237619552256,RT @nirvans_: I don‘t know how much longer I can mentally and physically do this. @ausgov @ScottMorrisonMP @AusBorderForce the distance fro…,,
mentally,2020-07-24 22:55:34,saschimiii,https://twitter.com/saschimiii,https://twitter.com/i/web/status/1286646202675507201,RT @nirvans_: I don‘t know how much longer I can mentally and physically do this. @ausgov @ScottMorrisonMP @AusBorderForce the distance fro…,,
mentally,2020-07-26 12:29:25,GillPirthi,https://twitter.com/GillPirthi,https://twitter.com/i/web/status/1287213403409223683,RT @nirvans_: I don‘t know how much longer I can mentally and physically do this. @ausgov @ScottMorrisonMP @AusBorderForce the distance fro…,,
economic,2020-07-22 13:34:20,jazzbby91,https://twitter.com/jazzbby91,https://twitter.com/i/web/status/1285780190623232003,RT @ruthryan: It’s not hard 🇦🇺. You are breaking hearts. If you want to look from an economic side only then think of the airlines (and the…,,
economic,2020-07-22 14:23:36,reunitelove,https://twitter.com/reunitelove,https://twitter.com/i/web/status/1285792589493358592,RT @ruthryan: It’s not hard 🇦🇺. You are breaking hearts. If you want to look from an economic side only then think of the airlines (and the…,,
economic,2020-07-22 21:08:26,saschimiii,https://twitter.com/saschimiii,https://twitter.com/i/web/status/1285894466251837445,RT @ruthryan: It’s not hard 🇦🇺. You are breaking hearts. If you want to look from an economic side only then think of the airlines (and the…,,
economic,2020-07-22 11:54:24,ruthryan,https://twitter.com/ruthryan,https://twitter.com/i/web/status/1285755040573960192,It’s not hard 🇦🇺. You are breaking hearts. If you want to look from an economic side only then think of the airlines (and therefor workers) able to fly again! Plus you’ll save money on mental health. @ScottMorrisonMP @PeterDutton_MP @TomMcIlroy @DavidColemanMP  #LoveIsNotTourism https://t.co/dFx4GBBCrC,LoveIsNotTourism,LoveIsNotTourism
economic,2020-07-26 14:48:09,Bishop64,https://twitter.com/Bishop64,https://twitter.com/i/web/status/1287248316791574528,RT @colonelhogans: Good on @JEChalmers Jim Chalmers. No surprise that the LNP will use the worst economic crisis since the Great Depression…,,
economic,2020-07-27 00:27:11,sreeura,https://twitter.com/sreeura,https://twitter.com/i/web/status/1287394035477254146,RT @ruthryan: It’s not hard 🇦🇺. You are breaking hearts. If you want to look from an economic side only then think of the airlines (and the…,,
economic,2020-07-24 11:25:30,feralartist,https://twitter.com/feralartist,https://twitter.com/i/web/status/1286472544053129217,RT @SenSanders: We are in the worst economic condition since the Great Depression. People are worried about getting evicted from their home…,,
future,2020-07-28 01:17:13,sreeura,https://twitter.com/sreeura,https://twitter.com/i/web/status/1287769015566254081,RT @Sahanchan89: Open Australia to serious relationships! Keeping borders closed will increase cost of mental health care In future due to…,,
future,2020-07-28 12:58:44,sreeura,https://twitter.com/sreeura,https://twitter.com/i/web/status/1287945556669562880,RT @moni1032: Stares in Australian citizen who’s prime minister is pushing for border closure “for foreseeable future” despite it tearing t…,,
future,2020-07-28 09:49:53,hiba_akmal,https://twitter.com/hiba_akmal,https://twitter.com/i/web/status/1287898030893490176,RT @moni1032: Stares in Australian citizen who’s prime minister is pushing for border closure “for foreseeable future” despite it tearing t…,,
future,2020-07-28 11:24:24,HapsariHeti,https://twitter.com/HapsariHeti,https://twitter.com/i/web/status/1287921818280448000,RT @moni1032: Stares in Australian citizen who’s prime minister is pushing for border closure “for foreseeable future” despite it tearing t…,,
future,2020-07-24 22:54:20,jazzbby91,https://twitter.com/jazzbby91,https://twitter.com/i/web/status/1286645894108987396,RT @ruthryan: I wonder @ScottMorrisonMP would feel not being able to hug Jenny for the past 10 months with an indefinite future timeline.Th…,,
future,2020-07-28 19:30:43,jazzbby91,https://twitter.com/jazzbby91,https://twitter.com/i/web/status/1288044203625213952,RT @moni1032: Stares in Australian citizen who’s prime minister is pushing for border closure “for foreseeable future” despite it tearing t…,,
future,2020-07-28 20:46:01,lealovinglifea1,https://twitter.com/lealovinglifea1,https://twitter.com/i/web/status/1288063153658626048,RT @moni1032: Stares in Australian citizen who’s prime minister is pushing for border closure “for foreseeable future” despite it tearing t…,,
future,2020-07-28 08:40:20,moni1032,https://twitter.com/moni1032,https://twitter.com/i/web/status/1287880528234868736,Stares in Australian citizen who’s prime minister is pushing for border closure “for foreseeable future” despite it tearing thousands of families and loved ones apart causing a mental health crisis #LoveIsNotToursim #AFairGoForLove @ScottMorrisonMP @AlanTudgeMP @PeterDutton_MP https://t.co/AcFFhy1Bnf,AFairGoForLove,LoveIsNotToursim
future,2020-07-28 19:33:43,reunitelove,https://twitter.com/reunitelove,https://twitter.com/i/web/status/1288044956624379905,RT @moni1032: Stares in Australian citizen who’s prime minister is pushing for border closure “for foreseeable future” despite it tearing t…,,
future,2020-07-24 09:18:40,ruthryan,https://twitter.com/ruthryan,https://twitter.com/i/web/status/1286440624783122434,I wonder @ScottMorrisonMP would feel not being able to hug Jenny for the past 10 months with an indefinite future timeline.This man cares little about the hearts and mental health of his citizens. Live away from Jenny for 2 years and then we will talk about how tough Aussies are.,,
despite,2020-07-28 12:58:44,sreeura,https://twitter.com/sreeura,https://twitter.com/i/web/status/1287945556669562880,RT @moni1032: Stares in Australian citizen who’s prime minister is pushing for border closure “for foreseeable future” despite it tearing t…,,
despite,2020-07-28 09:49:53,hiba_akmal,https://twitter.com/hiba_akmal,https://twitter.com/i/web/status/1287898030893490176,RT @moni1032: Stares in Australian citizen who’s prime minister is pushing for border closure “for foreseeable future” despite it tearing t…,,
despite,2020-07-28 11:24:24,HapsariHeti,https://twitter.com/HapsariHeti,https://twitter.com/i/web/status/1287921818280448000,RT @moni1032: Stares in Australian citizen who’s prime minister is pushing for border closure “for foreseeable future” despite it tearing t…,,
despite,2020-07-28 19:30:43,jazzbby91,https://twitter.com/jazzbby91,https://twitter.com/i/web/status/1288044203625213952,RT @moni1032: Stares in Australian citizen who’s prime minister is pushing for border closure “for foreseeable future” despite it tearing t…,,
despite,2020-07-28 20:46:01,lealovinglifea1,https://twitter.com/lealovinglifea1,https://twitter.com/i/web/status/1288063153658626048,RT @moni1032: Stares in Australian citizen who’s prime minister is pushing for border closure “for foreseeable future” despite it tearing t…,,
despite,2020-07-28 08:40:20,moni1032,https://twitter.com/moni1032,https://twitter.com/i/web/status/1287880528234868736,Stares in Australian citizen who’s prime minister is pushing for border closure “for foreseeable future” despite it tearing thousands of families and loved ones apart causing a mental health crisis #LoveIsNotToursim #AFairGoForLove @ScottMorrisonMP @AlanTudgeMP @PeterDutton_MP https://t.co/AcFFhy1Bnf,AFairGoForLove,LoveIsNotToursim
despite,2020-07-28 19:33:43,reunitelove,https://twitter.com/reunitelove,https://twitter.com/i/web/status/1288044956624379905,RT @moni1032: Stares in Australian citizen who’s prime minister is pushing for border closure “for foreseeable future” despite it tearing t…,,
longer,2020-07-26 23:23:15,sreeura,https://twitter.com/sreeura,https://twitter.com/i/web/status/1287377947641262084,RT @nirvans_: I don‘t know how much longer I can mentally and physically do this. @ausgov @ScottMorrisonMP @AusBorderForce the distance fro…,,
longer,2020-07-25 17:32:10,jazzbby91,https://twitter.com/jazzbby91,https://twitter.com/i/web/status/1286927204476022786,RT @nirvans_: I don‘t know how much longer I can mentally and physically do this. @ausgov @ScottMorrisonMP @AusBorderForce the distance fro…,,
longer,2020-07-24 22:35:19,reunitelove,https://twitter.com/reunitelove,https://twitter.com/i/web/status/1286641106935885824,RT @nirvans_: I don‘t know how much longer I can mentally and physically do this. @ausgov @ScottMorrisonMP @AusBorderForce the distance fro…,,
longer,2020-07-26 18:08:50,shanaynayyyyyy,https://twitter.com/shanaynayyyyyy,https://twitter.com/i/web/status/1287298820640870400,RT @nirvans_: I don‘t know how much longer I can mentally and physically do this. @ausgov @ScottMorrisonMP @AusBorderForce the distance fro…,,
longer,2020-07-27 03:50:38,chefsami_la,https://twitter.com/chefsami_la,https://twitter.com/i/web/status/1287445237619552256,RT @nirvans_: I don‘t know how much longer I can mentally and physically do this. @ausgov @ScottMorrisonMP @AusBorderForce the distance fro…,,
longer,2020-07-24 22:55:34,saschimiii,https://twitter.com/saschimiii,https://twitter.com/i/web/status/1286646202675507201,RT @nirvans_: I don‘t know how much longer I can mentally and physically do this. @ausgov @ScottMorrisonMP @AusBorderForce the distance fro…,,
longer,2020-07-26 12:29:25,GillPirthi,https://twitter.com/GillPirthi,https://twitter.com/i/web/status/1287213403409223683,RT @nirvans_: I don‘t know how much longer I can mentally and physically do this. @ausgov @ScottMorrisonMP @AusBorderForce the distance fro…,,
anxiety,2020-07-22 02:42:07,RJ_Howes,https://twitter.com/RJ_Howes,https://twitter.com/i/web/status/1285616053125554177,Chronic anxiety may not be an effective pandemic survival trait.,,
anxiety,2020-07-24 20:58:47,whatnowau,https://twitter.com/whatnowau,https://twitter.com/i/web/status/1286616814944808960,"RT @ExC__Gale: @pryorlisa The anxiety leading up to the 11am presser has kicked in again recently. Numbers up and down every day, wondering…",,
anxiety,2020-07-27 08:48:29,natashainoz,https://twitter.com/natashainoz,https://twitter.com/i/web/status/1287520190733807616,"RT @TwoPaddocks: In spite of it all...the chaos, the lack of any good leadership most everywhere, the divisiveness , the anxiety , the risi…",,
anxiety,2020-07-24 12:57:09,tasha_flasha,https://twitter.com/tasha_flasha,https://twitter.com/i/web/status/1286495606861492224,"@NellCathy @JaneCaro @AussieRIZZette @myknittingwool @billshortenmp I’ve been so fortunate with my Deaf 8yo son &amp; NDIS, he is substantially better off. He is “lucky” that his disability is unambiguous.  But for my 11yo son (ADHD, anxiety, suicidal, waiting for autism assessment) &amp; me (PTSD) we can’t get NDIS. We are struggling.",,
anxiety,2020-07-24 10:44:54,ruthryan,https://twitter.com/ruthryan,https://twitter.com/i/web/status/1286462327785582592,"@theprojecttv 💔10 months without my fiancé. 💔 thousands of Australians heartbroken and going on depression and anxiety medication, but you report this!!??!!",,
anxiety,2020-07-25 18:05:22,ruthryan,https://twitter.com/ruthryan,https://twitter.com/i/web/status/1286935560251039744,@ausgov Please help reunite loved ones. 265 days away from my fiancé. The depression and anxiety started about day 150. What’s worse is our PM smirks as he says we have one of the best immigration systems. Yet it takes on average 600 days to process a partner visa. Takes the UK 12 weeks.,,
anxiety,2020-07-27 20:15:51,shaillaquadra,https://twitter.com/shaillaquadra,https://twitter.com/i/web/status/1287693175042134016,"@aussie_smitty Same. Since mandatory masks started in #Victoria, I feel my heart jumpy all the time. Is like constant anxiety now. Is scary how our freedom can be taken away within a blink. News trashing more and more anyone questioning. The sheep more and scared. Agree, time to end this movie.",Victoria,Victoria
anxiety,2020-07-24 21:53:49,RJ_Howes,https://twitter.com/RJ_Howes,https://twitter.com/i/web/status/1286630665748754433,"@AusUnemployment @Asher_Wolf Since first lockdown I have had an undercurrent of creeping, insidious, thoroughly unnecessary anxiety about this issue. This system was inhumane &amp; uncertain before the pandemic. Does anyone take this government seriously anymore? 'Please Sir, can I have some more anxiety..'",,
apply,2020-07-22 10:02:16,juliasilvertop,https://twitter.com/juliasilvertop,https://twitter.com/i/web/status/1285726820004921345,@ScottMorrisonMP u r concerned bout ppl being harmed by covid but not about the mental impact of continually applying 4 jobs that arent there Or the health effects of living in poverty Don’t blame jobseekers 4 an economy that can’t provide them with a job. Thats ur responsibility https://t.co/0Vj2KYtDZm,,
apply,2020-07-23 01:13:09,rwoodhou,https://twitter.com/rwoodhou,https://twitter.com/i/web/status/1285956054493224963,"@ian_hickie @PatMcGorry @SquigglyRick @SabraLane @GMegalogenis @CSART_world @Sydney_Uni @normanswan @PatsKarvelas @JoshFrydenberg @GregHuntMP No employment, redundancy, no jobs to apply for &amp; 3 month wait to see a mental health professional to prescribe your meds when you had to flee interstate due to financial strain kinda does it too. Not being able to secure new Dr &amp; therefore a steady supply of meds is excruciating",,
distance,2020-07-26 23:23:15,sreeura,https://twitter.com/sreeura,https://twitter.com/i/web/status/1287377947641262084,RT @nirvans_: I don‘t know how much longer I can mentally and physically do this. @ausgov @ScottMorrisonMP @AusBorderForce the distance fro…,,
distance,2020-07-25 17:32:10,jazzbby91,https://twitter.com/jazzbby91,https://twitter.com/i/web/status/1286927204476022786,RT @nirvans_: I don‘t know how much longer I can mentally and physically do this. @ausgov @ScottMorrisonMP @AusBorderForce the distance fro…,,
distance,2020-07-24 22:35:19,reunitelove,https://twitter.com/reunitelove,https://twitter.com/i/web/status/1286641106935885824,RT @nirvans_: I don‘t know how much longer I can mentally and physically do this. @ausgov @ScottMorrisonMP @AusBorderForce the distance fro…,,
distance,2020-07-26 18:08:50,shanaynayyyyyy,https://twitter.com/shanaynayyyyyy,https://twitter.com/i/web/status/1287298820640870400,RT @nirvans_: I don‘t know how much longer I can mentally and physically do this. @ausgov @ScottMorrisonMP @AusBorderForce the distance fro…,,
distance,2020-07-27 03:50:38,chefsami_la,https://twitter.com/chefsami_la,https://twitter.com/i/web/status/1287445237619552256,RT @nirvans_: I don‘t know how much longer I can mentally and physically do this. @ausgov @ScottMorrisonMP @AusBorderForce the distance fro…,,
distance,2020-07-24 22:55:34,saschimiii,https://twitter.com/saschimiii,https://twitter.com/i/web/status/1286646202675507201,RT @nirvans_: I don‘t know how much longer I can mentally and physically do this. @ausgov @ScottMorrisonMP @AusBorderForce the distance fro…,,
distance,2020-07-26 12:29:25,GillPirthi,https://twitter.com/GillPirthi,https://twitter.com/i/web/status/1287213403409223683,RT @nirvans_: I don‘t know how much longer I can mentally and physically do this. @ausgov @ScottMorrisonMP @AusBorderForce the distance fro…,,
family,2020-07-26 19:30:06,BizpracSoftware,https://twitter.com/BizpracSoftware,https://twitter.com/i/web/status/1287319272486842369,"It's important to to take care of yourself, and your family/friends, during the Covid19 pandemic... https://t.co/Q9ow34kbdY https://t.co/Hv2U1Lw0B9",,
family,2020-07-26 00:47:35,budgetbuscharte,https://twitter.com/budgetbuscharte,https://twitter.com/i/web/status/1287036780840017920,RT @lonelyplanet: Anyone who hasn't seen family for months can relate https://t.co/9vXJQzJvCl,,
family,2020-07-25 15:02:47,megsm122,https://twitter.com/megsm122,https://twitter.com/i/web/status/1286889613517152257,"@GregHuntMP @JennyMikakos @DanielAndrewsMP aged care supports need to include mental health for residents. Focus is on preventing spread of corona, with non existent mental wellbeing support. Residents deteriorating and unlikely to survive coronavirus due to isolation from family",,
family,2020-07-23 07:46:45,ruthryan,https://twitter.com/ruthryan,https://twitter.com/i/web/status/1286055106035638272,@7NewsBrisbane @M_McCormackMP @Qantas @flyLAXairport This is breaking news? What about the thousands of Australians begging to be reunited with family and loved ones? Children born without their fathers there. Women on anti depression medication who never suffered before. A govt that can help but won’t. 💔 #LoveIsNotTourism,LoveIsNotTourism,LoveIsNotTourism
social,2020-07-24 17:09:39,AmandaLNeil,https://twitter.com/AmandaLNeil,https://twitter.com/i/web/status/1286559151942856704,"RT @ian_hickie: Unemployment to soar as economy suffers deep recession#. The big impact on mental health is job loss, along with social dis…",,
social,2020-07-23 13:50:16,budgetbuscharte,https://twitter.com/budgetbuscharte,https://twitter.com/i/web/status/1286146585898803200,RT @lonelyplanet: These hotels have social distancing on lock 🛏️ 😌  https://t.co/t6CcM9Z9K6,,
social,2020-07-24 23:04:00,ingioz,https://twitter.com/ingioz,https://twitter.com/i/web/status/1286648324582326277,"RT @ian_hickie: Unemployment to soar as economy suffers deep recession#. The big impact on mental health is job loss, along with social dis…",,
social,2020-07-25 09:41:49,natashainoz,https://twitter.com/natashainoz,https://twitter.com/i/web/status/1286808837127692288,"RT @ian_hickie: Unemployment to soar as economy suffers deep recession#. The big impact on mental health is job loss, along with social dis…",,
social,2020-07-25 08:38:42,suevmurray,https://twitter.com/suevmurray,https://twitter.com/i/web/status/1286792953189396480,"RT @ian_hickie: Unemployment to soar as economy suffers deep recession#. The big impact on mental health is job loss, along with social dis…",,
social,2020-07-24 06:41:21,ian_hickie,https://twitter.com/ian_hickie,https://twitter.com/i/web/status/1286401033246130176,"Unemployment to soar as economy suffers deep recession#. The big impact on mental health is job loss, along with social dislocation; now and for next 2-5 years ⁦@GregHuntMP⁩ ⁦⁦@Sydney_Uni⁩ ⁦@Bowenchris⁩ ⁦⁩ ⁦@PatMcGorry⁩  https://t.co/eWucijXzq8",,
social,2020-07-24 23:31:41,PatMcGorry,https://twitter.com/PatMcGorry,https://twitter.com/i/web/status/1286655291329716224,"RT @ian_hickie: Unemployment to soar as economy suffers deep recession#. The big impact on mental health is job loss, along with social dis…",,
social,2020-07-24 08:05:51,imo_bell,https://twitter.com/imo_bell,https://twitter.com/i/web/status/1286422301219594240,"RT @ian_hickie: Unemployment to soar as economy suffers deep recession#. The big impact on mental health is job loss, along with social dis…",,
social,2020-07-24 19:17:46,Prof_Naismith,https://twitter.com/Prof_Naismith,https://twitter.com/i/web/status/1286591394740486145,"RT @ian_hickie: Unemployment to soar as economy suffers deep recession#. The big impact on mental health is job loss, along with social dis…",,
social,2020-07-24 08:45:04,anthonyjhannan,https://twitter.com/anthonyjhannan,https://twitter.com/i/web/status/1286432167564730368,"RT @ian_hickie: Unemployment to soar as economy suffers deep recession#. The big impact on mental health is job loss, along with social dis…",,
australia,2020-07-22 21:37:52,MJ_Leaver,https://twitter.com/MJ_Leaver,https://twitter.com/i/web/status/1285901876106412032,"Australia needs to be seriously looking at what services are going to be extended. I'd suggest at a minimum @GregHuntMP that the number of appointments available under a Mental Health Care plan is increased to 20, and a further commitment to affordable psychological telehealth. https://t.co/l6dai5me8T",,
australia,2020-07-22 03:33:04,StrandedAus_Ind,https://twitter.com/StrandedAus_Ind,https://twitter.com/i/web/status/1285628874961936384,"RT @DRRAJPATANKAR1: Australian PM @ScottMorrisonMP makes return of thousands of Aussies residents stranded in India , overseas impossible &amp;…",,
australia,2020-07-28 01:17:13,sreeura,https://twitter.com/sreeura,https://twitter.com/i/web/status/1287769015566254081,RT @Sahanchan89: Open Australia to serious relationships! Keeping borders closed will increase cost of mental health care In future due to…,,
australia,2020-07-23 15:03:04,MrsMarchi,https://twitter.com/MrsMarchi,https://twitter.com/i/web/status/1286164907113639936,#Mentalhealth and #COVID19 support ...  #coronavirus #COVID19Aus #Australia #health   https://t.co/Cg1FOKo9wK,Australia,Mentalhealth
australia,2020-07-25 19:45:14,jaquix173,https://twitter.com/jaquix173,https://twitter.com/i/web/status/1286960691509735425,RT @Max_Gross: @healthgovau The current Australian Government does more to damage our mental health than any pandemic ever could #LNPfail…,LNPfail,LNPfail
australia,2020-07-26 20:51:15,sreeura,https://twitter.com/sreeura,https://twitter.com/i/web/status/1287339693818822657,RT @phlnkumar: Please allow temporary visa holders back to Australia like other countries are doing. Please help us we are in depression an…,,
australia,2020-07-26 23:25:43,sreeura,https://twitter.com/sreeura,https://twitter.com/i/web/status/1287378568226381824,RT @ruthryan: Mental health plan ✅ but I know the answer is not medication. It’s to have a fair Australian exemption process with partner v…,,
australia,2020-07-28 12:58:44,sreeura,https://twitter.com/sreeura,https://twitter.com/i/web/status/1287945556669562880,RT @moni1032: Stares in Australian citizen who’s prime minister is pushing for border closure “for foreseeable future” despite it tearing t…,,
australia,2020-07-28 09:49:53,hiba_akmal,https://twitter.com/hiba_akmal,https://twitter.com/i/web/status/1287898030893490176,RT @moni1032: Stares in Australian citizen who’s prime minister is pushing for border closure “for foreseeable future” despite it tearing t…,,
australia,2020-07-28 11:24:24,HapsariHeti,https://twitter.com/HapsariHeti,https://twitter.com/i/web/status/1287921818280448000,RT @moni1032: Stares in Australian citizen who’s prime minister is pushing for border closure “for foreseeable future” despite it tearing t…,,
return,2020-07-22 03:33:04,StrandedAus_Ind,https://twitter.com/StrandedAus_Ind,https://twitter.com/i/web/status/1285628874961936384,"RT @DRRAJPATANKAR1: Australian PM @ScottMorrisonMP makes return of thousands of Aussies residents stranded in India , overseas impossible &amp;…",,
return,2020-07-25 18:06:43,correctrix,https://twitter.com/correctrix,https://twitter.com/i/web/status/1286935902749519872,"@healthgovau If mental health is a priority, why was I sent this threat today? I'm disabled but usually work as much as I can. Then the lockdown took away my job. I'm diligently staying at home — though I'd love to see mates for my sanity — waiting for pandemic to be over &amp; my work to return. https://t.co/FyoXIJXx5v",,
return,2020-07-24 16:26:25,AnjuDijit,https://twitter.com/AnjuDijit,https://twitter.com/i/web/status/1286548271872143361,"RT @DRRAJPATANKAR1: Everyone stranded for months is pleading for safe return to Australia. Frustrations, sufferings, and worsening mental h…",,
stare,2020-07-28 12:58:44,sreeura,https://twitter.com/sreeura,https://twitter.com/i/web/status/1287945556669562880,RT @moni1032: Stares in Australian citizen who’s prime minister is pushing for border closure “for foreseeable future” despite it tearing t…,,
stare,2020-07-28 09:49:53,hiba_akmal,https://twitter.com/hiba_akmal,https://twitter.com/i/web/status/1287898030893490176,RT @moni1032: Stares in Australian citizen who’s prime minister is pushing for border closure “for foreseeable future” despite it tearing t…,,
stare,2020-07-28 11:24:24,HapsariHeti,https://twitter.com/HapsariHeti,https://twitter.com/i/web/status/1287921818280448000,RT @moni1032: Stares in Australian citizen who’s prime minister is pushing for border closure “for foreseeable future” despite it tearing t…,,
stare,2020-07-28 19:30:43,jazzbby91,https://twitter.com/jazzbby91,https://twitter.com/i/web/status/1288044203625213952,RT @moni1032: Stares in Australian citizen who’s prime minister is pushing for border closure “for foreseeable future” despite it tearing t…,,
stare,2020-07-28 20:46:01,lealovinglifea1,https://twitter.com/lealovinglifea1,https://twitter.com/i/web/status/1288063153658626048,RT @moni1032: Stares in Australian citizen who’s prime minister is pushing for border closure “for foreseeable future” despite it tearing t…,,
stare,2020-07-28 08:40:20,moni1032,https://twitter.com/moni1032,https://twitter.com/i/web/status/1287880528234868736,Stares in Australian citizen who’s prime minister is pushing for border closure “for foreseeable future” despite it tearing thousands of families and loved ones apart causing a mental health crisis #LoveIsNotToursim #AFairGoForLove @ScottMorrisonMP @AlanTudgeMP @PeterDutton_MP https://t.co/AcFFhy1Bnf,AFairGoForLove,LoveIsNotToursim
stare,2020-07-28 19:33:43,reunitelove,https://twitter.com/reunitelove,https://twitter.com/i/web/status/1288044956624379905,RT @moni1032: Stares in Australian citizen who’s prime minister is pushing for border closure “for foreseeable future” despite it tearing t…,,
reunite,2020-07-26 17:42:51,sreeura,https://twitter.com/sreeura,https://twitter.com/i/web/status/1287292282027139072,RT @MeenuDhawan16: @Alankri85552961 @AusBorderForce @JohnR57600644 @ScottMorrisonMP @shanebazzi We are in depression. Just want to reunite…,,
reunite,2020-07-27 15:48:22,sreeura,https://twitter.com/sreeura,https://twitter.com/i/web/status/1287625861332516865,"RT @ManjotD57047569: #ReuniteTheFamilies #letuscomehome #LoveIsNotTourism We all are going through depression. You all have families, pleas…",letuscomehome,ReuniteTheFamilies
reunite,2020-07-28 18:12:23,sreeura,https://twitter.com/sreeura,https://twitter.com/i/web/status/1288024489649795072,RT @VinietaaSharrma: @BhumiMamnani @AlanTudgeMP @JoshFrydenberg @MarisePayne @GregHuntMP @PMOIndia Please reunite the separated families. I…,,
reunite,2020-07-27 13:40:37,hiba_akmal,https://twitter.com/hiba_akmal,https://twitter.com/i/web/status/1287593710235115520,RT @moni1032: So why can’t we do it like Denmark and safely reunite partners?Too much work to create the policy?Pride of creating a prison…,,
reunite,2020-07-26 00:20:43,Ihla8,https://twitter.com/Ihla8,https://twitter.com/i/web/status/1287030021433905152,People's mental health is in jeopardy. Let couples and families reunite. They do not want a holiday. They just want to be with their loved ones   #LoveIsNotTourism #AFairGoForLove #LoveIsEssential  @ScottMorrisonMP @AlanTudgeMP @PeterDutton_MP @AusBorderForce https://t.co/DkXhOsdL2g,AFairGoForLove,LoveIsNotTourism
reunite,2020-07-25 21:34:23,VinietaaSharrma,https://twitter.com/VinietaaSharrma,https://twitter.com/i/web/status/1286988161256579072,"Please reunite the seperated families of visa holders. Its been 5 months, we have not seen our families. This separation is having an adverse impact on children mental health which may ruin their whole life #letuscomehome #loveisnotourism @ScottMorrisonMP @narendramodi https://t.co/9ORYlGkcJd",letuscomehome,loveisnotourism
reunite,2020-07-27 02:49:39,VinietaaSharrma,https://twitter.com/VinietaaSharrma,https://twitter.com/i/web/status/1287429890296307712,RT @ManjotD57047569: #ReuniteTheFamilies #letuscomehome  we all are going through from depression. This separation is getting worse than th…,letuscomehome,ReuniteTheFamilies
reunite,2020-07-27 16:13:25,jazzbby91,https://twitter.com/jazzbby91,https://twitter.com/i/web/status/1287632162347315202,RT @moni1032: So why can’t we do it like Denmark and safely reunite partners?Too much work to create the policy?Pride of creating a prison…,,
reunite,2020-07-26 12:44:11,GillPirthi,https://twitter.com/GillPirthi,https://twitter.com/i/web/status/1287217118400847874,RT @Ihla8: People's mental health is in jeopardy. Let couples and families reunite. They do not want a holiday. They just want to be with t…,,
reunite,2020-07-28 01:48:57,GillPirthi,https://twitter.com/GillPirthi,https://twitter.com/i/web/status/1287777002708074501,"RT @ManjotD57047569: #ReuniteTheFamilies #letuscomehome #LoveIsNotTourism We all are going through depression. You all have families, pleas…",letuscomehome,ReuniteTheFamilies
along,2020-07-24 17:09:39,AmandaLNeil,https://twitter.com/AmandaLNeil,https://twitter.com/i/web/status/1286559151942856704,"RT @ian_hickie: Unemployment to soar as economy suffers deep recession#. The big impact on mental health is job loss, along with social dis…",,
along,2020-07-24 23:04:00,ingioz,https://twitter.com/ingioz,https://twitter.com/i/web/status/1286648324582326277,"RT @ian_hickie: Unemployment to soar as economy suffers deep recession#. The big impact on mental health is job loss, along with social dis…",,
along,2020-07-25 09:41:49,natashainoz,https://twitter.com/natashainoz,https://twitter.com/i/web/status/1286808837127692288,"RT @ian_hickie: Unemployment to soar as economy suffers deep recession#. The big impact on mental health is job loss, along with social dis…",,
along,2020-07-25 08:38:42,suevmurray,https://twitter.com/suevmurray,https://twitter.com/i/web/status/1286792953189396480,"RT @ian_hickie: Unemployment to soar as economy suffers deep recession#. The big impact on mental health is job loss, along with social dis…",,
along,2020-07-24 06:41:21,ian_hickie,https://twitter.com/ian_hickie,https://twitter.com/i/web/status/1286401033246130176,"Unemployment to soar as economy suffers deep recession#. The big impact on mental health is job loss, along with social dislocation; now and for next 2-5 years ⁦@GregHuntMP⁩ ⁦⁦@Sydney_Uni⁩ ⁦@Bowenchris⁩ ⁦⁩ ⁦@PatMcGorry⁩  https://t.co/eWucijXzq8",,
along,2020-07-24 23:31:41,PatMcGorry,https://twitter.com/PatMcGorry,https://twitter.com/i/web/status/1286655291329716224,"RT @ian_hickie: Unemployment to soar as economy suffers deep recession#. The big impact on mental health is job loss, along with social dis…",,
along,2020-07-24 08:05:51,imo_bell,https://twitter.com/imo_bell,https://twitter.com/i/web/status/1286422301219594240,"RT @ian_hickie: Unemployment to soar as economy suffers deep recession#. The big impact on mental health is job loss, along with social dis…",,
along,2020-07-24 19:17:46,Prof_Naismith,https://twitter.com/Prof_Naismith,https://twitter.com/i/web/status/1286591394740486145,"RT @ian_hickie: Unemployment to soar as economy suffers deep recession#. The big impact on mental health is job loss, along with social dis…",,
along,2020-07-24 08:45:04,anthonyjhannan,https://twitter.com/anthonyjhannan,https://twitter.com/i/web/status/1286432167564730368,"RT @ian_hickie: Unemployment to soar as economy suffers deep recession#. The big impact on mental health is job loss, along with social dis…",,
#loveisnottourism,2020-07-22 11:54:24,ruthryan,https://twitter.com/ruthryan,https://twitter.com/i/web/status/1285755040573960192,It’s not hard 🇦🇺. You are breaking hearts. If you want to look from an economic side only then think of the airlines (and therefor workers) able to fly again! Plus you’ll save money on mental health. @ScottMorrisonMP @PeterDutton_MP @TomMcIlroy @DavidColemanMP  #LoveIsNotTourism https://t.co/dFx4GBBCrC,LoveIsNotTourism,LoveIsNotTourism
#loveisnottourism,2020-07-27 15:48:22,sreeura,https://twitter.com/sreeura,https://twitter.com/i/web/status/1287625861332516865,"RT @ManjotD57047569: #ReuniteTheFamilies #letuscomehome #LoveIsNotTourism We all are going through depression. You all have families, pleas…",letuscomehome,ReuniteTheFamilies
#loveisnottourism,2020-07-26 00:20:43,Ihla8,https://twitter.com/Ihla8,https://twitter.com/i/web/status/1287030021433905152,People's mental health is in jeopardy. Let couples and families reunite. They do not want a holiday. They just want to be with their loved ones   #LoveIsNotTourism #AFairGoForLove #LoveIsEssential  @ScottMorrisonMP @AlanTudgeMP @PeterDutton_MP @AusBorderForce https://t.co/DkXhOsdL2g,AFairGoForLove,LoveIsNotTourism
#loveisnottourism,2020-07-26 19:00:55,Nucleon39642876,https://twitter.com/Nucleon39642876,https://twitter.com/i/web/status/1287311928008650753,@PeterDutton_MP @ScottMorrisonMP Lonely and alone tonight. Thought I'd try making my fiancee's favourite dish - adobo. I will make it for her if you ever let her in. Turns out....adobo...quite hard. I need help! Let me see my fiancee please! #LoveIsNotTourism #AFairGoForLove https://t.co/QtXxUvHpqq,AFairGoForLove,LoveIsNotTourism
#loveisnottourism,2020-07-28 01:48:57,GillPirthi,https://twitter.com/GillPirthi,https://twitter.com/i/web/status/1287777002708074501,"RT @ManjotD57047569: #ReuniteTheFamilies #letuscomehome #LoveIsNotTourism We all are going through depression. You all have families, pleas…",letuscomehome,ReuniteTheFamilies
#loveisnottourism,2020-07-23 07:46:45,ruthryan,https://twitter.com/ruthryan,https://twitter.com/i/web/status/1286055106035638272,@7NewsBrisbane @M_McCormackMP @Qantas @flyLAXairport This is breaking news? What about the thousands of Australians begging to be reunited with family and loved ones? Children born without their fathers there. Women on anti depression medication who never suffered before. A govt that can help but won’t. 💔 #LoveIsNotTourism,LoveIsNotTourism,LoveIsNotTourism
#loveisnottourism,2020-07-23 15:02:11,ruthryan,https://twitter.com/ruthryan,https://twitter.com/i/web/status/1286164685939593217,Mental health plan ✅ but I know the answer is not medication. It’s to have a fair Australian exemption process with partner visas that are processed in a reasonable timeframe. #AFairGoForLove #LoveIsNotTourism  @ScottMorrisonMP @AusHumanRights @beyondblue @PeterDutton_MP,AFairGoForLove,LoveIsNotTourism
breaking,2020-07-22 13:34:20,jazzbby91,https://twitter.com/jazzbby91,https://twitter.com/i/web/status/1285780190623232003,RT @ruthryan: It’s not hard 🇦🇺. You are breaking hearts. If you want to look from an economic side only then think of the airlines (and the…,,
breaking,2020-07-22 14:23:36,reunitelove,https://twitter.com/reunitelove,https://twitter.com/i/web/status/1285792589493358592,RT @ruthryan: It’s not hard 🇦🇺. You are breaking hearts. If you want to look from an economic side only then think of the airlines (and the…,,
breaking,2020-07-22 21:08:26,saschimiii,https://twitter.com/saschimiii,https://twitter.com/i/web/status/1285894466251837445,RT @ruthryan: It’s not hard 🇦🇺. You are breaking hearts. If you want to look from an economic side only then think of the airlines (and the…,,
breaking,2020-07-22 11:54:24,ruthryan,https://twitter.com/ruthryan,https://twitter.com/i/web/status/1285755040573960192,It’s not hard 🇦🇺. You are breaking hearts. If you want to look from an economic side only then think of the airlines (and therefor workers) able to fly again! Plus you’ll save money on mental health. @ScottMorrisonMP @PeterDutton_MP @TomMcIlroy @DavidColemanMP  #LoveIsNotTourism https://t.co/dFx4GBBCrC,LoveIsNotTourism,LoveIsNotTourism
breaking,2020-07-27 00:27:11,sreeura,https://twitter.com/sreeura,https://twitter.com/i/web/status/1287394035477254146,RT @ruthryan: It’s not hard 🇦🇺. You are breaking hearts. If you want to look from an economic side only then think of the airlines (and the…,,
breaking,2020-07-23 07:46:45,ruthryan,https://twitter.com/ruthryan,https://twitter.com/i/web/status/1286055106035638272,@7NewsBrisbane @M_McCormackMP @Qantas @flyLAXairport This is breaking news? What about the thousands of Australians begging to be reunited with family and loved ones? Children born without their fathers there. Women on anti depression medication who never suffered before. A govt that can help but won’t. 💔 #LoveIsNotTourism,LoveIsNotTourism,LoveIsNotTourism
citizen,2020-07-28 12:58:44,sreeura,https://twitter.com/sreeura,https://twitter.com/i/web/status/1287945556669562880,RT @moni1032: Stares in Australian citizen who’s prime minister is pushing for border closure “for foreseeable future” despite it tearing t…,,
citizen,2020-07-28 09:49:53,hiba_akmal,https://twitter.com/hiba_akmal,https://twitter.com/i/web/status/1287898030893490176,RT @moni1032: Stares in Australian citizen who’s prime minister is pushing for border closure “for foreseeable future” despite it tearing t…,,
citizen,2020-07-28 11:24:24,HapsariHeti,https://twitter.com/HapsariHeti,https://twitter.com/i/web/status/1287921818280448000,RT @moni1032: Stares in Australian citizen who’s prime minister is pushing for border closure “for foreseeable future” despite it tearing t…,,
citizen,2020-07-28 19:30:43,jazzbby91,https://twitter.com/jazzbby91,https://twitter.com/i/web/status/1288044203625213952,RT @moni1032: Stares in Australian citizen who’s prime minister is pushing for border closure “for foreseeable future” despite it tearing t…,,
citizen,2020-07-28 20:46:01,lealovinglifea1,https://twitter.com/lealovinglifea1,https://twitter.com/i/web/status/1288063153658626048,RT @moni1032: Stares in Australian citizen who’s prime minister is pushing for border closure “for foreseeable future” despite it tearing t…,,
citizen,2020-07-28 08:40:20,moni1032,https://twitter.com/moni1032,https://twitter.com/i/web/status/1287880528234868736,Stares in Australian citizen who’s prime minister is pushing for border closure “for foreseeable future” despite it tearing thousands of families and loved ones apart causing a mental health crisis #LoveIsNotToursim #AFairGoForLove @ScottMorrisonMP @AlanTudgeMP @PeterDutton_MP https://t.co/AcFFhy1Bnf,AFairGoForLove,LoveIsNotToursim
citizen,2020-07-28 19:33:43,reunitelove,https://twitter.com/reunitelove,https://twitter.com/i/web/status/1288044956624379905,RT @moni1032: Stares in Australian citizen who’s prime minister is pushing for border closure “for foreseeable future” despite it tearing t…,,
citizen,2020-07-24 09:18:40,ruthryan,https://twitter.com/ruthryan,https://twitter.com/i/web/status/1286440624783122434,I wonder @ScottMorrisonMP would feel not being able to hug Jenny for the past 10 months with an indefinite future timeline.This man cares little about the hearts and mental health of his citizens. Live away from Jenny for 2 years and then we will talk about how tough Aussies are.,,
impact,2020-07-22 10:02:16,juliasilvertop,https://twitter.com/juliasilvertop,https://twitter.com/i/web/status/1285726820004921345,@ScottMorrisonMP u r concerned bout ppl being harmed by covid but not about the mental impact of continually applying 4 jobs that arent there Or the health effects of living in poverty Don’t blame jobseekers 4 an economy that can’t provide them with a job. Thats ur responsibility https://t.co/0Vj2KYtDZm,,
impact,2020-07-24 17:09:39,AmandaLNeil,https://twitter.com/AmandaLNeil,https://twitter.com/i/web/status/1286559151942856704,"RT @ian_hickie: Unemployment to soar as economy suffers deep recession#. The big impact on mental health is job loss, along with social dis…",,
impact,2020-07-24 23:04:00,ingioz,https://twitter.com/ingioz,https://twitter.com/i/web/status/1286648324582326277,"RT @ian_hickie: Unemployment to soar as economy suffers deep recession#. The big impact on mental health is job loss, along with social dis…",,
impact,2020-07-25 21:34:23,VinietaaSharrma,https://twitter.com/VinietaaSharrma,https://twitter.com/i/web/status/1286988161256579072,"Please reunite the seperated families of visa holders. Its been 5 months, we have not seen our families. This separation is having an adverse impact on children mental health which may ruin their whole life #letuscomehome #loveisnotourism @ScottMorrisonMP @narendramodi https://t.co/9ORYlGkcJd",letuscomehome,loveisnotourism
impact,2020-07-25 09:41:49,natashainoz,https://twitter.com/natashainoz,https://twitter.com/i/web/status/1286808837127692288,"RT @ian_hickie: Unemployment to soar as economy suffers deep recession#. The big impact on mental health is job loss, along with social dis…",,
impact,2020-07-25 08:38:42,suevmurray,https://twitter.com/suevmurray,https://twitter.com/i/web/status/1286792953189396480,"RT @ian_hickie: Unemployment to soar as economy suffers deep recession#. The big impact on mental health is job loss, along with social dis…",,
impact,2020-07-24 06:41:21,ian_hickie,https://twitter.com/ian_hickie,https://twitter.com/i/web/status/1286401033246130176,"Unemployment to soar as economy suffers deep recession#. The big impact on mental health is job loss, along with social dislocation; now and for next 2-5 years ⁦@GregHuntMP⁩ ⁦⁦@Sydney_Uni⁩ ⁦@Bowenchris⁩ ⁦⁩ ⁦@PatMcGorry⁩  https://t.co/eWucijXzq8",,
impact,2020-07-24 23:31:41,PatMcGorry,https://twitter.com/PatMcGorry,https://twitter.com/i/web/status/1286655291329716224,"RT @ian_hickie: Unemployment to soar as economy suffers deep recession#. The big impact on mental health is job loss, along with social dis…",,
impact,2020-07-24 08:05:51,imo_bell,https://twitter.com/imo_bell,https://twitter.com/i/web/status/1286422301219594240,"RT @ian_hickie: Unemployment to soar as economy suffers deep recession#. The big impact on mental health is job loss, along with social dis…",,
impact,2020-07-24 19:17:46,Prof_Naismith,https://twitter.com/Prof_Naismith,https://twitter.com/i/web/status/1286591394740486145,"RT @ian_hickie: Unemployment to soar as economy suffers deep recession#. The big impact on mental health is job loss, along with social dis…",,
resident,2020-07-22 03:33:04,StrandedAus_Ind,https://twitter.com/StrandedAus_Ind,https://twitter.com/i/web/status/1285628874961936384,"RT @DRRAJPATANKAR1: Australian PM @ScottMorrisonMP makes return of thousands of Aussies residents stranded in India , overseas impossible &amp;…",,
resident,2020-07-25 15:02:47,megsm122,https://twitter.com/megsm122,https://twitter.com/i/web/status/1286889613517152257,"@GregHuntMP @JennyMikakos @DanielAndrewsMP aged care supports need to include mental health for residents. Focus is on preventing spread of corona, with non existent mental wellbeing support. Residents deteriorating and unlikely to survive coronavirus due to isolation from family",,
resident,2020-07-26 09:08:48,megsm122,https://twitter.com/megsm122,https://twitter.com/i/web/status/1287162917972881408,@AgedMatters @GregHuntMP @abcnews And nothing in the response that addresses the mental health and wellbeing of residents. This is deteriorating due to lack of access to families and homes implementing over the top restrictions such as preventing care packages to residents.,,
wonder,2020-07-24 22:54:20,jazzbby91,https://twitter.com/jazzbby91,https://twitter.com/i/web/status/1286645894108987396,RT @ruthryan: I wonder @ScottMorrisonMP would feel not being able to hug Jenny for the past 10 months with an indefinite future timeline.Th…,,
wonder,2020-07-24 20:58:47,whatnowau,https://twitter.com/whatnowau,https://twitter.com/i/web/status/1286616814944808960,"RT @ExC__Gale: @pryorlisa The anxiety leading up to the 11am presser has kicked in again recently. Numbers up and down every day, wondering…",,
wonder,2020-07-24 09:18:40,ruthryan,https://twitter.com/ruthryan,https://twitter.com/i/web/status/1286440624783122434,I wonder @ScottMorrisonMP would feel not being able to hug Jenny for the past 10 months with an indefinite future timeline.This man cares little about the hearts and mental health of his citizens. Live away from Jenny for 2 years and then we will talk about how tough Aussies are.,,
suffer,2020-07-24 17:09:39,AmandaLNeil,https://twitter.com/AmandaLNeil,https://twitter.com/i/web/status/1286559151942856704,"RT @ian_hickie: Unemployment to soar as economy suffers deep recession#. The big impact on mental health is job loss, along with social dis…",,
suffer,2020-07-24 23:04:00,ingioz,https://twitter.com/ingioz,https://twitter.com/i/web/status/1286648324582326277,"RT @ian_hickie: Unemployment to soar as economy suffers deep recession#. The big impact on mental health is job loss, along with social dis…",,
suffer,2020-07-28 20:46:14,lealovinglifea1,https://twitter.com/lealovinglifea1,https://twitter.com/i/web/status/1288063206641082368,RT @DennisVehlen: @EU_Commission @EuropeanYouthEU @GabrielMariya Are you aware that some people suffer from depression one step away from s…,,
suffer,2020-07-25 09:41:49,natashainoz,https://twitter.com/natashainoz,https://twitter.com/i/web/status/1286808837127692288,"RT @ian_hickie: Unemployment to soar as economy suffers deep recession#. The big impact on mental health is job loss, along with social dis…",,
suffer,2020-07-25 08:38:42,suevmurray,https://twitter.com/suevmurray,https://twitter.com/i/web/status/1286792953189396480,"RT @ian_hickie: Unemployment to soar as economy suffers deep recession#. The big impact on mental health is job loss, along with social dis…",,
suffer,2020-07-24 06:41:21,ian_hickie,https://twitter.com/ian_hickie,https://twitter.com/i/web/status/1286401033246130176,"Unemployment to soar as economy suffers deep recession#. The big impact on mental health is job loss, along with social dislocation; now and for next 2-5 years ⁦@GregHuntMP⁩ ⁦⁦@Sydney_Uni⁩ ⁦@Bowenchris⁩ ⁦⁩ ⁦@PatMcGorry⁩  https://t.co/eWucijXzq8",,
suffer,2020-07-24 23:31:41,PatMcGorry,https://twitter.com/PatMcGorry,https://twitter.com/i/web/status/1286655291329716224,"RT @ian_hickie: Unemployment to soar as economy suffers deep recession#. The big impact on mental health is job loss, along with social dis…",,
suffer,2020-07-24 08:05:51,imo_bell,https://twitter.com/imo_bell,https://twitter.com/i/web/status/1286422301219594240,"RT @ian_hickie: Unemployment to soar as economy suffers deep recession#. The big impact on mental health is job loss, along with social dis…",,
suffer,2020-07-23 07:46:45,ruthryan,https://twitter.com/ruthryan,https://twitter.com/i/web/status/1286055106035638272,@7NewsBrisbane @M_McCormackMP @Qantas @flyLAXairport This is breaking news? What about the thousands of Australians begging to be reunited with family and loved ones? Children born without their fathers there. Women on anti depression medication who never suffered before. A govt that can help but won’t. 💔 #LoveIsNotTourism,LoveIsNotTourism,LoveIsNotTourism
suffer,2020-07-24 19:17:46,Prof_Naismith,https://twitter.com/Prof_Naismith,https://twitter.com/i/web/status/1286591394740486145,"RT @ian_hickie: Unemployment to soar as economy suffers deep recession#. The big impact on mental health is job loss, along with social dis…",,
airline,2020-07-22 13:34:20,jazzbby91,https://twitter.com/jazzbby91,https://twitter.com/i/web/status/1285780190623232003,RT @ruthryan: It’s not hard 🇦🇺. You are breaking hearts. If you want to look from an economic side only then think of the airlines (and the…,,
airline,2020-07-22 14:23:36,reunitelove,https://twitter.com/reunitelove,https://twitter.com/i/web/status/1285792589493358592,RT @ruthryan: It’s not hard 🇦🇺. You are breaking hearts. If you want to look from an economic side only then think of the airlines (and the…,,
airline,2020-07-22 21:08:26,saschimiii,https://twitter.com/saschimiii,https://twitter.com/i/web/status/1285894466251837445,RT @ruthryan: It’s not hard 🇦🇺. You are breaking hearts. If you want to look from an economic side only then think of the airlines (and the…,,
airline,2020-07-22 11:54:24,ruthryan,https://twitter.com/ruthryan,https://twitter.com/i/web/status/1285755040573960192,It’s not hard 🇦🇺. You are breaking hearts. If you want to look from an economic side only then think of the airlines (and therefor workers) able to fly again! Plus you’ll save money on mental health. @ScottMorrisonMP @PeterDutton_MP @TomMcIlroy @DavidColemanMP  #LoveIsNotTourism https://t.co/dFx4GBBCrC,LoveIsNotTourism,LoveIsNotTourism
airline,2020-07-27 00:27:11,sreeura,https://twitter.com/sreeura,https://twitter.com/i/web/status/1287394035477254146,RT @ruthryan: It’s not hard 🇦🇺. You are breaking hearts. If you want to look from an economic side only then think of the airlines (and the…,,
border,2020-07-28 01:17:13,sreeura,https://twitter.com/sreeura,https://twitter.com/i/web/status/1287769015566254081,RT @Sahanchan89: Open Australia to serious relationships! Keeping borders closed will increase cost of mental health care In future due to…,,
border,2020-07-26 17:42:51,sreeura,https://twitter.com/sreeura,https://twitter.com/i/web/status/1287292282027139072,RT @MeenuDhawan16: @Alankri85552961 @AusBorderForce @JohnR57600644 @ScottMorrisonMP @shanebazzi We are in depression. Just want to reunite…,,
border,2020-07-26 23:23:15,sreeura,https://twitter.com/sreeura,https://twitter.com/i/web/status/1287377947641262084,RT @nirvans_: I don‘t know how much longer I can mentally and physically do this. @ausgov @ScottMorrisonMP @AusBorderForce the distance fro…,,
border,2020-07-28 12:58:44,sreeura,https://twitter.com/sreeura,https://twitter.com/i/web/status/1287945556669562880,RT @moni1032: Stares in Australian citizen who’s prime minister is pushing for border closure “for foreseeable future” despite it tearing t…,,
border,2020-07-28 09:49:53,hiba_akmal,https://twitter.com/hiba_akmal,https://twitter.com/i/web/status/1287898030893490176,RT @moni1032: Stares in Australian citizen who’s prime minister is pushing for border closure “for foreseeable future” despite it tearing t…,,
border,2020-07-26 00:20:43,Ihla8,https://twitter.com/Ihla8,https://twitter.com/i/web/status/1287030021433905152,People's mental health is in jeopardy. Let couples and families reunite. They do not want a holiday. They just want to be with their loved ones   #LoveIsNotTourism #AFairGoForLove #LoveIsEssential  @ScottMorrisonMP @AlanTudgeMP @PeterDutton_MP @AusBorderForce https://t.co/DkXhOsdL2g,AFairGoForLove,LoveIsNotTourism
border,2020-07-28 11:24:24,HapsariHeti,https://twitter.com/HapsariHeti,https://twitter.com/i/web/status/1287921818280448000,RT @moni1032: Stares in Australian citizen who’s prime minister is pushing for border closure “for foreseeable future” despite it tearing t…,,
border,2020-07-25 17:32:10,jazzbby91,https://twitter.com/jazzbby91,https://twitter.com/i/web/status/1286927204476022786,RT @nirvans_: I don‘t know how much longer I can mentally and physically do this. @ausgov @ScottMorrisonMP @AusBorderForce the distance fro…,,
border,2020-07-28 19:30:43,jazzbby91,https://twitter.com/jazzbby91,https://twitter.com/i/web/status/1288044203625213952,RT @moni1032: Stares in Australian citizen who’s prime minister is pushing for border closure “for foreseeable future” despite it tearing t…,,
border,2020-07-28 20:46:01,lealovinglifea1,https://twitter.com/lealovinglifea1,https://twitter.com/i/web/status/1288063153658626048,RT @moni1032: Stares in Australian citizen who’s prime minister is pushing for border closure “for foreseeable future” despite it tearing t…,,
minister,2020-07-28 12:58:44,sreeura,https://twitter.com/sreeura,https://twitter.com/i/web/status/1287945556669562880,RT @moni1032: Stares in Australian citizen who’s prime minister is pushing for border closure “for foreseeable future” despite it tearing t…,,
minister,2020-07-28 09:49:53,hiba_akmal,https://twitter.com/hiba_akmal,https://twitter.com/i/web/status/1287898030893490176,RT @moni1032: Stares in Australian citizen who’s prime minister is pushing for border closure “for foreseeable future” despite it tearing t…,,
minister,2020-07-28 11:24:24,HapsariHeti,https://twitter.com/HapsariHeti,https://twitter.com/i/web/status/1287921818280448000,RT @moni1032: Stares in Australian citizen who’s prime minister is pushing for border closure “for foreseeable future” despite it tearing t…,,
minister,2020-07-28 19:30:43,jazzbby91,https://twitter.com/jazzbby91,https://twitter.com/i/web/status/1288044203625213952,RT @moni1032: Stares in Australian citizen who’s prime minister is pushing for border closure “for foreseeable future” despite it tearing t…,,
minister,2020-07-28 20:46:01,lealovinglifea1,https://twitter.com/lealovinglifea1,https://twitter.com/i/web/status/1288063153658626048,RT @moni1032: Stares in Australian citizen who’s prime minister is pushing for border closure “for foreseeable future” despite it tearing t…,,
minister,2020-07-28 08:40:20,moni1032,https://twitter.com/moni1032,https://twitter.com/i/web/status/1287880528234868736,Stares in Australian citizen who’s prime minister is pushing for border closure “for foreseeable future” despite it tearing thousands of families and loved ones apart causing a mental health crisis #LoveIsNotToursim #AFairGoForLove @ScottMorrisonMP @AlanTudgeMP @PeterDutton_MP https://t.co/AcFFhy1Bnf,AFairGoForLove,LoveIsNotToursim
minister,2020-07-28 19:33:43,reunitelove,https://twitter.com/reunitelove,https://twitter.com/i/web/status/1288044956624379905,RT @moni1032: Stares in Australian citizen who’s prime minister is pushing for border closure “for foreseeable future” despite it tearing t…,,
economy,2020-07-22 10:02:16,juliasilvertop,https://twitter.com/juliasilvertop,https://twitter.com/i/web/status/1285726820004921345,@ScottMorrisonMP u r concerned bout ppl being harmed by covid but not about the mental impact of continually applying 4 jobs that arent there Or the health effects of living in poverty Don’t blame jobseekers 4 an economy that can’t provide them with a job. Thats ur responsibility https://t.co/0Vj2KYtDZm,,
economy,2020-07-24 17:09:39,AmandaLNeil,https://twitter.com/AmandaLNeil,https://twitter.com/i/web/status/1286559151942856704,"RT @ian_hickie: Unemployment to soar as economy suffers deep recession#. The big impact on mental health is job loss, along with social dis…",,
economy,2020-07-24 23:04:00,ingioz,https://twitter.com/ingioz,https://twitter.com/i/web/status/1286648324582326277,"RT @ian_hickie: Unemployment to soar as economy suffers deep recession#. The big impact on mental health is job loss, along with social dis…",,
economy,2020-07-25 09:41:49,natashainoz,https://twitter.com/natashainoz,https://twitter.com/i/web/status/1286808837127692288,"RT @ian_hickie: Unemployment to soar as economy suffers deep recession#. The big impact on mental health is job loss, along with social dis…",,
economy,2020-07-25 08:38:42,suevmurray,https://twitter.com/suevmurray,https://twitter.com/i/web/status/1286792953189396480,"RT @ian_hickie: Unemployment to soar as economy suffers deep recession#. The big impact on mental health is job loss, along with social dis…",,
economy,2020-07-24 06:41:21,ian_hickie,https://twitter.com/ian_hickie,https://twitter.com/i/web/status/1286401033246130176,"Unemployment to soar as economy suffers deep recession#. The big impact on mental health is job loss, along with social dislocation; now and for next 2-5 years ⁦@GregHuntMP⁩ ⁦⁦@Sydney_Uni⁩ ⁦@Bowenchris⁩ ⁦⁩ ⁦@PatMcGorry⁩  https://t.co/eWucijXzq8",,
economy,2020-07-24 23:31:41,PatMcGorry,https://twitter.com/PatMcGorry,https://twitter.com/i/web/status/1286655291329716224,"RT @ian_hickie: Unemployment to soar as economy suffers deep recession#. The big impact on mental health is job loss, along with social dis…",,
economy,2020-07-24 08:05:51,imo_bell,https://twitter.com/imo_bell,https://twitter.com/i/web/status/1286422301219594240,"RT @ian_hickie: Unemployment to soar as economy suffers deep recession#. The big impact on mental health is job loss, along with social dis…",,
economy,2020-07-24 19:17:46,Prof_Naismith,https://twitter.com/Prof_Naismith,https://twitter.com/i/web/status/1286591394740486145,"RT @ian_hickie: Unemployment to soar as economy suffers deep recession#. The big impact on mental health is job loss, along with social dis…",,
economy,2020-07-24 08:45:04,anthonyjhannan,https://twitter.com/anthonyjhannan,https://twitter.com/i/web/status/1286432167564730368,"RT @ian_hickie: Unemployment to soar as economy suffers deep recession#. The big impact on mental health is job loss, along with social dis…",,
support,2020-07-22 18:13:51,ThLittleMidwife,https://twitter.com/ThLittleMidwife,https://twitter.com/i/web/status/1285850533140369414,A frontliner in need of mental health support. The 4th rejection. Im not sure  @MarkMcGowanMP @WAGovernment are understanding the urgency of my request. @ScottMorrisonMP don't thank frontliners if this is how you treat them.   @ausgov @abcnews @SBSNews @9NewsAUS @SevenNetwork https://t.co/mAUg6ErzKB,,
support,2020-07-23 15:03:04,MrsMarchi,https://twitter.com/MrsMarchi,https://twitter.com/i/web/status/1286164907113639936,#Mentalhealth and #COVID19 support ...  #coronavirus #COVID19Aus #Australia #health   https://t.co/Cg1FOKo9wK,Australia,Mentalhealth
support,2020-07-23 08:51:00,FRNSW_RS3,https://twitter.com/FRNSW_RS3,https://twitter.com/i/web/status/1286071275027222528,RT @MurrumbidgeePHN: Feel like Coronavirus is taking a toll on your mental health?  You can get support online at Head to Health. https://t…,,
support,2020-07-28 07:59:48,nic_goodfellow,https://twitter.com/nic_goodfellow,https://twitter.com/i/web/status/1287870326865461250,"@healthgovau What about funding for women's sheds? There are many trying to start up but zero support. We need spaces, too, for mental health and ALOT of women want these sheds too.",,
support,2020-07-25 15:02:47,megsm122,https://twitter.com/megsm122,https://twitter.com/i/web/status/1286889613517152257,"@GregHuntMP @JennyMikakos @DanielAndrewsMP aged care supports need to include mental health for residents. Focus is on preventing spread of corona, with non existent mental wellbeing support. Residents deteriorating and unlikely to survive coronavirus due to isolation from family",,
prime,2020-07-28 12:58:44,sreeura,https://twitter.com/sreeura,https://twitter.com/i/web/status/1287945556669562880,RT @moni1032: Stares in Australian citizen who’s prime minister is pushing for border closure “for foreseeable future” despite it tearing t…,,
prime,2020-07-28 09:49:53,hiba_akmal,https://twitter.com/hiba_akmal,https://twitter.com/i/web/status/1287898030893490176,RT @moni1032: Stares in Australian citizen who’s prime minister is pushing for border closure “for foreseeable future” despite it tearing t…,,
prime,2020-07-28 11:24:24,HapsariHeti,https://twitter.com/HapsariHeti,https://twitter.com/i/web/status/1287921818280448000,RT @moni1032: Stares in Australian citizen who’s prime minister is pushing for border closure “for foreseeable future” despite it tearing t…,,
prime,2020-07-28 19:30:43,jazzbby91,https://twitter.com/jazzbby91,https://twitter.com/i/web/status/1288044203625213952,RT @moni1032: Stares in Australian citizen who’s prime minister is pushing for border closure “for foreseeable future” despite it tearing t…,,
prime,2020-07-28 20:46:01,lealovinglifea1,https://twitter.com/lealovinglifea1,https://twitter.com/i/web/status/1288063153658626048,RT @moni1032: Stares in Australian citizen who’s prime minister is pushing for border closure “for foreseeable future” despite it tearing t…,,
prime,2020-07-28 08:40:20,moni1032,https://twitter.com/moni1032,https://twitter.com/i/web/status/1287880528234868736,Stares in Australian citizen who’s prime minister is pushing for border closure “for foreseeable future” despite it tearing thousands of families and loved ones apart causing a mental health crisis #LoveIsNotToursim #AFairGoForLove @ScottMorrisonMP @AlanTudgeMP @PeterDutton_MP https://t.co/AcFFhy1Bnf,AFairGoForLove,LoveIsNotToursim
prime,2020-07-28 19:33:43,reunitelove,https://twitter.com/reunitelove,https://twitter.com/i/web/status/1288044956624379905,RT @moni1032: Stares in Australian citizen who’s prime minister is pushing for border closure “for foreseeable future” despite it tearing t…,,
jenny,2020-07-24 22:54:20,jazzbby91,https://twitter.com/jazzbby91,https://twitter.com/i/web/status/1286645894108987396,RT @ruthryan: I wonder @ScottMorrisonMP would feel not being able to hug Jenny for the past 10 months with an indefinite future timeline.Th…,,
jenny,2020-07-25 15:02:47,megsm122,https://twitter.com/megsm122,https://twitter.com/i/web/status/1286889613517152257,"@GregHuntMP @JennyMikakos @DanielAndrewsMP aged care supports need to include mental health for residents. Focus is on preventing spread of corona, with non existent mental wellbeing support. Residents deteriorating and unlikely to survive coronavirus due to isolation from family",,
jenny,2020-07-24 09:18:40,ruthryan,https://twitter.com/ruthryan,https://twitter.com/i/web/status/1286440624783122434,I wonder @ScottMorrisonMP would feel not being able to hug Jenny for the past 10 months with an indefinite future timeline.This man cares little about the hearts and mental health of his citizens. Live away from Jenny for 2 years and then we will talk about how tough Aussies are.,,
month,2020-07-26 00:47:35,budgetbuscharte,https://twitter.com/budgetbuscharte,https://twitter.com/i/web/status/1287036780840017920,RT @lonelyplanet: Anyone who hasn't seen family for months can relate https://t.co/9vXJQzJvCl,,
month,2020-07-24 02:13:14,VinietaaSharrma,https://twitter.com/VinietaaSharrma,https://twitter.com/i/web/status/1286333559926484993,"RT @ManjotD57047569: Its been months, we have not seen our families, this seperation is killing us. We all are going through depression. #L…",,
month,2020-07-25 21:34:23,VinietaaSharrma,https://twitter.com/VinietaaSharrma,https://twitter.com/i/web/status/1286988161256579072,"Please reunite the seperated families of visa holders. Its been 5 months, we have not seen our families. This separation is having an adverse impact on children mental health which may ruin their whole life #letuscomehome #loveisnotourism @ScottMorrisonMP @narendramodi https://t.co/9ORYlGkcJd",letuscomehome,loveisnotourism
month,2020-07-24 22:54:20,jazzbby91,https://twitter.com/jazzbby91,https://twitter.com/i/web/status/1286645894108987396,RT @ruthryan: I wonder @ScottMorrisonMP would feel not being able to hug Jenny for the past 10 months with an indefinite future timeline.Th…,,
month,2020-07-23 01:13:09,rwoodhou,https://twitter.com/rwoodhou,https://twitter.com/i/web/status/1285956054493224963,"@ian_hickie @PatMcGorry @SquigglyRick @SabraLane @GMegalogenis @CSART_world @Sydney_Uni @normanswan @PatsKarvelas @JoshFrydenberg @GregHuntMP No employment, redundancy, no jobs to apply for &amp; 3 month wait to see a mental health professional to prescribe your meds when you had to flee interstate due to financial strain kinda does it too. Not being able to secure new Dr &amp; therefore a steady supply of meds is excruciating",,
month,2020-07-24 02:00:51,GillPirthi,https://twitter.com/GillPirthi,https://twitter.com/i/web/status/1286330443298553857,"RT @ManjotD57047569: Its been months, we have not seen our families, this seperation is killing us. We all are going through depression. #L…",,
month,2020-07-24 09:18:40,ruthryan,https://twitter.com/ruthryan,https://twitter.com/i/web/status/1286440624783122434,I wonder @ScottMorrisonMP would feel not being able to hug Jenny for the past 10 months with an indefinite future timeline.This man cares little about the hearts and mental health of his citizens. Live away from Jenny for 2 years and then we will talk about how tough Aussies are.,,
month,2020-07-24 10:44:54,ruthryan,https://twitter.com/ruthryan,https://twitter.com/i/web/status/1286462327785582592,"@theprojecttv 💔10 months without my fiancé. 💔 thousands of Australians heartbroken and going on depression and anxiety medication, but you report this!!??!!",,
month,2020-07-24 16:26:25,AnjuDijit,https://twitter.com/AnjuDijit,https://twitter.com/i/web/status/1286548271872143361,"RT @DRRAJPATANKAR1: Everyone stranded for months is pleading for safe return to Australia. Frustrations, sufferings, and worsening mental h…",,
anyone,2020-07-26 00:47:35,budgetbuscharte,https://twitter.com/budgetbuscharte,https://twitter.com/i/web/status/1287036780840017920,RT @lonelyplanet: Anyone who hasn't seen family for months can relate https://t.co/9vXJQzJvCl,,
anyone,2020-07-27 20:15:51,shaillaquadra,https://twitter.com/shaillaquadra,https://twitter.com/i/web/status/1287693175042134016,"@aussie_smitty Same. Since mandatory masks started in #Victoria, I feel my heart jumpy all the time. Is like constant anxiety now. Is scary how our freedom can be taken away within a blink. News trashing more and more anyone questioning. The sheep more and scared. Agree, time to end this movie.",Victoria,Victoria
anyone,2020-07-24 21:53:49,RJ_Howes,https://twitter.com/RJ_Howes,https://twitter.com/i/web/status/1286630665748754433,"@AusUnemployment @Asher_Wolf Since first lockdown I have had an undercurrent of creeping, insidious, thoroughly unnecessary anxiety about this issue. This system was inhumane &amp; uncertain before the pandemic. Does anyone take this government seriously anymore? 'Please Sir, can I have some more anxiety..'",,
australian,2020-07-22 03:33:04,StrandedAus_Ind,https://twitter.com/StrandedAus_Ind,https://twitter.com/i/web/status/1285628874961936384,"RT @DRRAJPATANKAR1: Australian PM @ScottMorrisonMP makes return of thousands of Aussies residents stranded in India , overseas impossible &amp;…",,
australian,2020-07-25 19:45:14,jaquix173,https://twitter.com/jaquix173,https://twitter.com/i/web/status/1286960691509735425,RT @Max_Gross: @healthgovau The current Australian Government does more to damage our mental health than any pandemic ever could #LNPfail…,LNPfail,LNPfail
australian,2020-07-26 23:25:43,sreeura,https://twitter.com/sreeura,https://twitter.com/i/web/status/1287378568226381824,RT @ruthryan: Mental health plan ✅ but I know the answer is not medication. It’s to have a fair Australian exemption process with partner v…,,
australian,2020-07-28 12:58:44,sreeura,https://twitter.com/sreeura,https://twitter.com/i/web/status/1287945556669562880,RT @moni1032: Stares in Australian citizen who’s prime minister is pushing for border closure “for foreseeable future” despite it tearing t…,,
australian,2020-07-28 09:49:53,hiba_akmal,https://twitter.com/hiba_akmal,https://twitter.com/i/web/status/1287898030893490176,RT @moni1032: Stares in Australian citizen who’s prime minister is pushing for border closure “for foreseeable future” despite it tearing t…,,
australian,2020-07-28 11:24:24,HapsariHeti,https://twitter.com/HapsariHeti,https://twitter.com/i/web/status/1287921818280448000,RT @moni1032: Stares in Australian citizen who’s prime minister is pushing for border closure “for foreseeable future” despite it tearing t…,,
australian,2020-07-28 19:30:43,jazzbby91,https://twitter.com/jazzbby91,https://twitter.com/i/web/status/1288044203625213952,RT @moni1032: Stares in Australian citizen who’s prime minister is pushing for border closure “for foreseeable future” despite it tearing t…,,
australian,2020-07-28 20:46:01,lealovinglifea1,https://twitter.com/lealovinglifea1,https://twitter.com/i/web/status/1288063153658626048,RT @moni1032: Stares in Australian citizen who’s prime minister is pushing for border closure “for foreseeable future” despite it tearing t…,,
australian,2020-07-28 08:40:20,moni1032,https://twitter.com/moni1032,https://twitter.com/i/web/status/1287880528234868736,Stares in Australian citizen who’s prime minister is pushing for border closure “for foreseeable future” despite it tearing thousands of families and loved ones apart causing a mental health crisis #LoveIsNotToursim #AFairGoForLove @ScottMorrisonMP @AlanTudgeMP @PeterDutton_MP https://t.co/AcFFhy1Bnf,AFairGoForLove,LoveIsNotToursim
australian,2020-07-28 19:33:43,reunitelove,https://twitter.com/reunitelove,https://twitter.com/i/web/status/1288044956624379905,RT @moni1032: Stares in Australian citizen who’s prime minister is pushing for border closure “for foreseeable future” despite it tearing t…,,
