Topic,word1,word2,word3,word4,word5,word6,word7,word8,word9,word10
Topic 1,anxiety,someone,national,found,literally,toilet,following,stop,drinking,opening
Topic 2,work,active,daily,physical,difference,activity,make,#mentalhealth,parent,ongoing
Topic 3,depression,hormone,puerto,dream,childhood,experience,stay,feeling,create,release
Topic 4,turn,need,medication,strong,thought,actually,super,anti-anxiety,early,depression
Topic 5,wellbeing,dedicate,beyond,important,taking,especially,#covid19,matter,track,change
