Topic,word1,word2,word3,word4,word5,word6,word7,word8,word9,word10
Topic 1,anxiety,depression,child,community,#auspol,positive,report,check,need,especially
Topic 2,anxiety,depression,still,listening,scream,australian,session,right,government,#loveisnottourism
Topic 3,people,depression,suicide,dying,dose,large,perpetrate,corona,nurse,patient
Topic 4,park,break,souva,across,organ,australia,government,place,anxiety,victoria
Topic 5,access,nurse,please,minister,service,enough,immediately,watching,specialist,upskill
