Topic,word1,word2,word3,word4,word5,word6,word7,word8,word9,word10
Topic 1,depression,covid,death,record,case,anxiety,australia,suicide,victoria,coronavirus
Topic 2,australia,education,public,homelessness,nation,hospital,poverty,rich,people,island
Topic 3,announce,professional,victoria,covid,session,doubling,medicare-subsidised,australia,update,coronavirus
Topic 4,funding,today,announce,boost,everyone,affect,coronavirus,others,differently,service
Topic 5,support,covid,pandemic,available,impact,please,victorian,concern,reach,medicare
