keyword,counts
⁦⁩,407
stay,287
anyone,283
support,276
great,260
#1800respect,256
connected,248
actions,248
alone,246
welcome,240
available,237
wellbeing,233
#support,229
visiting,229
hope,227
service,222
designed,220
finan,220
self-isolating,220
discussion,220
#sexualassault,220
#domesticviolence,220
critical,220
blue,217
beyond,212
happen,209
dozens,208
ed,208
succes,208
active,208
needs,204
help,204
working,198
needed,198
developed,195
thanks,195
disability,195
kindness,195
stories,195
commitment,195
addressing,195
priority,195
eat,195
touch,195
australians,186
keeping,185
frontline,179
friendships,179
connection,179
thro,179
forums,179
copin,179
start,177
dedicated,177
cope,170
chair,170
professionals,166
free,165
explore,161
artists,161
differing,161
creative,161
processes,161
challenges,161
hear,161
dear,161
sian,161
highly,161
share,154
australian,152
gov,151
tim,151
24,151
based,151
home,147
upper,139
coomera,139
celebrated,139
opening,139
doors,139
gold,139
coast,139
region,139
checklist,139
slay,139
exams,139
suggestion,139
particularly,139
oral,139
language,139
includes,139
vital,139
tested,139
insights,139
faced,139
helpful,139
78,139
pritchard,139
experienced,139
practitiiner,139
