Topic,word1,word2,word3,word4,word5,word6,word7,word8,word9,word10
Topic 1,national,today,suicide,timeline,prevention,approve,digit,designate,work,active
Topic 2,bravery,phoebe,still,honestly,talking,bring,māori,take,time,pacific
Topic 3,wellbeing,taking,especially,important,dedicate,beyond,anxiety,professional,point,access
Topic 4,people,support,young,service,monash,turn,super,need,thought,medication
Topic 5,#mentalhealth,experience,self-care,#headtohealth,speak-up,difficulty,ongoing,today,doctor,early
