Topic,word1,word2,word3,word4,word5,word6,word7,word8,word9,word10
Topic 1,session,people,psychology,number,fear,medicare-funded,limit,medicare,psychological,therapy
Topic 2,support,lockdown,collective,young,depression,people,government,#mentalhealth,suffering,crisis
Topic 3,extra,australian,please,citizen,support,border,government,session,available,moment
Topic 4,provide,depression,additional,people,covid,great,death,subje,think,anxiety
Topic 5,lockdown,response,urgent,require,fatigue,#covid19,people,worry,increase,support
