Topic,word1,word2,word3,word4,word5,word6,word7,word8,word9,word10
Topic 1,support,wellbeing,beyond,someone,kindness,connection,compassion,chair,financial,learn
Topic 2,include,resource,provide,support,toolkit,online,disability,#1800respect,factsheets,guideline
Topic 3,launch,community,campaign,need,australian,partner,delight,raise,announce,joint
Topic 4,service,support,match,thursday,wishing,wellbeing,covid,impact,dedicate,pandemic
Topic 5,people,support,financial,remember,wellbeing,everyone,counselling,worry,article,victoria
