Topic,word1,word2,word3,word4,word5,word6,word7,word8,word9,word10
Topic 1,think,anxiety,minister,stress,report,#strandedaussies,damage,happening,release,abandon
Topic 2,people,depression,anxiety,death,government,citizen,future,really,suicide,dealing
Topic 3,scott,extend,change,morrison,depression,depression-climate,destroying-deep,acceleration-rich,unemployment-economy,victoria
Topic 4,lonely,another,morrison,friend,scott,liberal,85000,stumping,taxpayer,impact
Topic 5,system,aussie,#nowhereelsetogo,presentation,failing,lock,country,thousand,http,victoria
