Topic,word1,word2,word3,word4,word5,word6,word7,word8,word9,word10
Topic 1,coronavirus,support,service,victorian,wellbeing,impact,hotline,#afairgoforlove,#removethecap,important
Topic 2,suicide,beyond,support,lifeline,australia,financial,mensline,people,useful,helplines
Topic 3,partner,australian,people,crisis,family,stress,allow,support,travel,impact
Topic 4,suicide,medicare,additional,depression,provide,priority,prevention,remain,subsidise,going
Topic 5,experience,australia,service,sexual,almost,information,physical,around,woman,include
