Topic,word1,word2,word3,word4,word5,word6,word7,word8,word9,word10
Topic 1,anyone,anything,cruel,wrong,criminal,nurse,family,people,attack,covid
Topic 2,depression,government,australian,suffering,release,level,write,money,spend,anxiety
Topic 3,million,non-citizens,depression,call,australian,check,stick,solitary,confinement,worst
Topic 4,patient,waiting,pressure,emergency,people,better,month,psychologist,clear,anxiety
Topic 5,people,enough,first,think,depression,support,victorian,poverty,country,concern
