Topic,word1,word2,word3,word4,word5,word6,word7,word8,word9,word10
Topic 1,australia,whole,pressure,patient,waiting,emergency,sitting,world,occur,letting
Topic 2,people,enough,first,depression,australian,australia,better,recession,worst,anxiety
Topic 3,anyone,anything,cruel,criminal,wrong,non-citizens,think,attack,spend,importance
Topic 4,write,release,depression,#auspol,anxiety,funeral,report,pretend,around,#auspolsocorrupt
Topic 5,depression,government,covid,check,solitary,confinement,call,stick,future,money
