Topic,word1,word2,word3,word4,word5,word6,word7,word8,word9,word10
Topic 1,student,take,massive,unable,coronavirus,depression,answer,atleast,policy,partner
Topic 2,people,month,impact,access,lose,study,lifeits,around,depression,anxiety
Topic 3,lockdown,economy,accountability,state,family,victorian,people,issue,desperately,couple
Topic 4,partner,travel,reunite,allow,lift,overseas,crisis,world,australian,extend
Topic 5,christmas,island,detainee,isolation,bore,struggle,anxious,depress,frustrate,people
