keyword,counts
stay,322
welcome,318
online,296
blue,288
needs,283
resources,283
beyond,279
lives,278
#mentalhealth,269
gov,268
help,258
covid-19,254
home,254
free,254
video,248
rachael,248
opens,248
goal-setting,248
losing,248
outbreak,246
helped,246
estab,240
$,240
self-isolating,240
continue,238
great,233
support,233
working,231
hope,229
designed,229
#covid19vic,229
connected,229
important,222
24/7,222
discussion,220
fed,220
try,217
people,212
victoria,211
carer,208
confidential,208
connection,208
stories,208
forums,208
commitment,208
tim,208
hugely,208
greatly,208
impact,206
available,206
young,200
share,198
safe,198
demand,198
connect,195
frontline,195
chair,195
kindness,195
thro,195
copin,195
supports,195
address,195
mil,195
expand,195
difficult,192
friends,188
impacted,185
$319,185
well,185
vital,185
addressing,185
save,180
group,179
achieve,179
facts,179
remain,179
joined,179
forces,179
exams,179
suggestion,179
create,179
enhance,179
lasting,179
time,171
mind,170
services,170
using,166
increasing,166
website,165
pandemic,163
spotlight,161
organisation,161
trust,161
embarrassing,161
unpleasant,161
needless,161
network,161
huge,161
checklist,161
slay,161
