Topic,word1,word2,word3,word4,word5,word6,word7,word8,word9,word10
Topic 1,anxiety,depression,apart,partner,please,month,tearing,waiting,australia,partne
Topic 2,people,anxiety,right,place,woman,victim,medical,claim,#depression,disorder
Topic 3,right,nurse,#auspol,scream,service,enough,access,australia,problem,workforce
Topic 4,anxiety,often,government,people,think,depression,patient,community,first,thing
Topic 5,nurse,access,please,minister,watching,general,practice,specialist,upskill,immediately
