keyword,created_at_local_time,screen_name,user_URL,tweet_URL,tweet_text,hashtag1,hashtag2
general,2020-09-18 18:55:39,JennaG_SLP,https://twitter.com/JennaG_SLP,https://twitter.com/i/web/status/1306879549062475776,"RT @SpeechPathAus: .@ScottMorrisonMP: “Patients will continue to have access to Medicare-subsidised telehealth for general practitioner, nu…",,
general,2020-09-18 18:39:11,BronwynHemsley,https://twitter.com/BronwynHemsley,https://twitter.com/i/web/status/1306875401998917634,"RT @SpeechPathAus: .@ScottMorrisonMP: “Patients will continue to have access to Medicare-subsidised telehealth for general practitioner, nu…",,
general,2020-09-22 08:05:34,JohnACrimmins,https://twitter.com/JohnACrimmins,https://twitter.com/i/web/status/1308165499931389952,@ian_hickie @GregHuntMP @PatMcGorry The cases handled on area health are important but are only a small fraction of the burden of mental health that General Practice effectively manages at great financial cost,,
general,2020-09-22 08:37:21,JohnACrimmins,https://twitter.com/JohnACrimmins,https://twitter.com/i/web/status/1308173499828117504,@ian_hickie @GregHuntMP @PatMcGorry The budget must fund General Practice so it is better resources to continue a sustained fight against most of the mental health care needs of most patients during this pandemic,,
anxiety,2020-09-22 15:11:13,dana_advocacy,https://twitter.com/dana_advocacy,https://twitter.com/i/web/status/1308272618202570752,"RT @PWDAustralia: Ms Griffiths describes anxiety, thinking it was her fault. She asked for help from workers, parents, NSW Ombudsman's offi…",,
anxiety,2020-09-16 19:11:00,JoRobinson_Aus,https://twitter.com/JoRobinson_Aus,https://twitter.com/i/web/status/1306158636473880576,RT @Mental_Elf: Transgender discrimination and stigma: links to anxiety and depression https://t.co/tKiMMwW9UQ https://t.co/4gZUNY2R6o,,
anxiety,2020-09-22 11:08:55,MJA_Editor,https://twitter.com/MJA_Editor,https://twitter.com/i/web/status/1308211641620680705,RT @MayoClinic: #SocialAnxietyDisorder is one of the most common anxiety disorders. An estimated 12 percent of the population experiences i…,SocialAnxietyDisorder,SocialAnxietyDisorder
anxiety,2020-09-18 11:00:05,RANZCP,https://twitter.com/RANZCP,https://twitter.com/i/web/status/1306759867458351106,Learn how to control anxiety whenever you experience it. Try this breathing exercise to help alleviate your anxiety.  If your anxiety continues talk with your GP and ask if a referral to a psychiatrist is right for you. For more information visit https://t.co/pTAKDMK41P https://t.co/3nrwycW3dN,,
anxiety,2020-09-17 11:48:14,hazard_damien,https://twitter.com/hazard_damien,https://twitter.com/i/web/status/1306409598597750784,RT @DanielBleakley: @ScottMorrisonMP @PatMcGorry @orygen_aus One of the biggest causes of mental health problems in young people is anxiety…,,
anxiety,2020-09-21 15:15:10,sreeura,https://twitter.com/sreeura,https://twitter.com/i/web/status/1307911224361807873,RT @shabnam85022793: I've n thought I would have to face stress and anxiety to get Aus visa to study and do engineering research.many Irani…,,
anxiety,2020-09-17 21:10:57,CrunchieKimochi,https://twitter.com/CrunchieKimochi,https://twitter.com/i/web/status/1306551207553429504,"RT @PugliePug: WHEW! Some days anxiety just gets the best of you. It's okay, you're not alone. 💖 Anyone else get the nervous poots??? https…",,
anxiety,2020-09-18 16:38:09,jazzbby91,https://twitter.com/jazzbby91,https://twitter.com/i/web/status/1306844945580318720,@autumn_daze00 I think it was a bit like Haruka/Rin? My parents put me in the water 2 weeks after I learned to walk and as I got older they were like “oh she’s fast???” So I just got encouraged into competitions and I swam for my school later on but it always gave me awful anxiety???,,
anxiety,2020-09-21 22:19:07,LeanneTogher,https://twitter.com/LeanneTogher,https://twitter.com/i/web/status/1308017913752772608,RT @lex_stapinski: Now online: #integrated #CBT for comorbid #socialanxiety &amp; #alcoholuse resulted in equivalent drinking reductions &amp; impr…,alcoholuse,socialanxiety
anxiety,2020-09-17 11:38:27,tassie_JR,https://twitter.com/tassie_JR,https://twitter.com/i/web/status/1306407133110349824,RT @DanielBleakley: @ScottMorrisonMP @PatMcGorry @orygen_aus One of the biggest causes of mental health problems in young people is anxiety…,,
prospect,2020-09-20 12:00:57,jvb2065,https://twitter.com/jvb2065,https://twitter.com/i/web/status/1307499960913424386,"RT @PatMcGorry: Given the current prospects for this emerging generation, it’s time for a national youth recovery strategy with economic, v…",,
prospect,2020-09-20 11:47:44,EstherRockett,https://twitter.com/EstherRockett,https://twitter.com/i/web/status/1307496635656593410,"RT @PatMcGorry: Given the current prospects for this emerging generation, it’s time for a national youth recovery strategy with economic, v…",,
prospect,2020-09-20 10:39:16,PatMcGorry,https://twitter.com/PatMcGorry,https://twitter.com/i/web/status/1307479405879418881,"Given the current prospects for this emerging generation, it’s time for a national youth recovery strategy with economic, vocational and mental health as key pillars. Will National Cabinet please consider this? @ScottMorrisonMP @DanielAndrewsMP @GladysB https://t.co/5dMtzRUNow",,
prospect,2020-09-20 13:37:41,imo_bell,https://twitter.com/imo_bell,https://twitter.com/i/web/status/1307524302644813824,"RT @PatMcGorry: Given the current prospects for this emerging generation, it’s time for a national youth recovery strategy with economic, v…",,
prospect,2020-09-20 17:21:40,begcrochet,https://twitter.com/begcrochet,https://twitter.com/i/web/status/1307580673545306112,"RT @PatMcGorry: Given the current prospects for this emerging generation, it’s time for a national youth recovery strategy with economic, v…",,
prospect,2020-09-20 11:57:08,pauline_mh1,https://twitter.com/pauline_mh1,https://twitter.com/i/web/status/1307499001076305920,"RT @PatMcGorry: Given the current prospects for this emerging generation, it’s time for a national youth recovery strategy with economic, v…",,
prospect,2020-09-20 11:38:33,Dpeters1977,https://twitter.com/Dpeters1977,https://twitter.com/i/web/status/1307494323533955075,"RT @PatMcGorry: Given the current prospects for this emerging generation, it’s time for a national youth recovery strategy with economic, v…",,
prospect,2020-09-20 10:45:39,benksilvester,https://twitter.com/benksilvester,https://twitter.com/i/web/status/1307481012293623808,"RT @PatMcGorry: Given the current prospects for this emerging generation, it’s time for a national youth recovery strategy with economic, v…",,
#bringushome,2020-09-18 10:40:27,sreeura,https://twitter.com/sreeura,https://twitter.com/i/web/status/1306754927872454656,RT @janesuzy: I totally agree. #BringUsHome! It’s 7 months and high time. @ScottMorrisonMP you asked us to be patient but no more. Our ment…,BringUsHome,BringUsHome
#bringushome,2020-09-18 22:03:50,tall_rach,https://twitter.com/tall_rach,https://twitter.com/i/web/status/1306926903979200512,RT @janesuzy: I totally agree. #BringUsHome! It’s 7 months and high time. @ScottMorrisonMP you asked us to be patient but no more. Our ment…,BringUsHome,BringUsHome
#bringushome,2020-09-18 02:08:11,janesuzy,https://twitter.com/janesuzy,https://twitter.com/i/web/status/1306626012239638528,I totally agree. #BringUsHome! It’s 7 months and high time. @ScottMorrisonMP you asked us to be patient but no more. Our mental health and livelihood is at risk.#RemoveCaps @dfat @SenatorWong @AusBorderForce @AusHCIndia @cnni @MarisePayne @KKeneally @PeterDutton_MP @abcnews @WHO https://t.co/q8KbLKXeBf,BringUsHome,RemoveCaps
#bringushome,2020-09-19 02:02:03,marlinpaz,https://twitter.com/marlinpaz,https://twitter.com/i/web/status/1306986854693187585,RT @janesuzy: I totally agree. #BringUsHome! It’s 7 months and high time. @ScottMorrisonMP you asked us to be patient but no more. Our ment…,BringUsHome,BringUsHome
totally,2020-09-18 10:40:27,sreeura,https://twitter.com/sreeura,https://twitter.com/i/web/status/1306754927872454656,RT @janesuzy: I totally agree. #BringUsHome! It’s 7 months and high time. @ScottMorrisonMP you asked us to be patient but no more. Our ment…,BringUsHome,BringUsHome
totally,2020-09-18 22:03:50,tall_rach,https://twitter.com/tall_rach,https://twitter.com/i/web/status/1306926903979200512,RT @janesuzy: I totally agree. #BringUsHome! It’s 7 months and high time. @ScottMorrisonMP you asked us to be patient but no more. Our ment…,BringUsHome,BringUsHome
totally,2020-09-18 02:08:11,janesuzy,https://twitter.com/janesuzy,https://twitter.com/i/web/status/1306626012239638528,I totally agree. #BringUsHome! It’s 7 months and high time. @ScottMorrisonMP you asked us to be patient but no more. Our mental health and livelihood is at risk.#RemoveCaps @dfat @SenatorWong @AusBorderForce @AusHCIndia @cnni @MarisePayne @KKeneally @PeterDutton_MP @abcnews @WHO https://t.co/q8KbLKXeBf,BringUsHome,RemoveCaps
totally,2020-09-19 02:02:03,marlinpaz,https://twitter.com/marlinpaz,https://twitter.com/i/web/status/1306986854693187585,RT @janesuzy: I totally agree. #BringUsHome! It’s 7 months and high time. @ScottMorrisonMP you asked us to be patient but no more. Our ment…,BringUsHome,BringUsHome
adverse,2020-09-20 21:37:42,miffyjayne,https://twitter.com/miffyjayne,https://twitter.com/i/web/status/1307645106359427073,"RT @ian_hickie: @JudkinsSimon As the adverse impacts of COVID19 on mental health escalate, pressure on EDs will increase - need additional…",,
adverse,2020-09-21 09:59:17,ProfMDFischer,https://twitter.com/ProfMDFischer,https://twitter.com/i/web/status/1307831730863140864,"RT @ian_hickie: @JudkinsSimon As the adverse impacts of COVID19 on mental health escalate, pressure on EDs will increase - need additional…",,
adverse,2020-09-20 22:49:39,pauline_mh1,https://twitter.com/pauline_mh1,https://twitter.com/i/web/status/1307663211756355584,"RT @ian_hickie: @JudkinsSimon As the adverse impacts of COVID19 on mental health escalate, pressure on EDs will increase - need additional…",,
support,2020-09-19 17:38:08,KSeibertAu,https://twitter.com/KSeibertAu,https://twitter.com/i/web/status/1307222429744263168,RT @healthgovau: Looking for mental health support but not sure where to start? Sam the chatbot can help. All you need to do is answer some…,,
support,2020-09-19 17:36:13,dana_advocacy,https://twitter.com/dana_advocacy,https://twitter.com/i/web/status/1307221943909675008,RT @healthgovau: Looking for mental health support but not sure where to start? Sam the chatbot can help. All you need to do is answer some…,,
support,2020-09-19 17:52:30,BrogdenLucy,https://twitter.com/BrogdenLucy,https://twitter.com/i/web/status/1307226043250425856,RT @healthgovau: Looking for mental health support but not sure where to start? Sam the chatbot can help. All you need to do is answer some…,,
support,2020-09-19 18:05:28,MJA_Editor,https://twitter.com/MJA_Editor,https://twitter.com/i/web/status/1307229306582528001,RT @healthgovau: Looking for mental health support but not sure where to start? Sam the chatbot can help. All you need to do is answer some…,,
support,2020-09-19 17:46:54,Dpeters1977,https://twitter.com/Dpeters1977,https://twitter.com/i/web/status/1307224634660540416,RT @healthgovau: Looking for mental health support but not sure where to start? Sam the chatbot can help. All you need to do is answer some…,,
support,2020-09-22 11:02:11,fincapau,https://twitter.com/fincapau,https://twitter.com/i/web/status/1308209947872698368,RT @NCCgovau: See this @healthgovau fact sheet for information on mental health and wellbeing support for employees during the COVID-19 pan…,,
support,2020-09-18 11:48:38,NCCgovau,https://twitter.com/NCCgovau,https://twitter.com/i/web/status/1306772086224949252,See this @healthgovau fact sheet for information on mental health and wellbeing support for employees during the COVID-19 pandemic https://t.co/hPOsSxasRZ #covid19australia https://t.co/LtUAd5M8Tl,covid19australia,covid19australia
support,2020-09-17 22:01:55,HarrisHeidi,https://twitter.com/HarrisHeidi,https://twitter.com/i/web/status/1306564036981436416,"RT @GregHuntMP: If you are concerned about your mental health and wellbeing, support is available. Please reach out to your GP. https://t.c…",,
support,2020-09-22 06:39:16,JoRobinson_Aus,https://twitter.com/JoRobinson_Aus,https://twitter.com/i/web/status/1308143780868972550,"RT @NIMHDirector: A @NIMHgov-supported study found that gender minority college students had significantly higher rates of depression, suic…",,
support,2020-09-22 10:03:12,RosesInTheOcean,https://twitter.com/RosesInTheOcean,https://twitter.com/i/web/status/1308195104927019008,"RT @NIMHDirector: A @NIMHgov-supported study found that gender minority college students had significantly higher rates of depression, suic…",,
show,2020-09-17 14:36:39,CoMBAT_AD,https://twitter.com/CoMBAT_AD,https://twitter.com/i/web/status/1306451981968371712,RT @Prof_Naismith: @ricci_research shows new sleep microarchitecture data in p/w early and late onset depression at @cogsleepacademy showca…,,
show,2020-09-17 11:50:23,ian_hickie,https://twitter.com/ian_hickie,https://twitter.com/i/web/status/1306410137045798912,RT @Prof_Naismith: @ricci_research shows new sleep microarchitecture data in p/w early and late onset depression at @cogsleepacademy showca…,,
show,2020-09-18 10:47:56,VictoriaJPalmer,https://twitter.com/VictoriaJPalmer,https://twitter.com/i/web/status/1306756809873448961,"@ian_hickie @amapresident @GregHuntMP @Bowenchris @PatMcGorry @InnoWellOrg @BrainMind_Usyd @Sydney_Uni @RANZCP @CroakeyNews But essential to digital mental health delivery is access @PeterButterwort &amp; Lay San Too showed in Aust. survey analysis 'internet access is poorer for those w/ mental health problems than those w/out, &amp; for those w/ more severe mental health conditions https://t.co/uQCwIOs2oW",,
sadly,2020-09-16 16:27:52,ObserverParafox,https://twitter.com/ObserverParafox,https://twitter.com/i/web/status/1306117583163150336,"RT @DrGrinzi: I am currently seeing an enormous amount of mental health consultations.  Sadly, I will be notifying my patients that from Oc…",,
sadly,2020-09-16 11:20:57,DrKathlWild,https://twitter.com/DrKathlWild,https://twitter.com/i/web/status/1306040344199397377,"RT @DrGrinzi: I am currently seeing an enormous amount of mental health consultations.  Sadly, I will be notifying my patients that from Oc…",,
sadly,2020-09-17 10:27:24,VicAusMidwife,https://twitter.com/VicAusMidwife,https://twitter.com/i/web/status/1306389255564918790,"RT @DrGrinzi: I am currently seeing an enormous amount of mental health consultations.  Sadly, I will be notifying my patients that from Oc…",,
sadly,2020-09-18 12:44:45,supergeepbec,https://twitter.com/supergeepbec,https://twitter.com/i/web/status/1306786205904891905,"RT @DrGrinzi: I am currently seeing an enormous amount of mental health consultations.  Sadly, I will be notifying my patients that from Oc…",,
sadly,2020-09-16 14:37:45,ozjohnd,https://twitter.com/ozjohnd,https://twitter.com/i/web/status/1306089869316243457,"RT @DrGrinzi: I am currently seeing an enormous amount of mental health consultations.  Sadly, I will be notifying my patients that from Oc…",,
sadly,2020-09-16 13:15:17,Sir_Vickz,https://twitter.com/Sir_Vickz,https://twitter.com/i/web/status/1306069116072067078,"RT @DrGrinzi: I am currently seeing an enormous amount of mental health consultations.  Sadly, I will be notifying my patients that from Oc…",,
sadly,2020-09-16 13:34:37,JohnACrimmins,https://twitter.com/JohnACrimmins,https://twitter.com/i/web/status/1306073981280108546,"RT @DrGrinzi: I am currently seeing an enormous amount of mental health consultations.  Sadly, I will be notifying my patients that from Oc…",,
sadly,2020-09-16 11:06:47,johnsalmond,https://twitter.com/johnsalmond,https://twitter.com/i/web/status/1306036776868311045,"RT @DrGrinzi: I am currently seeing an enormous amount of mental health consultations.  Sadly, I will be notifying my patients that from Oc…",,
sadly,2020-09-16 22:45:21,NjbBari3,https://twitter.com/NjbBari3,https://twitter.com/i/web/status/1306212576192114689,"RT @DrGrinzi: I am currently seeing an enormous amount of mental health consultations.  Sadly, I will be notifying my patients that from Oc…",,
sadly,2020-09-16 11:35:12,TheWillowGhost,https://twitter.com/TheWillowGhost,https://twitter.com/i/web/status/1306043927175114752,"RT @DrGrinzi: I am currently seeing an enormous amount of mental health consultations.  Sadly, I will be notifying my patients that from Oc…",,
given,2020-09-20 12:00:57,jvb2065,https://twitter.com/jvb2065,https://twitter.com/i/web/status/1307499960913424386,"RT @PatMcGorry: Given the current prospects for this emerging generation, it’s time for a national youth recovery strategy with economic, v…",,
given,2020-09-20 11:47:44,EstherRockett,https://twitter.com/EstherRockett,https://twitter.com/i/web/status/1307496635656593410,"RT @PatMcGorry: Given the current prospects for this emerging generation, it’s time for a national youth recovery strategy with economic, v…",,
given,2020-09-20 10:39:16,PatMcGorry,https://twitter.com/PatMcGorry,https://twitter.com/i/web/status/1307479405879418881,"Given the current prospects for this emerging generation, it’s time for a national youth recovery strategy with economic, vocational and mental health as key pillars. Will National Cabinet please consider this? @ScottMorrisonMP @DanielAndrewsMP @GladysB https://t.co/5dMtzRUNow",,
given,2020-09-20 13:37:41,imo_bell,https://twitter.com/imo_bell,https://twitter.com/i/web/status/1307524302644813824,"RT @PatMcGorry: Given the current prospects for this emerging generation, it’s time for a national youth recovery strategy with economic, v…",,
given,2020-09-20 17:21:40,begcrochet,https://twitter.com/begcrochet,https://twitter.com/i/web/status/1307580673545306112,"RT @PatMcGorry: Given the current prospects for this emerging generation, it’s time for a national youth recovery strategy with economic, v…",,
given,2020-09-20 11:57:08,pauline_mh1,https://twitter.com/pauline_mh1,https://twitter.com/i/web/status/1307499001076305920,"RT @PatMcGorry: Given the current prospects for this emerging generation, it’s time for a national youth recovery strategy with economic, v…",,
given,2020-09-20 11:38:33,Dpeters1977,https://twitter.com/Dpeters1977,https://twitter.com/i/web/status/1307494323533955075,"RT @PatMcGorry: Given the current prospects for this emerging generation, it’s time for a national youth recovery strategy with economic, v…",,
given,2020-09-20 10:45:39,benksilvester,https://twitter.com/benksilvester,https://twitter.com/i/web/status/1307481012293623808,"RT @PatMcGorry: Given the current prospects for this emerging generation, it’s time for a national youth recovery strategy with economic, v…",,
enormous,2020-09-16 16:27:52,ObserverParafox,https://twitter.com/ObserverParafox,https://twitter.com/i/web/status/1306117583163150336,"RT @DrGrinzi: I am currently seeing an enormous amount of mental health consultations.  Sadly, I will be notifying my patients that from Oc…",,
enormous,2020-09-16 11:20:57,DrKathlWild,https://twitter.com/DrKathlWild,https://twitter.com/i/web/status/1306040344199397377,"RT @DrGrinzi: I am currently seeing an enormous amount of mental health consultations.  Sadly, I will be notifying my patients that from Oc…",,
enormous,2020-09-17 10:27:24,VicAusMidwife,https://twitter.com/VicAusMidwife,https://twitter.com/i/web/status/1306389255564918790,"RT @DrGrinzi: I am currently seeing an enormous amount of mental health consultations.  Sadly, I will be notifying my patients that from Oc…",,
enormous,2020-09-18 12:44:45,supergeepbec,https://twitter.com/supergeepbec,https://twitter.com/i/web/status/1306786205904891905,"RT @DrGrinzi: I am currently seeing an enormous amount of mental health consultations.  Sadly, I will be notifying my patients that from Oc…",,
enormous,2020-09-16 14:37:45,ozjohnd,https://twitter.com/ozjohnd,https://twitter.com/i/web/status/1306089869316243457,"RT @DrGrinzi: I am currently seeing an enormous amount of mental health consultations.  Sadly, I will be notifying my patients that from Oc…",,
enormous,2020-09-16 13:15:17,Sir_Vickz,https://twitter.com/Sir_Vickz,https://twitter.com/i/web/status/1306069116072067078,"RT @DrGrinzi: I am currently seeing an enormous amount of mental health consultations.  Sadly, I will be notifying my patients that from Oc…",,
enormous,2020-09-16 13:34:37,JohnACrimmins,https://twitter.com/JohnACrimmins,https://twitter.com/i/web/status/1306073981280108546,"RT @DrGrinzi: I am currently seeing an enormous amount of mental health consultations.  Sadly, I will be notifying my patients that from Oc…",,
enormous,2020-09-16 11:06:47,johnsalmond,https://twitter.com/johnsalmond,https://twitter.com/i/web/status/1306036776868311045,"RT @DrGrinzi: I am currently seeing an enormous amount of mental health consultations.  Sadly, I will be notifying my patients that from Oc…",,
enormous,2020-09-16 22:45:21,NjbBari3,https://twitter.com/NjbBari3,https://twitter.com/i/web/status/1306212576192114689,"RT @DrGrinzi: I am currently seeing an enormous amount of mental health consultations.  Sadly, I will be notifying my patients that from Oc…",,
enormous,2020-09-16 11:35:12,TheWillowGhost,https://twitter.com/TheWillowGhost,https://twitter.com/i/web/status/1306043927175114752,"RT @DrGrinzi: I am currently seeing an enormous amount of mental health consultations.  Sadly, I will be notifying my patients that from Oc…",,
strategy,2020-09-20 12:00:57,jvb2065,https://twitter.com/jvb2065,https://twitter.com/i/web/status/1307499960913424386,"RT @PatMcGorry: Given the current prospects for this emerging generation, it’s time for a national youth recovery strategy with economic, v…",,
strategy,2020-09-20 11:47:44,EstherRockett,https://twitter.com/EstherRockett,https://twitter.com/i/web/status/1307496635656593410,"RT @PatMcGorry: Given the current prospects for this emerging generation, it’s time for a national youth recovery strategy with economic, v…",,
strategy,2020-09-20 10:39:16,PatMcGorry,https://twitter.com/PatMcGorry,https://twitter.com/i/web/status/1307479405879418881,"Given the current prospects for this emerging generation, it’s time for a national youth recovery strategy with economic, vocational and mental health as key pillars. Will National Cabinet please consider this? @ScottMorrisonMP @DanielAndrewsMP @GladysB https://t.co/5dMtzRUNow",,
strategy,2020-09-20 13:37:41,imo_bell,https://twitter.com/imo_bell,https://twitter.com/i/web/status/1307524302644813824,"RT @PatMcGorry: Given the current prospects for this emerging generation, it’s time for a national youth recovery strategy with economic, v…",,
strategy,2020-09-20 17:21:40,begcrochet,https://twitter.com/begcrochet,https://twitter.com/i/web/status/1307580673545306112,"RT @PatMcGorry: Given the current prospects for this emerging generation, it’s time for a national youth recovery strategy with economic, v…",,
strategy,2020-09-20 11:57:08,pauline_mh1,https://twitter.com/pauline_mh1,https://twitter.com/i/web/status/1307499001076305920,"RT @PatMcGorry: Given the current prospects for this emerging generation, it’s time for a national youth recovery strategy with economic, v…",,
strategy,2020-09-20 11:38:33,Dpeters1977,https://twitter.com/Dpeters1977,https://twitter.com/i/web/status/1307494323533955075,"RT @PatMcGorry: Given the current prospects for this emerging generation, it’s time for a national youth recovery strategy with economic, v…",,
strategy,2020-09-20 10:45:39,benksilvester,https://twitter.com/benksilvester,https://twitter.com/i/web/status/1307481012293623808,"RT @PatMcGorry: Given the current prospects for this emerging generation, it’s time for a national youth recovery strategy with economic, v…",,
national,2020-09-20 12:00:57,jvb2065,https://twitter.com/jvb2065,https://twitter.com/i/web/status/1307499960913424386,"RT @PatMcGorry: Given the current prospects for this emerging generation, it’s time for a national youth recovery strategy with economic, v…",,
national,2020-09-20 11:47:44,EstherRockett,https://twitter.com/EstherRockett,https://twitter.com/i/web/status/1307496635656593410,"RT @PatMcGorry: Given the current prospects for this emerging generation, it’s time for a national youth recovery strategy with economic, v…",,
national,2020-09-20 10:39:16,PatMcGorry,https://twitter.com/PatMcGorry,https://twitter.com/i/web/status/1307479405879418881,"Given the current prospects for this emerging generation, it’s time for a national youth recovery strategy with economic, vocational and mental health as key pillars. Will National Cabinet please consider this? @ScottMorrisonMP @DanielAndrewsMP @GladysB https://t.co/5dMtzRUNow",,
national,2020-09-20 13:37:41,imo_bell,https://twitter.com/imo_bell,https://twitter.com/i/web/status/1307524302644813824,"RT @PatMcGorry: Given the current prospects for this emerging generation, it’s time for a national youth recovery strategy with economic, v…",,
national,2020-09-20 17:21:40,begcrochet,https://twitter.com/begcrochet,https://twitter.com/i/web/status/1307580673545306112,"RT @PatMcGorry: Given the current prospects for this emerging generation, it’s time for a national youth recovery strategy with economic, v…",,
national,2020-09-20 11:57:08,pauline_mh1,https://twitter.com/pauline_mh1,https://twitter.com/i/web/status/1307499001076305920,"RT @PatMcGorry: Given the current prospects for this emerging generation, it’s time for a national youth recovery strategy with economic, v…",,
national,2020-09-20 11:38:33,Dpeters1977,https://twitter.com/Dpeters1977,https://twitter.com/i/web/status/1307494323533955075,"RT @PatMcGorry: Given the current prospects for this emerging generation, it’s time for a national youth recovery strategy with economic, v…",,
national,2020-09-20 10:45:39,benksilvester,https://twitter.com/benksilvester,https://twitter.com/i/web/status/1307481012293623808,"RT @PatMcGorry: Given the current prospects for this emerging generation, it’s time for a national youth recovery strategy with economic, v…",,
consultation,2020-09-16 16:27:52,ObserverParafox,https://twitter.com/ObserverParafox,https://twitter.com/i/web/status/1306117583163150336,"RT @DrGrinzi: I am currently seeing an enormous amount of mental health consultations.  Sadly, I will be notifying my patients that from Oc…",,
consultation,2020-09-16 11:20:57,DrKathlWild,https://twitter.com/DrKathlWild,https://twitter.com/i/web/status/1306040344199397377,"RT @DrGrinzi: I am currently seeing an enormous amount of mental health consultations.  Sadly, I will be notifying my patients that from Oc…",,
consultation,2020-09-17 10:27:24,VicAusMidwife,https://twitter.com/VicAusMidwife,https://twitter.com/i/web/status/1306389255564918790,"RT @DrGrinzi: I am currently seeing an enormous amount of mental health consultations.  Sadly, I will be notifying my patients that from Oc…",,
consultation,2020-09-18 12:44:45,supergeepbec,https://twitter.com/supergeepbec,https://twitter.com/i/web/status/1306786205904891905,"RT @DrGrinzi: I am currently seeing an enormous amount of mental health consultations.  Sadly, I will be notifying my patients that from Oc…",,
consultation,2020-09-16 14:37:45,ozjohnd,https://twitter.com/ozjohnd,https://twitter.com/i/web/status/1306089869316243457,"RT @DrGrinzi: I am currently seeing an enormous amount of mental health consultations.  Sadly, I will be notifying my patients that from Oc…",,
consultation,2020-09-16 13:15:17,Sir_Vickz,https://twitter.com/Sir_Vickz,https://twitter.com/i/web/status/1306069116072067078,"RT @DrGrinzi: I am currently seeing an enormous amount of mental health consultations.  Sadly, I will be notifying my patients that from Oc…",,
consultation,2020-09-16 13:34:37,JohnACrimmins,https://twitter.com/JohnACrimmins,https://twitter.com/i/web/status/1306073981280108546,"RT @DrGrinzi: I am currently seeing an enormous amount of mental health consultations.  Sadly, I will be notifying my patients that from Oc…",,
consultation,2020-09-16 11:06:47,johnsalmond,https://twitter.com/johnsalmond,https://twitter.com/i/web/status/1306036776868311045,"RT @DrGrinzi: I am currently seeing an enormous amount of mental health consultations.  Sadly, I will be notifying my patients that from Oc…",,
consultation,2020-09-16 22:45:21,NjbBari3,https://twitter.com/NjbBari3,https://twitter.com/i/web/status/1306212576192114689,"RT @DrGrinzi: I am currently seeing an enormous amount of mental health consultations.  Sadly, I will be notifying my patients that from Oc…",,
consultation,2020-09-16 11:35:12,TheWillowGhost,https://twitter.com/TheWillowGhost,https://twitter.com/i/web/status/1306043927175114752,"RT @DrGrinzi: I am currently seeing an enormous amount of mental health consultations.  Sadly, I will be notifying my patients that from Oc…",,
depression,2020-09-16 19:11:00,JoRobinson_Aus,https://twitter.com/JoRobinson_Aus,https://twitter.com/i/web/status/1306158636473880576,RT @Mental_Elf: Transgender discrimination and stigma: links to anxiety and depression https://t.co/tKiMMwW9UQ https://t.co/4gZUNY2R6o,,
depression,2020-09-18 21:53:10,ThisiPhone1,https://twitter.com/ThisiPhone1,https://twitter.com/i/web/status/1306924222019641344,RT @weatherchannel: Tropical Depression Twenty-Two is expected to become Tropical Storm Wilfred in the western Gulf of Mexico: https://t.co…,,
depression,2020-09-17 14:36:39,CoMBAT_AD,https://twitter.com/CoMBAT_AD,https://twitter.com/i/web/status/1306451981968371712,RT @Prof_Naismith: @ricci_research shows new sleep microarchitecture data in p/w early and late onset depression at @cogsleepacademy showca…,,
depression,2020-09-20 14:34:34,LorraineBranna2,https://twitter.com/LorraineBranna2,https://twitter.com/i/web/status/1307538620312502272,@KateEmerson88 @njm3864 @NickMcKim parties...whateva. But we Cant have LNP in Gov Anymore.  Its So Important. This Gov is storing fuel in case we go to war. At the end of the Great Depression WW2 started. I dont put anything past Morrison he's on the same level as TRUMP. Their motto in the US has been 🧵👇🏼,,
depression,2020-09-20 20:00:53,LorraineBranna2,https://twitter.com/LorraineBranna2,https://twitter.com/i/web/status/1307620738279432193,"@GailTur93591453 @MarcTennant @jchen1217 @MaudeLynnette @colugal Young people &amp; the economy will bounce back, yes its hard, but so was WW1, WW2 &amp; the Great Depression. Unfortunately Shit happens, life is also about learning tough lessons. Maybe more people will care about the 1 in 5 children living below the poverty line now? *Silver linings🤷🏻",,
depression,2020-09-17 10:18:36,7NewsMelbourne,https://twitter.com/7NewsMelbourne,https://twitter.com/i/web/status/1306387040431349760,"RT @JaydeVincent: Dimech’s son is a police officer, he no longer speaks to the killer driver. Court heard Dimech is suffering depression &amp;…",,
depression,2020-09-18 18:44:07,matthewrbroome,https://twitter.com/matthewrbroome,https://twitter.com/i/web/status/1306876647195410434,RT @SPILabKCL: We are currently recruiting for a new #clinical study on #depression and how we can use #technology to monitor symptoms📱  Fo…,clinical,technology
depression,2020-09-19 02:32:43,SwimSallySwim,https://twitter.com/SwimSallySwim,https://twitter.com/i/web/status/1306994573030293505,"@MaryNicholls19 @PatsKarvelas My g’father survived Gallipoli, W Front, flu pandemic, Great Depression, wife’s death at 34, WW2, kids polio epidemic.",,
depression,2020-09-19 14:07:55,jiangyin,https://twitter.com/jiangyin,https://twitter.com/i/web/status/1307169526413369344,RT @depressionnote: Depression is not a choice.  Anxiety is not a choice.  Schizophrenia is not a choice.  BPD is not a choice.  OCD is not…,,
depression,2020-09-16 12:44:03,suthernx,https://twitter.com/suthernx,https://twitter.com/i/web/status/1306061254461542400,RT @cbdwholeflower: 🚨Testimonial🚨CBD &amp; Anxiety/Depression 🌿 https://t.co/Jp9dmRjOSK,,
advocate,2020-09-16 10:22:05,CroakeyNews,https://twitter.com/CroakeyNews,https://twitter.com/i/web/status/1306025529666154496,"RT @ian_hickie: Cutting telehealth will 'drop defences' against coronavirus pandemic, mental health advocates warn https://t.co/UztM8NOAWE…",,
advocate,2020-09-16 18:04:54,twbtwb,https://twitter.com/twbtwb,https://twitter.com/i/web/status/1306141998877794305,"RT @ian_hickie: Cutting telehealth will 'drop defences' against coronavirus pandemic, mental health advocates warn https://t.co/UztM8NOAWE…",,
advocate,2020-09-16 15:50:00,MelissaSweetDr,https://twitter.com/MelissaSweetDr,https://twitter.com/i/web/status/1306108051884093440,"RT @ian_hickie: Cutting telehealth will 'drop defences' against coronavirus pandemic, mental health advocates warn https://t.co/UztM8NOAWE…",,
escalate,2020-09-20 21:37:42,miffyjayne,https://twitter.com/miffyjayne,https://twitter.com/i/web/status/1307645106359427073,"RT @ian_hickie: @JudkinsSimon As the adverse impacts of COVID19 on mental health escalate, pressure on EDs will increase - need additional…",,
escalate,2020-09-21 09:59:17,ProfMDFischer,https://twitter.com/ProfMDFischer,https://twitter.com/i/web/status/1307831730863140864,"RT @ian_hickie: @JudkinsSimon As the adverse impacts of COVID19 on mental health escalate, pressure on EDs will increase - need additional…",,
escalate,2020-09-20 22:49:39,pauline_mh1,https://twitter.com/pauline_mh1,https://twitter.com/i/web/status/1307663211756355584,"RT @ian_hickie: @JudkinsSimon As the adverse impacts of COVID19 on mental health escalate, pressure on EDs will increase - need additional…",,
coronavirus,2020-09-18 00:12:45,sreeura,https://twitter.com/sreeura,https://twitter.com/i/web/status/1306596959264751616,RT @willlittleton77: @ScottMorrisonMP Are you going to check on this families mental health? Coronavirus: Australian family hit with huge q…,,
coronavirus,2020-09-21 17:14:52,ATOSmallbizExec,https://twitter.com/ATOSmallbizExec,https://twitter.com/i/web/status/1307941348788453377,RT @fairwork_gov_au: The coronavirus outbreak has affected everyone differently. If you’re feeling distressed or overwhelmed it’s important…,,
coronavirus,2020-09-16 10:22:05,CroakeyNews,https://twitter.com/CroakeyNews,https://twitter.com/i/web/status/1306025529666154496,"RT @ian_hickie: Cutting telehealth will 'drop defences' against coronavirus pandemic, mental health advocates warn https://t.co/UztM8NOAWE…",,
coronavirus,2020-09-16 18:04:54,twbtwb,https://twitter.com/twbtwb,https://twitter.com/i/web/status/1306141998877794305,"RT @ian_hickie: Cutting telehealth will 'drop defences' against coronavirus pandemic, mental health advocates warn https://t.co/UztM8NOAWE…",,
coronavirus,2020-09-16 15:50:00,MelissaSweetDr,https://twitter.com/MelissaSweetDr,https://twitter.com/i/web/status/1306108051884093440,"RT @ian_hickie: Cutting telehealth will 'drop defences' against coronavirus pandemic, mental health advocates warn https://t.co/UztM8NOAWE…",,
coronavirus,2020-09-22 07:39:35,pauline_mh1,https://twitter.com/pauline_mh1,https://twitter.com/i/web/status/1308158960671678464,"RT @theage: The coronavirus pandemic is driving up stress, anxiety and depression among those bearing the brunt of caring responsibilities.…",,
cutting,2020-09-16 10:22:05,CroakeyNews,https://twitter.com/CroakeyNews,https://twitter.com/i/web/status/1306025529666154496,"RT @ian_hickie: Cutting telehealth will 'drop defences' against coronavirus pandemic, mental health advocates warn https://t.co/UztM8NOAWE…",,
cutting,2020-09-16 18:04:54,twbtwb,https://twitter.com/twbtwb,https://twitter.com/i/web/status/1306141998877794305,"RT @ian_hickie: Cutting telehealth will 'drop defences' against coronavirus pandemic, mental health advocates warn https://t.co/UztM8NOAWE…",,
cutting,2020-09-16 15:50:00,MelissaSweetDr,https://twitter.com/MelissaSweetDr,https://twitter.com/i/web/status/1306108051884093440,"RT @ian_hickie: Cutting telehealth will 'drop defences' against coronavirus pandemic, mental health advocates warn https://t.co/UztM8NOAWE…",,
think,2020-09-22 15:11:13,dana_advocacy,https://twitter.com/dana_advocacy,https://twitter.com/i/web/status/1308272618202570752,"RT @PWDAustralia: Ms Griffiths describes anxiety, thinking it was her fault. She asked for help from workers, parents, NSW Ombudsman's offi…",,
think,2020-09-18 18:02:26,tedwardjams,https://twitter.com/tedwardjams,https://twitter.com/i/web/status/1306866156632813568,"I’m used to and comfortable with solitude, but enforced solitude has been really challenging. I don’t think about it much, but the excitement around seeing my mum today made me realise I’ve been lonely.",,
think,2020-09-18 16:38:09,jazzbby91,https://twitter.com/jazzbby91,https://twitter.com/i/web/status/1306844945580318720,@autumn_daze00 I think it was a bit like Haruka/Rin? My parents put me in the water 2 weeks after I learned to walk and as I got older they were like “oh she’s fast???” So I just got encouraged into competitions and I swam for my school later on but it always gave me awful anxiety???,,
think,2020-09-22 04:01:21,lucymdonoghue,https://twitter.com/lucymdonoghue,https://twitter.com/i/web/status/1308104041541455872,"RT @Peter_Fox59: Think we're lonely, spare a thought for the Biloela family on Xmas Island #QandA",QandA,QandA
think,2020-09-18 20:09:14,Zephyrdom,https://twitter.com/Zephyrdom,https://twitter.com/i/web/status/1306898067115798528,"@JoeS0ap @AnthCondon There are earlier examples of his corruption. They have probably contributed to his depression. I think he has to take some responsibility for his predicament. Having said that, I hear your humanity. Tx for the check on my aggression.",,
people,2020-09-18 08:34:00,viveksantoshwar,https://twitter.com/viveksantoshwar,https://twitter.com/i/web/status/1306723102491992064,"RT @WaditwarP: @ScottMorrisonMP @PatMcGorry @orygen_aus If you really care for the mental health of Aussies, please do something for people…",,
people,2020-09-16 21:48:22,pearlparky,https://twitter.com/pearlparky,https://twitter.com/i/web/status/1306198238102396929,"I spent a Christmas alone in Montreal once. I was going to join a Meetup group, but then I decided I wanted to be alone. Later in the day I got bored, so I braved the snow and went to some cafes, and met lots of other people who were alone too. In the end, it wasn’t that lonely. https://t.co/c5EHNsAl30",,
people,2020-09-17 11:48:14,hazard_damien,https://twitter.com/hazard_damien,https://twitter.com/i/web/status/1306409598597750784,RT @DanielBleakley: @ScottMorrisonMP @PatMcGorry @orygen_aus One of the biggest causes of mental health problems in young people is anxiety…,,
people,2020-09-20 20:00:53,LorraineBranna2,https://twitter.com/LorraineBranna2,https://twitter.com/i/web/status/1307620738279432193,"@GailTur93591453 @MarcTennant @jchen1217 @MaudeLynnette @colugal Young people &amp; the economy will bounce back, yes its hard, but so was WW1, WW2 &amp; the Great Depression. Unfortunately Shit happens, life is also about learning tough lessons. Maybe more people will care about the 1 in 5 children living below the poverty line now? *Silver linings🤷🏻",,
people,2020-09-17 10:54:42,watch2o,https://twitter.com/watch2o,https://twitter.com/i/web/status/1306396126690439168,@ScottMorrisonMP @LiberalAus @PatMcGorry @orygen_aus Ending the war on people who choose certain drugs will reduce police interactions &amp; improve Mental Health. https://t.co/8WMo2jviri,,
people,2020-09-17 11:38:27,tassie_JR,https://twitter.com/tassie_JR,https://twitter.com/i/web/status/1306407133110349824,RT @DanielBleakley: @ScottMorrisonMP @PatMcGorry @orygen_aus One of the biggest causes of mental health problems in young people is anxiety…,,
people,2020-09-16 19:46:47,SallyRMelb,https://twitter.com/SallyRMelb,https://twitter.com/i/web/status/1306167640956702727,"@abc730 @kirstenrobb There’ll be lots of intentional deaths in the aged cohorts. I don’t agree with calling it depression or suicide. Older people are smart, they learned a lot over the years and most can be trusted to make decisions about the trajectory of their lives #abc730",abc730,abc730
people,2020-09-18 09:12:14,RachelEMenzies,https://twitter.com/RachelEMenzies,https://twitter.com/i/web/status/1306732727442440193,"New publication out! 🎉 We found that common disorders preceding OCD were separation anxiety, phobias, and GAD. People with lower death anxiety were significantly more likely to have OCD as their first disorder @matteo_zuccala @LSharpeUSYD Read it here: https://t.co/Ab1GEQVNoY https://t.co/dFAuEz787j",,
people,2020-09-18 07:32:51,LMStrategy,https://twitter.com/LMStrategy,https://twitter.com/i/web/status/1306707717357150210,RT @AmandaJ95577106: @CaringConcern @GregHuntMP  We need input from a broad spectrum of people working together for the benefit of mental h…,,
people,2020-09-22 03:48:14,MelPetrakis,https://twitter.com/MelPetrakis,https://twitter.com/i/web/status/1308100738925514752,FYI I have found this timeframe useful working clinically with people experiencing depression and feeling suicidal. The key is to get through the next 4-6 weeks. People are smart. People are strong. People forget that about themselves when the crisis is peaking. https://t.co/j8zWIdbFos,,
feeling,2020-09-21 17:14:52,ATOSmallbizExec,https://twitter.com/ATOSmallbizExec,https://twitter.com/i/web/status/1307941348788453377,RT @fairwork_gov_au: The coronavirus outbreak has affected everyone differently. If you’re feeling distressed or overwhelmed it’s important…,,
feeling,2020-09-16 13:13:12,ausgov,https://twitter.com/ausgov,https://twitter.com/i/web/status/1306068591058382848,"RT @healthgovau: It’s normal to have ups and downs, and it is important to talk about how you’re feeling with family and friends. If you wa…",,
feeling,2020-09-22 03:48:14,MelPetrakis,https://twitter.com/MelPetrakis,https://twitter.com/i/web/status/1308100738925514752,FYI I have found this timeframe useful working clinically with people experiencing depression and feeling suicidal. The key is to get through the next 4-6 weeks. People are smart. People are strong. People forget that about themselves when the crisis is peaking. https://t.co/j8zWIdbFos,,
economic,2020-09-20 12:00:57,jvb2065,https://twitter.com/jvb2065,https://twitter.com/i/web/status/1307499960913424386,"RT @PatMcGorry: Given the current prospects for this emerging generation, it’s time for a national youth recovery strategy with economic, v…",,
economic,2020-09-20 11:47:44,EstherRockett,https://twitter.com/EstherRockett,https://twitter.com/i/web/status/1307496635656593410,"RT @PatMcGorry: Given the current prospects for this emerging generation, it’s time for a national youth recovery strategy with economic, v…",,
economic,2020-09-20 10:39:16,PatMcGorry,https://twitter.com/PatMcGorry,https://twitter.com/i/web/status/1307479405879418881,"Given the current prospects for this emerging generation, it’s time for a national youth recovery strategy with economic, vocational and mental health as key pillars. Will National Cabinet please consider this? @ScottMorrisonMP @DanielAndrewsMP @GladysB https://t.co/5dMtzRUNow",,
economic,2020-09-20 13:37:41,imo_bell,https://twitter.com/imo_bell,https://twitter.com/i/web/status/1307524302644813824,"RT @PatMcGorry: Given the current prospects for this emerging generation, it’s time for a national youth recovery strategy with economic, v…",,
economic,2020-09-20 17:21:40,begcrochet,https://twitter.com/begcrochet,https://twitter.com/i/web/status/1307580673545306112,"RT @PatMcGorry: Given the current prospects for this emerging generation, it’s time for a national youth recovery strategy with economic, v…",,
economic,2020-09-20 11:57:08,pauline_mh1,https://twitter.com/pauline_mh1,https://twitter.com/i/web/status/1307499001076305920,"RT @PatMcGorry: Given the current prospects for this emerging generation, it’s time for a national youth recovery strategy with economic, v…",,
economic,2020-09-20 11:38:33,Dpeters1977,https://twitter.com/Dpeters1977,https://twitter.com/i/web/status/1307494323533955075,"RT @PatMcGorry: Given the current prospects for this emerging generation, it’s time for a national youth recovery strategy with economic, v…",,
economic,2020-09-20 10:45:39,benksilvester,https://twitter.com/benksilvester,https://twitter.com/i/web/status/1307481012293623808,"RT @PatMcGorry: Given the current prospects for this emerging generation, it’s time for a national youth recovery strategy with economic, v…",,
current,2020-09-16 16:27:52,ObserverParafox,https://twitter.com/ObserverParafox,https://twitter.com/i/web/status/1306117583163150336,"RT @DrGrinzi: I am currently seeing an enormous amount of mental health consultations.  Sadly, I will be notifying my patients that from Oc…",,
current,2020-09-16 11:20:57,DrKathlWild,https://twitter.com/DrKathlWild,https://twitter.com/i/web/status/1306040344199397377,"RT @DrGrinzi: I am currently seeing an enormous amount of mental health consultations.  Sadly, I will be notifying my patients that from Oc…",,
current,2020-09-17 10:27:24,VicAusMidwife,https://twitter.com/VicAusMidwife,https://twitter.com/i/web/status/1306389255564918790,"RT @DrGrinzi: I am currently seeing an enormous amount of mental health consultations.  Sadly, I will be notifying my patients that from Oc…",,
current,2020-09-18 12:44:45,supergeepbec,https://twitter.com/supergeepbec,https://twitter.com/i/web/status/1306786205904891905,"RT @DrGrinzi: I am currently seeing an enormous amount of mental health consultations.  Sadly, I will be notifying my patients that from Oc…",,
current,2020-09-18 18:44:07,matthewrbroome,https://twitter.com/matthewrbroome,https://twitter.com/i/web/status/1306876647195410434,RT @SPILabKCL: We are currently recruiting for a new #clinical study on #depression and how we can use #technology to monitor symptoms📱  Fo…,clinical,technology
current,2020-09-20 12:00:57,jvb2065,https://twitter.com/jvb2065,https://twitter.com/i/web/status/1307499960913424386,"RT @PatMcGorry: Given the current prospects for this emerging generation, it’s time for a national youth recovery strategy with economic, v…",,
current,2020-09-16 14:37:45,ozjohnd,https://twitter.com/ozjohnd,https://twitter.com/i/web/status/1306089869316243457,"RT @DrGrinzi: I am currently seeing an enormous amount of mental health consultations.  Sadly, I will be notifying my patients that from Oc…",,
current,2020-09-20 11:47:44,EstherRockett,https://twitter.com/EstherRockett,https://twitter.com/i/web/status/1307496635656593410,"RT @PatMcGorry: Given the current prospects for this emerging generation, it’s time for a national youth recovery strategy with economic, v…",,
current,2020-09-16 13:15:17,Sir_Vickz,https://twitter.com/Sir_Vickz,https://twitter.com/i/web/status/1306069116072067078,"RT @DrGrinzi: I am currently seeing an enormous amount of mental health consultations.  Sadly, I will be notifying my patients that from Oc…",,
current,2020-09-16 13:34:37,JohnACrimmins,https://twitter.com/JohnACrimmins,https://twitter.com/i/web/status/1306073981280108546,"RT @DrGrinzi: I am currently seeing an enormous amount of mental health consultations.  Sadly, I will be notifying my patients that from Oc…",,
pandemic,2020-09-18 11:48:38,NCCgovau,https://twitter.com/NCCgovau,https://twitter.com/i/web/status/1306772086224949252,See this @healthgovau fact sheet for information on mental health and wellbeing support for employees during the COVID-19 pandemic https://t.co/hPOsSxasRZ #covid19australia https://t.co/LtUAd5M8Tl,covid19australia,covid19australia
pandemic,2020-09-19 02:32:43,SwimSallySwim,https://twitter.com/SwimSallySwim,https://twitter.com/i/web/status/1306994573030293505,"@MaryNicholls19 @PatsKarvelas My g’father survived Gallipoli, W Front, flu pandemic, Great Depression, wife’s death at 34, WW2, kids polio epidemic.",,
pandemic,2020-09-16 10:22:05,CroakeyNews,https://twitter.com/CroakeyNews,https://twitter.com/i/web/status/1306025529666154496,"RT @ian_hickie: Cutting telehealth will 'drop defences' against coronavirus pandemic, mental health advocates warn https://t.co/UztM8NOAWE…",,
pandemic,2020-09-16 04:37:51,JohnACrimmins,https://twitter.com/JohnACrimmins,https://twitter.com/i/web/status/1305938898548219905,Australians @LeanneWells63 need to transition safely out of this pandemic and having a multidisciplinary health assessment for everyone aged 16 to 75 years with a focus on mental health funded one off by Medicare must be direct billed with outcomes reported to @GregHuntMP,,
pandemic,2020-09-22 08:37:21,JohnACrimmins,https://twitter.com/JohnACrimmins,https://twitter.com/i/web/status/1308173499828117504,@ian_hickie @GregHuntMP @PatMcGorry The budget must fund General Practice so it is better resources to continue a sustained fight against most of the mental health care needs of most patients during this pandemic,,
pandemic,2020-09-22 06:46:54,ian_hickie,https://twitter.com/ian_hickie,https://twitter.com/i/web/status/1308145701289771008,1/2 Mentally ill confined to hospital rooms for up to 15 hours during pandemic; unacceptable care due to COVID19 demands immediate response; OCT 6 budget is the next test of our commitment to mental health care; ⁦@GregHuntMP⁩ ⁦@PatMcGorry⁩ ⁦ https://t.co/iCrkanBfCa,,
pandemic,2020-09-16 18:04:54,twbtwb,https://twitter.com/twbtwb,https://twitter.com/i/web/status/1306141998877794305,"RT @ian_hickie: Cutting telehealth will 'drop defences' against coronavirus pandemic, mental health advocates warn https://t.co/UztM8NOAWE…",,
pandemic,2020-09-16 15:50:00,MelissaSweetDr,https://twitter.com/MelissaSweetDr,https://twitter.com/i/web/status/1306108051884093440,"RT @ian_hickie: Cutting telehealth will 'drop defences' against coronavirus pandemic, mental health advocates warn https://t.co/UztM8NOAWE…",,
pandemic,2020-09-22 07:39:35,pauline_mh1,https://twitter.com/pauline_mh1,https://twitter.com/i/web/status/1308158960671678464,"RT @theage: The coronavirus pandemic is driving up stress, anxiety and depression among those bearing the brunt of caring responsibilities.…",,
amount,2020-09-16 16:27:52,ObserverParafox,https://twitter.com/ObserverParafox,https://twitter.com/i/web/status/1306117583163150336,"RT @DrGrinzi: I am currently seeing an enormous amount of mental health consultations.  Sadly, I will be notifying my patients that from Oc…",,
amount,2020-09-16 11:20:57,DrKathlWild,https://twitter.com/DrKathlWild,https://twitter.com/i/web/status/1306040344199397377,"RT @DrGrinzi: I am currently seeing an enormous amount of mental health consultations.  Sadly, I will be notifying my patients that from Oc…",,
amount,2020-09-17 10:27:24,VicAusMidwife,https://twitter.com/VicAusMidwife,https://twitter.com/i/web/status/1306389255564918790,"RT @DrGrinzi: I am currently seeing an enormous amount of mental health consultations.  Sadly, I will be notifying my patients that from Oc…",,
amount,2020-09-18 12:44:45,supergeepbec,https://twitter.com/supergeepbec,https://twitter.com/i/web/status/1306786205904891905,"RT @DrGrinzi: I am currently seeing an enormous amount of mental health consultations.  Sadly, I will be notifying my patients that from Oc…",,
amount,2020-09-16 14:37:45,ozjohnd,https://twitter.com/ozjohnd,https://twitter.com/i/web/status/1306089869316243457,"RT @DrGrinzi: I am currently seeing an enormous amount of mental health consultations.  Sadly, I will be notifying my patients that from Oc…",,
amount,2020-09-16 13:15:17,Sir_Vickz,https://twitter.com/Sir_Vickz,https://twitter.com/i/web/status/1306069116072067078,"RT @DrGrinzi: I am currently seeing an enormous amount of mental health consultations.  Sadly, I will be notifying my patients that from Oc…",,
amount,2020-09-16 13:34:37,JohnACrimmins,https://twitter.com/JohnACrimmins,https://twitter.com/i/web/status/1306073981280108546,"RT @DrGrinzi: I am currently seeing an enormous amount of mental health consultations.  Sadly, I will be notifying my patients that from Oc…",,
amount,2020-09-16 11:06:47,johnsalmond,https://twitter.com/johnsalmond,https://twitter.com/i/web/status/1306036776868311045,"RT @DrGrinzi: I am currently seeing an enormous amount of mental health consultations.  Sadly, I will be notifying my patients that from Oc…",,
amount,2020-09-16 22:45:21,NjbBari3,https://twitter.com/NjbBari3,https://twitter.com/i/web/status/1306212576192114689,"RT @DrGrinzi: I am currently seeing an enormous amount of mental health consultations.  Sadly, I will be notifying my patients that from Oc…",,
amount,2020-09-16 11:35:12,TheWillowGhost,https://twitter.com/TheWillowGhost,https://twitter.com/i/web/status/1306043927175114752,"RT @DrGrinzi: I am currently seeing an enormous amount of mental health consultations.  Sadly, I will be notifying my patients that from Oc…",,
impact,2020-09-20 21:37:42,miffyjayne,https://twitter.com/miffyjayne,https://twitter.com/i/web/status/1307645106359427073,"RT @ian_hickie: @JudkinsSimon As the adverse impacts of COVID19 on mental health escalate, pressure on EDs will increase - need additional…",,
impact,2020-09-21 09:59:17,ProfMDFischer,https://twitter.com/ProfMDFischer,https://twitter.com/i/web/status/1307831730863140864,"RT @ian_hickie: @JudkinsSimon As the adverse impacts of COVID19 on mental health escalate, pressure on EDs will increase - need additional…",,
impact,2020-09-18 17:12:22,tall_rach,https://twitter.com/tall_rach,https://twitter.com/i/web/status/1306853553764401154,RT @nic_4N: Every morning I wake up and have a moment of anxiety before I pick up my phone to see what @ScottMorrisonMP has done to impact…,,
impact,2020-09-20 22:49:39,pauline_mh1,https://twitter.com/pauline_mh1,https://twitter.com/i/web/status/1307663211756355584,"RT @ian_hickie: @JudkinsSimon As the adverse impacts of COVID19 on mental health escalate, pressure on EDs will increase - need additional…",,
impact,2020-09-17 21:40:45,NjbBari3,https://twitter.com/NjbBari3,https://twitter.com/i/web/status/1306558707480670208,"@deiler65 @nick_coatsworth @ketaminh Without going into too many details, it has been very, very, very hard for those of us that remember. Even harder for those of us that have been impacted directly by covid19.  It is lonely walking with this knowledge, in the face of the “accepted practice”.",,
pressure,2020-09-20 21:37:42,miffyjayne,https://twitter.com/miffyjayne,https://twitter.com/i/web/status/1307645106359427073,"RT @ian_hickie: @JudkinsSimon As the adverse impacts of COVID19 on mental health escalate, pressure on EDs will increase - need additional…",,
pressure,2020-09-21 09:59:17,ProfMDFischer,https://twitter.com/ProfMDFischer,https://twitter.com/i/web/status/1307831730863140864,"RT @ian_hickie: @JudkinsSimon As the adverse impacts of COVID19 on mental health escalate, pressure on EDs will increase - need additional…",,
pressure,2020-09-20 22:49:39,pauline_mh1,https://twitter.com/pauline_mh1,https://twitter.com/i/web/status/1307663211756355584,"RT @ian_hickie: @JudkinsSimon As the adverse impacts of COVID19 on mental health escalate, pressure on EDs will increase - need additional…",,
additional,2020-09-20 21:37:42,miffyjayne,https://twitter.com/miffyjayne,https://twitter.com/i/web/status/1307645106359427073,"RT @ian_hickie: @JudkinsSimon As the adverse impacts of COVID19 on mental health escalate, pressure on EDs will increase - need additional…",,
additional,2020-09-21 09:59:17,ProfMDFischer,https://twitter.com/ProfMDFischer,https://twitter.com/i/web/status/1307831730863140864,"RT @ian_hickie: @JudkinsSimon As the adverse impacts of COVID19 on mental health escalate, pressure on EDs will increase - need additional…",,
additional,2020-09-20 22:49:39,pauline_mh1,https://twitter.com/pauline_mh1,https://twitter.com/i/web/status/1307663211756355584,"RT @ian_hickie: @JudkinsSimon As the adverse impacts of COVID19 on mental health escalate, pressure on EDs will increase - need additional…",,
start,2020-09-19 17:38:08,KSeibertAu,https://twitter.com/KSeibertAu,https://twitter.com/i/web/status/1307222429744263168,RT @healthgovau: Looking for mental health support but not sure where to start? Sam the chatbot can help. All you need to do is answer some…,,
start,2020-09-19 17:36:13,dana_advocacy,https://twitter.com/dana_advocacy,https://twitter.com/i/web/status/1307221943909675008,RT @healthgovau: Looking for mental health support but not sure where to start? Sam the chatbot can help. All you need to do is answer some…,,
start,2020-09-19 17:52:30,BrogdenLucy,https://twitter.com/BrogdenLucy,https://twitter.com/i/web/status/1307226043250425856,RT @healthgovau: Looking for mental health support but not sure where to start? Sam the chatbot can help. All you need to do is answer some…,,
start,2020-09-19 18:05:28,MJA_Editor,https://twitter.com/MJA_Editor,https://twitter.com/i/web/status/1307229306582528001,RT @healthgovau: Looking for mental health support but not sure where to start? Sam the chatbot can help. All you need to do is answer some…,,
start,2020-09-19 17:46:54,Dpeters1977,https://twitter.com/Dpeters1977,https://twitter.com/i/web/status/1307224634660540416,RT @healthgovau: Looking for mental health support but not sure where to start? Sam the chatbot can help. All you need to do is answer some…,,
start,2020-09-20 14:34:34,LorraineBranna2,https://twitter.com/LorraineBranna2,https://twitter.com/i/web/status/1307538620312502272,@KateEmerson88 @njm3864 @NickMcKim parties...whateva. But we Cant have LNP in Gov Anymore.  Its So Important. This Gov is storing fuel in case we go to war. At the end of the Great Depression WW2 started. I dont put anything past Morrison he's on the same level as TRUMP. Their motto in the US has been 🧵👇🏼,,
telehealth,2020-09-18 18:55:39,JennaG_SLP,https://twitter.com/JennaG_SLP,https://twitter.com/i/web/status/1306879549062475776,"RT @SpeechPathAus: .@ScottMorrisonMP: “Patients will continue to have access to Medicare-subsidised telehealth for general practitioner, nu…",,
telehealth,2020-09-18 18:39:11,BronwynHemsley,https://twitter.com/BronwynHemsley,https://twitter.com/i/web/status/1306875401998917634,"RT @SpeechPathAus: .@ScottMorrisonMP: “Patients will continue to have access to Medicare-subsidised telehealth for general practitioner, nu…",,
telehealth,2020-09-16 10:22:05,CroakeyNews,https://twitter.com/CroakeyNews,https://twitter.com/i/web/status/1306025529666154496,"RT @ian_hickie: Cutting telehealth will 'drop defences' against coronavirus pandemic, mental health advocates warn https://t.co/UztM8NOAWE…",,
telehealth,2020-09-16 18:04:54,twbtwb,https://twitter.com/twbtwb,https://twitter.com/i/web/status/1306141998877794305,"RT @ian_hickie: Cutting telehealth will 'drop defences' against coronavirus pandemic, mental health advocates warn https://t.co/UztM8NOAWE…",,
telehealth,2020-09-16 15:50:00,MelissaSweetDr,https://twitter.com/MelissaSweetDr,https://twitter.com/i/web/status/1306108051884093440,"RT @ian_hickie: Cutting telehealth will 'drop defences' against coronavirus pandemic, mental health advocates warn https://t.co/UztM8NOAWE…",,
month,2020-09-18 10:40:27,sreeura,https://twitter.com/sreeura,https://twitter.com/i/web/status/1306754927872454656,RT @janesuzy: I totally agree. #BringUsHome! It’s 7 months and high time. @ScottMorrisonMP you asked us to be patient but no more. Our ment…,BringUsHome,BringUsHome
month,2020-09-18 22:03:50,tall_rach,https://twitter.com/tall_rach,https://twitter.com/i/web/status/1306926903979200512,RT @janesuzy: I totally agree. #BringUsHome! It’s 7 months and high time. @ScottMorrisonMP you asked us to be patient but no more. Our ment…,BringUsHome,BringUsHome
month,2020-09-18 02:08:11,janesuzy,https://twitter.com/janesuzy,https://twitter.com/i/web/status/1306626012239638528,I totally agree. #BringUsHome! It’s 7 months and high time. @ScottMorrisonMP you asked us to be patient but no more. Our mental health and livelihood is at risk.#RemoveCaps @dfat @SenatorWong @AusBorderForce @AusHCIndia @cnni @MarisePayne @KKeneally @PeterDutton_MP @abcnews @WHO https://t.co/q8KbLKXeBf,BringUsHome,RemoveCaps
month,2020-09-19 02:02:03,marlinpaz,https://twitter.com/marlinpaz,https://twitter.com/i/web/status/1306986854693187585,RT @janesuzy: I totally agree. #BringUsHome! It’s 7 months and high time. @ScottMorrisonMP you asked us to be patient but no more. Our ment…,BringUsHome,BringUsHome
increase,2020-09-20 21:37:42,miffyjayne,https://twitter.com/miffyjayne,https://twitter.com/i/web/status/1307645106359427073,"RT @ian_hickie: @JudkinsSimon As the adverse impacts of COVID19 on mental health escalate, pressure on EDs will increase - need additional…",,
increase,2020-09-21 09:59:17,ProfMDFischer,https://twitter.com/ProfMDFischer,https://twitter.com/i/web/status/1307831730863140864,"RT @ian_hickie: @JudkinsSimon As the adverse impacts of COVID19 on mental health escalate, pressure on EDs will increase - need additional…",,
increase,2020-09-21 08:53:11,AnnieFuller09,https://twitter.com/AnnieFuller09,https://twitter.com/i/web/status/1307815095116857344,"@GregHuntMP Yes containing CV but what about the consequences of your strict rules - increase of mental health, old age dying in homes they thought were safe, separating loved ones indefinitely, DV on the rise, the economy, dividing the country, stranding Aussies... @Bowenchris #auspol @SBS",auspol,auspol
increase,2020-09-20 22:49:39,pauline_mh1,https://twitter.com/pauline_mh1,https://twitter.com/i/web/status/1307663211756355584,"RT @ian_hickie: @JudkinsSimon As the adverse impacts of COVID19 on mental health escalate, pressure on EDs will increase - need additional…",,
agree,2020-09-18 10:40:27,sreeura,https://twitter.com/sreeura,https://twitter.com/i/web/status/1306754927872454656,RT @janesuzy: I totally agree. #BringUsHome! It’s 7 months and high time. @ScottMorrisonMP you asked us to be patient but no more. Our ment…,BringUsHome,BringUsHome
agree,2020-09-16 19:46:47,SallyRMelb,https://twitter.com/SallyRMelb,https://twitter.com/i/web/status/1306167640956702727,"@abc730 @kirstenrobb There’ll be lots of intentional deaths in the aged cohorts. I don’t agree with calling it depression or suicide. Older people are smart, they learned a lot over the years and most can be trusted to make decisions about the trajectory of their lives #abc730",abc730,abc730
agree,2020-09-18 22:03:50,tall_rach,https://twitter.com/tall_rach,https://twitter.com/i/web/status/1306926903979200512,RT @janesuzy: I totally agree. #BringUsHome! It’s 7 months and high time. @ScottMorrisonMP you asked us to be patient but no more. Our ment…,BringUsHome,BringUsHome
agree,2020-09-18 02:08:11,janesuzy,https://twitter.com/janesuzy,https://twitter.com/i/web/status/1306626012239638528,I totally agree. #BringUsHome! It’s 7 months and high time. @ScottMorrisonMP you asked us to be patient but no more. Our mental health and livelihood is at risk.#RemoveCaps @dfat @SenatorWong @AusBorderForce @AusHCIndia @cnni @MarisePayne @KKeneally @PeterDutton_MP @abcnews @WHO https://t.co/q8KbLKXeBf,BringUsHome,RemoveCaps
agree,2020-09-19 02:02:03,marlinpaz,https://twitter.com/marlinpaz,https://twitter.com/i/web/status/1306986854693187585,RT @janesuzy: I totally agree. #BringUsHome! It’s 7 months and high time. @ScottMorrisonMP you asked us to be patient but no more. Our ment…,BringUsHome,BringUsHome
youth,2020-09-20 12:00:57,jvb2065,https://twitter.com/jvb2065,https://twitter.com/i/web/status/1307499960913424386,"RT @PatMcGorry: Given the current prospects for this emerging generation, it’s time for a national youth recovery strategy with economic, v…",,
youth,2020-09-20 11:47:44,EstherRockett,https://twitter.com/EstherRockett,https://twitter.com/i/web/status/1307496635656593410,"RT @PatMcGorry: Given the current prospects for this emerging generation, it’s time for a national youth recovery strategy with economic, v…",,
youth,2020-09-20 10:39:16,PatMcGorry,https://twitter.com/PatMcGorry,https://twitter.com/i/web/status/1307479405879418881,"Given the current prospects for this emerging generation, it’s time for a national youth recovery strategy with economic, vocational and mental health as key pillars. Will National Cabinet please consider this? @ScottMorrisonMP @DanielAndrewsMP @GladysB https://t.co/5dMtzRUNow",,
youth,2020-09-20 13:37:41,imo_bell,https://twitter.com/imo_bell,https://twitter.com/i/web/status/1307524302644813824,"RT @PatMcGorry: Given the current prospects for this emerging generation, it’s time for a national youth recovery strategy with economic, v…",,
youth,2020-09-20 17:21:40,begcrochet,https://twitter.com/begcrochet,https://twitter.com/i/web/status/1307580673545306112,"RT @PatMcGorry: Given the current prospects for this emerging generation, it’s time for a national youth recovery strategy with economic, v…",,
youth,2020-09-20 11:57:08,pauline_mh1,https://twitter.com/pauline_mh1,https://twitter.com/i/web/status/1307499001076305920,"RT @PatMcGorry: Given the current prospects for this emerging generation, it’s time for a national youth recovery strategy with economic, v…",,
youth,2020-09-20 11:38:33,Dpeters1977,https://twitter.com/Dpeters1977,https://twitter.com/i/web/status/1307494323533955075,"RT @PatMcGorry: Given the current prospects for this emerging generation, it’s time for a national youth recovery strategy with economic, v…",,
youth,2020-09-20 10:45:39,benksilvester,https://twitter.com/benksilvester,https://twitter.com/i/web/status/1307481012293623808,"RT @PatMcGorry: Given the current prospects for this emerging generation, it’s time for a national youth recovery strategy with economic, v…",,
recovery,2020-09-20 12:00:57,jvb2065,https://twitter.com/jvb2065,https://twitter.com/i/web/status/1307499960913424386,"RT @PatMcGorry: Given the current prospects for this emerging generation, it’s time for a national youth recovery strategy with economic, v…",,
recovery,2020-09-20 11:47:44,EstherRockett,https://twitter.com/EstherRockett,https://twitter.com/i/web/status/1307496635656593410,"RT @PatMcGorry: Given the current prospects for this emerging generation, it’s time for a national youth recovery strategy with economic, v…",,
recovery,2020-09-18 07:48:25,TL772019,https://twitter.com/TL772019,https://twitter.com/i/web/status/1306711634497290241,RT @The_Ark_of_NZ: A recession is when your neighbour loses his job.   A depression is when you lose your job.   A recovery is when Jacinda…,,
recovery,2020-09-20 10:39:16,PatMcGorry,https://twitter.com/PatMcGorry,https://twitter.com/i/web/status/1307479405879418881,"Given the current prospects for this emerging generation, it’s time for a national youth recovery strategy with economic, vocational and mental health as key pillars. Will National Cabinet please consider this? @ScottMorrisonMP @DanielAndrewsMP @GladysB https://t.co/5dMtzRUNow",,
recovery,2020-09-20 13:37:41,imo_bell,https://twitter.com/imo_bell,https://twitter.com/i/web/status/1307524302644813824,"RT @PatMcGorry: Given the current prospects for this emerging generation, it’s time for a national youth recovery strategy with economic, v…",,
recovery,2020-09-20 17:21:40,begcrochet,https://twitter.com/begcrochet,https://twitter.com/i/web/status/1307580673545306112,"RT @PatMcGorry: Given the current prospects for this emerging generation, it’s time for a national youth recovery strategy with economic, v…",,
recovery,2020-09-20 11:57:08,pauline_mh1,https://twitter.com/pauline_mh1,https://twitter.com/i/web/status/1307499001076305920,"RT @PatMcGorry: Given the current prospects for this emerging generation, it’s time for a national youth recovery strategy with economic, v…",,
recovery,2020-09-20 11:38:33,Dpeters1977,https://twitter.com/Dpeters1977,https://twitter.com/i/web/status/1307494323533955075,"RT @PatMcGorry: Given the current prospects for this emerging generation, it’s time for a national youth recovery strategy with economic, v…",,
recovery,2020-09-20 10:45:39,benksilvester,https://twitter.com/benksilvester,https://twitter.com/i/web/status/1307481012293623808,"RT @PatMcGorry: Given the current prospects for this emerging generation, it’s time for a national youth recovery strategy with economic, v…",,
disorder,2020-09-22 11:08:55,MJA_Editor,https://twitter.com/MJA_Editor,https://twitter.com/i/web/status/1308211641620680705,RT @MayoClinic: #SocialAnxietyDisorder is one of the most common anxiety disorders. An estimated 12 percent of the population experiences i…,SocialAnxietyDisorder,SocialAnxietyDisorder
disorder,2020-09-18 09:12:14,RachelEMenzies,https://twitter.com/RachelEMenzies,https://twitter.com/i/web/status/1306732727442440193,"New publication out! 🎉 We found that common disorders preceding OCD were separation anxiety, phobias, and GAD. People with lower death anxiety were significantly more likely to have OCD as their first disorder @matteo_zuccala @LSharpeUSYD Read it here: https://t.co/Ab1GEQVNoY https://t.co/dFAuEz787j",,
currently,2020-09-16 16:27:52,ObserverParafox,https://twitter.com/ObserverParafox,https://twitter.com/i/web/status/1306117583163150336,"RT @DrGrinzi: I am currently seeing an enormous amount of mental health consultations.  Sadly, I will be notifying my patients that from Oc…",,
currently,2020-09-16 11:20:57,DrKathlWild,https://twitter.com/DrKathlWild,https://twitter.com/i/web/status/1306040344199397377,"RT @DrGrinzi: I am currently seeing an enormous amount of mental health consultations.  Sadly, I will be notifying my patients that from Oc…",,
currently,2020-09-17 10:27:24,VicAusMidwife,https://twitter.com/VicAusMidwife,https://twitter.com/i/web/status/1306389255564918790,"RT @DrGrinzi: I am currently seeing an enormous amount of mental health consultations.  Sadly, I will be notifying my patients that from Oc…",,
currently,2020-09-18 12:44:45,supergeepbec,https://twitter.com/supergeepbec,https://twitter.com/i/web/status/1306786205904891905,"RT @DrGrinzi: I am currently seeing an enormous amount of mental health consultations.  Sadly, I will be notifying my patients that from Oc…",,
currently,2020-09-18 18:44:07,matthewrbroome,https://twitter.com/matthewrbroome,https://twitter.com/i/web/status/1306876647195410434,RT @SPILabKCL: We are currently recruiting for a new #clinical study on #depression and how we can use #technology to monitor symptoms📱  Fo…,clinical,technology
currently,2020-09-16 14:37:45,ozjohnd,https://twitter.com/ozjohnd,https://twitter.com/i/web/status/1306089869316243457,"RT @DrGrinzi: I am currently seeing an enormous amount of mental health consultations.  Sadly, I will be notifying my patients that from Oc…",,
currently,2020-09-16 13:15:17,Sir_Vickz,https://twitter.com/Sir_Vickz,https://twitter.com/i/web/status/1306069116072067078,"RT @DrGrinzi: I am currently seeing an enormous amount of mental health consultations.  Sadly, I will be notifying my patients that from Oc…",,
currently,2020-09-16 13:34:37,JohnACrimmins,https://twitter.com/JohnACrimmins,https://twitter.com/i/web/status/1306073981280108546,"RT @DrGrinzi: I am currently seeing an enormous amount of mental health consultations.  Sadly, I will be notifying my patients that from Oc…",,
currently,2020-09-16 11:06:47,johnsalmond,https://twitter.com/johnsalmond,https://twitter.com/i/web/status/1306036776868311045,"RT @DrGrinzi: I am currently seeing an enormous amount of mental health consultations.  Sadly, I will be notifying my patients that from Oc…",,
currently,2020-09-16 22:45:21,NjbBari3,https://twitter.com/NjbBari3,https://twitter.com/i/web/status/1306212576192114689,"RT @DrGrinzi: I am currently seeing an enormous amount of mental health consultations.  Sadly, I will be notifying my patients that from Oc…",,
continue,2020-09-18 18:55:39,JennaG_SLP,https://twitter.com/JennaG_SLP,https://twitter.com/i/web/status/1306879549062475776,"RT @SpeechPathAus: .@ScottMorrisonMP: “Patients will continue to have access to Medicare-subsidised telehealth for general practitioner, nu…",,
continue,2020-09-18 18:39:11,BronwynHemsley,https://twitter.com/BronwynHemsley,https://twitter.com/i/web/status/1306875401998917634,"RT @SpeechPathAus: .@ScottMorrisonMP: “Patients will continue to have access to Medicare-subsidised telehealth for general practitioner, nu…",,
continue,2020-09-18 11:00:05,RANZCP,https://twitter.com/RANZCP,https://twitter.com/i/web/status/1306759867458351106,Learn how to control anxiety whenever you experience it. Try this breathing exercise to help alleviate your anxiety.  If your anxiety continues talk with your GP and ask if a referral to a psychiatrist is right for you. For more information visit https://t.co/pTAKDMK41P https://t.co/3nrwycW3dN,,
continue,2020-09-17 23:38:29,SallyRMelb,https://twitter.com/SallyRMelb,https://twitter.com/i/web/status/1306588336375570442,"RT @GarofaloWX: As of Thursday morning, #Sally has weakened to a tropical depression as it continues to move to the northeast. Still very d…",Sally,Sally
continue,2020-09-22 08:37:21,JohnACrimmins,https://twitter.com/JohnACrimmins,https://twitter.com/i/web/status/1308173499828117504,@ian_hickie @GregHuntMP @PatMcGorry The budget must fund General Practice so it is better resources to continue a sustained fight against most of the mental health care needs of most patients during this pandemic,,
continue,2020-09-21 09:00:12,RANZCP,https://twitter.com/RANZCP,https://twitter.com/i/web/status/1307816861107707904,Learn how to control anxiety whenever you experience it. Try this breathing exercise to help alleviate your anxiety.  If your anxiety continues talk with your GP and ask if a referral to a psychiatrist is right for you. For more information visit https://t.co/pTAKDMK41P https://t.co/PxxSyb6335,,
covid,2020-09-22 11:02:11,fincapau,https://twitter.com/fincapau,https://twitter.com/i/web/status/1308209947872698368,RT @NCCgovau: See this @healthgovau fact sheet for information on mental health and wellbeing support for employees during the COVID-19 pan…,,
covid,2020-09-18 11:48:38,NCCgovau,https://twitter.com/NCCgovau,https://twitter.com/i/web/status/1306772086224949252,See this @healthgovau fact sheet for information on mental health and wellbeing support for employees during the COVID-19 pandemic https://t.co/hPOsSxasRZ #covid19australia https://t.co/LtUAd5M8Tl,covid19australia,covid19australia
covid,2020-09-20 21:37:42,miffyjayne,https://twitter.com/miffyjayne,https://twitter.com/i/web/status/1307645106359427073,"RT @ian_hickie: @JudkinsSimon As the adverse impacts of COVID19 on mental health escalate, pressure on EDs will increase - need additional…",,
covid,2020-09-21 09:59:17,ProfMDFischer,https://twitter.com/ProfMDFischer,https://twitter.com/i/web/status/1307831730863140864,"RT @ian_hickie: @JudkinsSimon As the adverse impacts of COVID19 on mental health escalate, pressure on EDs will increase - need additional…",,
covid,2020-09-16 21:23:43,nursingdean,https://twitter.com/nursingdean,https://twitter.com/i/web/status/1306192035054002176,RT @acn_tweet: Are you experiencing stress or anxiety regarding COVID-19? Connect with a Nurse Buddy who understands what you are going thr…,,
covid,2020-09-22 06:46:54,ian_hickie,https://twitter.com/ian_hickie,https://twitter.com/i/web/status/1308145701289771008,1/2 Mentally ill confined to hospital rooms for up to 15 hours during pandemic; unacceptable care due to COVID19 demands immediate response; OCT 6 budget is the next test of our commitment to mental health care; ⁦@GregHuntMP⁩ ⁦@PatMcGorry⁩ ⁦ https://t.co/iCrkanBfCa,,
covid,2020-09-20 22:49:39,pauline_mh1,https://twitter.com/pauline_mh1,https://twitter.com/i/web/status/1307663211756355584,"RT @ian_hickie: @JudkinsSimon As the adverse impacts of COVID19 on mental health escalate, pressure on EDs will increase - need additional…",,
covid,2020-09-17 21:40:45,NjbBari3,https://twitter.com/NjbBari3,https://twitter.com/i/web/status/1306558707480670208,"@deiler65 @nick_coatsworth @ketaminh Without going into too many details, it has been very, very, very hard for those of us that remember. Even harder for those of us that have been impacted directly by covid19.  It is lonely walking with this knowledge, in the face of the “accepted practice”.",,
generation,2020-09-20 12:00:57,jvb2065,https://twitter.com/jvb2065,https://twitter.com/i/web/status/1307499960913424386,"RT @PatMcGorry: Given the current prospects for this emerging generation, it’s time for a national youth recovery strategy with economic, v…",,
generation,2020-09-20 11:47:44,EstherRockett,https://twitter.com/EstherRockett,https://twitter.com/i/web/status/1307496635656593410,"RT @PatMcGorry: Given the current prospects for this emerging generation, it’s time for a national youth recovery strategy with economic, v…",,
generation,2020-09-20 10:39:16,PatMcGorry,https://twitter.com/PatMcGorry,https://twitter.com/i/web/status/1307479405879418881,"Given the current prospects for this emerging generation, it’s time for a national youth recovery strategy with economic, vocational and mental health as key pillars. Will National Cabinet please consider this? @ScottMorrisonMP @DanielAndrewsMP @GladysB https://t.co/5dMtzRUNow",,
generation,2020-09-20 13:37:41,imo_bell,https://twitter.com/imo_bell,https://twitter.com/i/web/status/1307524302644813824,"RT @PatMcGorry: Given the current prospects for this emerging generation, it’s time for a national youth recovery strategy with economic, v…",,
generation,2020-09-20 17:21:40,begcrochet,https://twitter.com/begcrochet,https://twitter.com/i/web/status/1307580673545306112,"RT @PatMcGorry: Given the current prospects for this emerging generation, it’s time for a national youth recovery strategy with economic, v…",,
generation,2020-09-20 11:57:08,pauline_mh1,https://twitter.com/pauline_mh1,https://twitter.com/i/web/status/1307499001076305920,"RT @PatMcGorry: Given the current prospects for this emerging generation, it’s time for a national youth recovery strategy with economic, v…",,
generation,2020-09-20 11:38:33,Dpeters1977,https://twitter.com/Dpeters1977,https://twitter.com/i/web/status/1307494323533955075,"RT @PatMcGorry: Given the current prospects for this emerging generation, it’s time for a national youth recovery strategy with economic, v…",,
generation,2020-09-20 10:45:39,benksilvester,https://twitter.com/benksilvester,https://twitter.com/i/web/status/1307481012293623808,"RT @PatMcGorry: Given the current prospects for this emerging generation, it’s time for a national youth recovery strategy with economic, v…",,
defence,2020-09-16 10:22:05,CroakeyNews,https://twitter.com/CroakeyNews,https://twitter.com/i/web/status/1306025529666154496,"RT @ian_hickie: Cutting telehealth will 'drop defences' against coronavirus pandemic, mental health advocates warn https://t.co/UztM8NOAWE…",,
defence,2020-09-16 18:04:54,twbtwb,https://twitter.com/twbtwb,https://twitter.com/i/web/status/1306141998877794305,"RT @ian_hickie: Cutting telehealth will 'drop defences' against coronavirus pandemic, mental health advocates warn https://t.co/UztM8NOAWE…",,
defence,2020-09-16 15:50:00,MelissaSweetDr,https://twitter.com/MelissaSweetDr,https://twitter.com/i/web/status/1306108051884093440,"RT @ian_hickie: Cutting telehealth will 'drop defences' against coronavirus pandemic, mental health advocates warn https://t.co/UztM8NOAWE…",,
early,2020-09-17 14:36:39,CoMBAT_AD,https://twitter.com/CoMBAT_AD,https://twitter.com/i/web/status/1306451981968371712,RT @Prof_Naismith: @ricci_research shows new sleep microarchitecture data in p/w early and late onset depression at @cogsleepacademy showca…,,
early,2020-09-17 11:50:23,ian_hickie,https://twitter.com/ian_hickie,https://twitter.com/i/web/status/1306410137045798912,RT @Prof_Naismith: @ricci_research shows new sleep microarchitecture data in p/w early and late onset depression at @cogsleepacademy showca…,,
early,2020-09-18 21:39:40,MarinaStehle,https://twitter.com/MarinaStehle,https://twitter.com/i/web/status/1306920822926311426,RT @MarinaStehle: @ScottMorrisonMP @PatMcGorry @orygen_aus I heard high doses of fish oil are helpful to ward off early signs of mental hea…,,
patient,2020-09-18 18:55:39,JennaG_SLP,https://twitter.com/JennaG_SLP,https://twitter.com/i/web/status/1306879549062475776,"RT @SpeechPathAus: .@ScottMorrisonMP: “Patients will continue to have access to Medicare-subsidised telehealth for general practitioner, nu…",,
patient,2020-09-18 18:39:11,BronwynHemsley,https://twitter.com/BronwynHemsley,https://twitter.com/i/web/status/1306875401998917634,"RT @SpeechPathAus: .@ScottMorrisonMP: “Patients will continue to have access to Medicare-subsidised telehealth for general practitioner, nu…",,
patient,2020-09-16 16:27:52,ObserverParafox,https://twitter.com/ObserverParafox,https://twitter.com/i/web/status/1306117583163150336,"RT @DrGrinzi: I am currently seeing an enormous amount of mental health consultations.  Sadly, I will be notifying my patients that from Oc…",,
patient,2020-09-16 11:20:57,DrKathlWild,https://twitter.com/DrKathlWild,https://twitter.com/i/web/status/1306040344199397377,"RT @DrGrinzi: I am currently seeing an enormous amount of mental health consultations.  Sadly, I will be notifying my patients that from Oc…",,
patient,2020-09-18 10:40:27,sreeura,https://twitter.com/sreeura,https://twitter.com/i/web/status/1306754927872454656,RT @janesuzy: I totally agree. #BringUsHome! It’s 7 months and high time. @ScottMorrisonMP you asked us to be patient but no more. Our ment…,BringUsHome,BringUsHome
patient,2020-09-17 10:27:24,VicAusMidwife,https://twitter.com/VicAusMidwife,https://twitter.com/i/web/status/1306389255564918790,"RT @DrGrinzi: I am currently seeing an enormous amount of mental health consultations.  Sadly, I will be notifying my patients that from Oc…",,
patient,2020-09-18 12:44:45,supergeepbec,https://twitter.com/supergeepbec,https://twitter.com/i/web/status/1306786205904891905,"RT @DrGrinzi: I am currently seeing an enormous amount of mental health consultations.  Sadly, I will be notifying my patients that from Oc…",,
patient,2020-09-16 14:37:45,ozjohnd,https://twitter.com/ozjohnd,https://twitter.com/i/web/status/1306089869316243457,"RT @DrGrinzi: I am currently seeing an enormous amount of mental health consultations.  Sadly, I will be notifying my patients that from Oc…",,
patient,2020-09-16 13:15:17,Sir_Vickz,https://twitter.com/Sir_Vickz,https://twitter.com/i/web/status/1306069116072067078,"RT @DrGrinzi: I am currently seeing an enormous amount of mental health consultations.  Sadly, I will be notifying my patients that from Oc…",,
patient,2020-09-16 13:34:37,JohnACrimmins,https://twitter.com/JohnACrimmins,https://twitter.com/i/web/status/1306073981280108546,"RT @DrGrinzi: I am currently seeing an enormous amount of mental health consultations.  Sadly, I will be notifying my patients that from Oc…",,
seeing,2020-09-16 16:27:52,ObserverParafox,https://twitter.com/ObserverParafox,https://twitter.com/i/web/status/1306117583163150336,"RT @DrGrinzi: I am currently seeing an enormous amount of mental health consultations.  Sadly, I will be notifying my patients that from Oc…",,
seeing,2020-09-16 11:20:57,DrKathlWild,https://twitter.com/DrKathlWild,https://twitter.com/i/web/status/1306040344199397377,"RT @DrGrinzi: I am currently seeing an enormous amount of mental health consultations.  Sadly, I will be notifying my patients that from Oc…",,
seeing,2020-09-18 18:02:26,tedwardjams,https://twitter.com/tedwardjams,https://twitter.com/i/web/status/1306866156632813568,"I’m used to and comfortable with solitude, but enforced solitude has been really challenging. I don’t think about it much, but the excitement around seeing my mum today made me realise I’ve been lonely.",,
seeing,2020-09-17 10:27:24,VicAusMidwife,https://twitter.com/VicAusMidwife,https://twitter.com/i/web/status/1306389255564918790,"RT @DrGrinzi: I am currently seeing an enormous amount of mental health consultations.  Sadly, I will be notifying my patients that from Oc…",,
seeing,2020-09-18 12:44:45,supergeepbec,https://twitter.com/supergeepbec,https://twitter.com/i/web/status/1306786205904891905,"RT @DrGrinzi: I am currently seeing an enormous amount of mental health consultations.  Sadly, I will be notifying my patients that from Oc…",,
seeing,2020-09-16 14:37:45,ozjohnd,https://twitter.com/ozjohnd,https://twitter.com/i/web/status/1306089869316243457,"RT @DrGrinzi: I am currently seeing an enormous amount of mental health consultations.  Sadly, I will be notifying my patients that from Oc…",,
seeing,2020-09-16 13:15:17,Sir_Vickz,https://twitter.com/Sir_Vickz,https://twitter.com/i/web/status/1306069116072067078,"RT @DrGrinzi: I am currently seeing an enormous amount of mental health consultations.  Sadly, I will be notifying my patients that from Oc…",,
seeing,2020-09-16 13:34:37,JohnACrimmins,https://twitter.com/JohnACrimmins,https://twitter.com/i/web/status/1306073981280108546,"RT @DrGrinzi: I am currently seeing an enormous amount of mental health consultations.  Sadly, I will be notifying my patients that from Oc…",,
seeing,2020-09-16 11:06:47,johnsalmond,https://twitter.com/johnsalmond,https://twitter.com/i/web/status/1306036776868311045,"RT @DrGrinzi: I am currently seeing an enormous amount of mental health consultations.  Sadly, I will be notifying my patients that from Oc…",,
seeing,2020-09-16 22:45:21,NjbBari3,https://twitter.com/NjbBari3,https://twitter.com/i/web/status/1306212576192114689,"RT @DrGrinzi: I am currently seeing an enormous amount of mental health consultations.  Sadly, I will be notifying my patients that from Oc…",,
ask,2020-09-22 15:11:13,dana_advocacy,https://twitter.com/dana_advocacy,https://twitter.com/i/web/status/1308272618202570752,"RT @PWDAustralia: Ms Griffiths describes anxiety, thinking it was her fault. She asked for help from workers, parents, NSW Ombudsman's offi…",,
ask,2020-09-18 11:00:05,RANZCP,https://twitter.com/RANZCP,https://twitter.com/i/web/status/1306759867458351106,Learn how to control anxiety whenever you experience it. Try this breathing exercise to help alleviate your anxiety.  If your anxiety continues talk with your GP and ask if a referral to a psychiatrist is right for you. For more information visit https://t.co/pTAKDMK41P https://t.co/3nrwycW3dN,,
ask,2020-09-18 10:40:27,sreeura,https://twitter.com/sreeura,https://twitter.com/i/web/status/1306754927872454656,RT @janesuzy: I totally agree. #BringUsHome! It’s 7 months and high time. @ScottMorrisonMP you asked us to be patient but no more. Our ment…,BringUsHome,BringUsHome
ask,2020-09-18 22:03:50,tall_rach,https://twitter.com/tall_rach,https://twitter.com/i/web/status/1306926903979200512,RT @janesuzy: I totally agree. #BringUsHome! It’s 7 months and high time. @ScottMorrisonMP you asked us to be patient but no more. Our ment…,BringUsHome,BringUsHome
ask,2020-09-18 02:08:11,janesuzy,https://twitter.com/janesuzy,https://twitter.com/i/web/status/1306626012239638528,I totally agree. #BringUsHome! It’s 7 months and high time. @ScottMorrisonMP you asked us to be patient but no more. Our mental health and livelihood is at risk.#RemoveCaps @dfat @SenatorWong @AusBorderForce @AusHCIndia @cnni @MarisePayne @KKeneally @PeterDutton_MP @abcnews @WHO https://t.co/q8KbLKXeBf,BringUsHome,RemoveCaps
ask,2020-09-19 02:02:03,marlinpaz,https://twitter.com/marlinpaz,https://twitter.com/i/web/status/1306986854693187585,RT @janesuzy: I totally agree. #BringUsHome! It’s 7 months and high time. @ScottMorrisonMP you asked us to be patient but no more. Our ment…,BringUsHome,BringUsHome
ask,2020-09-21 09:00:12,RANZCP,https://twitter.com/RANZCP,https://twitter.com/i/web/status/1307816861107707904,Learn how to control anxiety whenever you experience it. Try this breathing exercise to help alleviate your anxiety.  If your anxiety continues talk with your GP and ask if a referral to a psychiatrist is right for you. For more information visit https://t.co/pTAKDMK41P https://t.co/PxxSyb6335,,
notify,2020-09-16 16:27:52,ObserverParafox,https://twitter.com/ObserverParafox,https://twitter.com/i/web/status/1306117583163150336,"RT @DrGrinzi: I am currently seeing an enormous amount of mental health consultations.  Sadly, I will be notifying my patients that from Oc…",,
notify,2020-09-16 11:20:57,DrKathlWild,https://twitter.com/DrKathlWild,https://twitter.com/i/web/status/1306040344199397377,"RT @DrGrinzi: I am currently seeing an enormous amount of mental health consultations.  Sadly, I will be notifying my patients that from Oc…",,
notify,2020-09-17 10:27:24,VicAusMidwife,https://twitter.com/VicAusMidwife,https://twitter.com/i/web/status/1306389255564918790,"RT @DrGrinzi: I am currently seeing an enormous amount of mental health consultations.  Sadly, I will be notifying my patients that from Oc…",,
notify,2020-09-18 12:44:45,supergeepbec,https://twitter.com/supergeepbec,https://twitter.com/i/web/status/1306786205904891905,"RT @DrGrinzi: I am currently seeing an enormous amount of mental health consultations.  Sadly, I will be notifying my patients that from Oc…",,
notify,2020-09-16 14:37:45,ozjohnd,https://twitter.com/ozjohnd,https://twitter.com/i/web/status/1306089869316243457,"RT @DrGrinzi: I am currently seeing an enormous amount of mental health consultations.  Sadly, I will be notifying my patients that from Oc…",,
notify,2020-09-16 13:15:17,Sir_Vickz,https://twitter.com/Sir_Vickz,https://twitter.com/i/web/status/1306069116072067078,"RT @DrGrinzi: I am currently seeing an enormous amount of mental health consultations.  Sadly, I will be notifying my patients that from Oc…",,
notify,2020-09-16 13:34:37,JohnACrimmins,https://twitter.com/JohnACrimmins,https://twitter.com/i/web/status/1306073981280108546,"RT @DrGrinzi: I am currently seeing an enormous amount of mental health consultations.  Sadly, I will be notifying my patients that from Oc…",,
notify,2020-09-16 11:06:47,johnsalmond,https://twitter.com/johnsalmond,https://twitter.com/i/web/status/1306036776868311045,"RT @DrGrinzi: I am currently seeing an enormous amount of mental health consultations.  Sadly, I will be notifying my patients that from Oc…",,
notify,2020-09-16 22:45:21,NjbBari3,https://twitter.com/NjbBari3,https://twitter.com/i/web/status/1306212576192114689,"RT @DrGrinzi: I am currently seeing an enormous amount of mental health consultations.  Sadly, I will be notifying my patients that from Oc…",,
notify,2020-09-16 11:35:12,TheWillowGhost,https://twitter.com/TheWillowGhost,https://twitter.com/i/web/status/1306043927175114752,"RT @DrGrinzi: I am currently seeing an enormous amount of mental health consultations.  Sadly, I will be notifying my patients that from Oc…",,
