Topic,word1,word2,word3,word4,word5,word6,word7,word8,word9,word10
Topic 1,depression,anxiety,suicide,please,support,suffering,service,stats,people,level
Topic 2,system,deteriorate,productive,significantly,drain,medical,australia,reunite,better,love
Topic 3,medicare,enough,start,session,add,nurse,access,australian,service,going
Topic 4,pandemic,stress,damage,solution,break,border,close,sustain,fight,support
Topic 5,rejection,people,suicidal,social,million,meanwhile,depress,requirement,posting,apparently
