Topic,word1,word2,word3,word4,word5,word6,word7,word8,word9,word10
Topic 1,online,today,stress,mensline,whatever,meditate,community,forum,member,quote
Topic 2,support,service,wellbeing,phone,available,coronavirus,beyond,experience,information,time
Topic 3,support,young,people,stress,aboriginal,welcome,torres,strait,islander,connect
Topic 4,australian,anxiety,need,difficult,commitment,address,welcome,institute,black,research
Topic 5,beyond,support,service,wellbeing,work,physical,activity,active,make,daily
