Topic,word1,word2,word3,word4,word5,word6,word7,word8,word9,word10
Topic 1,australia,impact,suicide,depression,need,issue,policy,expert,priority,start
Topic 2,today,release,impact,people,young,covid,child,grateful,engage,paragraph
Topic 3,australia,service,victorian,report,psychologist,demand,business,student,important,death
Topic 4,australia,coronavirus,covid,another,impact,student,disaster,people,depression,patient
Topic 5,covid,people,problem,pandemic,victoria,ongoing,professor,patrick,mcgorry,australia
