Topic,word1,word2,word3,word4,word5,word6,word7,word8,word9,word10
Topic 1,pandemic,together,people,#mentalhealth,#anxiety,stress,anxiety,always,support,covid
Topic 2,anyone,need,mensline,australia,lifeline,number,helpline,suicide,australian,service
Topic 3,language,english,information,community,australia,people,today,sport,come,covid
Topic 4,anxiety,patient,currently,seeing,consultation,enormous,sadly,notify,amount,family
Topic 5,support,experience,pandemic,student,people,seeing,seeking,victoria,profes,skilled
