Topic,word1,word2,word3,word4,word5,word6,word7,word8,word9,word10
Topic 1,impact,coronavirus,tough,stopping,advice,protest,follow,come,overwhelmin,flexible
Topic 2,wellbeing,pandemic,australian,response,national,need,#beyondblue,#loveisessential,medication,#hidradenitissuppurativa
Topic 3,need,touch,active,priority,create,reunite,denmark,xenophobia,healthtell,safely
Topic 4,depression,anxiety,thing,wamted,thank,just-so,litter,except,hypothesis,going
Topic 5,support,uncertain,overwhelm,understandable,extra,information,time,visit,reality,arrive
