Topic,word1,word2,word3,word4,word5,word6,word7,word8,word9,word10
Topic 1,people,anxiety,death,minister,depression,suicide,system,getting,situation,failing
Topic 2,depression,people,government,future,really,dealing,worrying,ausralian,struggle,young
Topic 3,people,money,life,victoria,anxiety,making,government,doubt,overseas,value
Topic 4,depression,think,another,lonely,morrison,friend,scott,stumping,85000,liberal
Topic 5,morrison,change,scott,extend,depression-climate,acceleration-rich,unemployment-economy,destroying-deep,#auspol,victoria
