keyword,created_at_local_time,screen_name,user_URL,tweet_URL,tweet_text,hashtag1,hashtag2
education,2020-09-04 08:06:14,ian_hickie,https://twitter.com/ian_hickie,https://twitter.com/i/web/status/1301642686881910784,"https://t.co/8NNtjGB35g Serious investment in schools, teachers and education is crucial to our future mental wealth; Health and education working closely together with families and kids; ⁦@Sydney_Uni⁩ ⁦@BrainMind_Usyd⁩ ⁦@GregHuntMP⁩ ⁦@Matt_KeanMP⁩",,
education,2020-09-04 09:03:14,NicRogerson,https://twitter.com/NicRogerson,https://twitter.com/i/web/status/1301657030650814464,"RT @ian_hickie: https://t.co/8NNtjGB35g Serious investment in schools, teachers and education is crucial to our future mental wealth; Healt…",,
education,2020-09-05 11:06:09,BrainMind_Usyd,https://twitter.com/BrainMind_Usyd,https://twitter.com/i/web/status/1302050350942187521,"RT @ian_hickie: https://t.co/8NNtjGB35g Serious investment in schools, teachers and education is crucial to our future mental wealth; Healt…",,
education,2020-09-05 22:04:13,Dpeters1977,https://twitter.com/Dpeters1977,https://twitter.com/i/web/status/1302215959495622656,"RT @ian_hickie: https://t.co/8NNtjGB35g Serious investment in schools, teachers and education is crucial to our future mental wealth; Healt…",,
improve,2020-09-06 00:46:50,MedicalWizard,https://twitter.com/MedicalWizard,https://twitter.com/i/web/status/1302256884909568001,RT @healthgovau: Help improve your mental and physical health during COVID-19 with these tips from Prof Michael Kidd. https://t.co/rdnvrEkX…,,
improve,2020-09-05 13:06:40,sasanrose,https://twitter.com/sasanrose,https://twitter.com/i/web/status/1302080681774731265,RT @healthgovau: Help improve your mental and physical health during COVID-19 with these tips from Prof Michael Kidd. https://t.co/rdnvrEkX…,,
improve,2020-09-05 14:06:27,Cassie638,https://twitter.com/Cassie638,https://twitter.com/i/web/status/1302095728009830400,RT @healthgovau: Help improve your mental and physical health during COVID-19 with these tips from Prof Michael Kidd. https://t.co/rdnvrEkX…,,
improve,2020-09-05 20:06:31,ahmadiyya_bne,https://twitter.com/ahmadiyya_bne,https://twitter.com/i/web/status/1302186340621066242,RT @healthgovau: Help improve your mental and physical health during COVID-19 with these tips from Prof Michael Kidd. https://t.co/rdnvrEkX…,,
thanks,2020-09-06 15:43:04,fatima_ishfaq,https://twitter.com/fatima_ishfaq,https://twitter.com/i/web/status/1302482427378503681,"RT @healthgovau: Thanks to all health, aged and disability care professionals – you’re work’s vital in the fight against #COVID19. Remember…",COVID19,COVID19
thanks,2020-09-05 19:16:50,KerriKellett,https://twitter.com/KerriKellett,https://twitter.com/i/web/status/1302173835148419074,"RT @healthgovau: Thanks to all health, aged and disability care professionals – you’re work’s vital in the fight against #COVID19. Remember…",COVID19,COVID19
thanks,2020-09-06 09:11:44,GregHuntMP,https://twitter.com/GregHuntMP,https://twitter.com/i/web/status/1302383947112787968,"RT @healthgovau: Thanks to all health, aged and disability care professionals – you’re work’s vital in the fight against #COVID19. Remember…",COVID19,COVID19
thanks,2020-09-08 12:20:51,EmploymentGovAU,https://twitter.com/EmploymentGovAU,https://twitter.com/i/web/status/1303156313984172032,"RT @healthgovau: Thanks to all health, aged and disability care professionals – you’re work’s vital in the fight against #COVID19. Remember…",COVID19,COVID19
thanks,2020-09-06 09:18:17,KatieAllenMP,https://twitter.com/KatieAllenMP,https://twitter.com/i/web/status/1302385595692363777,"RT @healthgovau: Thanks to all health, aged and disability care professionals – you’re work’s vital in the fight against #COVID19. Remember…",COVID19,COVID19
need,2020-09-08 14:19:05,NGAA_AU,https://twitter.com/NGAA_AU,https://twitter.com/i/web/status/1303186070410989568,Youth mental health is a huge issue in Australia's outer urban growth areas. Hear how @council_Camden worked with @Headspace-aus to get local services where they're needed. Register here - https://t.co/laEfQeGGeS https://t.co/s1GRj99GYq,,
need,2020-09-03 19:06:29,IrelandFundsAU,https://twitter.com/IrelandFundsAU,https://twitter.com/i/web/status/1301446454876102657,Why do we run? Funds raised from the #YLGlobal5K will support mental health projects @MyMindCentre in Ireland and @beyondblue in Australia. Every step we take will help those in need. Join us to raise money for these much needed causes: https://t.co/dXtJ0szbON https://t.co/jXYbKL3Edo,YLGlobal5K,YLGlobal5K
need,2020-09-04 11:39:04,MsSorby,https://twitter.com/MsSorby,https://twitter.com/i/web/status/1301696248148156417,"RT @healthgovau: Make mental health a priority. Eat well, stay active, stay in touch and seek help if needed.",,
need,2020-09-02 12:59:29,WePublicHealth,https://twitter.com/WePublicHealth,https://twitter.com/i/web/status/1300991709300416513,"RT @healthgovau: Make mental health a priority. Eat well, stay active, stay in touch and seek help if needed.",,
need,2020-09-02 01:22:46,Cassie638,https://twitter.com/Cassie638,https://twitter.com/i/web/status/1300816373442949121,"RT @healthgovau: Make mental health a priority. Eat well, stay active, stay in touch and seek help if needed.",,
need,2020-09-03 06:37:05,7Jacs,https://twitter.com/7Jacs,https://twitter.com/i/web/status/1301257863675871233,"RT @healthgovau: Make mental health a priority. Eat well, stay active, stay in touch and seek help if needed.",,
need,2020-09-03 11:56:25,edghoyue888,https://twitter.com/edghoyue888,https://twitter.com/i/web/status/1301338224976035840,"RT @healthgovau: Make mental health a priority. Eat well, stay active, stay in touch and seek help if needed.",,
need,2020-09-08 00:01:50,GoodDayzAlwayz,https://twitter.com/GoodDayzAlwayz,https://twitter.com/i/web/status/1302970336657338368,@ScottMorrisonMP you're doing an amazing job. Victorians need you to step in &amp; stop Dan Andrew's insane measures. More lives are at stake than just COVID-19 with people's mental health suffering terribly 😔,,
need,2020-09-02 20:44:30,PeterMcBeath3,https://twitter.com/PeterMcBeath3,https://twitter.com/i/web/status/1301108733083230208,"RT @healthgovau: Make mental health a priority. Eat well, stay active, stay in touch and seek help if needed.",,
need,2020-09-05 09:08:27,kathid_d,https://twitter.com/kathid_d,https://twitter.com/i/web/status/1302020732411457537,"RT @healthgovau: Make mental health a priority. Eat well, stay active, stay in touch and seek help if needed.",,
growth,2020-09-08 14:19:05,NGAA_AU,https://twitter.com/NGAA_AU,https://twitter.com/i/web/status/1303186070410989568,Youth mental health is a huge issue in Australia's outer urban growth areas. Hear how @council_Camden worked with @Headspace-aus to get local services where they're needed. Register here - https://t.co/laEfQeGGeS https://t.co/s1GRj99GYq,,
passage,2020-09-05 20:16:36,MdmAbsentMinded,https://twitter.com/MdmAbsentMinded,https://twitter.com/i/web/status/1302188877260627969,"RT @JohnBirmingham: This was a very difficult book to write, but it helped me to move through a pretty dark passage of grief and depression…",,
passage,2020-09-05 20:05:21,Samoskal,https://twitter.com/Samoskal,https://twitter.com/i/web/status/1302186047581741056,"RT @JohnBirmingham: This was a very difficult book to write, but it helped me to move through a pretty dark passage of grief and depression…",,
people,2020-09-04 15:01:00,rlwickes,https://twitter.com/rlwickes,https://twitter.com/i/web/status/1301747064817086464,RT @BuchananLiana: So grateful to the 644 children &amp; young people who engaged with us about the impact of COVID. Today we have released thr…,,
people,2020-09-05 05:17:30,vickytnz,https://twitter.com/vickytnz,https://twitter.com/i/web/status/1301962609382563841,RT @BuchananLiana: So grateful to the 644 children &amp; young people who engaged with us about the impact of COVID. Today we have released thr…,,
people,2020-09-04 15:37:11,hmberents,https://twitter.com/hmberents,https://twitter.com/i/web/status/1301756171313848320,RT @BuchananLiana: So grateful to the 644 children &amp; young people who engaged with us about the impact of COVID. Today we have released thr…,,
people,2020-09-04 18:47:16,vicfostercare,https://twitter.com/vicfostercare,https://twitter.com/i/web/status/1301804007891980288,RT @BuchananLiana: So grateful to the 644 children &amp; young people who engaged with us about the impact of COVID. Today we have released thr…,,
people,2020-09-04 16:50:38,CCYPVictoria,https://twitter.com/CCYPVictoria,https://twitter.com/i/web/status/1301774655322161152,RT @BuchananLiana: So grateful to the 644 children &amp; young people who engaged with us about the impact of COVID. Today we have released thr…,,
people,2020-09-04 20:32:15,Dr_FaithG,https://twitter.com/Dr_FaithG,https://twitter.com/i/web/status/1301830425795375111,RT @BuchananLiana: So grateful to the 644 children &amp; young people who engaged with us about the impact of COVID. Today we have released thr…,,
people,2020-09-05 10:01:08,WilkenRachael,https://twitter.com/WilkenRachael,https://twitter.com/i/web/status/1302033989859815424,RT @BuchananLiana: So grateful to the 644 children &amp; young people who engaged with us about the impact of COVID. Today we have released thr…,,
people,2020-09-04 16:51:12,KathAlbury,https://twitter.com/KathAlbury,https://twitter.com/i/web/status/1301774799698423809,RT @BuchananLiana: So grateful to the 644 children &amp; young people who engaged with us about the impact of COVID. Today we have released thr…,,
people,2020-09-02 14:05:36,LifeResolutions,https://twitter.com/LifeResolutions,https://twitter.com/i/web/status/1301008350096760832,The government has just announced that ten additional Medicare subsidized psychological sessions will be available to people subjected to the most recent COVID-19 restrictions in areas of Australia that have been impacted by the second wave of the virus. https://t.co/y7OpXlGpyq,,
people,2020-09-04 20:52:53,leahmouse,https://twitter.com/leahmouse,https://twitter.com/i/web/status/1301835621795729408,RT @BuchananLiana: So grateful to the 644 children &amp; young people who engaged with us about the impact of COVID. Today we have released thr…,,
young,2020-09-04 15:01:00,rlwickes,https://twitter.com/rlwickes,https://twitter.com/i/web/status/1301747064817086464,RT @BuchananLiana: So grateful to the 644 children &amp; young people who engaged with us about the impact of COVID. Today we have released thr…,,
young,2020-09-05 05:17:30,vickytnz,https://twitter.com/vickytnz,https://twitter.com/i/web/status/1301962609382563841,RT @BuchananLiana: So grateful to the 644 children &amp; young people who engaged with us about the impact of COVID. Today we have released thr…,,
young,2020-09-04 15:37:11,hmberents,https://twitter.com/hmberents,https://twitter.com/i/web/status/1301756171313848320,RT @BuchananLiana: So grateful to the 644 children &amp; young people who engaged with us about the impact of COVID. Today we have released thr…,,
young,2020-09-04 18:47:16,vicfostercare,https://twitter.com/vicfostercare,https://twitter.com/i/web/status/1301804007891980288,RT @BuchananLiana: So grateful to the 644 children &amp; young people who engaged with us about the impact of COVID. Today we have released thr…,,
young,2020-09-04 16:50:38,CCYPVictoria,https://twitter.com/CCYPVictoria,https://twitter.com/i/web/status/1301774655322161152,RT @BuchananLiana: So grateful to the 644 children &amp; young people who engaged with us about the impact of COVID. Today we have released thr…,,
young,2020-09-04 20:32:15,Dr_FaithG,https://twitter.com/Dr_FaithG,https://twitter.com/i/web/status/1301830425795375111,RT @BuchananLiana: So grateful to the 644 children &amp; young people who engaged with us about the impact of COVID. Today we have released thr…,,
young,2020-09-05 10:01:08,WilkenRachael,https://twitter.com/WilkenRachael,https://twitter.com/i/web/status/1302033989859815424,RT @BuchananLiana: So grateful to the 644 children &amp; young people who engaged with us about the impact of COVID. Today we have released thr…,,
young,2020-09-04 16:51:12,KathAlbury,https://twitter.com/KathAlbury,https://twitter.com/i/web/status/1301774799698423809,RT @BuchananLiana: So grateful to the 644 children &amp; young people who engaged with us about the impact of COVID. Today we have released thr…,,
young,2020-09-04 20:52:53,leahmouse,https://twitter.com/leahmouse,https://twitter.com/i/web/status/1301835621795729408,RT @BuchananLiana: So grateful to the 644 children &amp; young people who engaged with us about the impact of COVID. Today we have released thr…,,
young,2020-09-04 20:53:37,cristyclark,https://twitter.com/cristyclark,https://twitter.com/i/web/status/1301835804428218368,RT @BuchananLiana: So grateful to the 644 children &amp; young people who engaged with us about the impact of COVID. Today we have released thr…,,
remember,2020-09-06 15:43:04,fatima_ishfaq,https://twitter.com/fatima_ishfaq,https://twitter.com/i/web/status/1302482427378503681,"RT @healthgovau: Thanks to all health, aged and disability care professionals – you’re work’s vital in the fight against #COVID19. Remember…",COVID19,COVID19
remember,2020-09-05 19:16:50,KerriKellett,https://twitter.com/KerriKellett,https://twitter.com/i/web/status/1302173835148419074,"RT @healthgovau: Thanks to all health, aged and disability care professionals – you’re work’s vital in the fight against #COVID19. Remember…",COVID19,COVID19
remember,2020-09-06 09:11:44,GregHuntMP,https://twitter.com/GregHuntMP,https://twitter.com/i/web/status/1302383947112787968,"RT @healthgovau: Thanks to all health, aged and disability care professionals – you’re work’s vital in the fight against #COVID19. Remember…",COVID19,COVID19
remember,2020-09-08 12:20:51,EmploymentGovAU,https://twitter.com/EmploymentGovAU,https://twitter.com/i/web/status/1303156313984172032,"RT @healthgovau: Thanks to all health, aged and disability care professionals – you’re work’s vital in the fight against #COVID19. Remember…",COVID19,COVID19
remember,2020-09-06 09:18:17,KatieAllenMP,https://twitter.com/KatieAllenMP,https://twitter.com/i/web/status/1302385595692363777,"RT @healthgovau: Thanks to all health, aged and disability care professionals – you’re work’s vital in the fight against #COVID19. Remember…",COVID19,COVID19
help,2020-09-08 21:26:16,AnneCooke90,https://twitter.com/AnneCooke90,https://twitter.com/i/web/status/1303293573996060674,@roomieofficial I’m the 1 who made a run art of Lil Pitchy. I’m fundraising 4 Mental Health in Aus and was hoping you’d share? I know its not your country but you have a huge fan base here and with your help I could raise more money for a cause that I know is close to your heart!,,
help,2020-09-05 06:09:18,JCL_Gaming_Au,https://twitter.com/JCL_Gaming_Au,https://twitter.com/i/web/status/1301975648588754945,@HAVUgaming  I'm bringing awareness to mental health during my livestream think you could help support by retweeting this? All donations go to Mieli Finland &amp; headspace australia. I'm an Australian living in Finland :D,,
help,2020-09-08 16:00:01,natdebthelpline,https://twitter.com/natdebthelpline,https://twitter.com/i/web/status/1303211467517374465,#GettingThroughThisTogether has been developed in collaboration with Australia's leading mental health organisations and social issues experts.    Get support today. Find more tips and help 👉 https://t.co/SkgQydtkDt https://t.co/LyrswhiYIb,GettingThroughThisTogether,GettingThroughThisTogether
help,2020-09-08 16:00:47,MoneySmartTeam,https://twitter.com/MoneySmartTeam,https://twitter.com/i/web/status/1303211662883737602,RT @natdebthelpline: #GettingThroughThisTogether has been developed in collaboration with Australia's leading mental health organisations a…,GettingThroughThisTogether,GettingThroughThisTogether
help,2020-09-06 13:10:34,sadhbhbyrne,https://twitter.com/sadhbhbyrne,https://twitter.com/i/web/status/1302444051443019777,@PhDStudent63 @JoRobinson_Aus @AcademicChatter Have you been able to see a psychologist/receive some mental health support? They might be able to help you develop some strategies for overcoming or managing the guilt. I found regular psych appts really helpful during my PhD &amp; think it’s generally a good practice for everyone!,,
help,2020-09-03 17:30:00,Science_Academy,https://twitter.com/Science_Academy,https://twitter.com/i/web/status/1301422174469672960,Mental health problems are on the rise as people deal with the ongoing pandemic.   Professor Patrick McGorry from @Orygen_Aus has some advice to help you cope. https://t.co/EiD9Bskbvg,,
help,2020-09-08 17:30:33,JSRL,https://twitter.com/JSRL,https://twitter.com/i/web/status/1303234252754972672,RT @natdebthelpline: #GettingThroughThisTogether has been developed in collaboration with Australia's leading mental health organisations a…,GettingThroughThisTogether,GettingThroughThisTogether
help,2020-09-03 19:06:29,IrelandFundsAU,https://twitter.com/IrelandFundsAU,https://twitter.com/i/web/status/1301446454876102657,Why do we run? Funds raised from the #YLGlobal5K will support mental health projects @MyMindCentre in Ireland and @beyondblue in Australia. Every step we take will help those in need. Join us to raise money for these much needed causes: https://t.co/dXtJ0szbON https://t.co/jXYbKL3Edo,YLGlobal5K,YLGlobal5K
help,2020-09-04 11:39:04,MsSorby,https://twitter.com/MsSorby,https://twitter.com/i/web/status/1301696248148156417,"RT @healthgovau: Make mental health a priority. Eat well, stay active, stay in touch and seek help if needed.",,
help,2020-09-05 18:41:15,Just_1_Reason,https://twitter.com/Just_1_Reason,https://twitter.com/i/web/status/1302164881005666306,‘Read your book and want to congratulate you for paving the way to survive suicidal thoughts. I helped someone recently who attempted suicide. Your book makes great sense!  I love the idea of a small diary book which you can keep in your pocket. @ingioz @PatMcGorry #depression https://t.co/JEEKZZ481r,depression,depression
depression,2020-09-07 09:01:09,VicAusMidwife,https://twitter.com/VicAusMidwife,https://twitter.com/i/web/status/1302743672404865024,"RT @NickMcCallum7: My Grandfather lived through WW1, a pandemic,the Great Depression, WW2 and was the most happy, kind,decent bloke I’ve ev…",,
depression,2020-09-03 21:15:32,Just_1_Reason,https://twitter.com/Just_1_Reason,https://twitter.com/i/web/status/1301478933079060481,"Recently a teenager was given a copy of Just One Reason. He loved it, then gave 2 copies to his buddies also struggling. This just came thru tonight!! #MentalHealthAwareness #depression #Anxiety #selflove @ingioz @ladygaga https://t.co/9eC4BwWFE5",Anxiety,selflove
depression,2020-09-05 18:41:15,Just_1_Reason,https://twitter.com/Just_1_Reason,https://twitter.com/i/web/status/1302164881005666306,‘Read your book and want to congratulate you for paving the way to survive suicidal thoughts. I helped someone recently who attempted suicide. Your book makes great sense!  I love the idea of a small diary book which you can keep in your pocket. @ingioz @PatMcGorry #depression https://t.co/JEEKZZ481r,depression,depression
depression,2020-09-07 21:23:18,Just_1_Reason,https://twitter.com/Just_1_Reason,https://twitter.com/i/web/status/1302930438369935361,Every night there are parents cradling their child - hoping and praying their child can find the strength to discover their Just One Reason to live! I’m so grateful my book tonight is already exceeding all my expectations! #SaveOurChilderen #depression @ingioz @bookzlovers,depression,SaveOurChilderen
depression,2020-09-05 20:16:36,MdmAbsentMinded,https://twitter.com/MdmAbsentMinded,https://twitter.com/i/web/status/1302188877260627969,"RT @JohnBirmingham: This was a very difficult book to write, but it helped me to move through a pretty dark passage of grief and depression…",,
depression,2020-09-05 20:05:21,Samoskal,https://twitter.com/Samoskal,https://twitter.com/i/web/status/1302186047581741056,"RT @JohnBirmingham: This was a very difficult book to write, but it helped me to move through a pretty dark passage of grief and depression…",,
depression,2020-09-04 22:26:46,YallopDiana,https://twitter.com/YallopDiana,https://twitter.com/i/web/status/1301859248259833858,@JudkinsSimon @bairdjulia @ellenmfanning @PatsKarvelas @frankelly08 @SabraLane @LindaMottram @GregHuntMP @Bowenchris @acemonline 3/3 Grt podcasts Qld Brain Inst. Prof Susannah Tye on Depression &amp; NeuroBiological determinants &amp; Prof John Mc Grath on Mental Health &amp; Neuroscience.If yng adults with mh issues given understanding of these factors less likely to blame self.Keep up good work.,,
today,2020-09-04 15:01:00,rlwickes,https://twitter.com/rlwickes,https://twitter.com/i/web/status/1301747064817086464,RT @BuchananLiana: So grateful to the 644 children &amp; young people who engaged with us about the impact of COVID. Today we have released thr…,,
today,2020-09-05 05:17:30,vickytnz,https://twitter.com/vickytnz,https://twitter.com/i/web/status/1301962609382563841,RT @BuchananLiana: So grateful to the 644 children &amp; young people who engaged with us about the impact of COVID. Today we have released thr…,,
today,2020-09-04 15:37:11,hmberents,https://twitter.com/hmberents,https://twitter.com/i/web/status/1301756171313848320,RT @BuchananLiana: So grateful to the 644 children &amp; young people who engaged with us about the impact of COVID. Today we have released thr…,,
today,2020-09-04 18:47:16,vicfostercare,https://twitter.com/vicfostercare,https://twitter.com/i/web/status/1301804007891980288,RT @BuchananLiana: So grateful to the 644 children &amp; young people who engaged with us about the impact of COVID. Today we have released thr…,,
today,2020-09-04 16:50:38,CCYPVictoria,https://twitter.com/CCYPVictoria,https://twitter.com/i/web/status/1301774655322161152,RT @BuchananLiana: So grateful to the 644 children &amp; young people who engaged with us about the impact of COVID. Today we have released thr…,,
today,2020-09-04 20:32:15,Dr_FaithG,https://twitter.com/Dr_FaithG,https://twitter.com/i/web/status/1301830425795375111,RT @BuchananLiana: So grateful to the 644 children &amp; young people who engaged with us about the impact of COVID. Today we have released thr…,,
today,2020-09-05 10:01:08,WilkenRachael,https://twitter.com/WilkenRachael,https://twitter.com/i/web/status/1302033989859815424,RT @BuchananLiana: So grateful to the 644 children &amp; young people who engaged with us about the impact of COVID. Today we have released thr…,,
today,2020-09-08 16:00:01,natdebthelpline,https://twitter.com/natdebthelpline,https://twitter.com/i/web/status/1303211467517374465,#GettingThroughThisTogether has been developed in collaboration with Australia's leading mental health organisations and social issues experts.    Get support today. Find more tips and help 👉 https://t.co/SkgQydtkDt https://t.co/LyrswhiYIb,GettingThroughThisTogether,GettingThroughThisTogether
today,2020-09-04 16:51:12,KathAlbury,https://twitter.com/KathAlbury,https://twitter.com/i/web/status/1301774799698423809,RT @BuchananLiana: So grateful to the 644 children &amp; young people who engaged with us about the impact of COVID. Today we have released thr…,,
today,2020-09-04 20:52:53,leahmouse,https://twitter.com/leahmouse,https://twitter.com/i/web/status/1301835621795729408,RT @BuchananLiana: So grateful to the 644 children &amp; young people who engaged with us about the impact of COVID. Today we have released thr…,,
pretty,2020-09-05 20:16:36,MdmAbsentMinded,https://twitter.com/MdmAbsentMinded,https://twitter.com/i/web/status/1302188877260627969,"RT @JohnBirmingham: This was a very difficult book to write, but it helped me to move through a pretty dark passage of grief and depression…",,
pretty,2020-09-05 20:05:21,Samoskal,https://twitter.com/Samoskal,https://twitter.com/i/web/status/1302186047581741056,"RT @JohnBirmingham: This was a very difficult book to write, but it helped me to move through a pretty dark passage of grief and depression…",,
disability,2020-09-06 15:43:04,fatima_ishfaq,https://twitter.com/fatima_ishfaq,https://twitter.com/i/web/status/1302482427378503681,"RT @healthgovau: Thanks to all health, aged and disability care professionals – you’re work’s vital in the fight against #COVID19. Remember…",COVID19,COVID19
disability,2020-09-05 19:16:50,KerriKellett,https://twitter.com/KerriKellett,https://twitter.com/i/web/status/1302173835148419074,"RT @healthgovau: Thanks to all health, aged and disability care professionals – you’re work’s vital in the fight against #COVID19. Remember…",COVID19,COVID19
disability,2020-09-06 09:11:44,GregHuntMP,https://twitter.com/GregHuntMP,https://twitter.com/i/web/status/1302383947112787968,"RT @healthgovau: Thanks to all health, aged and disability care professionals – you’re work’s vital in the fight against #COVID19. Remember…",COVID19,COVID19
disability,2020-09-08 12:20:51,EmploymentGovAU,https://twitter.com/EmploymentGovAU,https://twitter.com/i/web/status/1303156313984172032,"RT @healthgovau: Thanks to all health, aged and disability care professionals – you’re work’s vital in the fight against #COVID19. Remember…",COVID19,COVID19
disability,2020-09-06 09:18:17,KatieAllenMP,https://twitter.com/KatieAllenMP,https://twitter.com/i/web/status/1302385595692363777,"RT @healthgovau: Thanks to all health, aged and disability care professionals – you’re work’s vital in the fight against #COVID19. Remember…",COVID19,COVID19
write,2020-09-05 20:16:36,MdmAbsentMinded,https://twitter.com/MdmAbsentMinded,https://twitter.com/i/web/status/1302188877260627969,"RT @JohnBirmingham: This was a very difficult book to write, but it helped me to move through a pretty dark passage of grief and depression…",,
write,2020-09-05 20:05:21,Samoskal,https://twitter.com/Samoskal,https://twitter.com/i/web/status/1302186047581741056,"RT @JohnBirmingham: This was a very difficult book to write, but it helped me to move through a pretty dark passage of grief and depression…",,
fight,2020-09-06 15:43:04,fatima_ishfaq,https://twitter.com/fatima_ishfaq,https://twitter.com/i/web/status/1302482427378503681,"RT @healthgovau: Thanks to all health, aged and disability care professionals – you’re work’s vital in the fight against #COVID19. Remember…",COVID19,COVID19
fight,2020-09-05 19:16:50,KerriKellett,https://twitter.com/KerriKellett,https://twitter.com/i/web/status/1302173835148419074,"RT @healthgovau: Thanks to all health, aged and disability care professionals – you’re work’s vital in the fight against #COVID19. Remember…",COVID19,COVID19
fight,2020-09-06 09:11:44,GregHuntMP,https://twitter.com/GregHuntMP,https://twitter.com/i/web/status/1302383947112787968,"RT @healthgovau: Thanks to all health, aged and disability care professionals – you’re work’s vital in the fight against #COVID19. Remember…",COVID19,COVID19
fight,2020-09-08 12:20:51,EmploymentGovAU,https://twitter.com/EmploymentGovAU,https://twitter.com/i/web/status/1303156313984172032,"RT @healthgovau: Thanks to all health, aged and disability care professionals – you’re work’s vital in the fight against #COVID19. Remember…",COVID19,COVID19
fight,2020-09-06 09:18:17,KatieAllenMP,https://twitter.com/KatieAllenMP,https://twitter.com/i/web/status/1302385595692363777,"RT @healthgovau: Thanks to all health, aged and disability care professionals – you’re work’s vital in the fight against #COVID19. Remember…",COVID19,COVID19
vital,2020-09-06 15:43:04,fatima_ishfaq,https://twitter.com/fatima_ishfaq,https://twitter.com/i/web/status/1302482427378503681,"RT @healthgovau: Thanks to all health, aged and disability care professionals – you’re work’s vital in the fight against #COVID19. Remember…",COVID19,COVID19
vital,2020-09-05 19:16:50,KerriKellett,https://twitter.com/KerriKellett,https://twitter.com/i/web/status/1302173835148419074,"RT @healthgovau: Thanks to all health, aged and disability care professionals – you’re work’s vital in the fight against #COVID19. Remember…",COVID19,COVID19
vital,2020-09-06 09:11:44,GregHuntMP,https://twitter.com/GregHuntMP,https://twitter.com/i/web/status/1302383947112787968,"RT @healthgovau: Thanks to all health, aged and disability care professionals – you’re work’s vital in the fight against #COVID19. Remember…",COVID19,COVID19
vital,2020-09-08 12:20:51,EmploymentGovAU,https://twitter.com/EmploymentGovAU,https://twitter.com/i/web/status/1303156313984172032,"RT @healthgovau: Thanks to all health, aged and disability care professionals – you’re work’s vital in the fight against #COVID19. Remember…",COVID19,COVID19
vital,2020-09-06 09:18:17,KatieAllenMP,https://twitter.com/KatieAllenMP,https://twitter.com/i/web/status/1302385595692363777,"RT @healthgovau: Thanks to all health, aged and disability care professionals – you’re work’s vital in the fight against #COVID19. Remember…",COVID19,COVID19
priority,2020-09-06 23:27:14,Lid05,https://twitter.com/Lid05,https://twitter.com/i/web/status/1302599239487205376,Way to go Lisa..telling it as it is. Mental Health should now be a priority.! If you can't see that then it is a bigger worry. #Melbournelockdown #DanielAndrews #ScottMorrison #COVID19Vic #Covid19Aus #Covid19 https://t.co/LIPA91hH9w,Covid19,ScottMorrison
priority,2020-09-04 11:39:04,MsSorby,https://twitter.com/MsSorby,https://twitter.com/i/web/status/1301696248148156417,"RT @healthgovau: Make mental health a priority. Eat well, stay active, stay in touch and seek help if needed.",,
priority,2020-09-02 12:59:29,WePublicHealth,https://twitter.com/WePublicHealth,https://twitter.com/i/web/status/1300991709300416513,"RT @healthgovau: Make mental health a priority. Eat well, stay active, stay in touch and seek help if needed.",,
priority,2020-09-02 01:22:46,Cassie638,https://twitter.com/Cassie638,https://twitter.com/i/web/status/1300816373442949121,"RT @healthgovau: Make mental health a priority. Eat well, stay active, stay in touch and seek help if needed.",,
priority,2020-09-03 06:37:05,7Jacs,https://twitter.com/7Jacs,https://twitter.com/i/web/status/1301257863675871233,"RT @healthgovau: Make mental health a priority. Eat well, stay active, stay in touch and seek help if needed.",,
priority,2020-09-03 11:56:25,edghoyue888,https://twitter.com/edghoyue888,https://twitter.com/i/web/status/1301338224976035840,"RT @healthgovau: Make mental health a priority. Eat well, stay active, stay in touch and seek help if needed.",,
priority,2020-09-02 20:44:30,PeterMcBeath3,https://twitter.com/PeterMcBeath3,https://twitter.com/i/web/status/1301108733083230208,"RT @healthgovau: Make mental health a priority. Eat well, stay active, stay in touch and seek help if needed.",,
priority,2020-09-05 09:08:27,kathid_d,https://twitter.com/kathid_d,https://twitter.com/i/web/status/1302020732411457537,"RT @healthgovau: Make mental health a priority. Eat well, stay active, stay in touch and seek help if needed.",,
priority,2020-09-02 14:09:40,brad_weldon,https://twitter.com/brad_weldon,https://twitter.com/i/web/status/1301009371040591873,"RT @healthgovau: Make mental health a priority. Eat well, stay active, stay in touch and seek help if needed.",,
priority,2020-09-02 15:39:42,SpookyLib,https://twitter.com/SpookyLib,https://twitter.com/i/web/status/1301032029941719042,"RT @healthgovau: Make mental health a priority. Eat well, stay active, stay in touch and seek help if needed.",,
difficult,2020-09-05 20:16:36,MdmAbsentMinded,https://twitter.com/MdmAbsentMinded,https://twitter.com/i/web/status/1302188877260627969,"RT @JohnBirmingham: This was a very difficult book to write, but it helped me to move through a pretty dark passage of grief and depression…",,
difficult,2020-09-05 20:05:21,Samoskal,https://twitter.com/Samoskal,https://twitter.com/i/web/status/1302186047581741056,"RT @JohnBirmingham: This was a very difficult book to write, but it helped me to move through a pretty dark passage of grief and depression…",,
local,2020-09-08 14:19:05,NGAA_AU,https://twitter.com/NGAA_AU,https://twitter.com/i/web/status/1303186070410989568,Youth mental health is a huge issue in Australia's outer urban growth areas. Hear how @council_Camden worked with @Headspace-aus to get local services where they're needed. Register here - https://t.co/laEfQeGGeS https://t.co/s1GRj99GYq,,
professional,2020-09-06 15:43:04,fatima_ishfaq,https://twitter.com/fatima_ishfaq,https://twitter.com/i/web/status/1302482427378503681,"RT @healthgovau: Thanks to all health, aged and disability care professionals – you’re work’s vital in the fight against #COVID19. Remember…",COVID19,COVID19
professional,2020-09-05 19:16:50,KerriKellett,https://twitter.com/KerriKellett,https://twitter.com/i/web/status/1302173835148419074,"RT @healthgovau: Thanks to all health, aged and disability care professionals – you’re work’s vital in the fight against #COVID19. Remember…",COVID19,COVID19
professional,2020-09-06 09:11:44,GregHuntMP,https://twitter.com/GregHuntMP,https://twitter.com/i/web/status/1302383947112787968,"RT @healthgovau: Thanks to all health, aged and disability care professionals – you’re work’s vital in the fight against #COVID19. Remember…",COVID19,COVID19
professional,2020-09-08 12:20:51,EmploymentGovAU,https://twitter.com/EmploymentGovAU,https://twitter.com/i/web/status/1303156313984172032,"RT @healthgovau: Thanks to all health, aged and disability care professionals – you’re work’s vital in the fight against #COVID19. Remember…",COVID19,COVID19
professional,2020-09-06 09:18:17,KatieAllenMP,https://twitter.com/KatieAllenMP,https://twitter.com/i/web/status/1302385595692363777,"RT @healthgovau: Thanks to all health, aged and disability care professionals – you’re work’s vital in the fight against #COVID19. Remember…",COVID19,COVID19
support,2020-09-05 06:09:18,JCL_Gaming_Au,https://twitter.com/JCL_Gaming_Au,https://twitter.com/i/web/status/1301975648588754945,@HAVUgaming  I'm bringing awareness to mental health during my livestream think you could help support by retweeting this? All donations go to Mieli Finland &amp; headspace australia. I'm an Australian living in Finland :D,,
support,2020-09-08 16:00:01,natdebthelpline,https://twitter.com/natdebthelpline,https://twitter.com/i/web/status/1303211467517374465,#GettingThroughThisTogether has been developed in collaboration with Australia's leading mental health organisations and social issues experts.    Get support today. Find more tips and help 👉 https://t.co/SkgQydtkDt https://t.co/LyrswhiYIb,GettingThroughThisTogether,GettingThroughThisTogether
support,2020-09-06 13:10:34,sadhbhbyrne,https://twitter.com/sadhbhbyrne,https://twitter.com/i/web/status/1302444051443019777,@PhDStudent63 @JoRobinson_Aus @AcademicChatter Have you been able to see a psychologist/receive some mental health support? They might be able to help you develop some strategies for overcoming or managing the guilt. I found regular psych appts really helpful during my PhD &amp; think it’s generally a good practice for everyone!,,
support,2020-09-03 19:06:29,IrelandFundsAU,https://twitter.com/IrelandFundsAU,https://twitter.com/i/web/status/1301446454876102657,Why do we run? Funds raised from the #YLGlobal5K will support mental health projects @MyMindCentre in Ireland and @beyondblue in Australia. Every step we take will help those in need. Join us to raise money for these much needed causes: https://t.co/dXtJ0szbON https://t.co/jXYbKL3Edo,YLGlobal5K,YLGlobal5K
support,2020-09-05 11:00:45,StartingBlocks_,https://twitter.com/StartingBlocks_,https://twitter.com/i/web/status/1302048992444940291,.@beyondblue’s dedicated Coronavirus Mental Wellbeing Support Service is available to support all people in Australia to manage the impact of the COVID-19 outbreak on their mental health and wellbeing.  #covid19 #coronavirus #covid19australia #covid19aus https://t.co/InPtprvoGx,coronavirus,covid19australia
support,2020-09-07 16:41:48,MonashPartners,https://twitter.com/MonashPartners,https://twitter.com/i/web/status/1302859596403372033,"The Australian Health Research Alliance has received $5m funding for a Women’s Health Research, Translation and Impact Network to address priority areas for women across physical and mental health &amp; support career advancement #WomensHealthWeek https://t.co/Peb34AKbur @GregHuntMP https://t.co/nDSjqR4M82",WomensHealthWeek,WomensHealthWeek
service,2020-09-08 14:19:05,NGAA_AU,https://twitter.com/NGAA_AU,https://twitter.com/i/web/status/1303186070410989568,Youth mental health is a huge issue in Australia's outer urban growth areas. Hear how @council_Camden worked with @Headspace-aus to get local services where they're needed. Register here - https://t.co/laEfQeGGeS https://t.co/s1GRj99GYq,,
service,2020-09-05 11:00:45,StartingBlocks_,https://twitter.com/StartingBlocks_,https://twitter.com/i/web/status/1302048992444940291,.@beyondblue’s dedicated Coronavirus Mental Wellbeing Support Service is available to support all people in Australia to manage the impact of the COVID-19 outbreak on their mental health and wellbeing.  #covid19 #coronavirus #covid19australia #covid19aus https://t.co/InPtprvoGx,coronavirus,covid19australia
engage,2020-09-04 15:01:00,rlwickes,https://twitter.com/rlwickes,https://twitter.com/i/web/status/1301747064817086464,RT @BuchananLiana: So grateful to the 644 children &amp; young people who engaged with us about the impact of COVID. Today we have released thr…,,
engage,2020-09-05 05:17:30,vickytnz,https://twitter.com/vickytnz,https://twitter.com/i/web/status/1301962609382563841,RT @BuchananLiana: So grateful to the 644 children &amp; young people who engaged with us about the impact of COVID. Today we have released thr…,,
engage,2020-09-04 15:37:11,hmberents,https://twitter.com/hmberents,https://twitter.com/i/web/status/1301756171313848320,RT @BuchananLiana: So grateful to the 644 children &amp; young people who engaged with us about the impact of COVID. Today we have released thr…,,
engage,2020-09-04 18:47:16,vicfostercare,https://twitter.com/vicfostercare,https://twitter.com/i/web/status/1301804007891980288,RT @BuchananLiana: So grateful to the 644 children &amp; young people who engaged with us about the impact of COVID. Today we have released thr…,,
engage,2020-09-04 16:50:38,CCYPVictoria,https://twitter.com/CCYPVictoria,https://twitter.com/i/web/status/1301774655322161152,RT @BuchananLiana: So grateful to the 644 children &amp; young people who engaged with us about the impact of COVID. Today we have released thr…,,
engage,2020-09-04 20:32:15,Dr_FaithG,https://twitter.com/Dr_FaithG,https://twitter.com/i/web/status/1301830425795375111,RT @BuchananLiana: So grateful to the 644 children &amp; young people who engaged with us about the impact of COVID. Today we have released thr…,,
engage,2020-09-05 10:01:08,WilkenRachael,https://twitter.com/WilkenRachael,https://twitter.com/i/web/status/1302033989859815424,RT @BuchananLiana: So grateful to the 644 children &amp; young people who engaged with us about the impact of COVID. Today we have released thr…,,
engage,2020-09-04 16:51:12,KathAlbury,https://twitter.com/KathAlbury,https://twitter.com/i/web/status/1301774799698423809,RT @BuchananLiana: So grateful to the 644 children &amp; young people who engaged with us about the impact of COVID. Today we have released thr…,,
engage,2020-09-04 20:52:53,leahmouse,https://twitter.com/leahmouse,https://twitter.com/i/web/status/1301835621795729408,RT @BuchananLiana: So grateful to the 644 children &amp; young people who engaged with us about the impact of COVID. Today we have released thr…,,
engage,2020-09-04 20:53:37,cristyclark,https://twitter.com/cristyclark,https://twitter.com/i/web/status/1301835804428218368,RT @BuchananLiana: So grateful to the 644 children &amp; young people who engaged with us about the impact of COVID. Today we have released thr…,,
raise,2020-09-08 21:26:16,AnneCooke90,https://twitter.com/AnneCooke90,https://twitter.com/i/web/status/1303293573996060674,@roomieofficial I’m the 1 who made a run art of Lil Pitchy. I’m fundraising 4 Mental Health in Aus and was hoping you’d share? I know its not your country but you have a huge fan base here and with your help I could raise more money for a cause that I know is close to your heart!,,
raise,2020-09-03 19:06:29,IrelandFundsAU,https://twitter.com/IrelandFundsAU,https://twitter.com/i/web/status/1301446454876102657,Why do we run? Funds raised from the #YLGlobal5K will support mental health projects @MyMindCentre in Ireland and @beyondblue in Australia. Every step we take will help those in need. Join us to raise money for these much needed causes: https://t.co/dXtJ0szbON https://t.co/jXYbKL3Edo,YLGlobal5K,YLGlobal5K
develop,2020-09-08 16:00:01,natdebthelpline,https://twitter.com/natdebthelpline,https://twitter.com/i/web/status/1303211467517374465,#GettingThroughThisTogether has been developed in collaboration with Australia's leading mental health organisations and social issues experts.    Get support today. Find more tips and help 👉 https://t.co/SkgQydtkDt https://t.co/LyrswhiYIb,GettingThroughThisTogether,GettingThroughThisTogether
develop,2020-09-08 16:00:47,MoneySmartTeam,https://twitter.com/MoneySmartTeam,https://twitter.com/i/web/status/1303211662883737602,RT @natdebthelpline: #GettingThroughThisTogether has been developed in collaboration with Australia's leading mental health organisations a…,GettingThroughThisTogether,GettingThroughThisTogether
develop,2020-09-06 13:10:34,sadhbhbyrne,https://twitter.com/sadhbhbyrne,https://twitter.com/i/web/status/1302444051443019777,@PhDStudent63 @JoRobinson_Aus @AcademicChatter Have you been able to see a psychologist/receive some mental health support? They might be able to help you develop some strategies for overcoming or managing the guilt. I found regular psych appts really helpful during my PhD &amp; think it’s generally a good practice for everyone!,,
develop,2020-09-02 20:36:34,psychsafe,https://twitter.com/psychsafe,https://twitter.com/i/web/status/1301106737223663618,RT @NMHC: #GettingThroughThisTogether has been developed in collaboration with Australia's leading mental health organisations and social i…,GettingThroughThisTogether,GettingThroughThisTogether
develop,2020-09-08 17:30:33,JSRL,https://twitter.com/JSRL,https://twitter.com/i/web/status/1303234252754972672,RT @natdebthelpline: #GettingThroughThisTogether has been developed in collaboration with Australia's leading mental health organisations a…,GettingThroughThisTogether,GettingThroughThisTogether
lockdown,2020-09-06 23:27:14,Lid05,https://twitter.com/Lid05,https://twitter.com/i/web/status/1302599239487205376,Way to go Lisa..telling it as it is. Mental Health should now be a priority.! If you can't see that then it is a bigger worry. #Melbournelockdown #DanielAndrews #ScottMorrison #COVID19Vic #Covid19Aus #Covid19 https://t.co/LIPA91hH9w,Covid19,ScottMorrison
lockdown,2020-09-02 17:08:32,NEDC_Australia,https://twitter.com/NEDC_Australia,https://twitter.com/i/web/status/1301054384227352578,"There is a great deal of research taking place on #eatingdisorders and COVID-19, the reliance on telehealth and the mental health impact of lockdown. Get up to date with the latest studies at https://t.co/fT7QzMPOMF https://t.co/xcV27I7Hqq",eatingdisorders,eatingdisorders
lockdown,2020-09-08 18:51:31,samhalligan2,https://twitter.com/samhalligan2,https://twitter.com/i/web/status/1303254630881656834,"@Lytsout193 @4Tendies @Pinche_Gringos Hey guys sorry to hear you both got covid. And glad you are both ok. Its good to walk everday for fitness and mental health. Its free and keeps you reasonably fit, i walk everyday wheather permitting. Here in Victoria Australia we have been in lockdown since March 18th cont",,
lockdown,2020-09-02 00:06:54,EssentialBron,https://twitter.com/EssentialBron,https://twitter.com/i/web/status/1300797281118027776,"I've fallen into the nightly routine of catching Aussie Comedy Legend @Robbotron on Twitch. I don't know why it's taken me so long to check it out but given my mental health with this lockdown, I'm glad that I threw caution to the wind &amp; crashed a session. https://t.co/fGnqi5epbE",,
impact,2020-09-04 15:01:00,rlwickes,https://twitter.com/rlwickes,https://twitter.com/i/web/status/1301747064817086464,RT @BuchananLiana: So grateful to the 644 children &amp; young people who engaged with us about the impact of COVID. Today we have released thr…,,
impact,2020-09-05 05:17:30,vickytnz,https://twitter.com/vickytnz,https://twitter.com/i/web/status/1301962609382563841,RT @BuchananLiana: So grateful to the 644 children &amp; young people who engaged with us about the impact of COVID. Today we have released thr…,,
impact,2020-09-04 15:37:11,hmberents,https://twitter.com/hmberents,https://twitter.com/i/web/status/1301756171313848320,RT @BuchananLiana: So grateful to the 644 children &amp; young people who engaged with us about the impact of COVID. Today we have released thr…,,
impact,2020-09-04 18:47:16,vicfostercare,https://twitter.com/vicfostercare,https://twitter.com/i/web/status/1301804007891980288,RT @BuchananLiana: So grateful to the 644 children &amp; young people who engaged with us about the impact of COVID. Today we have released thr…,,
impact,2020-09-04 16:50:38,CCYPVictoria,https://twitter.com/CCYPVictoria,https://twitter.com/i/web/status/1301774655322161152,RT @BuchananLiana: So grateful to the 644 children &amp; young people who engaged with us about the impact of COVID. Today we have released thr…,,
impact,2020-09-04 20:32:15,Dr_FaithG,https://twitter.com/Dr_FaithG,https://twitter.com/i/web/status/1301830425795375111,RT @BuchananLiana: So grateful to the 644 children &amp; young people who engaged with us about the impact of COVID. Today we have released thr…,,
impact,2020-09-05 10:01:08,WilkenRachael,https://twitter.com/WilkenRachael,https://twitter.com/i/web/status/1302033989859815424,RT @BuchananLiana: So grateful to the 644 children &amp; young people who engaged with us about the impact of COVID. Today we have released thr…,,
impact,2020-09-04 16:51:12,KathAlbury,https://twitter.com/KathAlbury,https://twitter.com/i/web/status/1301774799698423809,RT @BuchananLiana: So grateful to the 644 children &amp; young people who engaged with us about the impact of COVID. Today we have released thr…,,
impact,2020-09-02 14:05:36,LifeResolutions,https://twitter.com/LifeResolutions,https://twitter.com/i/web/status/1301008350096760832,The government has just announced that ten additional Medicare subsidized psychological sessions will be available to people subjected to the most recent COVID-19 restrictions in areas of Australia that have been impacted by the second wave of the virus. https://t.co/y7OpXlGpyq,,
impact,2020-09-04 20:52:53,leahmouse,https://twitter.com/leahmouse,https://twitter.com/i/web/status/1301835621795729408,RT @BuchananLiana: So grateful to the 644 children &amp; young people who engaged with us about the impact of COVID. Today we have released thr…,,
active,2020-09-04 11:39:04,MsSorby,https://twitter.com/MsSorby,https://twitter.com/i/web/status/1301696248148156417,"RT @healthgovau: Make mental health a priority. Eat well, stay active, stay in touch and seek help if needed.",,
active,2020-09-02 12:59:29,WePublicHealth,https://twitter.com/WePublicHealth,https://twitter.com/i/web/status/1300991709300416513,"RT @healthgovau: Make mental health a priority. Eat well, stay active, stay in touch and seek help if needed.",,
active,2020-09-02 01:22:46,Cassie638,https://twitter.com/Cassie638,https://twitter.com/i/web/status/1300816373442949121,"RT @healthgovau: Make mental health a priority. Eat well, stay active, stay in touch and seek help if needed.",,
active,2020-09-03 06:37:05,7Jacs,https://twitter.com/7Jacs,https://twitter.com/i/web/status/1301257863675871233,"RT @healthgovau: Make mental health a priority. Eat well, stay active, stay in touch and seek help if needed.",,
active,2020-09-03 11:56:25,edghoyue888,https://twitter.com/edghoyue888,https://twitter.com/i/web/status/1301338224976035840,"RT @healthgovau: Make mental health a priority. Eat well, stay active, stay in touch and seek help if needed.",,
active,2020-09-02 20:44:30,PeterMcBeath3,https://twitter.com/PeterMcBeath3,https://twitter.com/i/web/status/1301108733083230208,"RT @healthgovau: Make mental health a priority. Eat well, stay active, stay in touch and seek help if needed.",,
active,2020-09-05 09:08:27,kathid_d,https://twitter.com/kathid_d,https://twitter.com/i/web/status/1302020732411457537,"RT @healthgovau: Make mental health a priority. Eat well, stay active, stay in touch and seek help if needed.",,
active,2020-09-02 14:09:40,brad_weldon,https://twitter.com/brad_weldon,https://twitter.com/i/web/status/1301009371040591873,"RT @healthgovau: Make mental health a priority. Eat well, stay active, stay in touch and seek help if needed.",,
active,2020-09-02 15:39:42,SpookyLib,https://twitter.com/SpookyLib,https://twitter.com/i/web/status/1301032029941719042,"RT @healthgovau: Make mental health a priority. Eat well, stay active, stay in touch and seek help if needed.",,
active,2020-09-02 19:10:37,AlitaBerme,https://twitter.com/AlitaBerme,https://twitter.com/i/web/status/1301085108057694209,"RT @healthgovau: Make mental health a priority. Eat well, stay active, stay in touch and seek help if needed.",,
#covid19,2020-09-06 23:27:14,Lid05,https://twitter.com/Lid05,https://twitter.com/i/web/status/1302599239487205376,Way to go Lisa..telling it as it is. Mental Health should now be a priority.! If you can't see that then it is a bigger worry. #Melbournelockdown #DanielAndrews #ScottMorrison #COVID19Vic #Covid19Aus #Covid19 https://t.co/LIPA91hH9w,Covid19,ScottMorrison
#covid19,2020-09-05 11:00:45,StartingBlocks_,https://twitter.com/StartingBlocks_,https://twitter.com/i/web/status/1302048992444940291,.@beyondblue’s dedicated Coronavirus Mental Wellbeing Support Service is available to support all people in Australia to manage the impact of the COVID-19 outbreak on their mental health and wellbeing.  #covid19 #coronavirus #covid19australia #covid19aus https://t.co/InPtprvoGx,coronavirus,covid19australia
#covid19,2020-09-06 15:43:04,fatima_ishfaq,https://twitter.com/fatima_ishfaq,https://twitter.com/i/web/status/1302482427378503681,"RT @healthgovau: Thanks to all health, aged and disability care professionals – you’re work’s vital in the fight against #COVID19. Remember…",COVID19,COVID19
#covid19,2020-09-05 19:16:50,KerriKellett,https://twitter.com/KerriKellett,https://twitter.com/i/web/status/1302173835148419074,"RT @healthgovau: Thanks to all health, aged and disability care professionals – you’re work’s vital in the fight against #COVID19. Remember…",COVID19,COVID19
#covid19,2020-09-06 09:11:44,GregHuntMP,https://twitter.com/GregHuntMP,https://twitter.com/i/web/status/1302383947112787968,"RT @healthgovau: Thanks to all health, aged and disability care professionals – you’re work’s vital in the fight against #COVID19. Remember…",COVID19,COVID19
#covid19,2020-09-08 12:20:51,EmploymentGovAU,https://twitter.com/EmploymentGovAU,https://twitter.com/i/web/status/1303156313984172032,"RT @healthgovau: Thanks to all health, aged and disability care professionals – you’re work’s vital in the fight against #COVID19. Remember…",COVID19,COVID19
#covid19,2020-09-06 09:18:17,KatieAllenMP,https://twitter.com/KatieAllenMP,https://twitter.com/i/web/status/1302385595692363777,"RT @healthgovau: Thanks to all health, aged and disability care professionals – you’re work’s vital in the fight against #COVID19. Remember…",COVID19,COVID19
area,2020-09-02 14:05:36,LifeResolutions,https://twitter.com/LifeResolutions,https://twitter.com/i/web/status/1301008350096760832,The government has just announced that ten additional Medicare subsidized psychological sessions will be available to people subjected to the most recent COVID-19 restrictions in areas of Australia that have been impacted by the second wave of the virus. https://t.co/y7OpXlGpyq,,
area,2020-09-08 14:19:05,NGAA_AU,https://twitter.com/NGAA_AU,https://twitter.com/i/web/status/1303186070410989568,Youth mental health is a huge issue in Australia's outer urban growth areas. Hear how @council_Camden worked with @Headspace-aus to get local services where they're needed. Register here - https://t.co/laEfQeGGeS https://t.co/s1GRj99GYq,,
area,2020-09-07 16:41:48,MonashPartners,https://twitter.com/MonashPartners,https://twitter.com/i/web/status/1302859596403372033,"The Australian Health Research Alliance has received $5m funding for a Women’s Health Research, Translation and Impact Network to address priority areas for women across physical and mental health &amp; support career advancement #WomensHealthWeek https://t.co/Peb34AKbur @GregHuntMP https://t.co/nDSjqR4M82",WomensHealthWeek,WomensHealthWeek
work,2020-09-03 17:48:00,ProBonoNews,https://twitter.com/ProBonoNews,https://twitter.com/i/web/status/1301426706306211840,"In our latest #YouthMatters column, Sammy Huynh reflects on the gaps she sees for CALD communities and young people as a young social worker @YACVic @headspace_aus https://t.co/YHnIhNWtlt",YouthMatters,YouthMatters
work,2020-09-08 14:19:05,NGAA_AU,https://twitter.com/NGAA_AU,https://twitter.com/i/web/status/1303186070410989568,Youth mental health is a huge issue in Australia's outer urban growth areas. Hear how @council_Camden worked with @Headspace-aus to get local services where they're needed. Register here - https://t.co/laEfQeGGeS https://t.co/s1GRj99GYq,,
work,2020-09-06 15:43:04,fatima_ishfaq,https://twitter.com/fatima_ishfaq,https://twitter.com/i/web/status/1302482427378503681,"RT @healthgovau: Thanks to all health, aged and disability care professionals – you’re work’s vital in the fight against #COVID19. Remember…",COVID19,COVID19
work,2020-09-05 19:16:50,KerriKellett,https://twitter.com/KerriKellett,https://twitter.com/i/web/status/1302173835148419074,"RT @healthgovau: Thanks to all health, aged and disability care professionals – you’re work’s vital in the fight against #COVID19. Remember…",COVID19,COVID19
work,2020-09-06 09:11:44,GregHuntMP,https://twitter.com/GregHuntMP,https://twitter.com/i/web/status/1302383947112787968,"RT @healthgovau: Thanks to all health, aged and disability care professionals – you’re work’s vital in the fight against #COVID19. Remember…",COVID19,COVID19
work,2020-09-08 12:20:51,EmploymentGovAU,https://twitter.com/EmploymentGovAU,https://twitter.com/i/web/status/1303156313984172032,"RT @healthgovau: Thanks to all health, aged and disability care professionals – you’re work’s vital in the fight against #COVID19. Remember…",COVID19,COVID19
work,2020-09-06 09:18:17,KatieAllenMP,https://twitter.com/KatieAllenMP,https://twitter.com/i/web/status/1302385595692363777,"RT @healthgovau: Thanks to all health, aged and disability care professionals – you’re work’s vital in the fight against #COVID19. Remember…",COVID19,COVID19
work,2020-09-04 08:06:14,ian_hickie,https://twitter.com/ian_hickie,https://twitter.com/i/web/status/1301642686881910784,"https://t.co/8NNtjGB35g Serious investment in schools, teachers and education is crucial to our future mental wealth; Health and education working closely together with families and kids; ⁦@Sydney_Uni⁩ ⁦@BrainMind_Usyd⁩ ⁦@GregHuntMP⁩ ⁦@Matt_KeanMP⁩",,
work,2020-09-07 16:41:48,MonashPartners,https://twitter.com/MonashPartners,https://twitter.com/i/web/status/1302859596403372033,"The Australian Health Research Alliance has received $5m funding for a Women’s Health Research, Translation and Impact Network to address priority areas for women across physical and mental health &amp; support career advancement #WomensHealthWeek https://t.co/Peb34AKbur @GregHuntMP https://t.co/nDSjqR4M82",WomensHealthWeek,WomensHealthWeek
work,2020-09-04 22:26:46,YallopDiana,https://twitter.com/YallopDiana,https://twitter.com/i/web/status/1301859248259833858,@JudkinsSimon @bairdjulia @ellenmfanning @PatsKarvelas @frankelly08 @SabraLane @LindaMottram @GregHuntMP @Bowenchris @acemonline 3/3 Grt podcasts Qld Brain Inst. Prof Susannah Tye on Depression &amp; NeuroBiological determinants &amp; Prof John Mc Grath on Mental Health &amp; Neuroscience.If yng adults with mh issues given understanding of these factors less likely to blame self.Keep up good work.,,
michael,2020-09-06 00:46:50,MedicalWizard,https://twitter.com/MedicalWizard,https://twitter.com/i/web/status/1302256884909568001,RT @healthgovau: Help improve your mental and physical health during COVID-19 with these tips from Prof Michael Kidd. https://t.co/rdnvrEkX…,,
michael,2020-09-05 13:06:40,sasanrose,https://twitter.com/sasanrose,https://twitter.com/i/web/status/1302080681774731265,RT @healthgovau: Help improve your mental and physical health during COVID-19 with these tips from Prof Michael Kidd. https://t.co/rdnvrEkX…,,
michael,2020-09-05 14:06:27,Cassie638,https://twitter.com/Cassie638,https://twitter.com/i/web/status/1302095728009830400,RT @healthgovau: Help improve your mental and physical health during COVID-19 with these tips from Prof Michael Kidd. https://t.co/rdnvrEkX…,,
michael,2020-09-05 20:06:31,ahmadiyya_bne,https://twitter.com/ahmadiyya_bne,https://twitter.com/i/web/status/1302186340621066242,RT @healthgovau: Help improve your mental and physical health during COVID-19 with these tips from Prof Michael Kidd. https://t.co/rdnvrEkX…,,
australia,2020-09-07 16:50:57,InnoWellOrg,https://twitter.com/InnoWellOrg,https://twitter.com/i/web/status/1302861898551975936,"When it comes to #mentalhealth in Australia, access to psychologists is particularly restricted by our geography. That's why @InnoWellOrg we're making it easier for individuals to access the right care at the right time with our video feature 📹 ☺️https://t.co/mbDFZYmYTb",mentalhealth,mentalhealth
australia,2020-09-05 06:09:18,JCL_Gaming_Au,https://twitter.com/JCL_Gaming_Au,https://twitter.com/i/web/status/1301975648588754945,@HAVUgaming  I'm bringing awareness to mental health during my livestream think you could help support by retweeting this? All donations go to Mieli Finland &amp; headspace australia. I'm an Australian living in Finland :D,,
australia,2020-09-08 16:00:01,natdebthelpline,https://twitter.com/natdebthelpline,https://twitter.com/i/web/status/1303211467517374465,#GettingThroughThisTogether has been developed in collaboration with Australia's leading mental health organisations and social issues experts.    Get support today. Find more tips and help 👉 https://t.co/SkgQydtkDt https://t.co/LyrswhiYIb,GettingThroughThisTogether,GettingThroughThisTogether
australia,2020-09-02 14:05:36,LifeResolutions,https://twitter.com/LifeResolutions,https://twitter.com/i/web/status/1301008350096760832,The government has just announced that ten additional Medicare subsidized psychological sessions will be available to people subjected to the most recent COVID-19 restrictions in areas of Australia that have been impacted by the second wave of the virus. https://t.co/y7OpXlGpyq,,
australia,2020-09-08 16:00:47,MoneySmartTeam,https://twitter.com/MoneySmartTeam,https://twitter.com/i/web/status/1303211662883737602,RT @natdebthelpline: #GettingThroughThisTogether has been developed in collaboration with Australia's leading mental health organisations a…,GettingThroughThisTogether,GettingThroughThisTogether
australia,2020-09-08 14:19:05,NGAA_AU,https://twitter.com/NGAA_AU,https://twitter.com/i/web/status/1303186070410989568,Youth mental health is a huge issue in Australia's outer urban growth areas. Hear how @council_Camden worked with @Headspace-aus to get local services where they're needed. Register here - https://t.co/laEfQeGGeS https://t.co/s1GRj99GYq,,
australia,2020-09-02 20:36:34,psychsafe,https://twitter.com/psychsafe,https://twitter.com/i/web/status/1301106737223663618,RT @NMHC: #GettingThroughThisTogether has been developed in collaboration with Australia's leading mental health organisations and social i…,GettingThroughThisTogether,GettingThroughThisTogether
australia,2020-09-08 17:30:33,JSRL,https://twitter.com/JSRL,https://twitter.com/i/web/status/1303234252754972672,RT @natdebthelpline: #GettingThroughThisTogether has been developed in collaboration with Australia's leading mental health organisations a…,GettingThroughThisTogether,GettingThroughThisTogether
australia,2020-09-03 19:06:29,IrelandFundsAU,https://twitter.com/IrelandFundsAU,https://twitter.com/i/web/status/1301446454876102657,Why do we run? Funds raised from the #YLGlobal5K will support mental health projects @MyMindCentre in Ireland and @beyondblue in Australia. Every step we take will help those in need. Join us to raise money for these much needed causes: https://t.co/dXtJ0szbON https://t.co/jXYbKL3Edo,YLGlobal5K,YLGlobal5K
australia,2020-09-08 18:51:31,samhalligan2,https://twitter.com/samhalligan2,https://twitter.com/i/web/status/1303254630881656834,"@Lytsout193 @4Tendies @Pinche_Gringos Hey guys sorry to hear you both got covid. And glad you are both ok. Its good to walk everday for fitness and mental health. Its free and keeps you reasonably fit, i walk everyday wheather permitting. Here in Victoria Australia we have been in lockdown since March 18th cont",,
great,2020-09-02 17:08:32,NEDC_Australia,https://twitter.com/NEDC_Australia,https://twitter.com/i/web/status/1301054384227352578,"There is a great deal of research taking place on #eatingdisorders and COVID-19, the reliance on telehealth and the mental health impact of lockdown. Get up to date with the latest studies at https://t.co/fT7QzMPOMF https://t.co/xcV27I7Hqq",eatingdisorders,eatingdisorders
great,2020-09-07 09:01:09,VicAusMidwife,https://twitter.com/VicAusMidwife,https://twitter.com/i/web/status/1302743672404865024,"RT @NickMcCallum7: My Grandfather lived through WW1, a pandemic,the Great Depression, WW2 and was the most happy, kind,decent bloke I’ve ev…",,
great,2020-09-05 18:41:15,Just_1_Reason,https://twitter.com/Just_1_Reason,https://twitter.com/i/web/status/1302164881005666306,‘Read your book and want to congratulate you for paving the way to survive suicidal thoughts. I helped someone recently who attempted suicide. Your book makes great sense!  I love the idea of a small diary book which you can keep in your pocket. @ingioz @PatMcGorry #depression https://t.co/JEEKZZ481r,depression,depression
great,2020-09-08 12:02:26,MorelandBUG,https://twitter.com/MorelandBUG,https://twitter.com/i/web/status/1303151680767160322,We totally agree with @healthgovau Riding your bike is a great way to maintain mental and physical health. https://t.co/2h3C8RJ9hm,,
great,2020-09-08 20:44:18,yarrabike,https://twitter.com/yarrabike,https://twitter.com/i/web/status/1303283012407185408,RT @MorelandBUG: We totally agree with @healthgovau Riding your bike is a great way to maintain mental and physical health.,,
youth,2020-09-03 17:48:00,ProBonoNews,https://twitter.com/ProBonoNews,https://twitter.com/i/web/status/1301426706306211840,"In our latest #YouthMatters column, Sammy Huynh reflects on the gaps she sees for CALD communities and young people as a young social worker @YACVic @headspace_aus https://t.co/YHnIhNWtlt",YouthMatters,YouthMatters
youth,2020-09-08 14:19:05,NGAA_AU,https://twitter.com/NGAA_AU,https://twitter.com/i/web/status/1303186070410989568,Youth mental health is a huge issue in Australia's outer urban growth areas. Hear how @council_Camden worked with @Headspace-aus to get local services where they're needed. Register here - https://t.co/laEfQeGGeS https://t.co/s1GRj99GYq,,
youth,2020-09-03 20:41:34,ian_hickie,https://twitter.com/ian_hickie,https://twitter.com/i/web/status/1301470386668797953,@ABCthedrum So grateful to @ABCthedrum @bairdjulia @ellenmfanning @PatsKarvelas @frankelly08 @SabraLane @LindaMottram @JudkinsSimon @YOUTHe_au @PatMcGorry @orygen_aus  we just can’t afford to put mental health investments again! @GregHuntMP @Bowenchris @sammostyn @BrainMind_Usyd @Sydney_Uni,,
grateful,2020-09-04 15:01:00,rlwickes,https://twitter.com/rlwickes,https://twitter.com/i/web/status/1301747064817086464,RT @BuchananLiana: So grateful to the 644 children &amp; young people who engaged with us about the impact of COVID. Today we have released thr…,,
grateful,2020-09-05 05:17:30,vickytnz,https://twitter.com/vickytnz,https://twitter.com/i/web/status/1301962609382563841,RT @BuchananLiana: So grateful to the 644 children &amp; young people who engaged with us about the impact of COVID. Today we have released thr…,,
grateful,2020-09-04 15:37:11,hmberents,https://twitter.com/hmberents,https://twitter.com/i/web/status/1301756171313848320,RT @BuchananLiana: So grateful to the 644 children &amp; young people who engaged with us about the impact of COVID. Today we have released thr…,,
grateful,2020-09-04 18:47:16,vicfostercare,https://twitter.com/vicfostercare,https://twitter.com/i/web/status/1301804007891980288,RT @BuchananLiana: So grateful to the 644 children &amp; young people who engaged with us about the impact of COVID. Today we have released thr…,,
grateful,2020-09-04 16:50:38,CCYPVictoria,https://twitter.com/CCYPVictoria,https://twitter.com/i/web/status/1301774655322161152,RT @BuchananLiana: So grateful to the 644 children &amp; young people who engaged with us about the impact of COVID. Today we have released thr…,,
grateful,2020-09-04 20:32:15,Dr_FaithG,https://twitter.com/Dr_FaithG,https://twitter.com/i/web/status/1301830425795375111,RT @BuchananLiana: So grateful to the 644 children &amp; young people who engaged with us about the impact of COVID. Today we have released thr…,,
grateful,2020-09-05 10:01:08,WilkenRachael,https://twitter.com/WilkenRachael,https://twitter.com/i/web/status/1302033989859815424,RT @BuchananLiana: So grateful to the 644 children &amp; young people who engaged with us about the impact of COVID. Today we have released thr…,,
grateful,2020-09-04 16:51:12,KathAlbury,https://twitter.com/KathAlbury,https://twitter.com/i/web/status/1301774799698423809,RT @BuchananLiana: So grateful to the 644 children &amp; young people who engaged with us about the impact of COVID. Today we have released thr…,,
grateful,2020-09-04 20:52:53,leahmouse,https://twitter.com/leahmouse,https://twitter.com/i/web/status/1301835621795729408,RT @BuchananLiana: So grateful to the 644 children &amp; young people who engaged with us about the impact of COVID. Today we have released thr…,,
grateful,2020-09-04 20:53:37,cristyclark,https://twitter.com/cristyclark,https://twitter.com/i/web/status/1301835804428218368,RT @BuchananLiana: So grateful to the 644 children &amp; young people who engaged with us about the impact of COVID. Today we have released thr…,,
child,2020-09-04 15:01:00,rlwickes,https://twitter.com/rlwickes,https://twitter.com/i/web/status/1301747064817086464,RT @BuchananLiana: So grateful to the 644 children &amp; young people who engaged with us about the impact of COVID. Today we have released thr…,,
child,2020-09-05 05:17:30,vickytnz,https://twitter.com/vickytnz,https://twitter.com/i/web/status/1301962609382563841,RT @BuchananLiana: So grateful to the 644 children &amp; young people who engaged with us about the impact of COVID. Today we have released thr…,,
child,2020-09-04 15:37:11,hmberents,https://twitter.com/hmberents,https://twitter.com/i/web/status/1301756171313848320,RT @BuchananLiana: So grateful to the 644 children &amp; young people who engaged with us about the impact of COVID. Today we have released thr…,,
child,2020-09-04 18:47:16,vicfostercare,https://twitter.com/vicfostercare,https://twitter.com/i/web/status/1301804007891980288,RT @BuchananLiana: So grateful to the 644 children &amp; young people who engaged with us about the impact of COVID. Today we have released thr…,,
child,2020-09-04 16:50:38,CCYPVictoria,https://twitter.com/CCYPVictoria,https://twitter.com/i/web/status/1301774655322161152,RT @BuchananLiana: So grateful to the 644 children &amp; young people who engaged with us about the impact of COVID. Today we have released thr…,,
child,2020-09-04 20:32:15,Dr_FaithG,https://twitter.com/Dr_FaithG,https://twitter.com/i/web/status/1301830425795375111,RT @BuchananLiana: So grateful to the 644 children &amp; young people who engaged with us about the impact of COVID. Today we have released thr…,,
child,2020-09-05 10:01:08,WilkenRachael,https://twitter.com/WilkenRachael,https://twitter.com/i/web/status/1302033989859815424,RT @BuchananLiana: So grateful to the 644 children &amp; young people who engaged with us about the impact of COVID. Today we have released thr…,,
child,2020-09-04 16:51:12,KathAlbury,https://twitter.com/KathAlbury,https://twitter.com/i/web/status/1301774799698423809,RT @BuchananLiana: So grateful to the 644 children &amp; young people who engaged with us about the impact of COVID. Today we have released thr…,,
child,2020-09-04 20:52:53,leahmouse,https://twitter.com/leahmouse,https://twitter.com/i/web/status/1301835621795729408,RT @BuchananLiana: So grateful to the 644 children &amp; young people who engaged with us about the impact of COVID. Today we have released thr…,,
child,2020-09-04 20:53:37,cristyclark,https://twitter.com/cristyclark,https://twitter.com/i/web/status/1301835804428218368,RT @BuchananLiana: So grateful to the 644 children &amp; young people who engaged with us about the impact of COVID. Today we have released thr…,,
issue,2020-09-08 16:00:01,natdebthelpline,https://twitter.com/natdebthelpline,https://twitter.com/i/web/status/1303211467517374465,#GettingThroughThisTogether has been developed in collaboration with Australia's leading mental health organisations and social issues experts.    Get support today. Find more tips and help 👉 https://t.co/SkgQydtkDt https://t.co/LyrswhiYIb,GettingThroughThisTogether,GettingThroughThisTogether
issue,2020-09-08 14:19:05,NGAA_AU,https://twitter.com/NGAA_AU,https://twitter.com/i/web/status/1303186070410989568,Youth mental health is a huge issue in Australia's outer urban growth areas. Hear how @council_Camden worked with @Headspace-aus to get local services where they're needed. Register here - https://t.co/laEfQeGGeS https://t.co/s1GRj99GYq,,
issue,2020-09-02 11:59:35,sws_research,https://twitter.com/sws_research,https://twitter.com/i/web/status/1300976635571703808,A COVID 'bubble' to alleviate mental health issues such as loneliness is currently being considered. An interesting article from @UNSW examining the idea. https://t.co/r8LLJ3cHV2,,
issue,2020-09-04 22:26:46,YallopDiana,https://twitter.com/YallopDiana,https://twitter.com/i/web/status/1301859248259833858,@JudkinsSimon @bairdjulia @ellenmfanning @PatsKarvelas @frankelly08 @SabraLane @LindaMottram @GregHuntMP @Bowenchris @acemonline 3/3 Grt podcasts Qld Brain Inst. Prof Susannah Tye on Depression &amp; NeuroBiological determinants &amp; Prof John Mc Grath on Mental Health &amp; Neuroscience.If yng adults with mh issues given understanding of these factors less likely to blame self.Keep up good work.,,
touch,2020-09-04 11:39:04,MsSorby,https://twitter.com/MsSorby,https://twitter.com/i/web/status/1301696248148156417,"RT @healthgovau: Make mental health a priority. Eat well, stay active, stay in touch and seek help if needed.",,
touch,2020-09-02 12:59:29,WePublicHealth,https://twitter.com/WePublicHealth,https://twitter.com/i/web/status/1300991709300416513,"RT @healthgovau: Make mental health a priority. Eat well, stay active, stay in touch and seek help if needed.",,
touch,2020-09-02 01:22:46,Cassie638,https://twitter.com/Cassie638,https://twitter.com/i/web/status/1300816373442949121,"RT @healthgovau: Make mental health a priority. Eat well, stay active, stay in touch and seek help if needed.",,
touch,2020-09-03 06:37:05,7Jacs,https://twitter.com/7Jacs,https://twitter.com/i/web/status/1301257863675871233,"RT @healthgovau: Make mental health a priority. Eat well, stay active, stay in touch and seek help if needed.",,
touch,2020-09-03 11:56:25,edghoyue888,https://twitter.com/edghoyue888,https://twitter.com/i/web/status/1301338224976035840,"RT @healthgovau: Make mental health a priority. Eat well, stay active, stay in touch and seek help if needed.",,
touch,2020-09-02 20:44:30,PeterMcBeath3,https://twitter.com/PeterMcBeath3,https://twitter.com/i/web/status/1301108733083230208,"RT @healthgovau: Make mental health a priority. Eat well, stay active, stay in touch and seek help if needed.",,
touch,2020-09-05 09:08:27,kathid_d,https://twitter.com/kathid_d,https://twitter.com/i/web/status/1302020732411457537,"RT @healthgovau: Make mental health a priority. Eat well, stay active, stay in touch and seek help if needed.",,
touch,2020-09-02 14:09:40,brad_weldon,https://twitter.com/brad_weldon,https://twitter.com/i/web/status/1301009371040591873,"RT @healthgovau: Make mental health a priority. Eat well, stay active, stay in touch and seek help if needed.",,
touch,2020-09-02 15:39:42,SpookyLib,https://twitter.com/SpookyLib,https://twitter.com/i/web/status/1301032029941719042,"RT @healthgovau: Make mental health a priority. Eat well, stay active, stay in touch and seek help if needed.",,
touch,2020-09-02 19:10:37,AlitaBerme,https://twitter.com/AlitaBerme,https://twitter.com/i/web/status/1301085108057694209,"RT @healthgovau: Make mental health a priority. Eat well, stay active, stay in touch and seek help if needed.",,
covid,2020-09-04 15:01:00,rlwickes,https://twitter.com/rlwickes,https://twitter.com/i/web/status/1301747064817086464,RT @BuchananLiana: So grateful to the 644 children &amp; young people who engaged with us about the impact of COVID. Today we have released thr…,,
covid,2020-09-05 05:17:30,vickytnz,https://twitter.com/vickytnz,https://twitter.com/i/web/status/1301962609382563841,RT @BuchananLiana: So grateful to the 644 children &amp; young people who engaged with us about the impact of COVID. Today we have released thr…,,
covid,2020-09-04 15:37:11,hmberents,https://twitter.com/hmberents,https://twitter.com/i/web/status/1301756171313848320,RT @BuchananLiana: So grateful to the 644 children &amp; young people who engaged with us about the impact of COVID. Today we have released thr…,,
covid,2020-09-04 18:47:16,vicfostercare,https://twitter.com/vicfostercare,https://twitter.com/i/web/status/1301804007891980288,RT @BuchananLiana: So grateful to the 644 children &amp; young people who engaged with us about the impact of COVID. Today we have released thr…,,
covid,2020-09-04 16:50:38,CCYPVictoria,https://twitter.com/CCYPVictoria,https://twitter.com/i/web/status/1301774655322161152,RT @BuchananLiana: So grateful to the 644 children &amp; young people who engaged with us about the impact of COVID. Today we have released thr…,,
covid,2020-09-04 20:32:15,Dr_FaithG,https://twitter.com/Dr_FaithG,https://twitter.com/i/web/status/1301830425795375111,RT @BuchananLiana: So grateful to the 644 children &amp; young people who engaged with us about the impact of COVID. Today we have released thr…,,
covid,2020-09-05 10:01:08,WilkenRachael,https://twitter.com/WilkenRachael,https://twitter.com/i/web/status/1302033989859815424,RT @BuchananLiana: So grateful to the 644 children &amp; young people who engaged with us about the impact of COVID. Today we have released thr…,,
covid,2020-09-04 16:51:12,KathAlbury,https://twitter.com/KathAlbury,https://twitter.com/i/web/status/1301774799698423809,RT @BuchananLiana: So grateful to the 644 children &amp; young people who engaged with us about the impact of COVID. Today we have released thr…,,
covid,2020-09-02 14:05:36,LifeResolutions,https://twitter.com/LifeResolutions,https://twitter.com/i/web/status/1301008350096760832,The government has just announced that ten additional Medicare subsidized psychological sessions will be available to people subjected to the most recent COVID-19 restrictions in areas of Australia that have been impacted by the second wave of the virus. https://t.co/y7OpXlGpyq,,
covid,2020-09-06 23:27:14,Lid05,https://twitter.com/Lid05,https://twitter.com/i/web/status/1302599239487205376,Way to go Lisa..telling it as it is. Mental Health should now be a priority.! If you can't see that then it is a bigger worry. #Melbournelockdown #DanielAndrews #ScottMorrison #COVID19Vic #Covid19Aus #Covid19 https://t.co/LIPA91hH9w,Covid19,ScottMorrison
register,2020-09-08 14:19:05,NGAA_AU,https://twitter.com/NGAA_AU,https://twitter.com/i/web/status/1303186070410989568,Youth mental health is a huge issue in Australia's outer urban growth areas. Hear how @council_Camden worked with @Headspace-aus to get local services where they're needed. Register here - https://t.co/laEfQeGGeS https://t.co/s1GRj99GYq,,
physical,2020-09-03 20:23:51,sreeura,https://twitter.com/sreeura,https://twitter.com/i/web/status/1301465924021579777,RT @lealovinglifea1: Mental health is as important as physical health! #AFairGoForLove #RemoveTheCap find ways to make reunions possible! @…,AFairGoForLove,RemoveTheCap
physical,2020-09-06 00:46:50,MedicalWizard,https://twitter.com/MedicalWizard,https://twitter.com/i/web/status/1302256884909568001,RT @healthgovau: Help improve your mental and physical health during COVID-19 with these tips from Prof Michael Kidd. https://t.co/rdnvrEkX…,,
physical,2020-09-05 13:06:40,sasanrose,https://twitter.com/sasanrose,https://twitter.com/i/web/status/1302080681774731265,RT @healthgovau: Help improve your mental and physical health during COVID-19 with these tips from Prof Michael Kidd. https://t.co/rdnvrEkX…,,
physical,2020-09-08 12:02:26,MorelandBUG,https://twitter.com/MorelandBUG,https://twitter.com/i/web/status/1303151680767160322,We totally agree with @healthgovau Riding your bike is a great way to maintain mental and physical health. https://t.co/2h3C8RJ9hm,,
physical,2020-09-05 14:06:27,Cassie638,https://twitter.com/Cassie638,https://twitter.com/i/web/status/1302095728009830400,RT @healthgovau: Help improve your mental and physical health during COVID-19 with these tips from Prof Michael Kidd. https://t.co/rdnvrEkX…,,
physical,2020-09-08 20:44:18,yarrabike,https://twitter.com/yarrabike,https://twitter.com/i/web/status/1303283012407185408,RT @MorelandBUG: We totally agree with @healthgovau Riding your bike is a great way to maintain mental and physical health.,,
physical,2020-09-07 16:41:48,MonashPartners,https://twitter.com/MonashPartners,https://twitter.com/i/web/status/1302859596403372033,"The Australian Health Research Alliance has received $5m funding for a Women’s Health Research, Translation and Impact Network to address priority areas for women across physical and mental health &amp; support career advancement #WomensHealthWeek https://t.co/Peb34AKbur @GregHuntMP https://t.co/nDSjqR4M82",WomensHealthWeek,WomensHealthWeek
physical,2020-09-05 20:06:31,ahmadiyya_bne,https://twitter.com/ahmadiyya_bne,https://twitter.com/i/web/status/1302186340621066242,RT @healthgovau: Help improve your mental and physical health during COVID-19 with these tips from Prof Michael Kidd. https://t.co/rdnvrEkX…,,
grief,2020-09-05 20:16:36,MdmAbsentMinded,https://twitter.com/MdmAbsentMinded,https://twitter.com/i/web/status/1302188877260627969,"RT @JohnBirmingham: This was a very difficult book to write, but it helped me to move through a pretty dark passage of grief and depression…",,
grief,2020-09-05 20:05:21,Samoskal,https://twitter.com/Samoskal,https://twitter.com/i/web/status/1302186047581741056,"RT @JohnBirmingham: This was a very difficult book to write, but it helped me to move through a pretty dark passage of grief and depression…",,
release,2020-09-04 15:01:00,rlwickes,https://twitter.com/rlwickes,https://twitter.com/i/web/status/1301747064817086464,RT @BuchananLiana: So grateful to the 644 children &amp; young people who engaged with us about the impact of COVID. Today we have released thr…,,
release,2020-09-05 05:17:30,vickytnz,https://twitter.com/vickytnz,https://twitter.com/i/web/status/1301962609382563841,RT @BuchananLiana: So grateful to the 644 children &amp; young people who engaged with us about the impact of COVID. Today we have released thr…,,
release,2020-09-04 15:37:11,hmberents,https://twitter.com/hmberents,https://twitter.com/i/web/status/1301756171313848320,RT @BuchananLiana: So grateful to the 644 children &amp; young people who engaged with us about the impact of COVID. Today we have released thr…,,
release,2020-09-04 18:47:16,vicfostercare,https://twitter.com/vicfostercare,https://twitter.com/i/web/status/1301804007891980288,RT @BuchananLiana: So grateful to the 644 children &amp; young people who engaged with us about the impact of COVID. Today we have released thr…,,
release,2020-09-04 16:50:38,CCYPVictoria,https://twitter.com/CCYPVictoria,https://twitter.com/i/web/status/1301774655322161152,RT @BuchananLiana: So grateful to the 644 children &amp; young people who engaged with us about the impact of COVID. Today we have released thr…,,
release,2020-09-04 20:32:15,Dr_FaithG,https://twitter.com/Dr_FaithG,https://twitter.com/i/web/status/1301830425795375111,RT @BuchananLiana: So grateful to the 644 children &amp; young people who engaged with us about the impact of COVID. Today we have released thr…,,
release,2020-09-05 10:01:08,WilkenRachael,https://twitter.com/WilkenRachael,https://twitter.com/i/web/status/1302033989859815424,RT @BuchananLiana: So grateful to the 644 children &amp; young people who engaged with us about the impact of COVID. Today we have released thr…,,
release,2020-09-04 16:51:12,KathAlbury,https://twitter.com/KathAlbury,https://twitter.com/i/web/status/1301774799698423809,RT @BuchananLiana: So grateful to the 644 children &amp; young people who engaged with us about the impact of COVID. Today we have released thr…,,
release,2020-09-04 20:52:53,leahmouse,https://twitter.com/leahmouse,https://twitter.com/i/web/status/1301835621795729408,RT @BuchananLiana: So grateful to the 644 children &amp; young people who engaged with us about the impact of COVID. Today we have released thr…,,
release,2020-09-04 20:53:37,cristyclark,https://twitter.com/cristyclark,https://twitter.com/i/web/status/1301835804428218368,RT @BuchananLiana: So grateful to the 644 children &amp; young people who engaged with us about the impact of COVID. Today we have released thr…,,
