Topic,word1,word2,word3,word4,word5,word6,word7,word8,word9,word10
Topic 1,lifeline,australia,suicide,beyond,telehealth,fund,medicare,government,extend,write
Topic 2,family,wellbeing,financial,support,violence,covid,people,please,coronavirus,#ruok
Topic 3,people,actually,something,consider,issue,eroding,anyone,support,need,challenge
Topic 4,suicide,important,service,parent,stress,covid,affect,medium,#worldsuicidepreventionday,anxiety
Topic 5,anxiety,pandemic,australia,together,depression,flight,#strandedaussies,government,service,people
