Topic,word1,word2,word3,word4,word5,word6,word7,word8,word9,word10
Topic 1,support,additional,important,announce,medium,release,stage,restriction,assist,victorian
Topic 2,session,people,medicare,support,psychology,subsidise,lockdown,number,psychological,fear
Topic 3,depression,border,australian,citizen,anxiety,lockdown,future,closure,minister,prime
Topic 4,anxiety,depression,million,australian,people,#mentalhealth,federal,announcement,woman,family
Topic 5,impact,tough,coronavirus,#covid19vic,restriction,receive,extension,welcome,session,subsidise
