keyword,counts
dedicated,337
clinics,313
professionals,311
hubs,307
additional,283
#headtohelp,271
tomorrow,266
announced,264
today,252
locations,248
away,246
allied,240
#ahpsday,240
celebrates,240
call,240
import,229
support,224
month,220
across,220
murray,220
phn,220
located,220
access,212
victorians,200
referral,195
ne,195
victoria,187
discover,185
advice,185
830am,179
mon,179
595,179
212,179
wraparound,179
provide,177
maintain,170
works,170
physical,166
words,161
branded,161
hub,161
improving,161
fitness,161
mentor-based,161
exercise,161
within,161
place,154
region,152
free,141
headtohelp,141
grateful,139
progr,139
wi,139
managing,139
#bendigo,139
loved,136
university,136
community,135
delighted,134
staff,134
providing,134
open,132
#ruokday,128
impact,128
things,124
help,120
focus,119
among,119
students,115
resources,114
learn,111
critical,111
logo,111
difference,110
friend,110
apart,110
significant,110
complicated,110
indescribably,110
top,110
thanks,110
vital,110
welcome,110
#geelong,110
#ballarat,110
spiked,110
employers,110
reporting,110
jump,110
trained,110
phone,110
models,110
celebrating,110
#skillssavelives,110
jenny,110
hard,108
conversation,101
youth,101
take,100
around,99
