Topic,word1,word2,word3,word4,word5,word6,word7,word8,word9,word10
Topic 1,people,lockdown,australia,victorian,cause,support,innovative,ankle,rather,emotional
Topic 2,victorian,death,livelihood,business,indeed,warrant,victori,another,relentless,attack
Topic 3,australia,depression,going,covid,andrew,victorian,minister,suicide,premier,government
Topic 4,service,australia,psychologist,demand,report,#aussieracist,education,#racism,#firstnations,#australia
Topic 5,depression,anxiety,covid,police,bizarre,beyond,recession,given,great,coming
