Topic,word1,word2,word3,word4,word5,word6,word7,word8,word9,word10
Topic 1,victoria,today,announce,struggle,location,region,murray,locate,advice,impact
Topic 2,great,streaming,explode,video,write,menta,game,lockdown,university,#headtohelp
Topic 3,lockdown,covid,australia,apart,insane,causing,policy,economic,financial,jones
Topic 4,clinic,important,thing,maintain,work,discover,headtohelp,community,place,within
Topic 5,provide,support,#mentalhealth,tomorrow,#bendigo,manage,#headtohelp,help,partner,anxiety
