Topic,word1,word2,word3,word4,word5,word6,word7,word8,word9,word10
Topic 1,people,victoria,support,clinic,learn,public,headtohelp,opening,http,impact
Topic 2,research,quality,fabulous,international,recognition,leadership,location,especially,active,stay
Topic 3,optimize,become,digital,critical,absolutely,service,thanks,need,funding,online
Topic 4,funding,quality,research,recognise,improve,start,looking,physical,someone,place
Topic 5,support,access,dedicate,victorian,clinic,additional,phone,issue,early,trail
