Topic,word1,word2,word3,word4,word5,word6,word7,word8,word9,word10
Topic 1,australian,people,worry,impact,community,please,anxiety,feeling,seeing,struggle
Topic 2,support,visit,danger,someone,1800respect,respect,immediate,covid,contact,public
Topic 3,australian,australia,issue,always,care,pride,effective,partner,support,impact
Topic 4,clinic,anxiety,establish,dedicate,across,regional,greater,experience,pandemic,information
Topic 5,suicide,feeling,support,service,pandemic,important,lifeline,wellbeing,together,coronavirus
