Topic,word1,word2,word3,word4,word5,word6,word7,word8,word9,word10
Topic 1,depression,people,scott,anxiety,morrison,death,think,recovery,government,another
Topic 2,clinic,support,people,victoria,victorian,access,additional,dedicate,learn,public
Topic 3,research,quality,leadership,international,recognition,fabulous,funding,recognise,feeling,great
Topic 4,consultation,sadly,seeing,patient,currently,amount,enormous,notify,impact,thanks
Topic 5,anxiety,people,depression,young,start,support,lonely,study,student,looking
