Topic,word1,word2,word3,word4,word5,word6,word7,word8,word9,word10
Topic 1,access,provide,session,support,victorian,program,#medicare,expand,better,welcome
Topic 2,restriction,session,#covid19vic,welcome,subsidise,medicare,receive,extension,#mentalh,announcement
Topic 3,anxiety,funding,million,impact,award,federal,artificial,research,harness,researcher
Topic 4,anxiety,support,#depression,thanks,covid,additional,training,extremely,resource,#anxiety
Topic 5,active,physical,activity,make,work,difference,daily,support,important,extra
