Topic,word1,word2,word3,word4,word5,word6,word7,word8,word9,word10
Topic 1,australia,people,suicide,prison,world,blame,service,system,release,report
Topic 2,research,quality,leadership,international,fabulous,recognition,funding,recognise,sadly,currently
Topic 3,better,covid,pretending,personally,aussie,support,thousand,people,call,state
Topic 4,death,important,people,depression,anxiety,report,australian,western,young,piece
Topic 5,support,access,depression,telehealth,anxiety,concern,victorian,family,suicide,economic
