Topic,word1,word2,word3,word4,word5,word6,word7,word8,word9,word10
Topic 1,system,medical,drain,deteriorate,productive,significantly,increase,suicide,government,australia
Topic 2,border,pandemic,depression,stress,people,suicide,seeing,student,solution,fight
Topic 3,australia,anxiety,love,better,people,reunite,covid-safe,going,depression,australian
Topic 4,session,start,medicare,enough,add,service,suicidal,rejection,posting,apparently
Topic 5,service,australia,nurse,victorian,access,government,covid,million,additional,struggle
