keyword,created_at_local_time,screen_name,user_URL,tweet_URL,tweet_text,hashtag1,hashtag2
telehealth,2020-07-28 11:55:07,UQ_COH,https://twitter.com/UQ_COH,https://twitter.com/i/web/status/1287929547116048384,"RT @UQMedicine: Telehealth delivery of an Indigenous mental health program is being trialled by #UQ, so care is not disrupted by #Coronavir…",UQ,UQ
telehealth,2020-07-28 07:30:22,Aus_Telehealth,https://twitter.com/Aus_Telehealth,https://twitter.com/i/web/status/1287862923642015744,"RT @UQMedicine: Telehealth delivery of an Indigenous mental health program is being trialled by #UQ, so care is not disrupted by #Coronavir…",UQ,UQ
telehealth,2020-07-27 09:51:39,Brennan_Olsen,https://twitter.com/Brennan_Olsen,https://twitter.com/i/web/status/1287536088303546368,"RT @UQMedicine: Telehealth delivery of an Indigenous mental health program is being trialled by #UQ, so care is not disrupted by #Coronavir…",UQ,UQ
depression,2020-07-27 15:02:45,cadenhelmers,https://twitter.com/cadenhelmers,https://twitter.com/i/web/status/1287614380205412354,Australia's gold medal hopefuls have joined forces to fight the black dog of depression in the wake of a spike in athletes seeking help for their mental health | #sport https://t.co/dlxk7G07S9,sport,sport
depression,2020-07-23 21:28:50,JRWeaver55,https://twitter.com/JRWeaver55,https://twitter.com/i/web/status/1286261988994060291,"RT @DawsonEJ: I spoke to @LindaMottram about the Treasury update today. We’re in a depression, and we need some big picture thinking about…",,
depression,2020-07-24 11:26:32,BenMullingsPhD,https://twitter.com/BenMullingsPhD,https://twitter.com/i/web/status/1286472804297105408,"RT @CEP_UK: There Is No “Depression Gene”  The field is littered with failed hypotheses, with just-so stories and compelling-but-wrong cor…",,
depression,2020-07-23 09:49:44,imo_bell,https://twitter.com/imo_bell,https://twitter.com/i/web/status/1286086056870154240,RT @EikoFried: Our new longitudinal paper with 9-year followup shows that the link between #inflammation &amp; #depression may be governed by s…,depression,inflammation
depression,2020-07-23 07:14:09,ruthryan,https://twitter.com/ruthryan,https://twitter.com/i/web/status/1286046902811648001,Good time to invest in companies that make anti-depression medication 💔. #LoveIsNotTourism #beyondblue #DoItLikeDenmark #LoveIsEssential #LiftTheTravelBan #LoveIsEssential @ScottMorrisonMP @AusHumanRights @abcbrisbane @DavidColemanMP @PeterDutton_MP @AndrewLamingMP @reunitelove,beyondblue,LoveIsNotTourism
depression,2020-07-27 20:39:53,RJ_Howes,https://twitter.com/RJ_Howes,https://twitter.com/i/web/status/1287699223161389057,RT @hsireland1: #openaccess; depression in #HidradenitisSuppurativa #hs- occurrence and risk factors  https://t.co/CqGEwH2r7y,HidradenitisSuppurativa,openaccess
follow,2020-07-22 15:01:12,Bishop64,https://twitter.com/Bishop64,https://twitter.com/i/web/status/1285802052216479745,"RT @AmandaPerram: @sclark_melbs @ScottMorrisonMP So the PM follows the health advice on stopping protests, but when it comes to overwhelmin…",,
follow,2020-07-22 17:05:35,JohnLee84586356,https://twitter.com/JohnLee84586356,https://twitter.com/i/web/status/1285833350586888192,"RT @AmandaPerram: @sclark_melbs @ScottMorrisonMP So the PM follows the health advice on stopping protests, but when it comes to overwhelmin…",,
follow,2020-07-22 12:32:34,MelisaB39884862,https://twitter.com/MelisaB39884862,https://twitter.com/i/web/status/1285764644095750146,"RT @AmandaPerram: @sclark_melbs @ScottMorrisonMP So the PM follows the health advice on stopping protests, but when it comes to overwhelmin…",,
follow,2020-07-22 14:58:28,3wombats,https://twitter.com/3wombats,https://twitter.com/i/web/status/1285801360655396864,"RT @AmandaPerram: @sclark_melbs @ScottMorrisonMP So the PM follows the health advice on stopping protests, but when it comes to overwhelmin…",,
follow,2020-07-22 14:59:11,Magpie1954nBird,https://twitter.com/Magpie1954nBird,https://twitter.com/i/web/status/1285801542323331074,"RT @AmandaPerram: @sclark_melbs @ScottMorrisonMP So the PM follows the health advice on stopping protests, but when it comes to overwhelmin…",,
follow,2020-07-22 12:24:13,WgarNews,https://twitter.com/WgarNews,https://twitter.com/i/web/status/1285762543609208833,"RT @AmandaPerram: @sclark_melbs @ScottMorrisonMP So the PM follows the health advice on stopping protests, but when it comes to overwhelmin…",,
follow,2020-07-22 12:09:04,reinedelanuit05,https://twitter.com/reinedelanuit05,https://twitter.com/i/web/status/1285758733000179712,"RT @AmandaPerram: @sclark_melbs @ScottMorrisonMP So the PM follows the health advice on stopping protests, but when it comes to overwhelmin…",,
follow,2020-07-22 14:52:29,BarnsGreg,https://twitter.com/BarnsGreg,https://twitter.com/i/web/status/1285799858721288192,"RT @AmandaPerram: @sclark_melbs @ScottMorrisonMP So the PM follows the health advice on stopping protests, but when it comes to overwhelmin…",,
follow,2020-07-22 16:21:39,DrColinTrainor,https://twitter.com/DrColinTrainor,https://twitter.com/i/web/status/1285822295831744512,"RT @AmandaPerram: @sclark_melbs @ScottMorrisonMP So the PM follows the health advice on stopping protests, but when it comes to overwhelmin…",,
follow,2020-07-22 12:30:05,otmelbourne,https://twitter.com/otmelbourne,https://twitter.com/i/web/status/1285764022483079169,"RT @AmandaPerram: @sclark_melbs @ScottMorrisonMP So the PM follows the health advice on stopping protests, but when it comes to overwhelmin…",,
need,2020-07-22 13:29:11,DanaScully2,https://twitter.com/DanaScully2,https://twitter.com/i/web/status/1285778892427366400,RT @healthgovau: The impacts of coronavirus are tough and can impact our mental health. We need to make sure we look after ourselves and se…,,
need,2020-07-22 13:35:49,jazzbby91,https://twitter.com/jazzbby91,https://twitter.com/i/web/status/1285780562783825921,RT @ruthryan: National Mental Health and Wellbeing Pandemic Response Plan: meet the mental health and wellbeing needs of all Australians to…,,
need,2020-07-22 14:23:28,reunitelove,https://twitter.com/reunitelove,https://twitter.com/i/web/status/1285792554693193729,RT @ruthryan: National Mental Health and Wellbeing Pandemic Response Plan: meet the mental health and wellbeing needs of all Australians to…,,
need,2020-07-22 17:50:47,JRWeaver55,https://twitter.com/JRWeaver55,https://twitter.com/i/web/status/1285844728773177344,RT @healthgovau: The impacts of coronavirus are tough and can impact our mental health. We need to make sure we look after ourselves and se…,,
need,2020-07-22 00:33:12,Frank_McGuire,https://twitter.com/Frank_McGuire,https://twitter.com/i/web/status/1285583609869381632,"RT @healthgovau: Make mental health a priority. Eat well, stay active, stay in touch and seek help if needed.",,
need,2020-07-22 04:35:41,GillPirthi,https://twitter.com/GillPirthi,https://twitter.com/i/web/status/1285644632429338626,RT @ruthryan: National Mental Health and Wellbeing Pandemic Response Plan: meet the mental health and wellbeing needs of all Australians to…,,
need,2020-07-22 02:47:07,ruthryan,https://twitter.com/ruthryan,https://twitter.com/i/web/status/1285617311475478528,National Mental Health and Wellbeing Pandemic Response Plan: meet the mental health and wellbeing needs of all Australians to reduce negative impacts of the pandemic in the short and long-term. @ScottMorrisonMP Reunite loved ones. Put your plan into action. #beyondblue 💔,beyondblue,beyondblue
need,2020-07-27 18:37:32,TraceyH66285468,https://twitter.com/TraceyH66285468,https://twitter.com/i/web/status/1287668431156686848,@CuomoKennedy @RepJoeKennedy The US are not alone in this. Australia and many other countries struggle to deal with mental health. It is a continuum from pos to neg and we all travel up and down that line. It's when we stay in the neg for too long that we need help moving up ... not being locked up.,,
need,2020-07-28 20:36:20,PHLinSydney,https://twitter.com/PHLinSydney,https://twitter.com/i/web/status/1288060716608450561,RT @healthgovau: It’s understandable to feel overwhelmed in uncertain times. If you need some extra mental health information and support d…,,
need,2020-07-28 20:11:27,EvergreenPsych,https://twitter.com/EvergreenPsych,https://twitter.com/i/web/status/1288054455481430016,RT @healthgovau: It’s understandable to feel overwhelmed in uncertain times. If you need some extra mental health information and support d…,,
disrupt,2020-07-28 11:55:07,UQ_COH,https://twitter.com/UQ_COH,https://twitter.com/i/web/status/1287929547116048384,"RT @UQMedicine: Telehealth delivery of an Indigenous mental health program is being trialled by #UQ, so care is not disrupted by #Coronavir…",UQ,UQ
disrupt,2020-07-28 07:30:22,Aus_Telehealth,https://twitter.com/Aus_Telehealth,https://twitter.com/i/web/status/1287862923642015744,"RT @UQMedicine: Telehealth delivery of an Indigenous mental health program is being trialled by #UQ, so care is not disrupted by #Coronavir…",UQ,UQ
disrupt,2020-07-27 09:51:39,Brennan_Olsen,https://twitter.com/Brennan_Olsen,https://twitter.com/i/web/status/1287536088303546368,"RT @UQMedicine: Telehealth delivery of an Indigenous mental health program is being trialled by #UQ, so care is not disrupted by #Coronavir…",UQ,UQ
flight,2020-07-26 01:32:59,budgetbuscharte,https://twitter.com/budgetbuscharte,https://twitter.com/i/web/status/1287048206098939904,"RT @lonelyplanet: Before you book your flight, make sure the fare is flexible 🙅  https://t.co/ybxRt6zaMv",,
flight,2020-07-26 20:08:50,budgetbuscharte,https://twitter.com/budgetbuscharte,https://twitter.com/i/web/status/1287329018421764097,"RT @lonelyplanet: Before you book your flight, make sure the fare is flexible 🙅  https://t.co/6I6obAt8ys",,
protest,2020-07-22 15:01:12,Bishop64,https://twitter.com/Bishop64,https://twitter.com/i/web/status/1285802052216479745,"RT @AmandaPerram: @sclark_melbs @ScottMorrisonMP So the PM follows the health advice on stopping protests, but when it comes to overwhelmin…",,
protest,2020-07-22 17:05:35,JohnLee84586356,https://twitter.com/JohnLee84586356,https://twitter.com/i/web/status/1285833350586888192,"RT @AmandaPerram: @sclark_melbs @ScottMorrisonMP So the PM follows the health advice on stopping protests, but when it comes to overwhelmin…",,
protest,2020-07-22 12:32:34,MelisaB39884862,https://twitter.com/MelisaB39884862,https://twitter.com/i/web/status/1285764644095750146,"RT @AmandaPerram: @sclark_melbs @ScottMorrisonMP So the PM follows the health advice on stopping protests, but when it comes to overwhelmin…",,
protest,2020-07-22 14:58:28,3wombats,https://twitter.com/3wombats,https://twitter.com/i/web/status/1285801360655396864,"RT @AmandaPerram: @sclark_melbs @ScottMorrisonMP So the PM follows the health advice on stopping protests, but when it comes to overwhelmin…",,
protest,2020-07-22 14:59:11,Magpie1954nBird,https://twitter.com/Magpie1954nBird,https://twitter.com/i/web/status/1285801542323331074,"RT @AmandaPerram: @sclark_melbs @ScottMorrisonMP So the PM follows the health advice on stopping protests, but when it comes to overwhelmin…",,
protest,2020-07-22 12:24:13,WgarNews,https://twitter.com/WgarNews,https://twitter.com/i/web/status/1285762543609208833,"RT @AmandaPerram: @sclark_melbs @ScottMorrisonMP So the PM follows the health advice on stopping protests, but when it comes to overwhelmin…",,
protest,2020-07-22 12:09:04,reinedelanuit05,https://twitter.com/reinedelanuit05,https://twitter.com/i/web/status/1285758733000179712,"RT @AmandaPerram: @sclark_melbs @ScottMorrisonMP So the PM follows the health advice on stopping protests, but when it comes to overwhelmin…",,
protest,2020-07-22 14:52:29,BarnsGreg,https://twitter.com/BarnsGreg,https://twitter.com/i/web/status/1285799858721288192,"RT @AmandaPerram: @sclark_melbs @ScottMorrisonMP So the PM follows the health advice on stopping protests, but when it comes to overwhelmin…",,
protest,2020-07-22 16:21:39,DrColinTrainor,https://twitter.com/DrColinTrainor,https://twitter.com/i/web/status/1285822295831744512,"RT @AmandaPerram: @sclark_melbs @ScottMorrisonMP So the PM follows the health advice on stopping protests, but when it comes to overwhelmin…",,
protest,2020-07-22 12:30:05,otmelbourne,https://twitter.com/otmelbourne,https://twitter.com/i/web/status/1285764022483079169,"RT @AmandaPerram: @sclark_melbs @ScottMorrisonMP So the PM follows the health advice on stopping protests, but when it comes to overwhelmin…",,
working,2020-07-24 19:29:36,TahaniHawsawi,https://twitter.com/TahaniHawsawi,https://twitter.com/i/web/status/1286594371408863232,RT @IJMHN: Working with consumers who hear voices: The experience of early career nurses in mental health services in Australia https://t.c…,,
working,2020-07-25 00:59:41,FostKim,https://twitter.com/FostKim,https://twitter.com/i/web/status/1286677440069120002,RT @IJMHN: Working with consumers who hear voices: The experience of early career nurses in mental health services in Australia https://t.c…,,
working,2020-07-25 08:43:19,NWMHgrads,https://twitter.com/NWMHgrads,https://twitter.com/i/web/status/1286794118480289793,RT @IJMHN: Working with consumers who hear voices: The experience of early career nurses in mental health services in Australia https://t.c…,,
advice,2020-07-22 15:01:12,Bishop64,https://twitter.com/Bishop64,https://twitter.com/i/web/status/1285802052216479745,"RT @AmandaPerram: @sclark_melbs @ScottMorrisonMP So the PM follows the health advice on stopping protests, but when it comes to overwhelmin…",,
advice,2020-07-22 17:05:35,JohnLee84586356,https://twitter.com/JohnLee84586356,https://twitter.com/i/web/status/1285833350586888192,"RT @AmandaPerram: @sclark_melbs @ScottMorrisonMP So the PM follows the health advice on stopping protests, but when it comes to overwhelmin…",,
advice,2020-07-22 12:32:34,MelisaB39884862,https://twitter.com/MelisaB39884862,https://twitter.com/i/web/status/1285764644095750146,"RT @AmandaPerram: @sclark_melbs @ScottMorrisonMP So the PM follows the health advice on stopping protests, but when it comes to overwhelmin…",,
advice,2020-07-22 14:58:28,3wombats,https://twitter.com/3wombats,https://twitter.com/i/web/status/1285801360655396864,"RT @AmandaPerram: @sclark_melbs @ScottMorrisonMP So the PM follows the health advice on stopping protests, but when it comes to overwhelmin…",,
advice,2020-07-22 14:59:11,Magpie1954nBird,https://twitter.com/Magpie1954nBird,https://twitter.com/i/web/status/1285801542323331074,"RT @AmandaPerram: @sclark_melbs @ScottMorrisonMP So the PM follows the health advice on stopping protests, but when it comes to overwhelmin…",,
advice,2020-07-22 12:24:13,WgarNews,https://twitter.com/WgarNews,https://twitter.com/i/web/status/1285762543609208833,"RT @AmandaPerram: @sclark_melbs @ScottMorrisonMP So the PM follows the health advice on stopping protests, but when it comes to overwhelmin…",,
advice,2020-07-22 12:09:04,reinedelanuit05,https://twitter.com/reinedelanuit05,https://twitter.com/i/web/status/1285758733000179712,"RT @AmandaPerram: @sclark_melbs @ScottMorrisonMP So the PM follows the health advice on stopping protests, but when it comes to overwhelmin…",,
advice,2020-07-22 14:52:29,BarnsGreg,https://twitter.com/BarnsGreg,https://twitter.com/i/web/status/1285799858721288192,"RT @AmandaPerram: @sclark_melbs @ScottMorrisonMP So the PM follows the health advice on stopping protests, but when it comes to overwhelmin…",,
advice,2020-07-22 16:21:39,DrColinTrainor,https://twitter.com/DrColinTrainor,https://twitter.com/i/web/status/1285822295831744512,"RT @AmandaPerram: @sclark_melbs @ScottMorrisonMP So the PM follows the health advice on stopping protests, but when it comes to overwhelmin…",,
advice,2020-07-22 12:30:05,otmelbourne,https://twitter.com/otmelbourne,https://twitter.com/i/web/status/1285764022483079169,"RT @AmandaPerram: @sclark_melbs @ScottMorrisonMP So the PM follows the health advice on stopping protests, but when it comes to overwhelmin…",,
pandemic,2020-07-22 13:35:49,jazzbby91,https://twitter.com/jazzbby91,https://twitter.com/i/web/status/1285780562783825921,RT @ruthryan: National Mental Health and Wellbeing Pandemic Response Plan: meet the mental health and wellbeing needs of all Australians to…,,
pandemic,2020-07-22 14:23:28,reunitelove,https://twitter.com/reunitelove,https://twitter.com/i/web/status/1285792554693193729,RT @ruthryan: National Mental Health and Wellbeing Pandemic Response Plan: meet the mental health and wellbeing needs of all Australians to…,,
pandemic,2020-07-22 04:35:41,GillPirthi,https://twitter.com/GillPirthi,https://twitter.com/i/web/status/1285644632429338626,RT @ruthryan: National Mental Health and Wellbeing Pandemic Response Plan: meet the mental health and wellbeing needs of all Australians to…,,
pandemic,2020-07-22 02:47:07,ruthryan,https://twitter.com/ruthryan,https://twitter.com/i/web/status/1285617311475478528,National Mental Health and Wellbeing Pandemic Response Plan: meet the mental health and wellbeing needs of all Australians to reduce negative impacts of the pandemic in the short and long-term. @ScottMorrisonMP Reunite loved ones. Put your plan into action. #beyondblue 💔,beyondblue,beyondblue
pandemic,2020-07-24 18:02:45,psygyver,https://twitter.com/psygyver,https://twitter.com/i/web/status/1286572512520830979,"@peter__kay @Roosters1975 @_k_r_g_at_home_ @MomoRocx @COVID_Australia True. Back in the days you could easily switch off tv and radio, but now we have smartphones too. Comes in from every possible way. Mainstream media destroying people's mental health, not pandemic.",,
pandemic,2020-07-27 00:28:16,sreeura,https://twitter.com/sreeura,https://twitter.com/i/web/status/1287394309507964928,RT @ruthryan: National Mental Health and Wellbeing Pandemic Response Plan: meet the mental health and wellbeing needs of all Australians to…,,
healthcare,2020-07-28 19:11:45,puddinandchips,https://twitter.com/puddinandchips,https://twitter.com/i/web/status/1288039429643198464,"@DanielAndrewsMP as a retired mental health nurse, university lecturer and manager with a background in quality in healthcare services in the UK, NZ and Aus (43yrs) I wish to offer my services to your government to assist in the current crisis.",,
healthcare,2020-07-28 14:25:54,KarenGaunson,https://twitter.com/KarenGaunson,https://twitter.com/i/web/status/1287967492774612993,"Early &amp; sustained preparation re healthcare worker wellbeing created resources, peer networks &amp; pathways to mental health clinicians. Are initiatives being adequately resourced to effectively meet need given rising risks? #MindingCOVID #mentate @PKMAUS1 @blackdoginst @GregHuntMP https://t.co/OCtSOF2x1Y",mentate,MindingCOVID
touch,2020-07-22 00:33:12,Frank_McGuire,https://twitter.com/Frank_McGuire,https://twitter.com/i/web/status/1285583609869381632,"RT @healthgovau: Make mental health a priority. Eat well, stay active, stay in touch and seek help if needed.",,
touch,2020-07-24 05:39:02,Cassie638,https://twitter.com/Cassie638,https://twitter.com/i/web/status/1286385351292936193,"RT @healthgovau: Make mental health a priority. Eat well, stay active, stay in touch and seek help if needed.",,
touch,2020-07-24 20:15:39,Clea__Smith,https://twitter.com/Clea__Smith,https://twitter.com/i/web/status/1286605958106345472,"RT @healthgovau: Make mental health a priority. Eat well, stay active, stay in touch and seek help if needed.",,
touch,2020-07-27 07:07:15,ElfinsongCP,https://twitter.com/ElfinsongCP,https://twitter.com/i/web/status/1287494716217466880,"RT @healthgovau: Make mental health a priority. Eat well, stay active, stay in touch and seek help if needed.",,
black,2020-07-27 15:02:45,cadenhelmers,https://twitter.com/cadenhelmers,https://twitter.com/i/web/status/1287614380205412354,Australia's gold medal hopefuls have joined forces to fight the black dog of depression in the wake of a spike in athletes seeking help for their mental health | #sport https://t.co/dlxk7G07S9,sport,sport
black,2020-07-28 14:25:54,KarenGaunson,https://twitter.com/KarenGaunson,https://twitter.com/i/web/status/1287967492774612993,"Early &amp; sustained preparation re healthcare worker wellbeing created resources, peer networks &amp; pathways to mental health clinicians. Are initiatives being adequately resourced to effectively meet need given rising risks? #MindingCOVID #mentate @PKMAUS1 @blackdoginst @GregHuntMP https://t.co/OCtSOF2x1Y",mentate,MindingCOVID
time,2020-07-28 20:36:20,PHLinSydney,https://twitter.com/PHLinSydney,https://twitter.com/i/web/status/1288060716608450561,RT @healthgovau: It’s understandable to feel overwhelmed in uncertain times. If you need some extra mental health information and support d…,,
time,2020-07-28 20:11:27,EvergreenPsych,https://twitter.com/EvergreenPsych,https://twitter.com/i/web/status/1288054455481430016,RT @healthgovau: It’s understandable to feel overwhelmed in uncertain times. If you need some extra mental health information and support d…,,
time,2020-07-23 07:34:10,murphykj1,https://twitter.com/murphykj1,https://twitter.com/i/web/status/1286051939176730624,RT @healthgovau: It’s understandable to feel overwhelmed in uncertain times. If you need some extra mental health information and support d…,,
time,2020-07-28 19:32:21,MontanePS,https://twitter.com/MontanePS,https://twitter.com/i/web/status/1288044615019290625,RT @healthgovau: It’s understandable to feel overwhelmed in uncertain times. If you need some extra mental health information and support d…,,
time,2020-07-23 07:26:45,KatieAllenMP,https://twitter.com/KatieAllenMP,https://twitter.com/i/web/status/1286050072455593985,RT @healthgovau: It’s understandable to feel overwhelmed in uncertain times. If you need some extra mental health information and support d…,,
time,2020-07-23 07:14:09,ruthryan,https://twitter.com/ruthryan,https://twitter.com/i/web/status/1286046902811648001,Good time to invest in companies that make anti-depression medication 💔. #LoveIsNotTourism #beyondblue #DoItLikeDenmark #LoveIsEssential #LiftTheTravelBan #LoveIsEssential @ScottMorrisonMP @AusHumanRights @abcbrisbane @DavidColemanMP @PeterDutton_MP @AndrewLamingMP @reunitelove,beyondblue,LoveIsNotTourism
service,2020-07-24 19:29:36,TahaniHawsawi,https://twitter.com/TahaniHawsawi,https://twitter.com/i/web/status/1286594371408863232,RT @IJMHN: Working with consumers who hear voices: The experience of early career nurses in mental health services in Australia https://t.c…,,
service,2020-07-28 19:11:45,puddinandchips,https://twitter.com/puddinandchips,https://twitter.com/i/web/status/1288039429643198464,"@DanielAndrewsMP as a retired mental health nurse, university lecturer and manager with a background in quality in healthcare services in the UK, NZ and Aus (43yrs) I wish to offer my services to your government to assist in the current crisis.",,
service,2020-07-25 00:59:41,FostKim,https://twitter.com/FostKim,https://twitter.com/i/web/status/1286677440069120002,RT @IJMHN: Working with consumers who hear voices: The experience of early career nurses in mental health services in Australia https://t.c…,,
service,2020-07-25 08:43:19,NWMHgrads,https://twitter.com/NWMHgrads,https://twitter.com/i/web/status/1286794118480289793,RT @IJMHN: Working with consumers who hear voices: The experience of early career nurses in mental health services in Australia https://t.c…,,
spike,2020-07-27 15:02:45,cadenhelmers,https://twitter.com/cadenhelmers,https://twitter.com/i/web/status/1287614380205412354,Australia's gold medal hopefuls have joined forces to fight the black dog of depression in the wake of a spike in athletes seeking help for their mental health | #sport https://t.co/dlxk7G07S9,sport,sport
australia,2020-07-22 19:46:25,oshergunsberg,https://twitter.com/oshergunsberg,https://twitter.com/i/web/status/1285873828887846913,"It's probably pertinent to point out that everyone on the show has full access to mental health professionals as well as support from the Warner Bros. Australia and Network 10 teams before, during and after production. #bachelorinparadiseau",bachelorinparadiseau,bachelorinparadiseau
australia,2020-07-22 10:22:48,tameacapella,https://twitter.com/tameacapella,https://twitter.com/i/web/status/1285731990717771778,RT @TakedownMRAs: Feminists founded the UK's two largest men's mental health charities.  They run Australia's largest body dealing with dep…,,
australia,2020-07-22 13:35:49,jazzbby91,https://twitter.com/jazzbby91,https://twitter.com/i/web/status/1285780562783825921,RT @ruthryan: National Mental Health and Wellbeing Pandemic Response Plan: meet the mental health and wellbeing needs of all Australians to…,,
australia,2020-07-22 14:23:28,reunitelove,https://twitter.com/reunitelove,https://twitter.com/i/web/status/1285792554693193729,RT @ruthryan: National Mental Health and Wellbeing Pandemic Response Plan: meet the mental health and wellbeing needs of all Australians to…,,
australia,2020-07-22 04:35:41,GillPirthi,https://twitter.com/GillPirthi,https://twitter.com/i/web/status/1285644632429338626,RT @ruthryan: National Mental Health and Wellbeing Pandemic Response Plan: meet the mental health and wellbeing needs of all Australians to…,,
australia,2020-07-22 02:47:07,ruthryan,https://twitter.com/ruthryan,https://twitter.com/i/web/status/1285617311475478528,National Mental Health and Wellbeing Pandemic Response Plan: meet the mental health and wellbeing needs of all Australians to reduce negative impacts of the pandemic in the short and long-term. @ScottMorrisonMP Reunite loved ones. Put your plan into action. #beyondblue 💔,beyondblue,beyondblue
australia,2020-07-27 18:37:32,TraceyH66285468,https://twitter.com/TraceyH66285468,https://twitter.com/i/web/status/1287668431156686848,@CuomoKennedy @RepJoeKennedy The US are not alone in this. Australia and many other countries struggle to deal with mental health. It is a continuum from pos to neg and we all travel up and down that line. It's when we stay in the neg for too long that we need help moving up ... not being locked up.,,
australia,2020-07-24 18:02:45,psygyver,https://twitter.com/psygyver,https://twitter.com/i/web/status/1286572512520830979,"@peter__kay @Roosters1975 @_k_r_g_at_home_ @MomoRocx @COVID_Australia True. Back in the days you could easily switch off tv and radio, but now we have smartphones too. Comes in from every possible way. Mainstream media destroying people's mental health, not pandemic.",,
australia,2020-07-24 19:29:36,TahaniHawsawi,https://twitter.com/TahaniHawsawi,https://twitter.com/i/web/status/1286594371408863232,RT @IJMHN: Working with consumers who hear voices: The experience of early career nurses in mental health services in Australia https://t.c…,,
australia,2020-07-27 15:02:45,cadenhelmers,https://twitter.com/cadenhelmers,https://twitter.com/i/web/status/1287614380205412354,Australia's gold medal hopefuls have joined forces to fight the black dog of depression in the wake of a spike in athletes seeking help for their mental health | #sport https://t.co/dlxk7G07S9,sport,sport
national,2020-07-22 13:35:49,jazzbby91,https://twitter.com/jazzbby91,https://twitter.com/i/web/status/1285780562783825921,RT @ruthryan: National Mental Health and Wellbeing Pandemic Response Plan: meet the mental health and wellbeing needs of all Australians to…,,
national,2020-07-22 14:23:28,reunitelove,https://twitter.com/reunitelove,https://twitter.com/i/web/status/1285792554693193729,RT @ruthryan: National Mental Health and Wellbeing Pandemic Response Plan: meet the mental health and wellbeing needs of all Australians to…,,
national,2020-07-22 04:35:41,GillPirthi,https://twitter.com/GillPirthi,https://twitter.com/i/web/status/1285644632429338626,RT @ruthryan: National Mental Health and Wellbeing Pandemic Response Plan: meet the mental health and wellbeing needs of all Australians to…,,
national,2020-07-22 02:47:07,ruthryan,https://twitter.com/ruthryan,https://twitter.com/i/web/status/1285617311475478528,National Mental Health and Wellbeing Pandemic Response Plan: meet the mental health and wellbeing needs of all Australians to reduce negative impacts of the pandemic in the short and long-term. @ScottMorrisonMP Reunite loved ones. Put your plan into action. #beyondblue 💔,beyondblue,beyondblue
national,2020-07-27 00:28:16,sreeura,https://twitter.com/sreeura,https://twitter.com/i/web/status/1287394309507964928,RT @ruthryan: National Mental Health and Wellbeing Pandemic Response Plan: meet the mental health and wellbeing needs of all Australians to…,,
#coronavir,2020-07-28 11:55:07,UQ_COH,https://twitter.com/UQ_COH,https://twitter.com/i/web/status/1287929547116048384,"RT @UQMedicine: Telehealth delivery of an Indigenous mental health program is being trialled by #UQ, so care is not disrupted by #Coronavir…",UQ,UQ
#coronavir,2020-07-28 07:30:22,Aus_Telehealth,https://twitter.com/Aus_Telehealth,https://twitter.com/i/web/status/1287862923642015744,"RT @UQMedicine: Telehealth delivery of an Indigenous mental health program is being trialled by #UQ, so care is not disrupted by #Coronavir…",UQ,UQ
#coronavir,2020-07-27 09:51:39,Brennan_Olsen,https://twitter.com/Brennan_Olsen,https://twitter.com/i/web/status/1287536088303546368,"RT @UQMedicine: Telehealth delivery of an Indigenous mental health program is being trialled by #UQ, so care is not disrupted by #Coronavir…",UQ,UQ
response,2020-07-22 13:35:49,jazzbby91,https://twitter.com/jazzbby91,https://twitter.com/i/web/status/1285780562783825921,RT @ruthryan: National Mental Health and Wellbeing Pandemic Response Plan: meet the mental health and wellbeing needs of all Australians to…,,
response,2020-07-22 14:23:28,reunitelove,https://twitter.com/reunitelove,https://twitter.com/i/web/status/1285792554693193729,RT @ruthryan: National Mental Health and Wellbeing Pandemic Response Plan: meet the mental health and wellbeing needs of all Australians to…,,
response,2020-07-22 04:35:41,GillPirthi,https://twitter.com/GillPirthi,https://twitter.com/i/web/status/1285644632429338626,RT @ruthryan: National Mental Health and Wellbeing Pandemic Response Plan: meet the mental health and wellbeing needs of all Australians to…,,
response,2020-07-22 02:47:07,ruthryan,https://twitter.com/ruthryan,https://twitter.com/i/web/status/1285617311475478528,National Mental Health and Wellbeing Pandemic Response Plan: meet the mental health and wellbeing needs of all Australians to reduce negative impacts of the pandemic in the short and long-term. @ScottMorrisonMP Reunite loved ones. Put your plan into action. #beyondblue 💔,beyondblue,beyondblue
response,2020-07-27 00:28:16,sreeura,https://twitter.com/sreeura,https://twitter.com/i/web/status/1287394309507964928,RT @ruthryan: National Mental Health and Wellbeing Pandemic Response Plan: meet the mental health and wellbeing needs of all Australians to…,,
flexible,2020-07-26 01:32:59,budgetbuscharte,https://twitter.com/budgetbuscharte,https://twitter.com/i/web/status/1287048206098939904,"RT @lonelyplanet: Before you book your flight, make sure the fare is flexible 🙅  https://t.co/ybxRt6zaMv",,
flexible,2020-07-26 20:08:50,budgetbuscharte,https://twitter.com/budgetbuscharte,https://twitter.com/i/web/status/1287329018421764097,"RT @lonelyplanet: Before you book your flight, make sure the fare is flexible 🙅  https://t.co/6I6obAt8ys",,
delivery,2020-07-28 11:55:07,UQ_COH,https://twitter.com/UQ_COH,https://twitter.com/i/web/status/1287929547116048384,"RT @UQMedicine: Telehealth delivery of an Indigenous mental health program is being trialled by #UQ, so care is not disrupted by #Coronavir…",UQ,UQ
delivery,2020-07-28 07:30:22,Aus_Telehealth,https://twitter.com/Aus_Telehealth,https://twitter.com/i/web/status/1287862923642015744,"RT @UQMedicine: Telehealth delivery of an Indigenous mental health program is being trialled by #UQ, so care is not disrupted by #Coronavir…",UQ,UQ
delivery,2020-07-27 09:51:39,Brennan_Olsen,https://twitter.com/Brennan_Olsen,https://twitter.com/i/web/status/1287536088303546368,"RT @UQMedicine: Telehealth delivery of an Indigenous mental health program is being trialled by #UQ, so care is not disrupted by #Coronavir…",UQ,UQ
indigenous,2020-07-28 11:55:07,UQ_COH,https://twitter.com/UQ_COH,https://twitter.com/i/web/status/1287929547116048384,"RT @UQMedicine: Telehealth delivery of an Indigenous mental health program is being trialled by #UQ, so care is not disrupted by #Coronavir…",UQ,UQ
indigenous,2020-07-28 07:30:22,Aus_Telehealth,https://twitter.com/Aus_Telehealth,https://twitter.com/i/web/status/1287862923642015744,"RT @UQMedicine: Telehealth delivery of an Indigenous mental health program is being trialled by #UQ, so care is not disrupted by #Coronavir…",UQ,UQ
indigenous,2020-07-27 09:51:39,Brennan_Olsen,https://twitter.com/Brennan_Olsen,https://twitter.com/i/web/status/1287536088303546368,"RT @UQMedicine: Telehealth delivery of an Indigenous mental health program is being trialled by #UQ, so care is not disrupted by #Coronavir…",UQ,UQ
coronavirus,2020-07-22 13:29:11,DanaScully2,https://twitter.com/DanaScully2,https://twitter.com/i/web/status/1285778892427366400,RT @healthgovau: The impacts of coronavirus are tough and can impact our mental health. We need to make sure we look after ourselves and se…,,
coronavirus,2020-07-22 17:50:47,JRWeaver55,https://twitter.com/JRWeaver55,https://twitter.com/i/web/status/1285844728773177344,RT @healthgovau: The impacts of coronavirus are tough and can impact our mental health. We need to make sure we look after ourselves and se…,,
coronavirus,2020-07-27 13:47:20,Margare37237673,https://twitter.com/Margare37237673,https://twitter.com/i/web/status/1287595401906798592,RT @healthgovau: The impacts of coronavirus are tough and can impact our mental health. We need to make sure we look after ourselves and se…,,
coronavirus,2020-07-26 16:01:43,austin_tash,https://twitter.com/austin_tash,https://twitter.com/i/web/status/1287266832504692737,RT @healthgovau: The impacts of coronavirus are tough and can impact our mental health. We need to make sure we look after ourselves and se…,,
coronavirus,2020-07-25 19:42:47,KylieSaunder,https://twitter.com/KylieSaunder,https://twitter.com/i/web/status/1286960075874025473,RT @healthgovau: The impacts of coronavirus are tough and can impact our mental health. We need to make sure we look after ourselves and se…,,
coronavirus,2020-07-23 16:26:12,DannyBucholtz,https://twitter.com/DannyBucholtz,https://twitter.com/i/web/status/1286185829912547329,RT @healthgovau: The impacts of coronavirus are tough and can impact our mental health. We need to make sure we look after ourselves and se…,,
coronavirus,2020-07-26 18:43:36,ColinRenouf,https://twitter.com/ColinRenouf,https://twitter.com/i/web/status/1287307568533008385,RT @healthgovau: The impacts of coronavirus are tough and can impact our mental health. We need to make sure we look after ourselves and se…,,
coronavirus,2020-07-23 07:21:52,rubin_angela,https://twitter.com/rubin_angela,https://twitter.com/i/web/status/1286048842006241280,RT @healthgovau: The impacts of coronavirus are tough and can impact our mental health. We need to make sure we look after ourselves and se…,,
coronavirus,2020-07-23 11:55:48,QH_FSSlibrary,https://twitter.com/QH_FSSlibrary,https://twitter.com/i/web/status/1286117780727558145,RT @healthgovau: The impacts of coronavirus are tough and can impact our mental health. We need to make sure we look after ourselves and se…,,
coronavirus,2020-07-23 19:30:31,jaynevajones,https://twitter.com/jaynevajones,https://twitter.com/i/web/status/1286232213365723137,RT @healthgovau: The impacts of coronavirus are tough and can impact our mental health. We need to make sure we look after ourselves and se…,,
reunite,2020-07-22 02:47:07,ruthryan,https://twitter.com/ruthryan,https://twitter.com/i/web/status/1285617311475478528,National Mental Health and Wellbeing Pandemic Response Plan: meet the mental health and wellbeing needs of all Australians to reduce negative impacts of the pandemic in the short and long-term. @ScottMorrisonMP Reunite loved ones. Put your plan into action. #beyondblue 💔,beyondblue,beyondblue
reunite,2020-07-27 12:45:40,moni1032,https://twitter.com/moni1032,https://twitter.com/i/web/status/1287579879811117056,"So why can’t we do it like Denmark and safely reunite partners?Too much work to create the policy?Pride of creating a prison island? Xenophobia? Disregard for Australians mental health?Tell us why, don’t be shy. @ScottMorrisonMP @AlanTudgeMP @Birmo @PeterDutton_MP @Smartraveller https://t.co/pquJFe4qT4",,
reunite,2020-07-23 07:14:09,ruthryan,https://twitter.com/ruthryan,https://twitter.com/i/web/status/1286046902811648001,Good time to invest in companies that make anti-depression medication 💔. #LoveIsNotTourism #beyondblue #DoItLikeDenmark #LoveIsEssential #LiftTheTravelBan #LoveIsEssential @ScottMorrisonMP @AusHumanRights @abcbrisbane @DavidColemanMP @PeterDutton_MP @AndrewLamingMP @reunitelove,beyondblue,LoveIsNotTourism
trialled,2020-07-28 11:55:07,UQ_COH,https://twitter.com/UQ_COH,https://twitter.com/i/web/status/1287929547116048384,"RT @UQMedicine: Telehealth delivery of an Indigenous mental health program is being trialled by #UQ, so care is not disrupted by #Coronavir…",UQ,UQ
trialled,2020-07-28 07:30:22,Aus_Telehealth,https://twitter.com/Aus_Telehealth,https://twitter.com/i/web/status/1287862923642015744,"RT @UQMedicine: Telehealth delivery of an Indigenous mental health program is being trialled by #UQ, so care is not disrupted by #Coronavir…",UQ,UQ
trialled,2020-07-27 09:51:39,Brennan_Olsen,https://twitter.com/Brennan_Olsen,https://twitter.com/i/web/status/1287536088303546368,"RT @UQMedicine: Telehealth delivery of an Indigenous mental health program is being trialled by #UQ, so care is not disrupted by #Coronavir…",UQ,UQ
#sport,2020-07-27 15:02:45,cadenhelmers,https://twitter.com/cadenhelmers,https://twitter.com/i/web/status/1287614380205412354,Australia's gold medal hopefuls have joined forces to fight the black dog of depression in the wake of a spike in athletes seeking help for their mental health | #sport https://t.co/dlxk7G07S9,sport,sport
extra,2020-07-28 20:36:20,PHLinSydney,https://twitter.com/PHLinSydney,https://twitter.com/i/web/status/1288060716608450561,RT @healthgovau: It’s understandable to feel overwhelmed in uncertain times. If you need some extra mental health information and support d…,,
extra,2020-07-28 20:11:27,EvergreenPsych,https://twitter.com/EvergreenPsych,https://twitter.com/i/web/status/1288054455481430016,RT @healthgovau: It’s understandable to feel overwhelmed in uncertain times. If you need some extra mental health information and support d…,,
extra,2020-07-23 07:34:10,murphykj1,https://twitter.com/murphykj1,https://twitter.com/i/web/status/1286051939176730624,RT @healthgovau: It’s understandable to feel overwhelmed in uncertain times. If you need some extra mental health information and support d…,,
extra,2020-07-28 19:32:21,MontanePS,https://twitter.com/MontanePS,https://twitter.com/i/web/status/1288044615019290625,RT @healthgovau: It’s understandable to feel overwhelmed in uncertain times. If you need some extra mental health information and support d…,,
extra,2020-07-23 07:26:45,KatieAllenMP,https://twitter.com/KatieAllenMP,https://twitter.com/i/web/status/1286050072455593985,RT @healthgovau: It’s understandable to feel overwhelmed in uncertain times. If you need some extra mental health information and support d…,,
understandable,2020-07-28 20:36:20,PHLinSydney,https://twitter.com/PHLinSydney,https://twitter.com/i/web/status/1288060716608450561,RT @healthgovau: It’s understandable to feel overwhelmed in uncertain times. If you need some extra mental health information and support d…,,
understandable,2020-07-28 20:11:27,EvergreenPsych,https://twitter.com/EvergreenPsych,https://twitter.com/i/web/status/1288054455481430016,RT @healthgovau: It’s understandable to feel overwhelmed in uncertain times. If you need some extra mental health information and support d…,,
understandable,2020-07-23 07:34:10,murphykj1,https://twitter.com/murphykj1,https://twitter.com/i/web/status/1286051939176730624,RT @healthgovau: It’s understandable to feel overwhelmed in uncertain times. If you need some extra mental health information and support d…,,
understandable,2020-07-28 19:32:21,MontanePS,https://twitter.com/MontanePS,https://twitter.com/i/web/status/1288044615019290625,RT @healthgovau: It’s understandable to feel overwhelmed in uncertain times. If you need some extra mental health information and support d…,,
understandable,2020-07-23 07:26:45,KatieAllenMP,https://twitter.com/KatieAllenMP,https://twitter.com/i/web/status/1286050072455593985,RT @healthgovau: It’s understandable to feel overwhelmed in uncertain times. If you need some extra mental health information and support d…,,
impact,2020-07-22 13:29:11,DanaScully2,https://twitter.com/DanaScully2,https://twitter.com/i/web/status/1285778892427366400,RT @healthgovau: The impacts of coronavirus are tough and can impact our mental health. We need to make sure we look after ourselves and se…,,
impact,2020-07-22 17:50:47,JRWeaver55,https://twitter.com/JRWeaver55,https://twitter.com/i/web/status/1285844728773177344,RT @healthgovau: The impacts of coronavirus are tough and can impact our mental health. We need to make sure we look after ourselves and se…,,
impact,2020-07-22 02:47:07,ruthryan,https://twitter.com/ruthryan,https://twitter.com/i/web/status/1285617311475478528,National Mental Health and Wellbeing Pandemic Response Plan: meet the mental health and wellbeing needs of all Australians to reduce negative impacts of the pandemic in the short and long-term. @ScottMorrisonMP Reunite loved ones. Put your plan into action. #beyondblue 💔,beyondblue,beyondblue
impact,2020-07-27 13:47:20,Margare37237673,https://twitter.com/Margare37237673,https://twitter.com/i/web/status/1287595401906798592,RT @healthgovau: The impacts of coronavirus are tough and can impact our mental health. We need to make sure we look after ourselves and se…,,
impact,2020-07-26 16:01:43,austin_tash,https://twitter.com/austin_tash,https://twitter.com/i/web/status/1287266832504692737,RT @healthgovau: The impacts of coronavirus are tough and can impact our mental health. We need to make sure we look after ourselves and se…,,
impact,2020-07-25 19:42:47,KylieSaunder,https://twitter.com/KylieSaunder,https://twitter.com/i/web/status/1286960075874025473,RT @healthgovau: The impacts of coronavirus are tough and can impact our mental health. We need to make sure we look after ourselves and se…,,
impact,2020-07-23 16:26:12,DannyBucholtz,https://twitter.com/DannyBucholtz,https://twitter.com/i/web/status/1286185829912547329,RT @healthgovau: The impacts of coronavirus are tough and can impact our mental health. We need to make sure we look after ourselves and se…,,
impact,2020-07-26 18:43:36,ColinRenouf,https://twitter.com/ColinRenouf,https://twitter.com/i/web/status/1287307568533008385,RT @healthgovau: The impacts of coronavirus are tough and can impact our mental health. We need to make sure we look after ourselves and se…,,
impact,2020-07-23 07:21:52,rubin_angela,https://twitter.com/rubin_angela,https://twitter.com/i/web/status/1286048842006241280,RT @healthgovau: The impacts of coronavirus are tough and can impact our mental health. We need to make sure we look after ourselves and se…,,
impact,2020-07-23 11:55:48,QH_FSSlibrary,https://twitter.com/QH_FSSlibrary,https://twitter.com/i/web/status/1286117780727558145,RT @healthgovau: The impacts of coronavirus are tough and can impact our mental health. We need to make sure we look after ourselves and se…,,
wellbeing,2020-07-22 13:35:49,jazzbby91,https://twitter.com/jazzbby91,https://twitter.com/i/web/status/1285780562783825921,RT @ruthryan: National Mental Health and Wellbeing Pandemic Response Plan: meet the mental health and wellbeing needs of all Australians to…,,
wellbeing,2020-07-22 14:23:28,reunitelove,https://twitter.com/reunitelove,https://twitter.com/i/web/status/1285792554693193729,RT @ruthryan: National Mental Health and Wellbeing Pandemic Response Plan: meet the mental health and wellbeing needs of all Australians to…,,
wellbeing,2020-07-22 04:35:41,GillPirthi,https://twitter.com/GillPirthi,https://twitter.com/i/web/status/1285644632429338626,RT @ruthryan: National Mental Health and Wellbeing Pandemic Response Plan: meet the mental health and wellbeing needs of all Australians to…,,
wellbeing,2020-07-22 02:47:07,ruthryan,https://twitter.com/ruthryan,https://twitter.com/i/web/status/1285617311475478528,National Mental Health and Wellbeing Pandemic Response Plan: meet the mental health and wellbeing needs of all Australians to reduce negative impacts of the pandemic in the short and long-term. @ScottMorrisonMP Reunite loved ones. Put your plan into action. #beyondblue 💔,beyondblue,beyondblue
wellbeing,2020-07-28 14:25:54,KarenGaunson,https://twitter.com/KarenGaunson,https://twitter.com/i/web/status/1287967492774612993,"Early &amp; sustained preparation re healthcare worker wellbeing created resources, peer networks &amp; pathways to mental health clinicians. Are initiatives being adequately resourced to effectively meet need given rising risks? #MindingCOVID #mentate @PKMAUS1 @blackdoginst @GregHuntMP https://t.co/OCtSOF2x1Y",mentate,MindingCOVID
wellbeing,2020-07-27 00:28:16,sreeura,https://twitter.com/sreeura,https://twitter.com/i/web/status/1287394309507964928,RT @ruthryan: National Mental Health and Wellbeing Pandemic Response Plan: meet the mental health and wellbeing needs of all Australians to…,,
uncertain,2020-07-28 20:36:20,PHLinSydney,https://twitter.com/PHLinSydney,https://twitter.com/i/web/status/1288060716608450561,RT @healthgovau: It’s understandable to feel overwhelmed in uncertain times. If you need some extra mental health information and support d…,,
uncertain,2020-07-28 20:11:27,EvergreenPsych,https://twitter.com/EvergreenPsych,https://twitter.com/i/web/status/1288054455481430016,RT @healthgovau: It’s understandable to feel overwhelmed in uncertain times. If you need some extra mental health information and support d…,,
uncertain,2020-07-23 07:34:10,murphykj1,https://twitter.com/murphykj1,https://twitter.com/i/web/status/1286051939176730624,RT @healthgovau: It’s understandable to feel overwhelmed in uncertain times. If you need some extra mental health information and support d…,,
uncertain,2020-07-28 19:32:21,MontanePS,https://twitter.com/MontanePS,https://twitter.com/i/web/status/1288044615019290625,RT @healthgovau: It’s understandable to feel overwhelmed in uncertain times. If you need some extra mental health information and support d…,,
uncertain,2020-07-23 07:26:45,KatieAllenMP,https://twitter.com/KatieAllenMP,https://twitter.com/i/web/status/1286050072455593985,RT @healthgovau: It’s understandable to feel overwhelmed in uncertain times. If you need some extra mental health information and support d…,,
nurse,2020-07-24 19:29:36,TahaniHawsawi,https://twitter.com/TahaniHawsawi,https://twitter.com/i/web/status/1286594371408863232,RT @IJMHN: Working with consumers who hear voices: The experience of early career nurses in mental health services in Australia https://t.c…,,
nurse,2020-07-28 19:11:45,puddinandchips,https://twitter.com/puddinandchips,https://twitter.com/i/web/status/1288039429643198464,"@DanielAndrewsMP as a retired mental health nurse, university lecturer and manager with a background in quality in healthcare services in the UK, NZ and Aus (43yrs) I wish to offer my services to your government to assist in the current crisis.",,
nurse,2020-07-25 00:59:41,FostKim,https://twitter.com/FostKim,https://twitter.com/i/web/status/1286677440069120002,RT @IJMHN: Working with consumers who hear voices: The experience of early career nurses in mental health services in Australia https://t.c…,,
nurse,2020-07-25 08:43:19,NWMHgrads,https://twitter.com/NWMHgrads,https://twitter.com/i/web/status/1286794118480289793,RT @IJMHN: Working with consumers who hear voices: The experience of early career nurses in mental health services in Australia https://t.c…,,
join,2020-07-27 15:02:45,cadenhelmers,https://twitter.com/cadenhelmers,https://twitter.com/i/web/status/1287614380205412354,Australia's gold medal hopefuls have joined forces to fight the black dog of depression in the wake of a spike in athletes seeking help for their mental health | #sport https://t.co/dlxk7G07S9,sport,sport
information,2020-07-28 20:36:20,PHLinSydney,https://twitter.com/PHLinSydney,https://twitter.com/i/web/status/1288060716608450561,RT @healthgovau: It’s understandable to feel overwhelmed in uncertain times. If you need some extra mental health information and support d…,,
information,2020-07-28 20:11:27,EvergreenPsych,https://twitter.com/EvergreenPsych,https://twitter.com/i/web/status/1288054455481430016,RT @healthgovau: It’s understandable to feel overwhelmed in uncertain times. If you need some extra mental health information and support d…,,
information,2020-07-23 07:34:10,murphykj1,https://twitter.com/murphykj1,https://twitter.com/i/web/status/1286051939176730624,RT @healthgovau: It’s understandable to feel overwhelmed in uncertain times. If you need some extra mental health information and support d…,,
information,2020-07-28 19:32:21,MontanePS,https://twitter.com/MontanePS,https://twitter.com/i/web/status/1288044615019290625,RT @healthgovau: It’s understandable to feel overwhelmed in uncertain times. If you need some extra mental health information and support d…,,
information,2020-07-23 07:26:45,KatieAllenMP,https://twitter.com/KatieAllenMP,https://twitter.com/i/web/status/1286050072455593985,RT @healthgovau: It’s understandable to feel overwhelmed in uncertain times. If you need some extra mental health information and support d…,,
tough,2020-07-22 13:29:11,DanaScully2,https://twitter.com/DanaScully2,https://twitter.com/i/web/status/1285778892427366400,RT @healthgovau: The impacts of coronavirus are tough and can impact our mental health. We need to make sure we look after ourselves and se…,,
tough,2020-07-22 17:50:47,JRWeaver55,https://twitter.com/JRWeaver55,https://twitter.com/i/web/status/1285844728773177344,RT @healthgovau: The impacts of coronavirus are tough and can impact our mental health. We need to make sure we look after ourselves and se…,,
tough,2020-07-27 13:47:20,Margare37237673,https://twitter.com/Margare37237673,https://twitter.com/i/web/status/1287595401906798592,RT @healthgovau: The impacts of coronavirus are tough and can impact our mental health. We need to make sure we look after ourselves and se…,,
tough,2020-07-26 16:01:43,austin_tash,https://twitter.com/austin_tash,https://twitter.com/i/web/status/1287266832504692737,RT @healthgovau: The impacts of coronavirus are tough and can impact our mental health. We need to make sure we look after ourselves and se…,,
tough,2020-07-25 19:42:47,KylieSaunder,https://twitter.com/KylieSaunder,https://twitter.com/i/web/status/1286960075874025473,RT @healthgovau: The impacts of coronavirus are tough and can impact our mental health. We need to make sure we look after ourselves and se…,,
tough,2020-07-23 16:26:12,DannyBucholtz,https://twitter.com/DannyBucholtz,https://twitter.com/i/web/status/1286185829912547329,RT @healthgovau: The impacts of coronavirus are tough and can impact our mental health. We need to make sure we look after ourselves and se…,,
tough,2020-07-26 18:43:36,ColinRenouf,https://twitter.com/ColinRenouf,https://twitter.com/i/web/status/1287307568533008385,RT @healthgovau: The impacts of coronavirus are tough and can impact our mental health. We need to make sure we look after ourselves and se…,,
tough,2020-07-23 07:21:52,rubin_angela,https://twitter.com/rubin_angela,https://twitter.com/i/web/status/1286048842006241280,RT @healthgovau: The impacts of coronavirus are tough and can impact our mental health. We need to make sure we look after ourselves and se…,,
tough,2020-07-23 11:55:48,QH_FSSlibrary,https://twitter.com/QH_FSSlibrary,https://twitter.com/i/web/status/1286117780727558145,RT @healthgovau: The impacts of coronavirus are tough and can impact our mental health. We need to make sure we look after ourselves and se…,,
tough,2020-07-23 19:30:31,jaynevajones,https://twitter.com/jaynevajones,https://twitter.com/i/web/status/1286232213365723137,RT @healthgovau: The impacts of coronavirus are tough and can impact our mental health. We need to make sure we look after ourselves and se…,,
come,2020-07-22 15:01:12,Bishop64,https://twitter.com/Bishop64,https://twitter.com/i/web/status/1285802052216479745,"RT @AmandaPerram: @sclark_melbs @ScottMorrisonMP So the PM follows the health advice on stopping protests, but when it comes to overwhelmin…",,
come,2020-07-22 17:05:35,JohnLee84586356,https://twitter.com/JohnLee84586356,https://twitter.com/i/web/status/1285833350586888192,"RT @AmandaPerram: @sclark_melbs @ScottMorrisonMP So the PM follows the health advice on stopping protests, but when it comes to overwhelmin…",,
come,2020-07-22 12:32:34,MelisaB39884862,https://twitter.com/MelisaB39884862,https://twitter.com/i/web/status/1285764644095750146,"RT @AmandaPerram: @sclark_melbs @ScottMorrisonMP So the PM follows the health advice on stopping protests, but when it comes to overwhelmin…",,
come,2020-07-22 14:58:28,3wombats,https://twitter.com/3wombats,https://twitter.com/i/web/status/1285801360655396864,"RT @AmandaPerram: @sclark_melbs @ScottMorrisonMP So the PM follows the health advice on stopping protests, but when it comes to overwhelmin…",,
come,2020-07-22 14:59:11,Magpie1954nBird,https://twitter.com/Magpie1954nBird,https://twitter.com/i/web/status/1285801542323331074,"RT @AmandaPerram: @sclark_melbs @ScottMorrisonMP So the PM follows the health advice on stopping protests, but when it comes to overwhelmin…",,
come,2020-07-22 12:24:13,WgarNews,https://twitter.com/WgarNews,https://twitter.com/i/web/status/1285762543609208833,"RT @AmandaPerram: @sclark_melbs @ScottMorrisonMP So the PM follows the health advice on stopping protests, but when it comes to overwhelmin…",,
come,2020-07-22 12:09:04,reinedelanuit05,https://twitter.com/reinedelanuit05,https://twitter.com/i/web/status/1285758733000179712,"RT @AmandaPerram: @sclark_melbs @ScottMorrisonMP So the PM follows the health advice on stopping protests, but when it comes to overwhelmin…",,
come,2020-07-22 14:52:29,BarnsGreg,https://twitter.com/BarnsGreg,https://twitter.com/i/web/status/1285799858721288192,"RT @AmandaPerram: @sclark_melbs @ScottMorrisonMP So the PM follows the health advice on stopping protests, but when it comes to overwhelmin…",,
come,2020-07-22 16:21:39,DrColinTrainor,https://twitter.com/DrColinTrainor,https://twitter.com/i/web/status/1285822295831744512,"RT @AmandaPerram: @sclark_melbs @ScottMorrisonMP So the PM follows the health advice on stopping protests, but when it comes to overwhelmin…",,
come,2020-07-22 12:30:05,otmelbourne,https://twitter.com/otmelbourne,https://twitter.com/i/web/status/1285764022483079169,"RT @AmandaPerram: @sclark_melbs @ScottMorrisonMP So the PM follows the health advice on stopping protests, but when it comes to overwhelmin…",,
stopping,2020-07-22 15:01:12,Bishop64,https://twitter.com/Bishop64,https://twitter.com/i/web/status/1285802052216479745,"RT @AmandaPerram: @sclark_melbs @ScottMorrisonMP So the PM follows the health advice on stopping protests, but when it comes to overwhelmin…",,
stopping,2020-07-22 17:05:35,JohnLee84586356,https://twitter.com/JohnLee84586356,https://twitter.com/i/web/status/1285833350586888192,"RT @AmandaPerram: @sclark_melbs @ScottMorrisonMP So the PM follows the health advice on stopping protests, but when it comes to overwhelmin…",,
stopping,2020-07-22 12:32:34,MelisaB39884862,https://twitter.com/MelisaB39884862,https://twitter.com/i/web/status/1285764644095750146,"RT @AmandaPerram: @sclark_melbs @ScottMorrisonMP So the PM follows the health advice on stopping protests, but when it comes to overwhelmin…",,
stopping,2020-07-22 14:58:28,3wombats,https://twitter.com/3wombats,https://twitter.com/i/web/status/1285801360655396864,"RT @AmandaPerram: @sclark_melbs @ScottMorrisonMP So the PM follows the health advice on stopping protests, but when it comes to overwhelmin…",,
stopping,2020-07-22 14:59:11,Magpie1954nBird,https://twitter.com/Magpie1954nBird,https://twitter.com/i/web/status/1285801542323331074,"RT @AmandaPerram: @sclark_melbs @ScottMorrisonMP So the PM follows the health advice on stopping protests, but when it comes to overwhelmin…",,
stopping,2020-07-22 12:24:13,WgarNews,https://twitter.com/WgarNews,https://twitter.com/i/web/status/1285762543609208833,"RT @AmandaPerram: @sclark_melbs @ScottMorrisonMP So the PM follows the health advice on stopping protests, but when it comes to overwhelmin…",,
stopping,2020-07-22 12:09:04,reinedelanuit05,https://twitter.com/reinedelanuit05,https://twitter.com/i/web/status/1285758733000179712,"RT @AmandaPerram: @sclark_melbs @ScottMorrisonMP So the PM follows the health advice on stopping protests, but when it comes to overwhelmin…",,
stopping,2020-07-22 14:52:29,BarnsGreg,https://twitter.com/BarnsGreg,https://twitter.com/i/web/status/1285799858721288192,"RT @AmandaPerram: @sclark_melbs @ScottMorrisonMP So the PM follows the health advice on stopping protests, but when it comes to overwhelmin…",,
stopping,2020-07-22 16:21:39,DrColinTrainor,https://twitter.com/DrColinTrainor,https://twitter.com/i/web/status/1285822295831744512,"RT @AmandaPerram: @sclark_melbs @ScottMorrisonMP So the PM follows the health advice on stopping protests, but when it comes to overwhelmin…",,
stopping,2020-07-22 12:30:05,otmelbourne,https://twitter.com/otmelbourne,https://twitter.com/i/web/status/1285764022483079169,"RT @AmandaPerram: @sclark_melbs @ScottMorrisonMP So the PM follows the health advice on stopping protests, but when it comes to overwhelmin…",,
overwhelm,2020-07-22 15:01:12,Bishop64,https://twitter.com/Bishop64,https://twitter.com/i/web/status/1285802052216479745,"RT @AmandaPerram: @sclark_melbs @ScottMorrisonMP So the PM follows the health advice on stopping protests, but when it comes to overwhelmin…",,
overwhelm,2020-07-22 17:05:35,JohnLee84586356,https://twitter.com/JohnLee84586356,https://twitter.com/i/web/status/1285833350586888192,"RT @AmandaPerram: @sclark_melbs @ScottMorrisonMP So the PM follows the health advice on stopping protests, but when it comes to overwhelmin…",,
overwhelm,2020-07-22 12:32:34,MelisaB39884862,https://twitter.com/MelisaB39884862,https://twitter.com/i/web/status/1285764644095750146,"RT @AmandaPerram: @sclark_melbs @ScottMorrisonMP So the PM follows the health advice on stopping protests, but when it comes to overwhelmin…",,
overwhelm,2020-07-22 14:58:28,3wombats,https://twitter.com/3wombats,https://twitter.com/i/web/status/1285801360655396864,"RT @AmandaPerram: @sclark_melbs @ScottMorrisonMP So the PM follows the health advice on stopping protests, but when it comes to overwhelmin…",,
overwhelm,2020-07-22 14:59:11,Magpie1954nBird,https://twitter.com/Magpie1954nBird,https://twitter.com/i/web/status/1285801542323331074,"RT @AmandaPerram: @sclark_melbs @ScottMorrisonMP So the PM follows the health advice on stopping protests, but when it comes to overwhelmin…",,
overwhelm,2020-07-22 12:24:13,WgarNews,https://twitter.com/WgarNews,https://twitter.com/i/web/status/1285762543609208833,"RT @AmandaPerram: @sclark_melbs @ScottMorrisonMP So the PM follows the health advice on stopping protests, but when it comes to overwhelmin…",,
overwhelm,2020-07-22 12:09:04,reinedelanuit05,https://twitter.com/reinedelanuit05,https://twitter.com/i/web/status/1285758733000179712,"RT @AmandaPerram: @sclark_melbs @ScottMorrisonMP So the PM follows the health advice on stopping protests, but when it comes to overwhelmin…",,
overwhelm,2020-07-22 14:52:29,BarnsGreg,https://twitter.com/BarnsGreg,https://twitter.com/i/web/status/1285799858721288192,"RT @AmandaPerram: @sclark_melbs @ScottMorrisonMP So the PM follows the health advice on stopping protests, but when it comes to overwhelmin…",,
overwhelm,2020-07-22 16:21:39,DrColinTrainor,https://twitter.com/DrColinTrainor,https://twitter.com/i/web/status/1285822295831744512,"RT @AmandaPerram: @sclark_melbs @ScottMorrisonMP So the PM follows the health advice on stopping protests, but when it comes to overwhelmin…",,
overwhelm,2020-07-22 12:30:05,otmelbourne,https://twitter.com/otmelbourne,https://twitter.com/i/web/status/1285764022483079169,"RT @AmandaPerram: @sclark_melbs @ScottMorrisonMP So the PM follows the health advice on stopping protests, but when it comes to overwhelmin…",,
support,2020-07-22 19:46:25,oshergunsberg,https://twitter.com/oshergunsberg,https://twitter.com/i/web/status/1285873828887846913,"It's probably pertinent to point out that everyone on the show has full access to mental health professionals as well as support from the Warner Bros. Australia and Network 10 teams before, during and after production. #bachelorinparadiseau",bachelorinparadiseau,bachelorinparadiseau
support,2020-07-28 20:36:20,PHLinSydney,https://twitter.com/PHLinSydney,https://twitter.com/i/web/status/1288060716608450561,RT @healthgovau: It’s understandable to feel overwhelmed in uncertain times. If you need some extra mental health information and support d…,,
support,2020-07-28 20:11:27,EvergreenPsych,https://twitter.com/EvergreenPsych,https://twitter.com/i/web/status/1288054455481430016,RT @healthgovau: It’s understandable to feel overwhelmed in uncertain times. If you need some extra mental health information and support d…,,
support,2020-07-23 07:34:10,murphykj1,https://twitter.com/murphykj1,https://twitter.com/i/web/status/1286051939176730624,RT @healthgovau: It’s understandable to feel overwhelmed in uncertain times. If you need some extra mental health information and support d…,,
support,2020-07-28 19:32:21,MontanePS,https://twitter.com/MontanePS,https://twitter.com/i/web/status/1288044615019290625,RT @healthgovau: It’s understandable to feel overwhelmed in uncertain times. If you need some extra mental health information and support d…,,
support,2020-07-23 07:26:45,KatieAllenMP,https://twitter.com/KatieAllenMP,https://twitter.com/i/web/status/1286050072455593985,RT @healthgovau: It’s understandable to feel overwhelmed in uncertain times. If you need some extra mental health information and support d…,,
overwhelmin,2020-07-22 15:01:12,Bishop64,https://twitter.com/Bishop64,https://twitter.com/i/web/status/1285802052216479745,"RT @AmandaPerram: @sclark_melbs @ScottMorrisonMP So the PM follows the health advice on stopping protests, but when it comes to overwhelmin…",,
overwhelmin,2020-07-22 17:05:35,JohnLee84586356,https://twitter.com/JohnLee84586356,https://twitter.com/i/web/status/1285833350586888192,"RT @AmandaPerram: @sclark_melbs @ScottMorrisonMP So the PM follows the health advice on stopping protests, but when it comes to overwhelmin…",,
overwhelmin,2020-07-22 12:32:34,MelisaB39884862,https://twitter.com/MelisaB39884862,https://twitter.com/i/web/status/1285764644095750146,"RT @AmandaPerram: @sclark_melbs @ScottMorrisonMP So the PM follows the health advice on stopping protests, but when it comes to overwhelmin…",,
overwhelmin,2020-07-22 14:58:28,3wombats,https://twitter.com/3wombats,https://twitter.com/i/web/status/1285801360655396864,"RT @AmandaPerram: @sclark_melbs @ScottMorrisonMP So the PM follows the health advice on stopping protests, but when it comes to overwhelmin…",,
overwhelmin,2020-07-22 14:59:11,Magpie1954nBird,https://twitter.com/Magpie1954nBird,https://twitter.com/i/web/status/1285801542323331074,"RT @AmandaPerram: @sclark_melbs @ScottMorrisonMP So the PM follows the health advice on stopping protests, but when it comes to overwhelmin…",,
overwhelmin,2020-07-22 12:24:13,WgarNews,https://twitter.com/WgarNews,https://twitter.com/i/web/status/1285762543609208833,"RT @AmandaPerram: @sclark_melbs @ScottMorrisonMP So the PM follows the health advice on stopping protests, but when it comes to overwhelmin…",,
overwhelmin,2020-07-22 12:09:04,reinedelanuit05,https://twitter.com/reinedelanuit05,https://twitter.com/i/web/status/1285758733000179712,"RT @AmandaPerram: @sclark_melbs @ScottMorrisonMP So the PM follows the health advice on stopping protests, but when it comes to overwhelmin…",,
overwhelmin,2020-07-22 14:52:29,BarnsGreg,https://twitter.com/BarnsGreg,https://twitter.com/i/web/status/1285799858721288192,"RT @AmandaPerram: @sclark_melbs @ScottMorrisonMP So the PM follows the health advice on stopping protests, but when it comes to overwhelmin…",,
overwhelmin,2020-07-22 16:21:39,DrColinTrainor,https://twitter.com/DrColinTrainor,https://twitter.com/i/web/status/1285822295831744512,"RT @AmandaPerram: @sclark_melbs @ScottMorrisonMP So the PM follows the health advice on stopping protests, but when it comes to overwhelmin…",,
overwhelmin,2020-07-22 12:30:05,otmelbourne,https://twitter.com/otmelbourne,https://twitter.com/i/web/status/1285764022483079169,"RT @AmandaPerram: @sclark_melbs @ScottMorrisonMP So the PM follows the health advice on stopping protests, but when it comes to overwhelmin…",,
medal,2020-07-27 15:02:45,cadenhelmers,https://twitter.com/cadenhelmers,https://twitter.com/i/web/status/1287614380205412354,Australia's gold medal hopefuls have joined forces to fight the black dog of depression in the wake of a spike in athletes seeking help for their mental health | #sport https://t.co/dlxk7G07S9,sport,sport
create,2020-07-28 14:25:54,KarenGaunson,https://twitter.com/KarenGaunson,https://twitter.com/i/web/status/1287967492774612993,"Early &amp; sustained preparation re healthcare worker wellbeing created resources, peer networks &amp; pathways to mental health clinicians. Are initiatives being adequately resourced to effectively meet need given rising risks? #MindingCOVID #mentate @PKMAUS1 @blackdoginst @GregHuntMP https://t.co/OCtSOF2x1Y",mentate,MindingCOVID
create,2020-07-27 12:45:40,moni1032,https://twitter.com/moni1032,https://twitter.com/i/web/status/1287579879811117056,"So why can’t we do it like Denmark and safely reunite partners?Too much work to create the policy?Pride of creating a prison island? Xenophobia? Disregard for Australians mental health?Tell us why, don’t be shy. @ScottMorrisonMP @AlanTudgeMP @Birmo @PeterDutton_MP @Smartraveller https://t.co/pquJFe4qT4",,
program,2020-07-28 11:55:07,UQ_COH,https://twitter.com/UQ_COH,https://twitter.com/i/web/status/1287929547116048384,"RT @UQMedicine: Telehealth delivery of an Indigenous mental health program is being trialled by #UQ, so care is not disrupted by #Coronavir…",UQ,UQ
program,2020-07-28 07:30:22,Aus_Telehealth,https://twitter.com/Aus_Telehealth,https://twitter.com/i/web/status/1287862923642015744,"RT @UQMedicine: Telehealth delivery of an Indigenous mental health program is being trialled by #UQ, so care is not disrupted by #Coronavir…",UQ,UQ
program,2020-07-27 09:51:39,Brennan_Olsen,https://twitter.com/Brennan_Olsen,https://twitter.com/i/web/status/1287536088303546368,"RT @UQMedicine: Telehealth delivery of an Indigenous mental health program is being trialled by #UQ, so care is not disrupted by #Coronavir…",UQ,UQ
active,2020-07-22 00:33:12,Frank_McGuire,https://twitter.com/Frank_McGuire,https://twitter.com/i/web/status/1285583609869381632,"RT @healthgovau: Make mental health a priority. Eat well, stay active, stay in touch and seek help if needed.",,
active,2020-07-24 05:39:02,Cassie638,https://twitter.com/Cassie638,https://twitter.com/i/web/status/1286385351292936193,"RT @healthgovau: Make mental health a priority. Eat well, stay active, stay in touch and seek help if needed.",,
active,2020-07-24 20:15:39,Clea__Smith,https://twitter.com/Clea__Smith,https://twitter.com/i/web/status/1286605958106345472,"RT @healthgovau: Make mental health a priority. Eat well, stay active, stay in touch and seek help if needed.",,
active,2020-07-27 07:07:15,ElfinsongCP,https://twitter.com/ElfinsongCP,https://twitter.com/i/web/status/1287494716217466880,"RT @healthgovau: Make mental health a priority. Eat well, stay active, stay in touch and seek help if needed.",,
priority,2020-07-22 00:33:12,Frank_McGuire,https://twitter.com/Frank_McGuire,https://twitter.com/i/web/status/1285583609869381632,"RT @healthgovau: Make mental health a priority. Eat well, stay active, stay in touch and seek help if needed.",,
priority,2020-07-24 05:39:02,Cassie638,https://twitter.com/Cassie638,https://twitter.com/i/web/status/1286385351292936193,"RT @healthgovau: Make mental health a priority. Eat well, stay active, stay in touch and seek help if needed.",,
priority,2020-07-24 20:15:39,Clea__Smith,https://twitter.com/Clea__Smith,https://twitter.com/i/web/status/1286605958106345472,"RT @healthgovau: Make mental health a priority. Eat well, stay active, stay in touch and seek help if needed.",,
priority,2020-07-27 07:07:15,ElfinsongCP,https://twitter.com/ElfinsongCP,https://twitter.com/i/web/status/1287494716217466880,"RT @healthgovau: Make mental health a priority. Eat well, stay active, stay in touch and seek help if needed.",,
australian,2020-07-22 13:35:49,jazzbby91,https://twitter.com/jazzbby91,https://twitter.com/i/web/status/1285780562783825921,RT @ruthryan: National Mental Health and Wellbeing Pandemic Response Plan: meet the mental health and wellbeing needs of all Australians to…,,
australian,2020-07-22 14:23:28,reunitelove,https://twitter.com/reunitelove,https://twitter.com/i/web/status/1285792554693193729,RT @ruthryan: National Mental Health and Wellbeing Pandemic Response Plan: meet the mental health and wellbeing needs of all Australians to…,,
australian,2020-07-22 04:35:41,GillPirthi,https://twitter.com/GillPirthi,https://twitter.com/i/web/status/1285644632429338626,RT @ruthryan: National Mental Health and Wellbeing Pandemic Response Plan: meet the mental health and wellbeing needs of all Australians to…,,
australian,2020-07-22 02:47:07,ruthryan,https://twitter.com/ruthryan,https://twitter.com/i/web/status/1285617311475478528,National Mental Health and Wellbeing Pandemic Response Plan: meet the mental health and wellbeing needs of all Australians to reduce negative impacts of the pandemic in the short and long-term. @ScottMorrisonMP Reunite loved ones. Put your plan into action. #beyondblue 💔,beyondblue,beyondblue
australian,2020-07-28 14:14:39,JarrydBartle,https://twitter.com/JarrydBartle,https://twitter.com/i/web/status/1287964661124456449,"@msi1705 There are a lot of myths about male mental health and suicide in Australia. The idea that men bottle up emotions and don't seek help isn't exactly correct.  Here's the Australian Men’s Health Forum, the peak body for men’s health in Australia:  https://t.co/kxe0lo9tmx",,
australian,2020-07-27 00:28:16,sreeura,https://twitter.com/sreeura,https://twitter.com/i/web/status/1287394309507964928,RT @ruthryan: National Mental Health and Wellbeing Pandemic Response Plan: meet the mental health and wellbeing needs of all Australians to…,,
australian,2020-07-27 12:45:40,moni1032,https://twitter.com/moni1032,https://twitter.com/i/web/status/1287579879811117056,"So why can’t we do it like Denmark and safely reunite partners?Too much work to create the policy?Pride of creating a prison island? Xenophobia? Disregard for Australians mental health?Tell us why, don’t be shy. @ScottMorrisonMP @AlanTudgeMP @Birmo @PeterDutton_MP @Smartraveller https://t.co/pquJFe4qT4",,
