Topic,word1,word2,word3,word4,word5,word6,word7,word8,word9,word10
Topic 1,restriction,support,beyond,victorian,important,announce,access,release,additional,medium
Topic 2,people,anxiety,session,number,psychology,support,fear,limit,medicare-funded,please
Topic 3,support,available,resource,#covid19aus,include,particularly,line,valuable,load,extra
Topic 4,tough,impact,support,wellbeing,coronavirus,today,people,different,others,proud
Topic 5,please,alone,sorry,anxiety,always,answer,trust,lifeline,contact,number
