Topic,word1,word2,word3,word4,word5,word6,word7,word8,word9,word10
Topic 1,lockdown,melbourne,public,second,support,fear,spark,social,month,australia
Topic 2,australian,important,social,pandemic,government,australia,depression,damage,current,measure
Topic 3,australia,lockdown,increase,victoria,getting,interview,middle,today,anxiety,struggle
Topic 4,people,anxiety,remove,support,remote,community,service,notice,social,arnhem
Topic 5,case,victoria,depression,death,believe,maybe,today,system-based,physical,great
