Topic,word1,word2,word3,word4,word5,word6,word7,word8,word9,word10
Topic 1,depression,anxiety,border,stress,world,unique,sector,economy,investment,pole-axed
Topic 2,suicide,additional,medicare,priority,subsidise,prevention,remain,provide,family,#afairgoforlove
Topic 3,impact,coronavirus,tough,following,going,indigenous,disability,sector,better,include
Topic 4,#removethecap,#afairgoforlove,#loveisnottoursim,lover,famili,covid,australian,citizen,serious,partner
Topic 5,restriction,impact,stress,covid,government,coronavirus,tough,anxious,telehealt,morrison
