keyword,created_at_local_time,screen_name,user_URL,tweet_URL,tweet_text,hashtag1,hashtag2
prospect,2020-09-20 12:00:57,jvb2065,https://twitter.com/jvb2065,https://twitter.com/i/web/status/1307499960913424386,"RT @PatMcGorry: Given the current prospects for this emerging generation, it’s time for a national youth recovery strategy with economic, v…",,
prospect,2020-09-20 11:47:44,EstherRockett,https://twitter.com/EstherRockett,https://twitter.com/i/web/status/1307496635656593410,"RT @PatMcGorry: Given the current prospects for this emerging generation, it’s time for a national youth recovery strategy with economic, v…",,
prospect,2020-09-20 10:39:16,PatMcGorry,https://twitter.com/PatMcGorry,https://twitter.com/i/web/status/1307479405879418881,"Given the current prospects for this emerging generation, it’s time for a national youth recovery strategy with economic, vocational and mental health as key pillars. Will National Cabinet please consider this? @ScottMorrisonMP @DanielAndrewsMP @GladysB https://t.co/5dMtzRUNow",,
prospect,2020-09-20 13:37:41,imo_bell,https://twitter.com/imo_bell,https://twitter.com/i/web/status/1307524302644813824,"RT @PatMcGorry: Given the current prospects for this emerging generation, it’s time for a national youth recovery strategy with economic, v…",,
prospect,2020-09-20 17:21:40,begcrochet,https://twitter.com/begcrochet,https://twitter.com/i/web/status/1307580673545306112,"RT @PatMcGorry: Given the current prospects for this emerging generation, it’s time for a national youth recovery strategy with economic, v…",,
prospect,2020-09-20 11:57:08,pauline_mh1,https://twitter.com/pauline_mh1,https://twitter.com/i/web/status/1307499001076305920,"RT @PatMcGorry: Given the current prospects for this emerging generation, it’s time for a national youth recovery strategy with economic, v…",,
prospect,2020-09-20 11:38:33,Dpeters1977,https://twitter.com/Dpeters1977,https://twitter.com/i/web/status/1307494323533955075,"RT @PatMcGorry: Given the current prospects for this emerging generation, it’s time for a national youth recovery strategy with economic, v…",,
prospect,2020-09-20 10:45:39,benksilvester,https://twitter.com/benksilvester,https://twitter.com/i/web/status/1307481012293623808,"RT @PatMcGorry: Given the current prospects for this emerging generation, it’s time for a national youth recovery strategy with economic, v…",,
anxiety,2020-09-22 15:11:13,dana_advocacy,https://twitter.com/dana_advocacy,https://twitter.com/i/web/status/1308272618202570752,"RT @PWDAustralia: Ms Griffiths describes anxiety, thinking it was her fault. She asked for help from workers, parents, NSW Ombudsman's offi…",,
anxiety,2020-09-16 19:11:00,JoRobinson_Aus,https://twitter.com/JoRobinson_Aus,https://twitter.com/i/web/status/1306158636473880576,RT @Mental_Elf: Transgender discrimination and stigma: links to anxiety and depression https://t.co/tKiMMwW9UQ https://t.co/4gZUNY2R6o,,
anxiety,2020-09-22 11:08:55,MJA_Editor,https://twitter.com/MJA_Editor,https://twitter.com/i/web/status/1308211641620680705,RT @MayoClinic: #SocialAnxietyDisorder is one of the most common anxiety disorders. An estimated 12 percent of the population experiences i…,SocialAnxietyDisorder,SocialAnxietyDisorder
anxiety,2020-09-18 11:00:05,RANZCP,https://twitter.com/RANZCP,https://twitter.com/i/web/status/1306759867458351106,Learn how to control anxiety whenever you experience it. Try this breathing exercise to help alleviate your anxiety.  If your anxiety continues talk with your GP and ask if a referral to a psychiatrist is right for you. For more information visit https://t.co/pTAKDMK41P https://t.co/3nrwycW3dN,,
anxiety,2020-09-17 11:48:14,hazard_damien,https://twitter.com/hazard_damien,https://twitter.com/i/web/status/1306409598597750784,RT @DanielBleakley: @ScottMorrisonMP @PatMcGorry @orygen_aus One of the biggest causes of mental health problems in young people is anxiety…,,
anxiety,2020-09-21 15:15:10,sreeura,https://twitter.com/sreeura,https://twitter.com/i/web/status/1307911224361807873,RT @shabnam85022793: I've n thought I would have to face stress and anxiety to get Aus visa to study and do engineering research.many Irani…,,
anxiety,2020-09-17 21:10:57,CrunchieKimochi,https://twitter.com/CrunchieKimochi,https://twitter.com/i/web/status/1306551207553429504,"RT @PugliePug: WHEW! Some days anxiety just gets the best of you. It's okay, you're not alone. 💖 Anyone else get the nervous poots??? https…",,
anxiety,2020-09-18 16:38:09,jazzbby91,https://twitter.com/jazzbby91,https://twitter.com/i/web/status/1306844945580318720,@autumn_daze00 I think it was a bit like Haruka/Rin? My parents put me in the water 2 weeks after I learned to walk and as I got older they were like “oh she’s fast???” So I just got encouraged into competitions and I swam for my school later on but it always gave me awful anxiety???,,
anxiety,2020-09-21 22:19:07,LeanneTogher,https://twitter.com/LeanneTogher,https://twitter.com/i/web/status/1308017913752772608,RT @lex_stapinski: Now online: #integrated #CBT for comorbid #socialanxiety &amp; #alcoholuse resulted in equivalent drinking reductions &amp; impr…,alcoholuse,socialanxiety
anxiety,2020-09-17 11:38:27,tassie_JR,https://twitter.com/tassie_JR,https://twitter.com/i/web/status/1306407133110349824,RT @DanielBleakley: @ScottMorrisonMP @PatMcGorry @orygen_aus One of the biggest causes of mental health problems in young people is anxiety…,,
#bringushome,2020-09-18 10:40:27,sreeura,https://twitter.com/sreeura,https://twitter.com/i/web/status/1306754927872454656,RT @janesuzy: I totally agree. #BringUsHome! It’s 7 months and high time. @ScottMorrisonMP you asked us to be patient but no more. Our ment…,BringUsHome,BringUsHome
#bringushome,2020-09-18 22:03:50,tall_rach,https://twitter.com/tall_rach,https://twitter.com/i/web/status/1306926903979200512,RT @janesuzy: I totally agree. #BringUsHome! It’s 7 months and high time. @ScottMorrisonMP you asked us to be patient but no more. Our ment…,BringUsHome,BringUsHome
#bringushome,2020-09-18 02:08:11,janesuzy,https://twitter.com/janesuzy,https://twitter.com/i/web/status/1306626012239638528,I totally agree. #BringUsHome! It’s 7 months and high time. @ScottMorrisonMP you asked us to be patient but no more. Our mental health and livelihood is at risk.#RemoveCaps @dfat @SenatorWong @AusBorderForce @AusHCIndia @cnni @MarisePayne @KKeneally @PeterDutton_MP @abcnews @WHO https://t.co/q8KbLKXeBf,BringUsHome,RemoveCaps
#bringushome,2020-09-19 02:02:03,marlinpaz,https://twitter.com/marlinpaz,https://twitter.com/i/web/status/1306986854693187585,RT @janesuzy: I totally agree. #BringUsHome! It’s 7 months and high time. @ScottMorrisonMP you asked us to be patient but no more. Our ment…,BringUsHome,BringUsHome
totally,2020-09-18 10:40:27,sreeura,https://twitter.com/sreeura,https://twitter.com/i/web/status/1306754927872454656,RT @janesuzy: I totally agree. #BringUsHome! It’s 7 months and high time. @ScottMorrisonMP you asked us to be patient but no more. Our ment…,BringUsHome,BringUsHome
totally,2020-09-18 22:03:50,tall_rach,https://twitter.com/tall_rach,https://twitter.com/i/web/status/1306926903979200512,RT @janesuzy: I totally agree. #BringUsHome! It’s 7 months and high time. @ScottMorrisonMP you asked us to be patient but no more. Our ment…,BringUsHome,BringUsHome
totally,2020-09-18 02:08:11,janesuzy,https://twitter.com/janesuzy,https://twitter.com/i/web/status/1306626012239638528,I totally agree. #BringUsHome! It’s 7 months and high time. @ScottMorrisonMP you asked us to be patient but no more. Our mental health and livelihood is at risk.#RemoveCaps @dfat @SenatorWong @AusBorderForce @AusHCIndia @cnni @MarisePayne @KKeneally @PeterDutton_MP @abcnews @WHO https://t.co/q8KbLKXeBf,BringUsHome,RemoveCaps
totally,2020-09-19 02:02:03,marlinpaz,https://twitter.com/marlinpaz,https://twitter.com/i/web/status/1306986854693187585,RT @janesuzy: I totally agree. #BringUsHome! It’s 7 months and high time. @ScottMorrisonMP you asked us to be patient but no more. Our ment…,BringUsHome,BringUsHome
support,2020-09-19 17:38:08,KSeibertAu,https://twitter.com/KSeibertAu,https://twitter.com/i/web/status/1307222429744263168,RT @healthgovau: Looking for mental health support but not sure where to start? Sam the chatbot can help. All you need to do is answer some…,,
support,2020-09-19 17:36:13,dana_advocacy,https://twitter.com/dana_advocacy,https://twitter.com/i/web/status/1307221943909675008,RT @healthgovau: Looking for mental health support but not sure where to start? Sam the chatbot can help. All you need to do is answer some…,,
support,2020-09-19 17:52:30,BrogdenLucy,https://twitter.com/BrogdenLucy,https://twitter.com/i/web/status/1307226043250425856,RT @healthgovau: Looking for mental health support but not sure where to start? Sam the chatbot can help. All you need to do is answer some…,,
support,2020-09-19 18:05:28,MJA_Editor,https://twitter.com/MJA_Editor,https://twitter.com/i/web/status/1307229306582528001,RT @healthgovau: Looking for mental health support but not sure where to start? Sam the chatbot can help. All you need to do is answer some…,,
support,2020-09-19 17:46:54,Dpeters1977,https://twitter.com/Dpeters1977,https://twitter.com/i/web/status/1307224634660540416,RT @healthgovau: Looking for mental health support but not sure where to start? Sam the chatbot can help. All you need to do is answer some…,,
support,2020-09-22 11:02:11,fincapau,https://twitter.com/fincapau,https://twitter.com/i/web/status/1308209947872698368,RT @NCCgovau: See this @healthgovau fact sheet for information on mental health and wellbeing support for employees during the COVID-19 pan…,,
support,2020-09-18 11:48:38,NCCgovau,https://twitter.com/NCCgovau,https://twitter.com/i/web/status/1306772086224949252,See this @healthgovau fact sheet for information on mental health and wellbeing support for employees during the COVID-19 pandemic https://t.co/hPOsSxasRZ #covid19australia https://t.co/LtUAd5M8Tl,covid19australia,covid19australia
support,2020-09-17 22:01:55,HarrisHeidi,https://twitter.com/HarrisHeidi,https://twitter.com/i/web/status/1306564036981436416,"RT @GregHuntMP: If you are concerned about your mental health and wellbeing, support is available. Please reach out to your GP. https://t.c…",,
support,2020-09-22 06:39:16,JoRobinson_Aus,https://twitter.com/JoRobinson_Aus,https://twitter.com/i/web/status/1308143780868972550,"RT @NIMHDirector: A @NIMHgov-supported study found that gender minority college students had significantly higher rates of depression, suic…",,
support,2020-09-22 10:03:12,RosesInTheOcean,https://twitter.com/RosesInTheOcean,https://twitter.com/i/web/status/1308195104927019008,"RT @NIMHDirector: A @NIMHgov-supported study found that gender minority college students had significantly higher rates of depression, suic…",,
reveal,2020-09-22 08:35:45,BeerBlokes,https://twitter.com/BeerBlokes,https://twitter.com/i/web/status/1308173097506226176,RT @AndrewWilsmore: More proof: An Adelaide wastewater analysis has revealed South Australians drank significantly less during the strict…,,
reveal,2020-09-22 11:22:42,ClubsACT,https://twitter.com/ClubsACT,https://twitter.com/i/web/status/1308215110255562752,RT @AndrewWilsmore: More proof: An Adelaide wastewater analysis has revealed South Australians drank significantly less during the strict…,,
reveal,2020-09-22 08:33:49,AndrewWilsmore,https://twitter.com/AndrewWilsmore,https://twitter.com/i/web/status/1308172610480422912,"More proof: An Adelaide wastewater analysis has revealed South Australians drank significantly less during the strict COVID-19 lockdown, despite suggestions people drank more while heavy restrictions were in place https://t.co/hPcsxoqtt8",,
reveal,2020-09-22 10:39:02,CAPRAustralia,https://twitter.com/CAPRAustralia,https://twitter.com/i/web/status/1308204119748820992,A study of wastewater during the COVID-19 lockdown in April reveals South Australians drank less alcohol during heavy restrictions https://t.co/bUNDP6Kq5T,,
sadly,2020-09-16 16:27:52,ObserverParafox,https://twitter.com/ObserverParafox,https://twitter.com/i/web/status/1306117583163150336,"RT @DrGrinzi: I am currently seeing an enormous amount of mental health consultations.  Sadly, I will be notifying my patients that from Oc…",,
sadly,2020-09-16 11:20:57,DrKathlWild,https://twitter.com/DrKathlWild,https://twitter.com/i/web/status/1306040344199397377,"RT @DrGrinzi: I am currently seeing an enormous amount of mental health consultations.  Sadly, I will be notifying my patients that from Oc…",,
sadly,2020-09-17 10:27:24,VicAusMidwife,https://twitter.com/VicAusMidwife,https://twitter.com/i/web/status/1306389255564918790,"RT @DrGrinzi: I am currently seeing an enormous amount of mental health consultations.  Sadly, I will be notifying my patients that from Oc…",,
sadly,2020-09-18 12:44:45,supergeepbec,https://twitter.com/supergeepbec,https://twitter.com/i/web/status/1306786205904891905,"RT @DrGrinzi: I am currently seeing an enormous amount of mental health consultations.  Sadly, I will be notifying my patients that from Oc…",,
sadly,2020-09-16 14:37:45,ozjohnd,https://twitter.com/ozjohnd,https://twitter.com/i/web/status/1306089869316243457,"RT @DrGrinzi: I am currently seeing an enormous amount of mental health consultations.  Sadly, I will be notifying my patients that from Oc…",,
sadly,2020-09-16 13:15:17,Sir_Vickz,https://twitter.com/Sir_Vickz,https://twitter.com/i/web/status/1306069116072067078,"RT @DrGrinzi: I am currently seeing an enormous amount of mental health consultations.  Sadly, I will be notifying my patients that from Oc…",,
sadly,2020-09-16 13:34:37,JohnACrimmins,https://twitter.com/JohnACrimmins,https://twitter.com/i/web/status/1306073981280108546,"RT @DrGrinzi: I am currently seeing an enormous amount of mental health consultations.  Sadly, I will be notifying my patients that from Oc…",,
sadly,2020-09-16 11:06:47,johnsalmond,https://twitter.com/johnsalmond,https://twitter.com/i/web/status/1306036776868311045,"RT @DrGrinzi: I am currently seeing an enormous amount of mental health consultations.  Sadly, I will be notifying my patients that from Oc…",,
sadly,2020-09-16 22:45:21,NjbBari3,https://twitter.com/NjbBari3,https://twitter.com/i/web/status/1306212576192114689,"RT @DrGrinzi: I am currently seeing an enormous amount of mental health consultations.  Sadly, I will be notifying my patients that from Oc…",,
sadly,2020-09-16 11:35:12,TheWillowGhost,https://twitter.com/TheWillowGhost,https://twitter.com/i/web/status/1306043927175114752,"RT @DrGrinzi: I am currently seeing an enormous amount of mental health consultations.  Sadly, I will be notifying my patients that from Oc…",,
given,2020-09-20 12:00:57,jvb2065,https://twitter.com/jvb2065,https://twitter.com/i/web/status/1307499960913424386,"RT @PatMcGorry: Given the current prospects for this emerging generation, it’s time for a national youth recovery strategy with economic, v…",,
given,2020-09-20 11:47:44,EstherRockett,https://twitter.com/EstherRockett,https://twitter.com/i/web/status/1307496635656593410,"RT @PatMcGorry: Given the current prospects for this emerging generation, it’s time for a national youth recovery strategy with economic, v…",,
given,2020-09-20 10:39:16,PatMcGorry,https://twitter.com/PatMcGorry,https://twitter.com/i/web/status/1307479405879418881,"Given the current prospects for this emerging generation, it’s time for a national youth recovery strategy with economic, vocational and mental health as key pillars. Will National Cabinet please consider this? @ScottMorrisonMP @DanielAndrewsMP @GladysB https://t.co/5dMtzRUNow",,
given,2020-09-20 13:37:41,imo_bell,https://twitter.com/imo_bell,https://twitter.com/i/web/status/1307524302644813824,"RT @PatMcGorry: Given the current prospects for this emerging generation, it’s time for a national youth recovery strategy with economic, v…",,
given,2020-09-20 17:21:40,begcrochet,https://twitter.com/begcrochet,https://twitter.com/i/web/status/1307580673545306112,"RT @PatMcGorry: Given the current prospects for this emerging generation, it’s time for a national youth recovery strategy with economic, v…",,
given,2020-09-20 11:57:08,pauline_mh1,https://twitter.com/pauline_mh1,https://twitter.com/i/web/status/1307499001076305920,"RT @PatMcGorry: Given the current prospects for this emerging generation, it’s time for a national youth recovery strategy with economic, v…",,
given,2020-09-20 11:38:33,Dpeters1977,https://twitter.com/Dpeters1977,https://twitter.com/i/web/status/1307494323533955075,"RT @PatMcGorry: Given the current prospects for this emerging generation, it’s time for a national youth recovery strategy with economic, v…",,
given,2020-09-20 10:45:39,benksilvester,https://twitter.com/benksilvester,https://twitter.com/i/web/status/1307481012293623808,"RT @PatMcGorry: Given the current prospects for this emerging generation, it’s time for a national youth recovery strategy with economic, v…",,
strategy,2020-09-20 12:00:57,jvb2065,https://twitter.com/jvb2065,https://twitter.com/i/web/status/1307499960913424386,"RT @PatMcGorry: Given the current prospects for this emerging generation, it’s time for a national youth recovery strategy with economic, v…",,
strategy,2020-09-20 11:47:44,EstherRockett,https://twitter.com/EstherRockett,https://twitter.com/i/web/status/1307496635656593410,"RT @PatMcGorry: Given the current prospects for this emerging generation, it’s time for a national youth recovery strategy with economic, v…",,
strategy,2020-09-20 10:39:16,PatMcGorry,https://twitter.com/PatMcGorry,https://twitter.com/i/web/status/1307479405879418881,"Given the current prospects for this emerging generation, it’s time for a national youth recovery strategy with economic, vocational and mental health as key pillars. Will National Cabinet please consider this? @ScottMorrisonMP @DanielAndrewsMP @GladysB https://t.co/5dMtzRUNow",,
strategy,2020-09-20 13:37:41,imo_bell,https://twitter.com/imo_bell,https://twitter.com/i/web/status/1307524302644813824,"RT @PatMcGorry: Given the current prospects for this emerging generation, it’s time for a national youth recovery strategy with economic, v…",,
strategy,2020-09-20 17:21:40,begcrochet,https://twitter.com/begcrochet,https://twitter.com/i/web/status/1307580673545306112,"RT @PatMcGorry: Given the current prospects for this emerging generation, it’s time for a national youth recovery strategy with economic, v…",,
strategy,2020-09-20 11:57:08,pauline_mh1,https://twitter.com/pauline_mh1,https://twitter.com/i/web/status/1307499001076305920,"RT @PatMcGorry: Given the current prospects for this emerging generation, it’s time for a national youth recovery strategy with economic, v…",,
strategy,2020-09-20 11:38:33,Dpeters1977,https://twitter.com/Dpeters1977,https://twitter.com/i/web/status/1307494323533955075,"RT @PatMcGorry: Given the current prospects for this emerging generation, it’s time for a national youth recovery strategy with economic, v…",,
strategy,2020-09-20 10:45:39,benksilvester,https://twitter.com/benksilvester,https://twitter.com/i/web/status/1307481012293623808,"RT @PatMcGorry: Given the current prospects for this emerging generation, it’s time for a national youth recovery strategy with economic, v…",,
enormous,2020-09-16 16:27:52,ObserverParafox,https://twitter.com/ObserverParafox,https://twitter.com/i/web/status/1306117583163150336,"RT @DrGrinzi: I am currently seeing an enormous amount of mental health consultations.  Sadly, I will be notifying my patients that from Oc…",,
enormous,2020-09-16 11:20:57,DrKathlWild,https://twitter.com/DrKathlWild,https://twitter.com/i/web/status/1306040344199397377,"RT @DrGrinzi: I am currently seeing an enormous amount of mental health consultations.  Sadly, I will be notifying my patients that from Oc…",,
enormous,2020-09-17 10:27:24,VicAusMidwife,https://twitter.com/VicAusMidwife,https://twitter.com/i/web/status/1306389255564918790,"RT @DrGrinzi: I am currently seeing an enormous amount of mental health consultations.  Sadly, I will be notifying my patients that from Oc…",,
enormous,2020-09-18 12:44:45,supergeepbec,https://twitter.com/supergeepbec,https://twitter.com/i/web/status/1306786205904891905,"RT @DrGrinzi: I am currently seeing an enormous amount of mental health consultations.  Sadly, I will be notifying my patients that from Oc…",,
enormous,2020-09-16 14:37:45,ozjohnd,https://twitter.com/ozjohnd,https://twitter.com/i/web/status/1306089869316243457,"RT @DrGrinzi: I am currently seeing an enormous amount of mental health consultations.  Sadly, I will be notifying my patients that from Oc…",,
enormous,2020-09-16 13:15:17,Sir_Vickz,https://twitter.com/Sir_Vickz,https://twitter.com/i/web/status/1306069116072067078,"RT @DrGrinzi: I am currently seeing an enormous amount of mental health consultations.  Sadly, I will be notifying my patients that from Oc…",,
enormous,2020-09-16 13:34:37,JohnACrimmins,https://twitter.com/JohnACrimmins,https://twitter.com/i/web/status/1306073981280108546,"RT @DrGrinzi: I am currently seeing an enormous amount of mental health consultations.  Sadly, I will be notifying my patients that from Oc…",,
enormous,2020-09-16 11:06:47,johnsalmond,https://twitter.com/johnsalmond,https://twitter.com/i/web/status/1306036776868311045,"RT @DrGrinzi: I am currently seeing an enormous amount of mental health consultations.  Sadly, I will be notifying my patients that from Oc…",,
enormous,2020-09-16 22:45:21,NjbBari3,https://twitter.com/NjbBari3,https://twitter.com/i/web/status/1306212576192114689,"RT @DrGrinzi: I am currently seeing an enormous amount of mental health consultations.  Sadly, I will be notifying my patients that from Oc…",,
enormous,2020-09-16 11:35:12,TheWillowGhost,https://twitter.com/TheWillowGhost,https://twitter.com/i/web/status/1306043927175114752,"RT @DrGrinzi: I am currently seeing an enormous amount of mental health consultations.  Sadly, I will be notifying my patients that from Oc…",,
drink,2020-09-21 22:19:07,LeanneTogher,https://twitter.com/LeanneTogher,https://twitter.com/i/web/status/1308017913752772608,RT @lex_stapinski: Now online: #integrated #CBT for comorbid #socialanxiety &amp; #alcoholuse resulted in equivalent drinking reductions &amp; impr…,alcoholuse,socialanxiety
drink,2020-09-17 13:28:20,JasonFerris22,https://twitter.com/JasonFerris22,https://twitter.com/i/web/status/1306434789843464193,"RT @JSADJournal: Forget the stereotypes. Our survey shows many young people are drinking less #alcohol in lockdown (by @monicabarratt, @glo…",alcohol,alcohol
drink,2020-09-20 02:18:11,perthisok,https://twitter.com/perthisok,https://twitter.com/i/web/status/1307353301898407939,"More Aussies drinking alone or likely to use cannabis during lockdown, survey reports The world’s largest drug survey has provided a snapshot of changed substance use patterns during the COVID-19 pandemic. https://t.co/E5dxonWb2y via @perthnow #perth #australia https://t.co/tyrAs8MB81",australia,perth
national,2020-09-20 12:00:57,jvb2065,https://twitter.com/jvb2065,https://twitter.com/i/web/status/1307499960913424386,"RT @PatMcGorry: Given the current prospects for this emerging generation, it’s time for a national youth recovery strategy with economic, v…",,
national,2020-09-20 11:47:44,EstherRockett,https://twitter.com/EstherRockett,https://twitter.com/i/web/status/1307496635656593410,"RT @PatMcGorry: Given the current prospects for this emerging generation, it’s time for a national youth recovery strategy with economic, v…",,
national,2020-09-20 10:39:16,PatMcGorry,https://twitter.com/PatMcGorry,https://twitter.com/i/web/status/1307479405879418881,"Given the current prospects for this emerging generation, it’s time for a national youth recovery strategy with economic, vocational and mental health as key pillars. Will National Cabinet please consider this? @ScottMorrisonMP @DanielAndrewsMP @GladysB https://t.co/5dMtzRUNow",,
national,2020-09-20 13:37:41,imo_bell,https://twitter.com/imo_bell,https://twitter.com/i/web/status/1307524302644813824,"RT @PatMcGorry: Given the current prospects for this emerging generation, it’s time for a national youth recovery strategy with economic, v…",,
national,2020-09-20 17:21:40,begcrochet,https://twitter.com/begcrochet,https://twitter.com/i/web/status/1307580673545306112,"RT @PatMcGorry: Given the current prospects for this emerging generation, it’s time for a national youth recovery strategy with economic, v…",,
national,2020-09-20 11:57:08,pauline_mh1,https://twitter.com/pauline_mh1,https://twitter.com/i/web/status/1307499001076305920,"RT @PatMcGorry: Given the current prospects for this emerging generation, it’s time for a national youth recovery strategy with economic, v…",,
national,2020-09-20 11:38:33,Dpeters1977,https://twitter.com/Dpeters1977,https://twitter.com/i/web/status/1307494323533955075,"RT @PatMcGorry: Given the current prospects for this emerging generation, it’s time for a national youth recovery strategy with economic, v…",,
national,2020-09-20 10:45:39,benksilvester,https://twitter.com/benksilvester,https://twitter.com/i/web/status/1307481012293623808,"RT @PatMcGorry: Given the current prospects for this emerging generation, it’s time for a national youth recovery strategy with economic, v…",,
south,2020-09-22 08:35:45,BeerBlokes,https://twitter.com/BeerBlokes,https://twitter.com/i/web/status/1308173097506226176,RT @AndrewWilsmore: More proof: An Adelaide wastewater analysis has revealed South Australians drank significantly less during the strict…,,
south,2020-09-22 11:22:42,ClubsACT,https://twitter.com/ClubsACT,https://twitter.com/i/web/status/1308215110255562752,RT @AndrewWilsmore: More proof: An Adelaide wastewater analysis has revealed South Australians drank significantly less during the strict…,,
south,2020-09-22 08:33:49,AndrewWilsmore,https://twitter.com/AndrewWilsmore,https://twitter.com/i/web/status/1308172610480422912,"More proof: An Adelaide wastewater analysis has revealed South Australians drank significantly less during the strict COVID-19 lockdown, despite suggestions people drank more while heavy restrictions were in place https://t.co/hPcsxoqtt8",,
south,2020-09-22 10:39:02,CAPRAustralia,https://twitter.com/CAPRAustralia,https://twitter.com/i/web/status/1308204119748820992,A study of wastewater during the COVID-19 lockdown in April reveals South Australians drank less alcohol during heavy restrictions https://t.co/bUNDP6Kq5T,,
consultation,2020-09-16 16:27:52,ObserverParafox,https://twitter.com/ObserverParafox,https://twitter.com/i/web/status/1306117583163150336,"RT @DrGrinzi: I am currently seeing an enormous amount of mental health consultations.  Sadly, I will be notifying my patients that from Oc…",,
consultation,2020-09-16 11:20:57,DrKathlWild,https://twitter.com/DrKathlWild,https://twitter.com/i/web/status/1306040344199397377,"RT @DrGrinzi: I am currently seeing an enormous amount of mental health consultations.  Sadly, I will be notifying my patients that from Oc…",,
consultation,2020-09-17 10:27:24,VicAusMidwife,https://twitter.com/VicAusMidwife,https://twitter.com/i/web/status/1306389255564918790,"RT @DrGrinzi: I am currently seeing an enormous amount of mental health consultations.  Sadly, I will be notifying my patients that from Oc…",,
consultation,2020-09-18 12:44:45,supergeepbec,https://twitter.com/supergeepbec,https://twitter.com/i/web/status/1306786205904891905,"RT @DrGrinzi: I am currently seeing an enormous amount of mental health consultations.  Sadly, I will be notifying my patients that from Oc…",,
consultation,2020-09-16 14:37:45,ozjohnd,https://twitter.com/ozjohnd,https://twitter.com/i/web/status/1306089869316243457,"RT @DrGrinzi: I am currently seeing an enormous amount of mental health consultations.  Sadly, I will be notifying my patients that from Oc…",,
consultation,2020-09-16 13:15:17,Sir_Vickz,https://twitter.com/Sir_Vickz,https://twitter.com/i/web/status/1306069116072067078,"RT @DrGrinzi: I am currently seeing an enormous amount of mental health consultations.  Sadly, I will be notifying my patients that from Oc…",,
consultation,2020-09-16 13:34:37,JohnACrimmins,https://twitter.com/JohnACrimmins,https://twitter.com/i/web/status/1306073981280108546,"RT @DrGrinzi: I am currently seeing an enormous amount of mental health consultations.  Sadly, I will be notifying my patients that from Oc…",,
consultation,2020-09-16 11:06:47,johnsalmond,https://twitter.com/johnsalmond,https://twitter.com/i/web/status/1306036776868311045,"RT @DrGrinzi: I am currently seeing an enormous amount of mental health consultations.  Sadly, I will be notifying my patients that from Oc…",,
consultation,2020-09-16 22:45:21,NjbBari3,https://twitter.com/NjbBari3,https://twitter.com/i/web/status/1306212576192114689,"RT @DrGrinzi: I am currently seeing an enormous amount of mental health consultations.  Sadly, I will be notifying my patients that from Oc…",,
consultation,2020-09-16 11:35:12,TheWillowGhost,https://twitter.com/TheWillowGhost,https://twitter.com/i/web/status/1306043927175114752,"RT @DrGrinzi: I am currently seeing an enormous amount of mental health consultations.  Sadly, I will be notifying my patients that from Oc…",,
depression,2020-09-16 19:11:00,JoRobinson_Aus,https://twitter.com/JoRobinson_Aus,https://twitter.com/i/web/status/1306158636473880576,RT @Mental_Elf: Transgender discrimination and stigma: links to anxiety and depression https://t.co/tKiMMwW9UQ https://t.co/4gZUNY2R6o,,
depression,2020-09-18 21:53:10,ThisiPhone1,https://twitter.com/ThisiPhone1,https://twitter.com/i/web/status/1306924222019641344,RT @weatherchannel: Tropical Depression Twenty-Two is expected to become Tropical Storm Wilfred in the western Gulf of Mexico: https://t.co…,,
depression,2020-09-17 14:36:39,CoMBAT_AD,https://twitter.com/CoMBAT_AD,https://twitter.com/i/web/status/1306451981968371712,RT @Prof_Naismith: @ricci_research shows new sleep microarchitecture data in p/w early and late onset depression at @cogsleepacademy showca…,,
depression,2020-09-20 14:34:34,LorraineBranna2,https://twitter.com/LorraineBranna2,https://twitter.com/i/web/status/1307538620312502272,@KateEmerson88 @njm3864 @NickMcKim parties...whateva. But we Cant have LNP in Gov Anymore.  Its So Important. This Gov is storing fuel in case we go to war. At the end of the Great Depression WW2 started. I dont put anything past Morrison he's on the same level as TRUMP. Their motto in the US has been 🧵👇🏼,,
depression,2020-09-20 20:00:53,LorraineBranna2,https://twitter.com/LorraineBranna2,https://twitter.com/i/web/status/1307620738279432193,"@GailTur93591453 @MarcTennant @jchen1217 @MaudeLynnette @colugal Young people &amp; the economy will bounce back, yes its hard, but so was WW1, WW2 &amp; the Great Depression. Unfortunately Shit happens, life is also about learning tough lessons. Maybe more people will care about the 1 in 5 children living below the poverty line now? *Silver linings🤷🏻",,
depression,2020-09-17 10:18:36,7NewsMelbourne,https://twitter.com/7NewsMelbourne,https://twitter.com/i/web/status/1306387040431349760,"RT @JaydeVincent: Dimech’s son is a police officer, he no longer speaks to the killer driver. Court heard Dimech is suffering depression &amp;…",,
depression,2020-09-18 18:44:07,matthewrbroome,https://twitter.com/matthewrbroome,https://twitter.com/i/web/status/1306876647195410434,RT @SPILabKCL: We are currently recruiting for a new #clinical study on #depression and how we can use #technology to monitor symptoms📱  Fo…,clinical,technology
depression,2020-09-19 02:32:43,SwimSallySwim,https://twitter.com/SwimSallySwim,https://twitter.com/i/web/status/1306994573030293505,"@MaryNicholls19 @PatsKarvelas My g’father survived Gallipoli, W Front, flu pandemic, Great Depression, wife’s death at 34, WW2, kids polio epidemic.",,
depression,2020-09-19 14:07:55,jiangyin,https://twitter.com/jiangyin,https://twitter.com/i/web/status/1307169526413369344,RT @depressionnote: Depression is not a choice.  Anxiety is not a choice.  Schizophrenia is not a choice.  BPD is not a choice.  OCD is not…,,
depression,2020-09-16 12:44:03,suthernx,https://twitter.com/suthernx,https://twitter.com/i/web/status/1306061254461542400,RT @cbdwholeflower: 🚨Testimonial🚨CBD &amp; Anxiety/Depression 🌿 https://t.co/Jp9dmRjOSK,,
family,2020-09-18 00:12:45,sreeura,https://twitter.com/sreeura,https://twitter.com/i/web/status/1306596959264751616,RT @willlittleton77: @ScottMorrisonMP Are you going to check on this families mental health? Coronavirus: Australian family hit with huge q…,,
family,2020-09-16 13:13:12,ausgov,https://twitter.com/ausgov,https://twitter.com/i/web/status/1306068591058382848,"RT @healthgovau: It’s normal to have ups and downs, and it is important to talk about how you’re feeling with family and friends. If you wa…",,
family,2020-09-22 04:01:21,lucymdonoghue,https://twitter.com/lucymdonoghue,https://twitter.com/i/web/status/1308104041541455872,"RT @Peter_Fox59: Think we're lonely, spare a thought for the Biloela family on Xmas Island #QandA",QandA,QandA
experience,2020-09-22 11:08:55,MJA_Editor,https://twitter.com/MJA_Editor,https://twitter.com/i/web/status/1308211641620680705,RT @MayoClinic: #SocialAnxietyDisorder is one of the most common anxiety disorders. An estimated 12 percent of the population experiences i…,SocialAnxietyDisorder,SocialAnxietyDisorder
experience,2020-09-18 11:00:05,RANZCP,https://twitter.com/RANZCP,https://twitter.com/i/web/status/1306759867458351106,Learn how to control anxiety whenever you experience it. Try this breathing exercise to help alleviate your anxiety.  If your anxiety continues talk with your GP and ask if a referral to a psychiatrist is right for you. For more information visit https://t.co/pTAKDMK41P https://t.co/3nrwycW3dN,,
experience,2020-09-21 09:00:12,RANZCP,https://twitter.com/RANZCP,https://twitter.com/i/web/status/1307816861107707904,Learn how to control anxiety whenever you experience it. Try this breathing exercise to help alleviate your anxiety.  If your anxiety continues talk with your GP and ask if a referral to a psychiatrist is right for you. For more information visit https://t.co/pTAKDMK41P https://t.co/PxxSyb6335,,
people,2020-09-18 08:34:00,viveksantoshwar,https://twitter.com/viveksantoshwar,https://twitter.com/i/web/status/1306723102491992064,"RT @WaditwarP: @ScottMorrisonMP @PatMcGorry @orygen_aus If you really care for the mental health of Aussies, please do something for people…",,
people,2020-09-16 21:48:22,pearlparky,https://twitter.com/pearlparky,https://twitter.com/i/web/status/1306198238102396929,"I spent a Christmas alone in Montreal once. I was going to join a Meetup group, but then I decided I wanted to be alone. Later in the day I got bored, so I braved the snow and went to some cafes, and met lots of other people who were alone too. In the end, it wasn’t that lonely. https://t.co/c5EHNsAl30",,
people,2020-09-17 11:48:14,hazard_damien,https://twitter.com/hazard_damien,https://twitter.com/i/web/status/1306409598597750784,RT @DanielBleakley: @ScottMorrisonMP @PatMcGorry @orygen_aus One of the biggest causes of mental health problems in young people is anxiety…,,
people,2020-09-20 20:00:53,LorraineBranna2,https://twitter.com/LorraineBranna2,https://twitter.com/i/web/status/1307620738279432193,"@GailTur93591453 @MarcTennant @jchen1217 @MaudeLynnette @colugal Young people &amp; the economy will bounce back, yes its hard, but so was WW1, WW2 &amp; the Great Depression. Unfortunately Shit happens, life is also about learning tough lessons. Maybe more people will care about the 1 in 5 children living below the poverty line now? *Silver linings🤷🏻",,
people,2020-09-17 10:54:42,watch2o,https://twitter.com/watch2o,https://twitter.com/i/web/status/1306396126690439168,@ScottMorrisonMP @LiberalAus @PatMcGorry @orygen_aus Ending the war on people who choose certain drugs will reduce police interactions &amp; improve Mental Health. https://t.co/8WMo2jviri,,
people,2020-09-17 11:38:27,tassie_JR,https://twitter.com/tassie_JR,https://twitter.com/i/web/status/1306407133110349824,RT @DanielBleakley: @ScottMorrisonMP @PatMcGorry @orygen_aus One of the biggest causes of mental health problems in young people is anxiety…,,
people,2020-09-16 19:46:47,SallyRMelb,https://twitter.com/SallyRMelb,https://twitter.com/i/web/status/1306167640956702727,"@abc730 @kirstenrobb There’ll be lots of intentional deaths in the aged cohorts. I don’t agree with calling it depression or suicide. Older people are smart, they learned a lot over the years and most can be trusted to make decisions about the trajectory of their lives #abc730",abc730,abc730
people,2020-09-18 09:12:14,RachelEMenzies,https://twitter.com/RachelEMenzies,https://twitter.com/i/web/status/1306732727442440193,"New publication out! 🎉 We found that common disorders preceding OCD were separation anxiety, phobias, and GAD. People with lower death anxiety were significantly more likely to have OCD as their first disorder @matteo_zuccala @LSharpeUSYD Read it here: https://t.co/Ab1GEQVNoY https://t.co/dFAuEz787j",,
people,2020-09-18 07:32:51,LMStrategy,https://twitter.com/LMStrategy,https://twitter.com/i/web/status/1306707717357150210,RT @AmandaJ95577106: @CaringConcern @GregHuntMP  We need input from a broad spectrum of people working together for the benefit of mental h…,,
people,2020-09-22 03:48:14,MelPetrakis,https://twitter.com/MelPetrakis,https://twitter.com/i/web/status/1308100738925514752,FYI I have found this timeframe useful working clinically with people experiencing depression and feeling suicidal. The key is to get through the next 4-6 weeks. People are smart. People are strong. People forget that about themselves when the crisis is peaking. https://t.co/j8zWIdbFos,,
economic,2020-09-20 12:00:57,jvb2065,https://twitter.com/jvb2065,https://twitter.com/i/web/status/1307499960913424386,"RT @PatMcGorry: Given the current prospects for this emerging generation, it’s time for a national youth recovery strategy with economic, v…",,
economic,2020-09-20 11:47:44,EstherRockett,https://twitter.com/EstherRockett,https://twitter.com/i/web/status/1307496635656593410,"RT @PatMcGorry: Given the current prospects for this emerging generation, it’s time for a national youth recovery strategy with economic, v…",,
economic,2020-09-20 10:39:16,PatMcGorry,https://twitter.com/PatMcGorry,https://twitter.com/i/web/status/1307479405879418881,"Given the current prospects for this emerging generation, it’s time for a national youth recovery strategy with economic, vocational and mental health as key pillars. Will National Cabinet please consider this? @ScottMorrisonMP @DanielAndrewsMP @GladysB https://t.co/5dMtzRUNow",,
economic,2020-09-20 13:37:41,imo_bell,https://twitter.com/imo_bell,https://twitter.com/i/web/status/1307524302644813824,"RT @PatMcGorry: Given the current prospects for this emerging generation, it’s time for a national youth recovery strategy with economic, v…",,
economic,2020-09-20 17:21:40,begcrochet,https://twitter.com/begcrochet,https://twitter.com/i/web/status/1307580673545306112,"RT @PatMcGorry: Given the current prospects for this emerging generation, it’s time for a national youth recovery strategy with economic, v…",,
economic,2020-09-20 11:57:08,pauline_mh1,https://twitter.com/pauline_mh1,https://twitter.com/i/web/status/1307499001076305920,"RT @PatMcGorry: Given the current prospects for this emerging generation, it’s time for a national youth recovery strategy with economic, v…",,
economic,2020-09-20 11:38:33,Dpeters1977,https://twitter.com/Dpeters1977,https://twitter.com/i/web/status/1307494323533955075,"RT @PatMcGorry: Given the current prospects for this emerging generation, it’s time for a national youth recovery strategy with economic, v…",,
economic,2020-09-20 10:45:39,benksilvester,https://twitter.com/benksilvester,https://twitter.com/i/web/status/1307481012293623808,"RT @PatMcGorry: Given the current prospects for this emerging generation, it’s time for a national youth recovery strategy with economic, v…",,
current,2020-09-16 16:27:52,ObserverParafox,https://twitter.com/ObserverParafox,https://twitter.com/i/web/status/1306117583163150336,"RT @DrGrinzi: I am currently seeing an enormous amount of mental health consultations.  Sadly, I will be notifying my patients that from Oc…",,
current,2020-09-16 11:20:57,DrKathlWild,https://twitter.com/DrKathlWild,https://twitter.com/i/web/status/1306040344199397377,"RT @DrGrinzi: I am currently seeing an enormous amount of mental health consultations.  Sadly, I will be notifying my patients that from Oc…",,
current,2020-09-17 10:27:24,VicAusMidwife,https://twitter.com/VicAusMidwife,https://twitter.com/i/web/status/1306389255564918790,"RT @DrGrinzi: I am currently seeing an enormous amount of mental health consultations.  Sadly, I will be notifying my patients that from Oc…",,
current,2020-09-18 12:44:45,supergeepbec,https://twitter.com/supergeepbec,https://twitter.com/i/web/status/1306786205904891905,"RT @DrGrinzi: I am currently seeing an enormous amount of mental health consultations.  Sadly, I will be notifying my patients that from Oc…",,
current,2020-09-18 18:44:07,matthewrbroome,https://twitter.com/matthewrbroome,https://twitter.com/i/web/status/1306876647195410434,RT @SPILabKCL: We are currently recruiting for a new #clinical study on #depression and how we can use #technology to monitor symptoms📱  Fo…,clinical,technology
current,2020-09-20 12:00:57,jvb2065,https://twitter.com/jvb2065,https://twitter.com/i/web/status/1307499960913424386,"RT @PatMcGorry: Given the current prospects for this emerging generation, it’s time for a national youth recovery strategy with economic, v…",,
current,2020-09-16 14:37:45,ozjohnd,https://twitter.com/ozjohnd,https://twitter.com/i/web/status/1306089869316243457,"RT @DrGrinzi: I am currently seeing an enormous amount of mental health consultations.  Sadly, I will be notifying my patients that from Oc…",,
current,2020-09-20 11:47:44,EstherRockett,https://twitter.com/EstherRockett,https://twitter.com/i/web/status/1307496635656593410,"RT @PatMcGorry: Given the current prospects for this emerging generation, it’s time for a national youth recovery strategy with economic, v…",,
current,2020-09-16 13:15:17,Sir_Vickz,https://twitter.com/Sir_Vickz,https://twitter.com/i/web/status/1306069116072067078,"RT @DrGrinzi: I am currently seeing an enormous amount of mental health consultations.  Sadly, I will be notifying my patients that from Oc…",,
current,2020-09-16 13:34:37,JohnACrimmins,https://twitter.com/JohnACrimmins,https://twitter.com/i/web/status/1306073981280108546,"RT @DrGrinzi: I am currently seeing an enormous amount of mental health consultations.  Sadly, I will be notifying my patients that from Oc…",,
pandemic,2020-09-18 11:48:38,NCCgovau,https://twitter.com/NCCgovau,https://twitter.com/i/web/status/1306772086224949252,See this @healthgovau fact sheet for information on mental health and wellbeing support for employees during the COVID-19 pandemic https://t.co/hPOsSxasRZ #covid19australia https://t.co/LtUAd5M8Tl,covid19australia,covid19australia
pandemic,2020-09-19 02:32:43,SwimSallySwim,https://twitter.com/SwimSallySwim,https://twitter.com/i/web/status/1306994573030293505,"@MaryNicholls19 @PatsKarvelas My g’father survived Gallipoli, W Front, flu pandemic, Great Depression, wife’s death at 34, WW2, kids polio epidemic.",,
pandemic,2020-09-16 10:22:05,CroakeyNews,https://twitter.com/CroakeyNews,https://twitter.com/i/web/status/1306025529666154496,"RT @ian_hickie: Cutting telehealth will 'drop defences' against coronavirus pandemic, mental health advocates warn https://t.co/UztM8NOAWE…",,
pandemic,2020-09-16 04:37:51,JohnACrimmins,https://twitter.com/JohnACrimmins,https://twitter.com/i/web/status/1305938898548219905,Australians @LeanneWells63 need to transition safely out of this pandemic and having a multidisciplinary health assessment for everyone aged 16 to 75 years with a focus on mental health funded one off by Medicare must be direct billed with outcomes reported to @GregHuntMP,,
pandemic,2020-09-22 08:37:21,JohnACrimmins,https://twitter.com/JohnACrimmins,https://twitter.com/i/web/status/1308173499828117504,@ian_hickie @GregHuntMP @PatMcGorry The budget must fund General Practice so it is better resources to continue a sustained fight against most of the mental health care needs of most patients during this pandemic,,
pandemic,2020-09-22 06:46:54,ian_hickie,https://twitter.com/ian_hickie,https://twitter.com/i/web/status/1308145701289771008,1/2 Mentally ill confined to hospital rooms for up to 15 hours during pandemic; unacceptable care due to COVID19 demands immediate response; OCT 6 budget is the next test of our commitment to mental health care; ⁦@GregHuntMP⁩ ⁦@PatMcGorry⁩ ⁦ https://t.co/iCrkanBfCa,,
pandemic,2020-09-16 18:04:54,twbtwb,https://twitter.com/twbtwb,https://twitter.com/i/web/status/1306141998877794305,"RT @ian_hickie: Cutting telehealth will 'drop defences' against coronavirus pandemic, mental health advocates warn https://t.co/UztM8NOAWE…",,
pandemic,2020-09-16 15:50:00,MelissaSweetDr,https://twitter.com/MelissaSweetDr,https://twitter.com/i/web/status/1306108051884093440,"RT @ian_hickie: Cutting telehealth will 'drop defences' against coronavirus pandemic, mental health advocates warn https://t.co/UztM8NOAWE…",,
pandemic,2020-09-22 07:39:35,pauline_mh1,https://twitter.com/pauline_mh1,https://twitter.com/i/web/status/1308158960671678464,"RT @theage: The coronavirus pandemic is driving up stress, anxiety and depression among those bearing the brunt of caring responsibilities.…",,
pandemic,2020-09-18 00:54:30,deus_zu,https://twitter.com/deus_zu,https://twitter.com/i/web/status/1306607469435650050,"On the bigger picture, Australia has very low infection rate as a nation. Extremely low. Why? Because liquor shops stayed open even during lockdown and pubs reopen quickly while even during the thick of the pandemic, alcohol sales skyrocketed.",,
significantly,2020-09-22 06:39:16,JoRobinson_Aus,https://twitter.com/JoRobinson_Aus,https://twitter.com/i/web/status/1308143780868972550,"RT @NIMHDirector: A @NIMHgov-supported study found that gender minority college students had significantly higher rates of depression, suic…",,
significantly,2020-09-18 09:12:14,RachelEMenzies,https://twitter.com/RachelEMenzies,https://twitter.com/i/web/status/1306732727442440193,"New publication out! 🎉 We found that common disorders preceding OCD were separation anxiety, phobias, and GAD. People with lower death anxiety were significantly more likely to have OCD as their first disorder @matteo_zuccala @LSharpeUSYD Read it here: https://t.co/Ab1GEQVNoY https://t.co/dFAuEz787j",,
significantly,2020-09-22 10:03:12,RosesInTheOcean,https://twitter.com/RosesInTheOcean,https://twitter.com/i/web/status/1308195104927019008,"RT @NIMHDirector: A @NIMHgov-supported study found that gender minority college students had significantly higher rates of depression, suic…",,
significantly,2020-09-22 08:29:39,PatMcGorry,https://twitter.com/PatMcGorry,https://twitter.com/i/web/status/1308171563271729153,"RT @NIMHDirector: A @NIMHgov-supported study found that gender minority college students had significantly higher rates of depression, suic…",,
significantly,2020-09-22 08:35:45,BeerBlokes,https://twitter.com/BeerBlokes,https://twitter.com/i/web/status/1308173097506226176,RT @AndrewWilsmore: More proof: An Adelaide wastewater analysis has revealed South Australians drank significantly less during the strict…,,
significantly,2020-09-22 11:22:42,ClubsACT,https://twitter.com/ClubsACT,https://twitter.com/i/web/status/1308215110255562752,RT @AndrewWilsmore: More proof: An Adelaide wastewater analysis has revealed South Australians drank significantly less during the strict…,,
significantly,2020-09-22 08:33:49,AndrewWilsmore,https://twitter.com/AndrewWilsmore,https://twitter.com/i/web/status/1308172610480422912,"More proof: An Adelaide wastewater analysis has revealed South Australians drank significantly less during the strict COVID-19 lockdown, despite suggestions people drank more while heavy restrictions were in place https://t.co/hPcsxoqtt8",,
study,2020-09-21 15:15:10,sreeura,https://twitter.com/sreeura,https://twitter.com/i/web/status/1307911224361807873,RT @shabnam85022793: I've n thought I would have to face stress and anxiety to get Aus visa to study and do engineering research.many Irani…,,
study,2020-09-18 18:44:07,matthewrbroome,https://twitter.com/matthewrbroome,https://twitter.com/i/web/status/1306876647195410434,RT @SPILabKCL: We are currently recruiting for a new #clinical study on #depression and how we can use #technology to monitor symptoms📱  Fo…,clinical,technology
study,2020-09-22 06:39:16,JoRobinson_Aus,https://twitter.com/JoRobinson_Aus,https://twitter.com/i/web/status/1308143780868972550,"RT @NIMHDirector: A @NIMHgov-supported study found that gender minority college students had significantly higher rates of depression, suic…",,
study,2020-09-22 10:03:12,RosesInTheOcean,https://twitter.com/RosesInTheOcean,https://twitter.com/i/web/status/1308195104927019008,"RT @NIMHDirector: A @NIMHgov-supported study found that gender minority college students had significantly higher rates of depression, suic…",,
study,2020-09-22 08:29:39,PatMcGorry,https://twitter.com/PatMcGorry,https://twitter.com/i/web/status/1308171563271729153,"RT @NIMHDirector: A @NIMHgov-supported study found that gender minority college students had significantly higher rates of depression, suic…",,
study,2020-09-22 10:39:02,CAPRAustralia,https://twitter.com/CAPRAustralia,https://twitter.com/i/web/status/1308204119748820992,A study of wastewater during the COVID-19 lockdown in April reveals South Australians drank less alcohol during heavy restrictions https://t.co/bUNDP6Kq5T,,
amount,2020-09-16 16:27:52,ObserverParafox,https://twitter.com/ObserverParafox,https://twitter.com/i/web/status/1306117583163150336,"RT @DrGrinzi: I am currently seeing an enormous amount of mental health consultations.  Sadly, I will be notifying my patients that from Oc…",,
amount,2020-09-16 11:20:57,DrKathlWild,https://twitter.com/DrKathlWild,https://twitter.com/i/web/status/1306040344199397377,"RT @DrGrinzi: I am currently seeing an enormous amount of mental health consultations.  Sadly, I will be notifying my patients that from Oc…",,
amount,2020-09-17 10:27:24,VicAusMidwife,https://twitter.com/VicAusMidwife,https://twitter.com/i/web/status/1306389255564918790,"RT @DrGrinzi: I am currently seeing an enormous amount of mental health consultations.  Sadly, I will be notifying my patients that from Oc…",,
amount,2020-09-18 12:44:45,supergeepbec,https://twitter.com/supergeepbec,https://twitter.com/i/web/status/1306786205904891905,"RT @DrGrinzi: I am currently seeing an enormous amount of mental health consultations.  Sadly, I will be notifying my patients that from Oc…",,
amount,2020-09-16 14:37:45,ozjohnd,https://twitter.com/ozjohnd,https://twitter.com/i/web/status/1306089869316243457,"RT @DrGrinzi: I am currently seeing an enormous amount of mental health consultations.  Sadly, I will be notifying my patients that from Oc…",,
amount,2020-09-16 13:15:17,Sir_Vickz,https://twitter.com/Sir_Vickz,https://twitter.com/i/web/status/1306069116072067078,"RT @DrGrinzi: I am currently seeing an enormous amount of mental health consultations.  Sadly, I will be notifying my patients that from Oc…",,
amount,2020-09-16 13:34:37,JohnACrimmins,https://twitter.com/JohnACrimmins,https://twitter.com/i/web/status/1306073981280108546,"RT @DrGrinzi: I am currently seeing an enormous amount of mental health consultations.  Sadly, I will be notifying my patients that from Oc…",,
amount,2020-09-16 11:06:47,johnsalmond,https://twitter.com/johnsalmond,https://twitter.com/i/web/status/1306036776868311045,"RT @DrGrinzi: I am currently seeing an enormous amount of mental health consultations.  Sadly, I will be notifying my patients that from Oc…",,
amount,2020-09-16 22:45:21,NjbBari3,https://twitter.com/NjbBari3,https://twitter.com/i/web/status/1306212576192114689,"RT @DrGrinzi: I am currently seeing an enormous amount of mental health consultations.  Sadly, I will be notifying my patients that from Oc…",,
amount,2020-09-16 11:35:12,TheWillowGhost,https://twitter.com/TheWillowGhost,https://twitter.com/i/web/status/1306043927175114752,"RT @DrGrinzi: I am currently seeing an enormous amount of mental health consultations.  Sadly, I will be notifying my patients that from Oc…",,
stress,2020-09-21 15:15:10,sreeura,https://twitter.com/sreeura,https://twitter.com/i/web/status/1307911224361807873,RT @shabnam85022793: I've n thought I would have to face stress and anxiety to get Aus visa to study and do engineering research.many Irani…,,
stress,2020-09-16 21:23:43,nursingdean,https://twitter.com/nursingdean,https://twitter.com/i/web/status/1306192035054002176,RT @acn_tweet: Are you experiencing stress or anxiety regarding COVID-19? Connect with a Nurse Buddy who understands what you are going thr…,,
stress,2020-09-22 07:39:35,pauline_mh1,https://twitter.com/pauline_mh1,https://twitter.com/i/web/status/1308158960671678464,"RT @theage: The coronavirus pandemic is driving up stress, anxiety and depression among those bearing the brunt of caring responsibilities.…",,
visit,2020-09-18 11:00:05,RANZCP,https://twitter.com/RANZCP,https://twitter.com/i/web/status/1306759867458351106,Learn how to control anxiety whenever you experience it. Try this breathing exercise to help alleviate your anxiety.  If your anxiety continues talk with your GP and ask if a referral to a psychiatrist is right for you. For more information visit https://t.co/pTAKDMK41P https://t.co/3nrwycW3dN,,
visit,2020-09-17 10:28:43,fatima_ishfaq,https://twitter.com/fatima_ishfaq,https://twitter.com/i/web/status/1306389588030627840,RT @GregHuntMP: Anyone concerned about their mental health can also visit https://t.co/nO0by3N1U1 or call 1800 595 212 to talk to a health…,,
visit,2020-09-17 13:04:13,themancave_aus,https://twitter.com/themancave_aus,https://twitter.com/i/web/status/1306428717028110336,RT @GregHuntMP: Anyone concerned about their mental health can also visit https://t.co/nO0by3N1U1 or call 1800 595 212 to talk to a health…,,
visit,2020-09-17 10:08:05,noxidsoft,https://twitter.com/noxidsoft,https://twitter.com/i/web/status/1306384392982376448,RT @GregHuntMP: Anyone concerned about their mental health can also visit https://t.co/nO0by3N1U1 or call 1800 595 212 to talk to a health…,,
visit,2020-09-21 09:00:12,RANZCP,https://twitter.com/RANZCP,https://twitter.com/i/web/status/1307816861107707904,Learn how to control anxiety whenever you experience it. Try this breathing exercise to help alleviate your anxiety.  If your anxiety continues talk with your GP and ask if a referral to a psychiatrist is right for you. For more information visit https://t.co/pTAKDMK41P https://t.co/PxxSyb6335,,
start,2020-09-19 17:38:08,KSeibertAu,https://twitter.com/KSeibertAu,https://twitter.com/i/web/status/1307222429744263168,RT @healthgovau: Looking for mental health support but not sure where to start? Sam the chatbot can help. All you need to do is answer some…,,
start,2020-09-19 17:36:13,dana_advocacy,https://twitter.com/dana_advocacy,https://twitter.com/i/web/status/1307221943909675008,RT @healthgovau: Looking for mental health support but not sure where to start? Sam the chatbot can help. All you need to do is answer some…,,
start,2020-09-19 17:52:30,BrogdenLucy,https://twitter.com/BrogdenLucy,https://twitter.com/i/web/status/1307226043250425856,RT @healthgovau: Looking for mental health support but not sure where to start? Sam the chatbot can help. All you need to do is answer some…,,
start,2020-09-19 18:05:28,MJA_Editor,https://twitter.com/MJA_Editor,https://twitter.com/i/web/status/1307229306582528001,RT @healthgovau: Looking for mental health support but not sure where to start? Sam the chatbot can help. All you need to do is answer some…,,
start,2020-09-19 17:46:54,Dpeters1977,https://twitter.com/Dpeters1977,https://twitter.com/i/web/status/1307224634660540416,RT @healthgovau: Looking for mental health support but not sure where to start? Sam the chatbot can help. All you need to do is answer some…,,
start,2020-09-20 14:34:34,LorraineBranna2,https://twitter.com/LorraineBranna2,https://twitter.com/i/web/status/1307538620312502272,@KateEmerson88 @njm3864 @NickMcKim parties...whateva. But we Cant have LNP in Gov Anymore.  Its So Important. This Gov is storing fuel in case we go to war. At the end of the Great Depression WW2 started. I dont put anything past Morrison he's on the same level as TRUMP. Their motto in the US has been 🧵👇🏼,,
month,2020-09-18 10:40:27,sreeura,https://twitter.com/sreeura,https://twitter.com/i/web/status/1306754927872454656,RT @janesuzy: I totally agree. #BringUsHome! It’s 7 months and high time. @ScottMorrisonMP you asked us to be patient but no more. Our ment…,BringUsHome,BringUsHome
month,2020-09-18 22:03:50,tall_rach,https://twitter.com/tall_rach,https://twitter.com/i/web/status/1306926903979200512,RT @janesuzy: I totally agree. #BringUsHome! It’s 7 months and high time. @ScottMorrisonMP you asked us to be patient but no more. Our ment…,BringUsHome,BringUsHome
month,2020-09-18 02:08:11,janesuzy,https://twitter.com/janesuzy,https://twitter.com/i/web/status/1306626012239638528,I totally agree. #BringUsHome! It’s 7 months and high time. @ScottMorrisonMP you asked us to be patient but no more. Our mental health and livelihood is at risk.#RemoveCaps @dfat @SenatorWong @AusBorderForce @AusHCIndia @cnni @MarisePayne @KKeneally @PeterDutton_MP @abcnews @WHO https://t.co/q8KbLKXeBf,BringUsHome,RemoveCaps
month,2020-09-19 02:02:03,marlinpaz,https://twitter.com/marlinpaz,https://twitter.com/i/web/status/1306986854693187585,RT @janesuzy: I totally agree. #BringUsHome! It’s 7 months and high time. @ScottMorrisonMP you asked us to be patient but no more. Our ment…,BringUsHome,BringUsHome
youth,2020-09-20 12:00:57,jvb2065,https://twitter.com/jvb2065,https://twitter.com/i/web/status/1307499960913424386,"RT @PatMcGorry: Given the current prospects for this emerging generation, it’s time for a national youth recovery strategy with economic, v…",,
youth,2020-09-20 11:47:44,EstherRockett,https://twitter.com/EstherRockett,https://twitter.com/i/web/status/1307496635656593410,"RT @PatMcGorry: Given the current prospects for this emerging generation, it’s time for a national youth recovery strategy with economic, v…",,
youth,2020-09-20 10:39:16,PatMcGorry,https://twitter.com/PatMcGorry,https://twitter.com/i/web/status/1307479405879418881,"Given the current prospects for this emerging generation, it’s time for a national youth recovery strategy with economic, vocational and mental health as key pillars. Will National Cabinet please consider this? @ScottMorrisonMP @DanielAndrewsMP @GladysB https://t.co/5dMtzRUNow",,
youth,2020-09-20 13:37:41,imo_bell,https://twitter.com/imo_bell,https://twitter.com/i/web/status/1307524302644813824,"RT @PatMcGorry: Given the current prospects for this emerging generation, it’s time for a national youth recovery strategy with economic, v…",,
youth,2020-09-20 17:21:40,begcrochet,https://twitter.com/begcrochet,https://twitter.com/i/web/status/1307580673545306112,"RT @PatMcGorry: Given the current prospects for this emerging generation, it’s time for a national youth recovery strategy with economic, v…",,
youth,2020-09-20 11:57:08,pauline_mh1,https://twitter.com/pauline_mh1,https://twitter.com/i/web/status/1307499001076305920,"RT @PatMcGorry: Given the current prospects for this emerging generation, it’s time for a national youth recovery strategy with economic, v…",,
youth,2020-09-20 11:38:33,Dpeters1977,https://twitter.com/Dpeters1977,https://twitter.com/i/web/status/1307494323533955075,"RT @PatMcGorry: Given the current prospects for this emerging generation, it’s time for a national youth recovery strategy with economic, v…",,
youth,2020-09-20 10:45:39,benksilvester,https://twitter.com/benksilvester,https://twitter.com/i/web/status/1307481012293623808,"RT @PatMcGorry: Given the current prospects for this emerging generation, it’s time for a national youth recovery strategy with economic, v…",,
agree,2020-09-18 10:40:27,sreeura,https://twitter.com/sreeura,https://twitter.com/i/web/status/1306754927872454656,RT @janesuzy: I totally agree. #BringUsHome! It’s 7 months and high time. @ScottMorrisonMP you asked us to be patient but no more. Our ment…,BringUsHome,BringUsHome
agree,2020-09-16 19:46:47,SallyRMelb,https://twitter.com/SallyRMelb,https://twitter.com/i/web/status/1306167640956702727,"@abc730 @kirstenrobb There’ll be lots of intentional deaths in the aged cohorts. I don’t agree with calling it depression or suicide. Older people are smart, they learned a lot over the years and most can be trusted to make decisions about the trajectory of their lives #abc730",abc730,abc730
agree,2020-09-18 22:03:50,tall_rach,https://twitter.com/tall_rach,https://twitter.com/i/web/status/1306926903979200512,RT @janesuzy: I totally agree. #BringUsHome! It’s 7 months and high time. @ScottMorrisonMP you asked us to be patient but no more. Our ment…,BringUsHome,BringUsHome
agree,2020-09-18 02:08:11,janesuzy,https://twitter.com/janesuzy,https://twitter.com/i/web/status/1306626012239638528,I totally agree. #BringUsHome! It’s 7 months and high time. @ScottMorrisonMP you asked us to be patient but no more. Our mental health and livelihood is at risk.#RemoveCaps @dfat @SenatorWong @AusBorderForce @AusHCIndia @cnni @MarisePayne @KKeneally @PeterDutton_MP @abcnews @WHO https://t.co/q8KbLKXeBf,BringUsHome,RemoveCaps
agree,2020-09-19 02:02:03,marlinpaz,https://twitter.com/marlinpaz,https://twitter.com/i/web/status/1306986854693187585,RT @janesuzy: I totally agree. #BringUsHome! It’s 7 months and high time. @ScottMorrisonMP you asked us to be patient but no more. Our ment…,BringUsHome,BringUsHome
wastewater,2020-09-22 08:35:45,BeerBlokes,https://twitter.com/BeerBlokes,https://twitter.com/i/web/status/1308173097506226176,RT @AndrewWilsmore: More proof: An Adelaide wastewater analysis has revealed South Australians drank significantly less during the strict…,,
wastewater,2020-09-22 11:22:42,ClubsACT,https://twitter.com/ClubsACT,https://twitter.com/i/web/status/1308215110255562752,RT @AndrewWilsmore: More proof: An Adelaide wastewater analysis has revealed South Australians drank significantly less during the strict…,,
wastewater,2020-09-22 08:33:49,AndrewWilsmore,https://twitter.com/AndrewWilsmore,https://twitter.com/i/web/status/1308172610480422912,"More proof: An Adelaide wastewater analysis has revealed South Australians drank significantly less during the strict COVID-19 lockdown, despite suggestions people drank more while heavy restrictions were in place https://t.co/hPcsxoqtt8",,
wastewater,2020-09-22 10:39:02,CAPRAustralia,https://twitter.com/CAPRAustralia,https://twitter.com/i/web/status/1308204119748820992,A study of wastewater during the COVID-19 lockdown in April reveals South Australians drank less alcohol during heavy restrictions https://t.co/bUNDP6Kq5T,,
answer,2020-09-19 17:38:08,KSeibertAu,https://twitter.com/KSeibertAu,https://twitter.com/i/web/status/1307222429744263168,RT @healthgovau: Looking for mental health support but not sure where to start? Sam the chatbot can help. All you need to do is answer some…,,
answer,2020-09-19 17:36:13,dana_advocacy,https://twitter.com/dana_advocacy,https://twitter.com/i/web/status/1307221943909675008,RT @healthgovau: Looking for mental health support but not sure where to start? Sam the chatbot can help. All you need to do is answer some…,,
answer,2020-09-19 17:52:30,BrogdenLucy,https://twitter.com/BrogdenLucy,https://twitter.com/i/web/status/1307226043250425856,RT @healthgovau: Looking for mental health support but not sure where to start? Sam the chatbot can help. All you need to do is answer some…,,
answer,2020-09-19 18:05:28,MJA_Editor,https://twitter.com/MJA_Editor,https://twitter.com/i/web/status/1307229306582528001,RT @healthgovau: Looking for mental health support but not sure where to start? Sam the chatbot can help. All you need to do is answer some…,,
answer,2020-09-19 17:46:54,Dpeters1977,https://twitter.com/Dpeters1977,https://twitter.com/i/web/status/1307224634660540416,RT @healthgovau: Looking for mental health support but not sure where to start? Sam the chatbot can help. All you need to do is answer some…,,
recovery,2020-09-20 12:00:57,jvb2065,https://twitter.com/jvb2065,https://twitter.com/i/web/status/1307499960913424386,"RT @PatMcGorry: Given the current prospects for this emerging generation, it’s time for a national youth recovery strategy with economic, v…",,
recovery,2020-09-20 11:47:44,EstherRockett,https://twitter.com/EstherRockett,https://twitter.com/i/web/status/1307496635656593410,"RT @PatMcGorry: Given the current prospects for this emerging generation, it’s time for a national youth recovery strategy with economic, v…",,
recovery,2020-09-18 07:48:25,TL772019,https://twitter.com/TL772019,https://twitter.com/i/web/status/1306711634497290241,RT @The_Ark_of_NZ: A recession is when your neighbour loses his job.   A depression is when you lose your job.   A recovery is when Jacinda…,,
recovery,2020-09-20 10:39:16,PatMcGorry,https://twitter.com/PatMcGorry,https://twitter.com/i/web/status/1307479405879418881,"Given the current prospects for this emerging generation, it’s time for a national youth recovery strategy with economic, vocational and mental health as key pillars. Will National Cabinet please consider this? @ScottMorrisonMP @DanielAndrewsMP @GladysB https://t.co/5dMtzRUNow",,
recovery,2020-09-20 13:37:41,imo_bell,https://twitter.com/imo_bell,https://twitter.com/i/web/status/1307524302644813824,"RT @PatMcGorry: Given the current prospects for this emerging generation, it’s time for a national youth recovery strategy with economic, v…",,
recovery,2020-09-20 17:21:40,begcrochet,https://twitter.com/begcrochet,https://twitter.com/i/web/status/1307580673545306112,"RT @PatMcGorry: Given the current prospects for this emerging generation, it’s time for a national youth recovery strategy with economic, v…",,
recovery,2020-09-20 11:57:08,pauline_mh1,https://twitter.com/pauline_mh1,https://twitter.com/i/web/status/1307499001076305920,"RT @PatMcGorry: Given the current prospects for this emerging generation, it’s time for a national youth recovery strategy with economic, v…",,
recovery,2020-09-20 11:38:33,Dpeters1977,https://twitter.com/Dpeters1977,https://twitter.com/i/web/status/1307494323533955075,"RT @PatMcGorry: Given the current prospects for this emerging generation, it’s time for a national youth recovery strategy with economic, v…",,
recovery,2020-09-20 10:45:39,benksilvester,https://twitter.com/benksilvester,https://twitter.com/i/web/status/1307481012293623808,"RT @PatMcGorry: Given the current prospects for this emerging generation, it’s time for a national youth recovery strategy with economic, v…",,
looking,2020-09-19 17:38:08,KSeibertAu,https://twitter.com/KSeibertAu,https://twitter.com/i/web/status/1307222429744263168,RT @healthgovau: Looking for mental health support but not sure where to start? Sam the chatbot can help. All you need to do is answer some…,,
looking,2020-09-19 17:36:13,dana_advocacy,https://twitter.com/dana_advocacy,https://twitter.com/i/web/status/1307221943909675008,RT @healthgovau: Looking for mental health support but not sure where to start? Sam the chatbot can help. All you need to do is answer some…,,
looking,2020-09-19 17:52:30,BrogdenLucy,https://twitter.com/BrogdenLucy,https://twitter.com/i/web/status/1307226043250425856,RT @healthgovau: Looking for mental health support but not sure where to start? Sam the chatbot can help. All you need to do is answer some…,,
looking,2020-09-19 18:05:28,MJA_Editor,https://twitter.com/MJA_Editor,https://twitter.com/i/web/status/1307229306582528001,RT @healthgovau: Looking for mental health support but not sure where to start? Sam the chatbot can help. All you need to do is answer some…,,
looking,2020-09-19 17:46:54,Dpeters1977,https://twitter.com/Dpeters1977,https://twitter.com/i/web/status/1307224634660540416,RT @healthgovau: Looking for mental health support but not sure where to start? Sam the chatbot can help. All you need to do is answer some…,,
looking,2020-09-20 22:10:35,YallopDiana,https://twitter.com/YallopDiana,https://twitter.com/i/web/status/1307653378437046278,@angelo_virgona @JudkinsSimon @GregHuntMP @ScottMorrisonMP NSW Mental Health r trialling a Safe Spaces initiative which is multidisciplinary &amp; holistic looking at persons ecosystem (eg employment/ housing )as non clinical alternative to hospital ED. Longer hours during day but not 24/7.That about all I know about it.,,
choice,2020-09-19 14:07:55,jiangyin,https://twitter.com/jiangyin,https://twitter.com/i/web/status/1307169526413369344,RT @depressionnote: Depression is not a choice.  Anxiety is not a choice.  Schizophrenia is not a choice.  BPD is not a choice.  OCD is not…,,
currently,2020-09-16 16:27:52,ObserverParafox,https://twitter.com/ObserverParafox,https://twitter.com/i/web/status/1306117583163150336,"RT @DrGrinzi: I am currently seeing an enormous amount of mental health consultations.  Sadly, I will be notifying my patients that from Oc…",,
currently,2020-09-16 11:20:57,DrKathlWild,https://twitter.com/DrKathlWild,https://twitter.com/i/web/status/1306040344199397377,"RT @DrGrinzi: I am currently seeing an enormous amount of mental health consultations.  Sadly, I will be notifying my patients that from Oc…",,
currently,2020-09-17 10:27:24,VicAusMidwife,https://twitter.com/VicAusMidwife,https://twitter.com/i/web/status/1306389255564918790,"RT @DrGrinzi: I am currently seeing an enormous amount of mental health consultations.  Sadly, I will be notifying my patients that from Oc…",,
currently,2020-09-18 12:44:45,supergeepbec,https://twitter.com/supergeepbec,https://twitter.com/i/web/status/1306786205904891905,"RT @DrGrinzi: I am currently seeing an enormous amount of mental health consultations.  Sadly, I will be notifying my patients that from Oc…",,
currently,2020-09-18 18:44:07,matthewrbroome,https://twitter.com/matthewrbroome,https://twitter.com/i/web/status/1306876647195410434,RT @SPILabKCL: We are currently recruiting for a new #clinical study on #depression and how we can use #technology to monitor symptoms📱  Fo…,clinical,technology
currently,2020-09-16 14:37:45,ozjohnd,https://twitter.com/ozjohnd,https://twitter.com/i/web/status/1306089869316243457,"RT @DrGrinzi: I am currently seeing an enormous amount of mental health consultations.  Sadly, I will be notifying my patients that from Oc…",,
currently,2020-09-16 13:15:17,Sir_Vickz,https://twitter.com/Sir_Vickz,https://twitter.com/i/web/status/1306069116072067078,"RT @DrGrinzi: I am currently seeing an enormous amount of mental health consultations.  Sadly, I will be notifying my patients that from Oc…",,
currently,2020-09-16 13:34:37,JohnACrimmins,https://twitter.com/JohnACrimmins,https://twitter.com/i/web/status/1306073981280108546,"RT @DrGrinzi: I am currently seeing an enormous amount of mental health consultations.  Sadly, I will be notifying my patients that from Oc…",,
currently,2020-09-16 11:06:47,johnsalmond,https://twitter.com/johnsalmond,https://twitter.com/i/web/status/1306036776868311045,"RT @DrGrinzi: I am currently seeing an enormous amount of mental health consultations.  Sadly, I will be notifying my patients that from Oc…",,
currently,2020-09-16 22:45:21,NjbBari3,https://twitter.com/NjbBari3,https://twitter.com/i/web/status/1306212576192114689,"RT @DrGrinzi: I am currently seeing an enormous amount of mental health consultations.  Sadly, I will be notifying my patients that from Oc…",,
covid,2020-09-22 11:02:11,fincapau,https://twitter.com/fincapau,https://twitter.com/i/web/status/1308209947872698368,RT @NCCgovau: See this @healthgovau fact sheet for information on mental health and wellbeing support for employees during the COVID-19 pan…,,
covid,2020-09-18 11:48:38,NCCgovau,https://twitter.com/NCCgovau,https://twitter.com/i/web/status/1306772086224949252,See this @healthgovau fact sheet for information on mental health and wellbeing support for employees during the COVID-19 pandemic https://t.co/hPOsSxasRZ #covid19australia https://t.co/LtUAd5M8Tl,covid19australia,covid19australia
covid,2020-09-20 21:37:42,miffyjayne,https://twitter.com/miffyjayne,https://twitter.com/i/web/status/1307645106359427073,"RT @ian_hickie: @JudkinsSimon As the adverse impacts of COVID19 on mental health escalate, pressure on EDs will increase - need additional…",,
covid,2020-09-21 09:59:17,ProfMDFischer,https://twitter.com/ProfMDFischer,https://twitter.com/i/web/status/1307831730863140864,"RT @ian_hickie: @JudkinsSimon As the adverse impacts of COVID19 on mental health escalate, pressure on EDs will increase - need additional…",,
covid,2020-09-16 21:23:43,nursingdean,https://twitter.com/nursingdean,https://twitter.com/i/web/status/1306192035054002176,RT @acn_tweet: Are you experiencing stress or anxiety regarding COVID-19? Connect with a Nurse Buddy who understands what you are going thr…,,
covid,2020-09-22 06:46:54,ian_hickie,https://twitter.com/ian_hickie,https://twitter.com/i/web/status/1308145701289771008,1/2 Mentally ill confined to hospital rooms for up to 15 hours during pandemic; unacceptable care due to COVID19 demands immediate response; OCT 6 budget is the next test of our commitment to mental health care; ⁦@GregHuntMP⁩ ⁦@PatMcGorry⁩ ⁦ https://t.co/iCrkanBfCa,,
covid,2020-09-20 22:49:39,pauline_mh1,https://twitter.com/pauline_mh1,https://twitter.com/i/web/status/1307663211756355584,"RT @ian_hickie: @JudkinsSimon As the adverse impacts of COVID19 on mental health escalate, pressure on EDs will increase - need additional…",,
covid,2020-09-17 21:40:45,NjbBari3,https://twitter.com/NjbBari3,https://twitter.com/i/web/status/1306558707480670208,"@deiler65 @nick_coatsworth @ketaminh Without going into too many details, it has been very, very, very hard for those of us that remember. Even harder for those of us that have been impacted directly by covid19.  It is lonely walking with this knowledge, in the face of the “accepted practice”.",,
covid,2020-09-22 08:33:49,AndrewWilsmore,https://twitter.com/AndrewWilsmore,https://twitter.com/i/web/status/1308172610480422912,"More proof: An Adelaide wastewater analysis has revealed South Australians drank significantly less during the strict COVID-19 lockdown, despite suggestions people drank more while heavy restrictions were in place https://t.co/hPcsxoqtt8",,
covid,2020-09-20 02:18:11,perthisok,https://twitter.com/perthisok,https://twitter.com/i/web/status/1307353301898407939,"More Aussies drinking alone or likely to use cannabis during lockdown, survey reports The world’s largest drug survey has provided a snapshot of changed substance use patterns during the COVID-19 pandemic. https://t.co/E5dxonWb2y via @perthnow #perth #australia https://t.co/tyrAs8MB81",australia,perth
generation,2020-09-20 12:00:57,jvb2065,https://twitter.com/jvb2065,https://twitter.com/i/web/status/1307499960913424386,"RT @PatMcGorry: Given the current prospects for this emerging generation, it’s time for a national youth recovery strategy with economic, v…",,
generation,2020-09-20 11:47:44,EstherRockett,https://twitter.com/EstherRockett,https://twitter.com/i/web/status/1307496635656593410,"RT @PatMcGorry: Given the current prospects for this emerging generation, it’s time for a national youth recovery strategy with economic, v…",,
generation,2020-09-20 10:39:16,PatMcGorry,https://twitter.com/PatMcGorry,https://twitter.com/i/web/status/1307479405879418881,"Given the current prospects for this emerging generation, it’s time for a national youth recovery strategy with economic, vocational and mental health as key pillars. Will National Cabinet please consider this? @ScottMorrisonMP @DanielAndrewsMP @GladysB https://t.co/5dMtzRUNow",,
generation,2020-09-20 13:37:41,imo_bell,https://twitter.com/imo_bell,https://twitter.com/i/web/status/1307524302644813824,"RT @PatMcGorry: Given the current prospects for this emerging generation, it’s time for a national youth recovery strategy with economic, v…",,
generation,2020-09-20 17:21:40,begcrochet,https://twitter.com/begcrochet,https://twitter.com/i/web/status/1307580673545306112,"RT @PatMcGorry: Given the current prospects for this emerging generation, it’s time for a national youth recovery strategy with economic, v…",,
generation,2020-09-20 11:57:08,pauline_mh1,https://twitter.com/pauline_mh1,https://twitter.com/i/web/status/1307499001076305920,"RT @PatMcGorry: Given the current prospects for this emerging generation, it’s time for a national youth recovery strategy with economic, v…",,
generation,2020-09-20 11:38:33,Dpeters1977,https://twitter.com/Dpeters1977,https://twitter.com/i/web/status/1307494323533955075,"RT @PatMcGorry: Given the current prospects for this emerging generation, it’s time for a national youth recovery strategy with economic, v…",,
generation,2020-09-20 10:45:39,benksilvester,https://twitter.com/benksilvester,https://twitter.com/i/web/status/1307481012293623808,"RT @PatMcGorry: Given the current prospects for this emerging generation, it’s time for a national youth recovery strategy with economic, v…",,
australian,2020-09-18 00:12:45,sreeura,https://twitter.com/sreeura,https://twitter.com/i/web/status/1306596959264751616,RT @willlittleton77: @ScottMorrisonMP Are you going to check on this families mental health? Coronavirus: Australian family hit with huge q…,,
australian,2020-09-16 04:37:51,JohnACrimmins,https://twitter.com/JohnACrimmins,https://twitter.com/i/web/status/1305938898548219905,Australians @LeanneWells63 need to transition safely out of this pandemic and having a multidisciplinary health assessment for everyone aged 16 to 75 years with a focus on mental health funded one off by Medicare must be direct billed with outcomes reported to @GregHuntMP,,
australian,2020-09-22 08:35:45,BeerBlokes,https://twitter.com/BeerBlokes,https://twitter.com/i/web/status/1308173097506226176,RT @AndrewWilsmore: More proof: An Adelaide wastewater analysis has revealed South Australians drank significantly less during the strict…,,
australian,2020-09-22 11:22:42,ClubsACT,https://twitter.com/ClubsACT,https://twitter.com/i/web/status/1308215110255562752,RT @AndrewWilsmore: More proof: An Adelaide wastewater analysis has revealed South Australians drank significantly less during the strict…,,
australian,2020-09-22 08:33:49,AndrewWilsmore,https://twitter.com/AndrewWilsmore,https://twitter.com/i/web/status/1308172610480422912,"More proof: An Adelaide wastewater analysis has revealed South Australians drank significantly less during the strict COVID-19 lockdown, despite suggestions people drank more while heavy restrictions were in place https://t.co/hPcsxoqtt8",,
australian,2020-09-22 10:39:02,CAPRAustralia,https://twitter.com/CAPRAustralia,https://twitter.com/i/web/status/1308204119748820992,A study of wastewater during the COVID-19 lockdown in April reveals South Australians drank less alcohol during heavy restrictions https://t.co/bUNDP6Kq5T,,
concern,2020-09-17 10:28:43,fatima_ishfaq,https://twitter.com/fatima_ishfaq,https://twitter.com/i/web/status/1306389588030627840,RT @GregHuntMP: Anyone concerned about their mental health can also visit https://t.co/nO0by3N1U1 or call 1800 595 212 to talk to a health…,,
concern,2020-09-17 22:01:55,HarrisHeidi,https://twitter.com/HarrisHeidi,https://twitter.com/i/web/status/1306564036981436416,"RT @GregHuntMP: If you are concerned about your mental health and wellbeing, support is available. Please reach out to your GP. https://t.c…",,
concern,2020-09-17 13:04:13,themancave_aus,https://twitter.com/themancave_aus,https://twitter.com/i/web/status/1306428717028110336,RT @GregHuntMP: Anyone concerned about their mental health can also visit https://t.co/nO0by3N1U1 or call 1800 595 212 to talk to a health…,,
concern,2020-09-17 10:08:05,noxidsoft,https://twitter.com/noxidsoft,https://twitter.com/i/web/status/1306384392982376448,RT @GregHuntMP: Anyone concerned about their mental health can also visit https://t.co/nO0by3N1U1 or call 1800 595 212 to talk to a health…,,
concern,2020-09-18 07:32:51,LMStrategy,https://twitter.com/LMStrategy,https://twitter.com/i/web/status/1306707717357150210,RT @AmandaJ95577106: @CaringConcern @GregHuntMP  We need input from a broad spectrum of people working together for the benefit of mental h…,,
seeing,2020-09-16 16:27:52,ObserverParafox,https://twitter.com/ObserverParafox,https://twitter.com/i/web/status/1306117583163150336,"RT @DrGrinzi: I am currently seeing an enormous amount of mental health consultations.  Sadly, I will be notifying my patients that from Oc…",,
seeing,2020-09-16 11:20:57,DrKathlWild,https://twitter.com/DrKathlWild,https://twitter.com/i/web/status/1306040344199397377,"RT @DrGrinzi: I am currently seeing an enormous amount of mental health consultations.  Sadly, I will be notifying my patients that from Oc…",,
seeing,2020-09-18 18:02:26,tedwardjams,https://twitter.com/tedwardjams,https://twitter.com/i/web/status/1306866156632813568,"I’m used to and comfortable with solitude, but enforced solitude has been really challenging. I don’t think about it much, but the excitement around seeing my mum today made me realise I’ve been lonely.",,
seeing,2020-09-17 10:27:24,VicAusMidwife,https://twitter.com/VicAusMidwife,https://twitter.com/i/web/status/1306389255564918790,"RT @DrGrinzi: I am currently seeing an enormous amount of mental health consultations.  Sadly, I will be notifying my patients that from Oc…",,
seeing,2020-09-18 12:44:45,supergeepbec,https://twitter.com/supergeepbec,https://twitter.com/i/web/status/1306786205904891905,"RT @DrGrinzi: I am currently seeing an enormous amount of mental health consultations.  Sadly, I will be notifying my patients that from Oc…",,
seeing,2020-09-16 14:37:45,ozjohnd,https://twitter.com/ozjohnd,https://twitter.com/i/web/status/1306089869316243457,"RT @DrGrinzi: I am currently seeing an enormous amount of mental health consultations.  Sadly, I will be notifying my patients that from Oc…",,
seeing,2020-09-16 13:15:17,Sir_Vickz,https://twitter.com/Sir_Vickz,https://twitter.com/i/web/status/1306069116072067078,"RT @DrGrinzi: I am currently seeing an enormous amount of mental health consultations.  Sadly, I will be notifying my patients that from Oc…",,
seeing,2020-09-16 13:34:37,JohnACrimmins,https://twitter.com/JohnACrimmins,https://twitter.com/i/web/status/1306073981280108546,"RT @DrGrinzi: I am currently seeing an enormous amount of mental health consultations.  Sadly, I will be notifying my patients that from Oc…",,
seeing,2020-09-16 11:06:47,johnsalmond,https://twitter.com/johnsalmond,https://twitter.com/i/web/status/1306036776868311045,"RT @DrGrinzi: I am currently seeing an enormous amount of mental health consultations.  Sadly, I will be notifying my patients that from Oc…",,
seeing,2020-09-16 22:45:21,NjbBari3,https://twitter.com/NjbBari3,https://twitter.com/i/web/status/1306212576192114689,"RT @DrGrinzi: I am currently seeing an enormous amount of mental health consultations.  Sadly, I will be notifying my patients that from Oc…",,
patient,2020-09-18 18:55:39,JennaG_SLP,https://twitter.com/JennaG_SLP,https://twitter.com/i/web/status/1306879549062475776,"RT @SpeechPathAus: .@ScottMorrisonMP: “Patients will continue to have access to Medicare-subsidised telehealth for general practitioner, nu…",,
patient,2020-09-18 18:39:11,BronwynHemsley,https://twitter.com/BronwynHemsley,https://twitter.com/i/web/status/1306875401998917634,"RT @SpeechPathAus: .@ScottMorrisonMP: “Patients will continue to have access to Medicare-subsidised telehealth for general practitioner, nu…",,
patient,2020-09-16 16:27:52,ObserverParafox,https://twitter.com/ObserverParafox,https://twitter.com/i/web/status/1306117583163150336,"RT @DrGrinzi: I am currently seeing an enormous amount of mental health consultations.  Sadly, I will be notifying my patients that from Oc…",,
patient,2020-09-16 11:20:57,DrKathlWild,https://twitter.com/DrKathlWild,https://twitter.com/i/web/status/1306040344199397377,"RT @DrGrinzi: I am currently seeing an enormous amount of mental health consultations.  Sadly, I will be notifying my patients that from Oc…",,
patient,2020-09-18 10:40:27,sreeura,https://twitter.com/sreeura,https://twitter.com/i/web/status/1306754927872454656,RT @janesuzy: I totally agree. #BringUsHome! It’s 7 months and high time. @ScottMorrisonMP you asked us to be patient but no more. Our ment…,BringUsHome,BringUsHome
patient,2020-09-17 10:27:24,VicAusMidwife,https://twitter.com/VicAusMidwife,https://twitter.com/i/web/status/1306389255564918790,"RT @DrGrinzi: I am currently seeing an enormous amount of mental health consultations.  Sadly, I will be notifying my patients that from Oc…",,
patient,2020-09-18 12:44:45,supergeepbec,https://twitter.com/supergeepbec,https://twitter.com/i/web/status/1306786205904891905,"RT @DrGrinzi: I am currently seeing an enormous amount of mental health consultations.  Sadly, I will be notifying my patients that from Oc…",,
patient,2020-09-16 14:37:45,ozjohnd,https://twitter.com/ozjohnd,https://twitter.com/i/web/status/1306089869316243457,"RT @DrGrinzi: I am currently seeing an enormous amount of mental health consultations.  Sadly, I will be notifying my patients that from Oc…",,
patient,2020-09-16 13:15:17,Sir_Vickz,https://twitter.com/Sir_Vickz,https://twitter.com/i/web/status/1306069116072067078,"RT @DrGrinzi: I am currently seeing an enormous amount of mental health consultations.  Sadly, I will be notifying my patients that from Oc…",,
patient,2020-09-16 13:34:37,JohnACrimmins,https://twitter.com/JohnACrimmins,https://twitter.com/i/web/status/1306073981280108546,"RT @DrGrinzi: I am currently seeing an enormous amount of mental health consultations.  Sadly, I will be notifying my patients that from Oc…",,
chatbot,2020-09-19 17:38:08,KSeibertAu,https://twitter.com/KSeibertAu,https://twitter.com/i/web/status/1307222429744263168,RT @healthgovau: Looking for mental health support but not sure where to start? Sam the chatbot can help. All you need to do is answer some…,,
chatbot,2020-09-19 17:36:13,dana_advocacy,https://twitter.com/dana_advocacy,https://twitter.com/i/web/status/1307221943909675008,RT @healthgovau: Looking for mental health support but not sure where to start? Sam the chatbot can help. All you need to do is answer some…,,
chatbot,2020-09-19 17:52:30,BrogdenLucy,https://twitter.com/BrogdenLucy,https://twitter.com/i/web/status/1307226043250425856,RT @healthgovau: Looking for mental health support but not sure where to start? Sam the chatbot can help. All you need to do is answer some…,,
chatbot,2020-09-19 18:05:28,MJA_Editor,https://twitter.com/MJA_Editor,https://twitter.com/i/web/status/1307229306582528001,RT @healthgovau: Looking for mental health support but not sure where to start? Sam the chatbot can help. All you need to do is answer some…,,
chatbot,2020-09-19 17:46:54,Dpeters1977,https://twitter.com/Dpeters1977,https://twitter.com/i/web/status/1307224634660540416,RT @healthgovau: Looking for mental health support but not sure where to start? Sam the chatbot can help. All you need to do is answer some…,,
ask,2020-09-22 15:11:13,dana_advocacy,https://twitter.com/dana_advocacy,https://twitter.com/i/web/status/1308272618202570752,"RT @PWDAustralia: Ms Griffiths describes anxiety, thinking it was her fault. She asked for help from workers, parents, NSW Ombudsman's offi…",,
ask,2020-09-18 11:00:05,RANZCP,https://twitter.com/RANZCP,https://twitter.com/i/web/status/1306759867458351106,Learn how to control anxiety whenever you experience it. Try this breathing exercise to help alleviate your anxiety.  If your anxiety continues talk with your GP and ask if a referral to a psychiatrist is right for you. For more information visit https://t.co/pTAKDMK41P https://t.co/3nrwycW3dN,,
ask,2020-09-18 10:40:27,sreeura,https://twitter.com/sreeura,https://twitter.com/i/web/status/1306754927872454656,RT @janesuzy: I totally agree. #BringUsHome! It’s 7 months and high time. @ScottMorrisonMP you asked us to be patient but no more. Our ment…,BringUsHome,BringUsHome
ask,2020-09-18 22:03:50,tall_rach,https://twitter.com/tall_rach,https://twitter.com/i/web/status/1306926903979200512,RT @janesuzy: I totally agree. #BringUsHome! It’s 7 months and high time. @ScottMorrisonMP you asked us to be patient but no more. Our ment…,BringUsHome,BringUsHome
ask,2020-09-18 02:08:11,janesuzy,https://twitter.com/janesuzy,https://twitter.com/i/web/status/1306626012239638528,I totally agree. #BringUsHome! It’s 7 months and high time. @ScottMorrisonMP you asked us to be patient but no more. Our mental health and livelihood is at risk.#RemoveCaps @dfat @SenatorWong @AusBorderForce @AusHCIndia @cnni @MarisePayne @KKeneally @PeterDutton_MP @abcnews @WHO https://t.co/q8KbLKXeBf,BringUsHome,RemoveCaps
ask,2020-09-19 02:02:03,marlinpaz,https://twitter.com/marlinpaz,https://twitter.com/i/web/status/1306986854693187585,RT @janesuzy: I totally agree. #BringUsHome! It’s 7 months and high time. @ScottMorrisonMP you asked us to be patient but no more. Our ment…,BringUsHome,BringUsHome
ask,2020-09-21 09:00:12,RANZCP,https://twitter.com/RANZCP,https://twitter.com/i/web/status/1307816861107707904,Learn how to control anxiety whenever you experience it. Try this breathing exercise to help alleviate your anxiety.  If your anxiety continues talk with your GP and ask if a referral to a psychiatrist is right for you. For more information visit https://t.co/pTAKDMK41P https://t.co/PxxSyb6335,,
notify,2020-09-16 16:27:52,ObserverParafox,https://twitter.com/ObserverParafox,https://twitter.com/i/web/status/1306117583163150336,"RT @DrGrinzi: I am currently seeing an enormous amount of mental health consultations.  Sadly, I will be notifying my patients that from Oc…",,
notify,2020-09-16 11:20:57,DrKathlWild,https://twitter.com/DrKathlWild,https://twitter.com/i/web/status/1306040344199397377,"RT @DrGrinzi: I am currently seeing an enormous amount of mental health consultations.  Sadly, I will be notifying my patients that from Oc…",,
notify,2020-09-17 10:27:24,VicAusMidwife,https://twitter.com/VicAusMidwife,https://twitter.com/i/web/status/1306389255564918790,"RT @DrGrinzi: I am currently seeing an enormous amount of mental health consultations.  Sadly, I will be notifying my patients that from Oc…",,
notify,2020-09-18 12:44:45,supergeepbec,https://twitter.com/supergeepbec,https://twitter.com/i/web/status/1306786205904891905,"RT @DrGrinzi: I am currently seeing an enormous amount of mental health consultations.  Sadly, I will be notifying my patients that from Oc…",,
notify,2020-09-16 14:37:45,ozjohnd,https://twitter.com/ozjohnd,https://twitter.com/i/web/status/1306089869316243457,"RT @DrGrinzi: I am currently seeing an enormous amount of mental health consultations.  Sadly, I will be notifying my patients that from Oc…",,
notify,2020-09-16 13:15:17,Sir_Vickz,https://twitter.com/Sir_Vickz,https://twitter.com/i/web/status/1306069116072067078,"RT @DrGrinzi: I am currently seeing an enormous amount of mental health consultations.  Sadly, I will be notifying my patients that from Oc…",,
notify,2020-09-16 13:34:37,JohnACrimmins,https://twitter.com/JohnACrimmins,https://twitter.com/i/web/status/1306073981280108546,"RT @DrGrinzi: I am currently seeing an enormous amount of mental health consultations.  Sadly, I will be notifying my patients that from Oc…",,
notify,2020-09-16 11:06:47,johnsalmond,https://twitter.com/johnsalmond,https://twitter.com/i/web/status/1306036776868311045,"RT @DrGrinzi: I am currently seeing an enormous amount of mental health consultations.  Sadly, I will be notifying my patients that from Oc…",,
notify,2020-09-16 22:45:21,NjbBari3,https://twitter.com/NjbBari3,https://twitter.com/i/web/status/1306212576192114689,"RT @DrGrinzi: I am currently seeing an enormous amount of mental health consultations.  Sadly, I will be notifying my patients that from Oc…",,
notify,2020-09-16 11:35:12,TheWillowGhost,https://twitter.com/TheWillowGhost,https://twitter.com/i/web/status/1306043927175114752,"RT @DrGrinzi: I am currently seeing an enormous amount of mental health consultations.  Sadly, I will be notifying my patients that from Oc…",,
