keyword,counts
beyond,305
blue,305
welcome,304
young,293
support,290
connect,277
take,273
yarnspace,256
islander,256
mobs,256
study,256
difference,248
activity,248
works,248
stress,243
forums,240
online,236
black,229
daily,229
find,225
time,222
today,222
share,220
whatever,220
aboriginal,214
makes,213
wellbeing,213
seek,208
participate,208
walk,208
torres,204
strait,204
24/7,200
phone,199
idea,199
hope,198
taking,198
active,196
community,195
across,195
copin,195
gov,195
addressing,195
tim,195
web,195
c,195
institute,195
care,193
check,192
service,191
stories,185
cor,185
invites,179
tell,179
self-isolating,179
chair,179
compassion,179
thro,179
together,179
beat,179
fun,179
initiative,179
raise,179
vital,179
funds,179
moment,179
mood,179
‘you',179
meditate,179
yoga,179
nap,179
soo,179
bring,179
dog,179
tips,179
#mentalhealth,176
free,175
australia,173
working,170
connected,170
commitment,170
reduce,170
important,169
#covid19,167
men,165
especially,165
services,164
mindfulness,161
business,161
relax,161
volunteers,161
combating,161
fallout,161
gift,161
hampers,161
cheer,161
improve,161
directory,161
dorrit,161
'watersprites',161
