Topic,word1,word2,word3,word4,word5,word6,word7,word8,word9,word10
Topic 1,australia,service,impact,#mentalhealth,people,please,country,need,pandemic,nurse
Topic 2,clinic,australian,across,people,support,important,system,impact,medical,victoria
Topic 3,australia,increase,community,restriction,economic,issue,covid,coronavirus,fallout,always
Topic 4,australia,stress,public,physical,response,pandemic,relationship,service,effective,support
Topic 5,enough,anxiety,session,australia,start,medicare,add,reunite,depression,love
