keyword,created_at_local_time,screen_name,user_URL,tweet_URL,tweet_text,hashtag1,hashtag2
tonight,2020-09-02 21:38:29,travellator2,https://twitter.com/travellator2,https://twitter.com/i/web/status/1301122320422100994,RT @sasmoa4doctors: As we leave to go home tonight there are 41 (yes 41) mental health patients in the metro SA EDs. This is criminal. The…,,
tonight,2020-09-02 20:10:26,sasmoa4doctors,https://twitter.com/sasmoa4doctors,https://twitter.com/i/web/status/1301100160055877632,As we leave to go home tonight there are 41 (yes 41) mental health patients in the metro SA EDs. This is criminal. The EDs themselves are over capacity. Another shocker. What is the health bureaucracy doing. @AusHumanRights @marshall_steven @GregHuntMP,,
tonight,2020-09-02 21:32:39,PictonChris,https://twitter.com/PictonChris,https://twitter.com/i/web/status/1301120850263855106,RT @sasmoa4doctors: As we leave to go home tonight there are 41 (yes 41) mental health patients in the metro SA EDs. This is criminal. The…,,
tonight,2020-09-02 21:55:01,HelenSm76464997,https://twitter.com/HelenSm76464997,https://twitter.com/i/web/status/1301126481058254853,RT @sasmoa4doctors: As we leave to go home tonight there are 41 (yes 41) mental health patients in the metro SA EDs. This is criminal. The…,,
tonight,2020-09-02 20:10:56,aeasa1981,https://twitter.com/aeasa1981,https://twitter.com/i/web/status/1301100285700444160,RT @sasmoa4doctors: As we leave to go home tonight there are 41 (yes 41) mental health patients in the metro SA EDs. This is criminal. The…,,
tonight,2020-09-03 04:43:25,WgarNews,https://twitter.com/WgarNews,https://twitter.com/i/web/status/1301229256920367104,RT @sasmoa4doctors: As we leave to go home tonight there are 41 (yes 41) mental health patients in the metro SA EDs. This is criminal. The…,,
tonight,2020-09-02 22:14:25,JswannyJohn,https://twitter.com/JswannyJohn,https://twitter.com/i/web/status/1301131361302896640,RT @sasmoa4doctors: As we leave to go home tonight there are 41 (yes 41) mental health patients in the metro SA EDs. This is criminal. The…,,
tonight,2020-09-02 21:39:49,dolarhyde_uc,https://twitter.com/dolarhyde_uc,https://twitter.com/i/web/status/1301122655219675136,RT @sasmoa4doctors: As we leave to go home tonight there are 41 (yes 41) mental health patients in the metro SA EDs. This is criminal. The…,,
overseas,2020-09-03 20:21:42,sreeura,https://twitter.com/sreeura,https://twitter.com/i/web/status/1301465384038535168,RT @chefsami_la: @GregHuntMP How about lifting the travel ban and allowing overseas partners to reunite?? Talk about a mental health crisis…,,
overseas,2020-09-04 02:51:07,lucilcka,https://twitter.com/lucilcka,https://twitter.com/i/web/status/1301563386744975361,"@adventure_ali_ 🤦‍♀️😭🤦‍♀️😭?  I’m sorry but wtf happened to this government ? They lock them overseas, they make them payd when they have nothing left and now they threaten them ? Where is the consideration for the mental health ? Is that the good start for 2021 ? 😨 @ScottMorrisonMP",,
overseas,2020-09-08 20:24:26,AnnieFuller09,https://twitter.com/AnnieFuller09,https://twitter.com/i/web/status/1303278014097096705,@MatthewGuyMP And so is the mental health of the thousands of Australians stranded overseas or those not able to leave to be with family or whatever their personal reason is.  @LiberalAus are no better. #LiftAustTravelBan #Freedom4Australia @ScottMorrisonMP @GregHuntMP @Bowenchris @AlboMP,Freedom4Australia,LiftAustTravelBan
leave,2020-09-02 21:38:29,travellator2,https://twitter.com/travellator2,https://twitter.com/i/web/status/1301122320422100994,RT @sasmoa4doctors: As we leave to go home tonight there are 41 (yes 41) mental health patients in the metro SA EDs. This is criminal. The…,,
leave,2020-09-02 20:10:26,sasmoa4doctors,https://twitter.com/sasmoa4doctors,https://twitter.com/i/web/status/1301100160055877632,As we leave to go home tonight there are 41 (yes 41) mental health patients in the metro SA EDs. This is criminal. The EDs themselves are over capacity. Another shocker. What is the health bureaucracy doing. @AusHumanRights @marshall_steven @GregHuntMP,,
leave,2020-09-02 21:32:39,PictonChris,https://twitter.com/PictonChris,https://twitter.com/i/web/status/1301120850263855106,RT @sasmoa4doctors: As we leave to go home tonight there are 41 (yes 41) mental health patients in the metro SA EDs. This is criminal. The…,,
leave,2020-09-02 21:55:01,HelenSm76464997,https://twitter.com/HelenSm76464997,https://twitter.com/i/web/status/1301126481058254853,RT @sasmoa4doctors: As we leave to go home tonight there are 41 (yes 41) mental health patients in the metro SA EDs. This is criminal. The…,,
leave,2020-09-02 20:10:56,aeasa1981,https://twitter.com/aeasa1981,https://twitter.com/i/web/status/1301100285700444160,RT @sasmoa4doctors: As we leave to go home tonight there are 41 (yes 41) mental health patients in the metro SA EDs. This is criminal. The…,,
leave,2020-09-03 04:43:25,WgarNews,https://twitter.com/WgarNews,https://twitter.com/i/web/status/1301229256920367104,RT @sasmoa4doctors: As we leave to go home tonight there are 41 (yes 41) mental health patients in the metro SA EDs. This is criminal. The…,,
leave,2020-09-02 22:14:25,JswannyJohn,https://twitter.com/JswannyJohn,https://twitter.com/i/web/status/1301131361302896640,RT @sasmoa4doctors: As we leave to go home tonight there are 41 (yes 41) mental health patients in the metro SA EDs. This is criminal. The…,,
leave,2020-09-08 20:24:26,AnnieFuller09,https://twitter.com/AnnieFuller09,https://twitter.com/i/web/status/1303278014097096705,@MatthewGuyMP And so is the mental health of the thousands of Australians stranded overseas or those not able to leave to be with family or whatever their personal reason is.  @LiberalAus are no better. #LiftAustTravelBan #Freedom4Australia @ScottMorrisonMP @GregHuntMP @Bowenchris @AlboMP,Freedom4Australia,LiftAustTravelBan
leave,2020-09-02 21:39:49,dolarhyde_uc,https://twitter.com/dolarhyde_uc,https://twitter.com/i/web/status/1301122655219675136,RT @sasmoa4doctors: As we leave to go home tonight there are 41 (yes 41) mental health patients in the metro SA EDs. This is criminal. The…,,
bizarre,2020-09-02 12:15:22,CarolRi29641054,https://twitter.com/CarolRi29641054,https://twitter.com/i/web/status/1300980607392952320,RT @TheKouk: Bizarre that fiscal stimulus is being wound back given the depth of the current 2020 COVID Depression. Bizarre also RBA is ref…,,
bizarre,2020-09-02 23:41:02,sir_alex52,https://twitter.com/sir_alex52,https://twitter.com/i/web/status/1301153160791121920,RT @TheKouk: Bizarre that fiscal stimulus is being wound back given the depth of the current 2020 COVID Depression. Bizarre also RBA is ref…,,
caring,2020-09-08 08:28:34,dameladeedah,https://twitter.com/dameladeedah,https://twitter.com/i/web/status/1303097856744542208,RT @kathryntherese2: @JohnRHewson Another pile on from @GregHuntMP now on @abcnews Relentless attacks under the guise of caring for our men…,,
caring,2020-09-08 13:33:56,Gadgets_S_J,https://twitter.com/Gadgets_S_J,https://twitter.com/i/web/status/1303174707848470528,RT @kathryntherese2: @JohnRHewson Another pile on from @GregHuntMP now on @abcnews Relentless attacks under the guise of caring for our men…,,
caring,2020-09-08 13:00:42,carolyn95447388,https://twitter.com/carolyn95447388,https://twitter.com/i/web/status/1303166341680111616,RT @kathryntherese2: @JohnRHewson Another pile on from @GregHuntMP now on @abcnews Relentless attacks under the guise of caring for our men…,,
caring,2020-09-08 08:33:42,wendoureeswans,https://twitter.com/wendoureeswans,https://twitter.com/i/web/status/1303099148946649088,RT @kathryntherese2: @JohnRHewson Another pile on from @GregHuntMP now on @abcnews Relentless attacks under the guise of caring for our men…,,
caring,2020-09-08 17:42:26,WJGunning,https://twitter.com/WJGunning,https://twitter.com/i/web/status/1303237241993441280,RT @kathryntherese2: @JohnRHewson Another pile on from @GregHuntMP now on @abcnews Relentless attacks under the guise of caring for our men…,,
caring,2020-09-08 18:40:17,peggymel2001,https://twitter.com/peggymel2001,https://twitter.com/i/web/status/1303251803664838661,RT @kathryntherese2: @JohnRHewson Another pile on from @GregHuntMP now on @abcnews Relentless attacks under the guise of caring for our men…,,
caring,2020-09-08 17:36:22,LizBuff46,https://twitter.com/LizBuff46,https://twitter.com/i/web/status/1303235717930205184,RT @kathryntherese2: @JohnRHewson Another pile on from @GregHuntMP now on @abcnews Relentless attacks under the guise of caring for our men…,,
caring,2020-09-08 12:26:14,voiceau,https://twitter.com/voiceau,https://twitter.com/i/web/status/1303157671273480192,RT @kathryntherese2: @JohnRHewson Another pile on from @GregHuntMP now on @abcnews Relentless attacks under the guise of caring for our men…,,
prove,2020-09-07 09:00:48,dgstones,https://twitter.com/dgstones,https://twitter.com/i/web/status/1302743584169275393,"@GregHuntMP So, why don't we have a Minister for Mental Health in Australia, Greg? Also, where is the plan to improve Aged Care in Australia? Is it fair for you and your party to have two weeks to have all that sorted out?",,
prove,2020-09-07 19:21:36,TheSexyYeti_,https://twitter.com/TheSexyYeti_,https://twitter.com/i/web/status/1302899810685444096,@ScottMorrisonMP might be time for the Gov to catch up with the rest of the world &amp; legalize something which is proven to help Mental health along with other aspects of health &amp; proven to boost the economy. Instead of police raiding places which currently will have a worse effect,,
prove,2020-09-03 17:16:28,jenlhudson,https://twitter.com/jenlhudson,https://twitter.com/i/web/status/1301418767939858432,@AndrewJBaillie @TheMatilda_USyd @MacquarieUniCEH Lucky this is a draft document. So there is still time and room for improvement on the Australian National Preventive Health Strategy to include a focus on mental health. @GregHuntMP,,
pre-prepared,2020-09-06 18:21:13,Gadgets_S_J,https://twitter.com/Gadgets_S_J,https://twitter.com/i/web/status/1302522229553418240,"@SimonBanksHB @OldStockRunOut @ScottMorrisonMP And a Health Minister has put out a pre-prepared (focus group tested no doubt) joint press release that mentions the economy, jobs and livelihoods a dozen times,  mental health twice, and physical health once, in the last paragraph.  Speekss volumes to intent. $$$ before lives.",,
pre-prepared,2020-09-06 19:10:56,VerschurenFred,https://twitter.com/VerschurenFred,https://twitter.com/i/web/status/1302534737743896576,RT @Gadgets_S_J: @SimonBanksHB @OldStockRunOut @ScottMorrisonMP And a Health Minister has put out a pre-prepared (focus group tested no dou…,,
pre-prepared,2020-09-06 19:32:02,MeckeringBoy,https://twitter.com/MeckeringBoy,https://twitter.com/i/web/status/1302540049834147840,RT @Gadgets_S_J: @SimonBanksHB @OldStockRunOut @ScottMorrisonMP And a Health Minister has put out a pre-prepared (focus group tested no dou…,,
pre-prepared,2020-09-06 20:06:32,akapoodlepower,https://twitter.com/akapoodlepower,https://twitter.com/i/web/status/1302548732034953216,RT @Gadgets_S_J: @SimonBanksHB @OldStockRunOut @ScottMorrisonMP And a Health Minister has put out a pre-prepared (focus group tested no dou…,,
minister,2020-09-07 09:00:48,dgstones,https://twitter.com/dgstones,https://twitter.com/i/web/status/1302743584169275393,"@GregHuntMP So, why don't we have a Minister for Mental Health in Australia, Greg? Also, where is the plan to improve Aged Care in Australia? Is it fair for you and your party to have two weeks to have all that sorted out?",,
minister,2020-09-02 12:55:19,tedthorne,https://twitter.com/tedthorne,https://twitter.com/i/web/status/1300990660313399296,"Mental Health: helps having someone who will LISTEN, but to do so you have to be SILENT  Say NO to suicide  Hey Morrison, how's that Minister for Men going? Guess you prefer to accept Male suicide - much easier @beyondblue @MensLine_Aus @ScottMorrisonMP https://t.co/GdN7yV009B",,
minister,2020-09-06 18:21:13,Gadgets_S_J,https://twitter.com/Gadgets_S_J,https://twitter.com/i/web/status/1302522229553418240,"@SimonBanksHB @OldStockRunOut @ScottMorrisonMP And a Health Minister has put out a pre-prepared (focus group tested no doubt) joint press release that mentions the economy, jobs and livelihoods a dozen times,  mental health twice, and physical health once, in the last paragraph.  Speekss volumes to intent. $$$ before lives.",,
minister,2020-09-06 19:10:56,VerschurenFred,https://twitter.com/VerschurenFred,https://twitter.com/i/web/status/1302534737743896576,RT @Gadgets_S_J: @SimonBanksHB @OldStockRunOut @ScottMorrisonMP And a Health Minister has put out a pre-prepared (focus group tested no dou…,,
minister,2020-09-06 08:54:25,blackcatcanvas,https://twitter.com/blackcatcanvas,https://twitter.com/i/web/status/1302379588907970560,"@GregHuntMP What of the thousands of fathers who have lost children to transgender ideology while as Health Minister you support the affirmation model of care. Any adolescent with mental health problems can receive puberty blockers, hormones and then free surgeries under your government.",,
minister,2020-09-06 19:32:02,MeckeringBoy,https://twitter.com/MeckeringBoy,https://twitter.com/i/web/status/1302540049834147840,RT @Gadgets_S_J: @SimonBanksHB @OldStockRunOut @ScottMorrisonMP And a Health Minister has put out a pre-prepared (focus group tested no dou…,,
minister,2020-09-06 20:06:32,akapoodlepower,https://twitter.com/akapoodlepower,https://twitter.com/i/web/status/1302548732034953216,RT @Gadgets_S_J: @SimonBanksHB @OldStockRunOut @ScottMorrisonMP And a Health Minister has put out a pre-prepared (focus group tested no dou…,,
need,2020-09-02 09:54:50,AnaGasparis,https://twitter.com/AnaGasparis,https://twitter.com/i/web/status/1300945241235574784,RT @FLMirabelli: People seeking mental health support need options. 44% of recent consultations were through Telehealth. Come on  @GregHunt…,,
need,2020-09-02 11:24:03,copland_aila,https://twitter.com/copland_aila,https://twitter.com/i/web/status/1300967692820606976,RT @FLMirabelli: People seeking mental health support need options. 44% of recent consultations were through Telehealth. Come on  @GregHunt…,,
need,2020-09-06 22:25:18,orgelhaus,https://twitter.com/orgelhaus,https://twitter.com/i/web/status/1302583655005519872,"@JoshFrydenberg @ScottMorrisonMP @GregHuntMP C’mon Josh. As one of your constituents I feel your hyperbole is not helping. Sure the $ is helpful, but the mental health toll is too great. Money doesn’t fix mental health. Hope does. It’s carnage here and we need some positive Fed government leadership to instal a caretaker!",,
need,2020-09-07 19:00:16,suthernx,https://twitter.com/suthernx,https://twitter.com/i/web/status/1302894444740452354,RT @michaelpurvis64: Betting Greg Sheridan also believes @ScottMorrisonMP is doing a Great Job just like Trump🤮🤮🤮 Greg needs a a Mental Hea…,,
need,2020-09-07 18:45:59,michaelpurvis64,https://twitter.com/michaelpurvis64,https://twitter.com/i/web/status/1302890850066677762,Betting Greg Sheridan also believes @ScottMorrisonMP is doing a Great Job just like Trump🤮🤮🤮 Greg needs a a Mental Health Checkup because he is clearly Delusional! #TheDrum,TheDrum,TheDrum
need,2020-09-07 10:51:09,lizoluwi,https://twitter.com/lizoluwi,https://twitter.com/i/web/status/1302771350923223040,@GregHuntMP Yer I'd like to retain my health unfortunately those with mental health issues are barred the therapy they need Raise the medicate better access psychology sessions so we stand a chance,,
need,2020-09-03 07:30:58,heidiypi1,https://twitter.com/heidiypi1,https://twitter.com/i/web/status/1301271424749858816,@ScottMorrisonMP @BradHazzard @GladysB what about spending the money on building the new Katoomba hospital and Mental Health Facility this is something that is really needed!... where are the plans for it? You say building is a great way to employment please start this now!,,
need,2020-09-02 08:21:39,ben_buchanan,https://twitter.com/ben_buchanan,https://twitter.com/i/web/status/1300921789556514816,RT @FLMirabelli: People seeking mental health support need options. 44% of recent consultations were through Telehealth. Come on  @GregHunt…,,
need,2020-09-06 18:46:16,pauline_mh1,https://twitter.com/pauline_mh1,https://twitter.com/i/web/status/1302528531390291968,"@angelo_virgona @PatMcGorry @ian_hickie @GregHuntMP @JudkinsSimon @Bowenchris @bronnietaylor The most unwell are at the worst end of neglect - the #missingsevere Too hard, needs are too complex, won't engage. As a #carer I am seriously over this dysfunctional system. The physical health system is great unless you have a mental illness like #Schizophrenia @tandemcarers",carer,Schizophrenia
need,2020-09-06 18:11:03,ms_macca,https://twitter.com/ms_macca,https://twitter.com/i/web/status/1302519669459283968,@jkmccrann @ScottMorrisonMP Scomo already knew about it. He’s just playing political games &amp; playing with our mental health. Also he needs to take responsibility for the private aged care sector.,,
andrew,2020-09-06 21:00:47,Justloo85230955,https://twitter.com/Justloo85230955,https://twitter.com/i/web/status/1302562384565862400,@JoshFrydenberg  @GregHuntMP  Please do more than just keep paying our country into a disastrous depression. Andrews has to go https://t.co/gpgKClMJwy,,
andrew,2020-09-08 12:00:54,sreeura,https://twitter.com/sreeura,https://twitter.com/i/web/status/1303151295717494786,"RT @CharlesFig_Aus: @DanielAndrewsMP   Where's your daily reporting case numbers of people driven to depression, suicides/attempts, lost li…",,
andrew,2020-09-08 21:45:11,GrumpyOleDave,https://twitter.com/GrumpyOleDave,https://twitter.com/i/web/status/1303298331523776512,@LucasBSdetector @ScoobydaDog @VictoriaPolice @DanielAndrewsMP @ScottMorrisonMP I have both family and business in Melbourne. Also in NSW and SA and Qld. Don't give me shit about how all of a sudden you care about mental health.,,
andrew,2020-09-08 11:58:04,koukli86,https://twitter.com/koukli86,https://twitter.com/i/web/status/1303150579154288644,"RT @CharlesFig_Aus: @DanielAndrewsMP   Where's your daily reporting case numbers of people driven to depression, suicides/attempts, lost li…",,
andrew,2020-09-08 11:48:08,CharlesFig_Aus,https://twitter.com/CharlesFig_Aus,https://twitter.com/i/web/status/1303148080007581696,"@DanielAndrewsMP   Where's your daily reporting case numbers of people driven to depression, suicides/attempts, lost livelihoods &amp; homes, poverty, shortened life expectancy &amp; long term health damage resulting from your lockdowns?  #victorialockdown #COVID19 #ResignDanielAndrews",COVID19,victorialockdown
andrew,2020-09-08 08:21:09,RBJRON,https://twitter.com/RBJRON,https://twitter.com/i/web/status/1303095992389042176,"@GDixon1977 @JRWeaver55 The LNP have spent the savings of future retirees to prop up their own economic failures and still haven't stopped the country going into a depression, but it's all Dan Andrews fault now, not financial headwinds, drought, bushfires, floods or the Corona virus, but Dan's fault",,
andrew,2020-09-03 17:16:28,jenlhudson,https://twitter.com/jenlhudson,https://twitter.com/i/web/status/1301418767939858432,@AndrewJBaillie @TheMatilda_USyd @MacquarieUniCEH Lucky this is a draft document. So there is still time and room for improvement on the Australian National Preventive Health Strategy to include a focus on mental health. @GregHuntMP,,
andrew,2020-09-04 09:02:27,paul_digs,https://twitter.com/paul_digs,https://twitter.com/i/web/status/1301656834273542144,"@healthgovau Make mental health a priority? You might want to have a chat to @DanielAndrewsMP then. Destroying the lives, livelihoods and mental health of so many in Victoria because of his own mistakes.",,
andrew,2020-09-07 21:53:13,grsmel,https://twitter.com/grsmel,https://twitter.com/i/web/status/1302937967569248257,Dan Andrews must go. Firstly he messed up hotel quarantine and put the victorians at risk and now he is overdoing with restrictions. He has killed mental health of victorians and the economy at both state and national levels.@DanielAndrewsMP @ScottMorrisonMP,,
andrew,2020-09-04 11:21:50,ozhomeschool,https://twitter.com/ozhomeschool,https://twitter.com/i/web/status/1301691910189232128,@richwal94842899 @JonathanLea10 @ScottMorrisonMP Scomo will lose voters. He's let the Premiers do what ever they like and Andrews is destroying Victoria and will pull all of Australia down. Some very large businesses are profiting from the lockdown but many medium/small businesses are going to the wall. Suicides &amp; Mental Health,,
suicide,2020-09-02 12:55:19,tedthorne,https://twitter.com/tedthorne,https://twitter.com/i/web/status/1300990660313399296,"Mental Health: helps having someone who will LISTEN, but to do so you have to be SILENT  Say NO to suicide  Hey Morrison, how's that Minister for Men going? Guess you prefer to accept Male suicide - much easier @beyondblue @MensLine_Aus @ScottMorrisonMP https://t.co/GdN7yV009B",,
suicide,2020-09-08 12:00:54,sreeura,https://twitter.com/sreeura,https://twitter.com/i/web/status/1303151295717494786,"RT @CharlesFig_Aus: @DanielAndrewsMP   Where's your daily reporting case numbers of people driven to depression, suicides/attempts, lost li…",,
suicide,2020-09-08 11:58:04,koukli86,https://twitter.com/koukli86,https://twitter.com/i/web/status/1303150579154288644,"RT @CharlesFig_Aus: @DanielAndrewsMP   Where's your daily reporting case numbers of people driven to depression, suicides/attempts, lost li…",,
suicide,2020-09-08 11:48:08,CharlesFig_Aus,https://twitter.com/CharlesFig_Aus,https://twitter.com/i/web/status/1303148080007581696,"@DanielAndrewsMP   Where's your daily reporting case numbers of people driven to depression, suicides/attempts, lost livelihoods &amp; homes, poverty, shortened life expectancy &amp; long term health damage resulting from your lockdowns?  #victorialockdown #COVID19 #ResignDanielAndrews",COVID19,victorialockdown
suicide,2020-09-08 16:17:54,ian_hickie,https://twitter.com/ian_hickie,https://twitter.com/i/web/status/1303215969725067264,"@lanai_scarr @AnthDeCeglie @JoshFrydenberg @JEChalmers @AlboMP @ScottMorrisonMP @westaustralian @DeloitteNewsAU @sunriseon7 @TimWilsonMP If no serious new mental health investments - in children and young people, suicide prevention and smart 21st C  care, then modeling @BrainMind_Usyd @CSART_world predicts disastrous long-term outcomes @PatsKarvelas @PatMcGorry @GregHuntMP @SabraLane @sammostyn @LindaMottram",,
suicide,2020-09-04 11:21:50,ozhomeschool,https://twitter.com/ozhomeschool,https://twitter.com/i/web/status/1301691910189232128,@richwal94842899 @JonathanLea10 @ScottMorrisonMP Scomo will lose voters. He's let the Premiers do what ever they like and Andrews is destroying Victoria and will pull all of Australia down. Some very large businesses are profiting from the lockdown but many medium/small businesses are going to the wall. Suicides &amp; Mental Health,,
suicide,2020-09-05 12:53:02,thegrumpypoof,https://twitter.com/thegrumpypoof,https://twitter.com/i/web/status/1302077248174915585,"@ausgov ...due to poor mental health, but I’m sick and tired of being made to feel like I’m a ‘leaner’ or ‘rorter’. Tell me @ScottMorrisonMP, how do you sleep, knowing that your policies and fck-ups have, &amp; will continue to play a part in Australia’s increasing suicide rate?",,
worst,2020-09-02 21:09:00,AlexDevantier,https://twitter.com/AlexDevantier,https://twitter.com/i/web/status/1301114900148707328,RT @MurrayWatt: Australia is now in its worst recession since the Great Depression. And the Morrison’s own decisions are making it worse –…,,
worst,2020-09-02 19:27:38,RichForrest2,https://twitter.com/RichForrest2,https://twitter.com/i/web/status/1301089389129293825,"RT @SenKatyG: We are in the worst economic downturn since the Great Depression.   A million Australians are unemployed.   400,000 more are…",,
worst,2020-09-02 20:38:03,sir_alex52,https://twitter.com/sir_alex52,https://twitter.com/i/web/status/1301107111376502786,RT @SenRaffCiccone: It beggars belief that the worst recession since the Great Depression has not been enough for the Morrison Government t…,,
worst,2020-09-02 22:35:18,JswannyJohn,https://twitter.com/JswannyJohn,https://twitter.com/i/web/status/1301136617311145985,RT @MurrayWatt: Australia is now in its worst recession since the Great Depression. And the Morrison’s own decisions are making it worse –…,,
worst,2020-09-06 18:46:16,pauline_mh1,https://twitter.com/pauline_mh1,https://twitter.com/i/web/status/1302528531390291968,"@angelo_virgona @PatMcGorry @ian_hickie @GregHuntMP @JudkinsSimon @Bowenchris @bronnietaylor The most unwell are at the worst end of neglect - the #missingsevere Too hard, needs are too complex, won't engage. As a #carer I am seriously over this dysfunctional system. The physical health system is great unless you have a mental illness like #Schizophrenia @tandemcarers",carer,Schizophrenia
worst,2020-09-02 20:12:04,Sunsplashsun,https://twitter.com/Sunsplashsun,https://twitter.com/i/web/status/1301100571605176320,RT @TwoEyeHead: 1. Josh Frydenberg's year long 'back in black' budget celebrations ends in the worst recession since the Great Depression.…,,
worst,2020-09-02 20:12:11,Sunsplashsun,https://twitter.com/Sunsplashsun,https://twitter.com/i/web/status/1301100603897081859,RT @TwoEyeHead: 2. Perhaps no one told him about eggs baskets and chickens before the worst recession since the great depression #auspolcar…,,
attack,2020-09-08 08:28:34,dameladeedah,https://twitter.com/dameladeedah,https://twitter.com/i/web/status/1303097856744542208,RT @kathryntherese2: @JohnRHewson Another pile on from @GregHuntMP now on @abcnews Relentless attacks under the guise of caring for our men…,,
attack,2020-09-08 13:33:56,Gadgets_S_J,https://twitter.com/Gadgets_S_J,https://twitter.com/i/web/status/1303174707848470528,RT @kathryntherese2: @JohnRHewson Another pile on from @GregHuntMP now on @abcnews Relentless attacks under the guise of caring for our men…,,
attack,2020-09-08 13:00:42,carolyn95447388,https://twitter.com/carolyn95447388,https://twitter.com/i/web/status/1303166341680111616,RT @kathryntherese2: @JohnRHewson Another pile on from @GregHuntMP now on @abcnews Relentless attacks under the guise of caring for our men…,,
attack,2020-09-08 08:33:42,wendoureeswans,https://twitter.com/wendoureeswans,https://twitter.com/i/web/status/1303099148946649088,RT @kathryntherese2: @JohnRHewson Another pile on from @GregHuntMP now on @abcnews Relentless attacks under the guise of caring for our men…,,
attack,2020-09-08 17:42:26,WJGunning,https://twitter.com/WJGunning,https://twitter.com/i/web/status/1303237241993441280,RT @kathryntherese2: @JohnRHewson Another pile on from @GregHuntMP now on @abcnews Relentless attacks under the guise of caring for our men…,,
attack,2020-09-08 18:40:17,peggymel2001,https://twitter.com/peggymel2001,https://twitter.com/i/web/status/1303251803664838661,RT @kathryntherese2: @JohnRHewson Another pile on from @GregHuntMP now on @abcnews Relentless attacks under the guise of caring for our men…,,
attack,2020-09-08 17:36:22,LizBuff46,https://twitter.com/LizBuff46,https://twitter.com/i/web/status/1303235717930205184,RT @kathryntherese2: @JohnRHewson Another pile on from @GregHuntMP now on @abcnews Relentless attacks under the guise of caring for our men…,,
attack,2020-09-08 21:04:51,fileckert,https://twitter.com/fileckert,https://twitter.com/i/web/status/1303288183283736576,"@healthgovau @MJA_Editor The government's negligence in care of the most vulnerable in the community, attacks on Victorians working tirelessly to manage reduction in cases and support of divisive media companies is an abhorrent abuse of power, and intensifies pressure on mental health across the nation.",,
attack,2020-09-08 12:26:14,voiceau,https://twitter.com/voiceau,https://twitter.com/i/web/status/1303157671273480192,RT @kathryntherese2: @JohnRHewson Another pile on from @GregHuntMP now on @abcnews Relentless attacks under the guise of caring for our men…,,
people,2020-09-06 18:03:01,CharlesFig_Aus,https://twitter.com/CharlesFig_Aus,https://twitter.com/i/web/status/1302517649885155328,"@ScottMorrisonMP @GregHuntMP   6 million people are living as prisoners in Victoria now. We're spiraling into economic disaster, not to mention the dwindling mental health.  Stop hiding behind the phrase it's a matter for the Victorian Govt and f**king help. #COVID19Victoria",COVID19Victoria,COVID19Victoria
people,2020-09-03 08:06:12,BONHAPPYEAT,https://twitter.com/BONHAPPYEAT,https://twitter.com/i/web/status/1301280289327468549,"@KevinHoganMP @GladysB @AnnastaciaMP @ScottMorrisonMP @JohnBarilaroMP   People are losing their livelihoods. Sick are being denied basic human rights. The mental health of children is in decline. Qld defines a hotspot as having a lot of cases, it should be classified properly!!",,
people,2020-09-02 16:08:23,sreeura,https://twitter.com/sreeura,https://twitter.com/i/web/status/1301039247047057409,"RT @jazzbby91: Rather than utilise ankle monitors &amp; innovative technology, you cause mental and emotional distress to people entering Austr…",,
people,2020-09-03 20:23:59,sreeura,https://twitter.com/sreeura,https://twitter.com/i/web/status/1301465959803232256,"RT @Danni2827: What is the bigger threat to humanity? COVID19 or what it is doing to mental health, children, economy and people that are w…",,
people,2020-09-08 12:00:54,sreeura,https://twitter.com/sreeura,https://twitter.com/i/web/status/1303151295717494786,"RT @CharlesFig_Aus: @DanielAndrewsMP   Where's your daily reporting case numbers of people driven to depression, suicides/attempts, lost li…",,
people,2020-09-02 09:54:50,AnaGasparis,https://twitter.com/AnaGasparis,https://twitter.com/i/web/status/1300945241235574784,RT @FLMirabelli: People seeking mental health support need options. 44% of recent consultations were through Telehealth. Come on  @GregHunt…,,
people,2020-09-02 11:24:03,copland_aila,https://twitter.com/copland_aila,https://twitter.com/i/web/status/1300967692820606976,RT @FLMirabelli: People seeking mental health support need options. 44% of recent consultations were through Telehealth. Come on  @GregHunt…,,
people,2020-09-02 12:37:58,MariaLockwood19,https://twitter.com/MariaLockwood19,https://twitter.com/i/web/status/1300986295745798146,RT @WRBatt: Reasons I think people with good intentions don't get tested:  1) Anxiety about addressing health concerns generally 2) No acce…,,
people,2020-09-02 15:51:02,jazzbby91,https://twitter.com/jazzbby91,https://twitter.com/i/web/status/1301034880977874944,"Rather than utilise ankle monitors &amp; innovative technology, you cause mental and emotional distress to people entering Australia - most of which are Australians? https://t.co/Hh9FR52sIV  @ScottMorrisonMP @PeterDutton_MP @AlboMP @AdamBandt @NickMcKim @zalisteggall @KKeneally",,
people,2020-09-03 08:01:53,koukli86,https://twitter.com/koukli86,https://twitter.com/i/web/status/1301279204042997764,"RT @jazzbby91: Rather than utilise ankle monitors &amp; innovative technology, you cause mental and emotional distress to people entering Austr…",,
emotional,2020-09-02 16:08:23,sreeura,https://twitter.com/sreeura,https://twitter.com/i/web/status/1301039247047057409,"RT @jazzbby91: Rather than utilise ankle monitors &amp; innovative technology, you cause mental and emotional distress to people entering Austr…",,
emotional,2020-09-02 15:51:02,jazzbby91,https://twitter.com/jazzbby91,https://twitter.com/i/web/status/1301034880977874944,"Rather than utilise ankle monitors &amp; innovative technology, you cause mental and emotional distress to people entering Australia - most of which are Australians? https://t.co/Hh9FR52sIV  @ScottMorrisonMP @PeterDutton_MP @AlboMP @AdamBandt @NickMcKim @zalisteggall @KKeneally",,
emotional,2020-09-03 08:01:53,koukli86,https://twitter.com/koukli86,https://twitter.com/i/web/status/1301279204042997764,"RT @jazzbby91: Rather than utilise ankle monitors &amp; innovative technology, you cause mental and emotional distress to people entering Austr…",,
emotional,2020-09-02 16:10:04,nicola38381851,https://twitter.com/nicola38381851,https://twitter.com/i/web/status/1301039672819200000,"RT @jazzbby91: Rather than utilise ankle monitors &amp; innovative technology, you cause mental and emotional distress to people entering Austr…",,
another,2020-09-08 08:28:34,dameladeedah,https://twitter.com/dameladeedah,https://twitter.com/i/web/status/1303097856744542208,RT @kathryntherese2: @JohnRHewson Another pile on from @GregHuntMP now on @abcnews Relentless attacks under the guise of caring for our men…,,
another,2020-09-02 20:10:26,sasmoa4doctors,https://twitter.com/sasmoa4doctors,https://twitter.com/i/web/status/1301100160055877632,As we leave to go home tonight there are 41 (yes 41) mental health patients in the metro SA EDs. This is criminal. The EDs themselves are over capacity. Another shocker. What is the health bureaucracy doing. @AusHumanRights @marshall_steven @GregHuntMP,,
another,2020-09-08 13:33:56,Gadgets_S_J,https://twitter.com/Gadgets_S_J,https://twitter.com/i/web/status/1303174707848470528,RT @kathryntherese2: @JohnRHewson Another pile on from @GregHuntMP now on @abcnews Relentless attacks under the guise of caring for our men…,,
another,2020-09-08 13:00:42,carolyn95447388,https://twitter.com/carolyn95447388,https://twitter.com/i/web/status/1303166341680111616,RT @kathryntherese2: @JohnRHewson Another pile on from @GregHuntMP now on @abcnews Relentless attacks under the guise of caring for our men…,,
another,2020-09-02 16:54:32,RobThomson2528,https://twitter.com/RobThomson2528,https://twitter.com/i/web/status/1301050862077317121,@Mad_Morris Didn't @ScottMorrisonMP promise more mental health help? Another #ScottyfromMarketing promise with NO actual delivery of actual help?,ScottyfromMarketing,ScottyfromMarketing
another,2020-09-08 08:33:42,wendoureeswans,https://twitter.com/wendoureeswans,https://twitter.com/i/web/status/1303099148946649088,RT @kathryntherese2: @JohnRHewson Another pile on from @GregHuntMP now on @abcnews Relentless attacks under the guise of caring for our men…,,
another,2020-09-08 17:42:26,WJGunning,https://twitter.com/WJGunning,https://twitter.com/i/web/status/1303237241993441280,RT @kathryntherese2: @JohnRHewson Another pile on from @GregHuntMP now on @abcnews Relentless attacks under the guise of caring for our men…,,
another,2020-09-08 18:40:17,peggymel2001,https://twitter.com/peggymel2001,https://twitter.com/i/web/status/1303251803664838661,RT @kathryntherese2: @JohnRHewson Another pile on from @GregHuntMP now on @abcnews Relentless attacks under the guise of caring for our men…,,
another,2020-09-08 17:36:22,LizBuff46,https://twitter.com/LizBuff46,https://twitter.com/i/web/status/1303235717930205184,RT @kathryntherese2: @JohnRHewson Another pile on from @GregHuntMP now on @abcnews Relentless attacks under the guise of caring for our men…,,
another,2020-09-08 12:26:14,voiceau,https://twitter.com/voiceau,https://twitter.com/i/web/status/1303157671273480192,RT @kathryntherese2: @JohnRHewson Another pile on from @GregHuntMP now on @abcnews Relentless attacks under the guise of caring for our men…,,
depression,2020-09-02 10:54:31,AlexDevantier,https://twitter.com/AlexDevantier,https://twitter.com/i/web/status/1300960259226304512,"FFS it wasn't induced by the virus, we were already in it, the depression coming will be because of under spending and moron government, 314 billion promised in stimulus and only 85 billion handed out, is also a major issue https://t.co/eEF6LxyR2n",,
depression,2020-09-02 21:05:31,AlexDevantier,https://twitter.com/AlexDevantier,https://twitter.com/i/web/status/1301114021932752897,RT @Adeyhorse: @AlexDevantier Is the deciding difference that a depression is presided over by a depressing leadership? Asking for a country,,
depression,2020-09-02 21:09:00,AlexDevantier,https://twitter.com/AlexDevantier,https://twitter.com/i/web/status/1301114900148707328,RT @MurrayWatt: Australia is now in its worst recession since the Great Depression. And the Morrison’s own decisions are making it worse –…,,
depression,2020-09-03 11:17:14,AlexDevantier,https://twitter.com/AlexDevantier,https://twitter.com/i/web/status/1301328366801285121,RT @bigdaddyd2008: @AlexDevantier We all know it a depression except #ScottyFromMarketting and his mob  #auspol,auspol,ScottyFromMarketting
depression,2020-09-06 21:00:47,Justloo85230955,https://twitter.com/Justloo85230955,https://twitter.com/i/web/status/1302562384565862400,@JoshFrydenberg  @GregHuntMP  Please do more than just keep paying our country into a disastrous depression. Andrews has to go https://t.co/gpgKClMJwy,,
depression,2020-09-02 16:14:41,sreeura,https://twitter.com/sreeura,https://twitter.com/i/web/status/1301040832544342017,"RT @ManjotD57047569: Its been 5 months, we have not seen our families, we all going through severe depression. Please #letuscomehome #Reuni…",letuscomehome,letuscomehome
depression,2020-09-08 12:00:54,sreeura,https://twitter.com/sreeura,https://twitter.com/i/web/status/1303151295717494786,"RT @CharlesFig_Aus: @DanielAndrewsMP   Where's your daily reporting case numbers of people driven to depression, suicides/attempts, lost li…",,
depression,2020-09-02 12:15:22,CarolRi29641054,https://twitter.com/CarolRi29641054,https://twitter.com/i/web/status/1300980607392952320,RT @TheKouk: Bizarre that fiscal stimulus is being wound back given the depth of the current 2020 COVID Depression. Bizarre also RBA is ref…,,
depression,2020-09-08 11:58:04,koukli86,https://twitter.com/koukli86,https://twitter.com/i/web/status/1303150579154288644,"RT @CharlesFig_Aus: @DanielAndrewsMP   Where's your daily reporting case numbers of people driven to depression, suicides/attempts, lost li…",,
depression,2020-09-08 11:48:08,CharlesFig_Aus,https://twitter.com/CharlesFig_Aus,https://twitter.com/i/web/status/1303148080007581696,"@DanielAndrewsMP   Where's your daily reporting case numbers of people driven to depression, suicides/attempts, lost livelihoods &amp; homes, poverty, shortened life expectancy &amp; long term health damage resulting from your lockdowns?  #victorialockdown #COVID19 #ResignDanielAndrews",COVID19,victorialockdown
focus,2020-09-06 18:21:13,Gadgets_S_J,https://twitter.com/Gadgets_S_J,https://twitter.com/i/web/status/1302522229553418240,"@SimonBanksHB @OldStockRunOut @ScottMorrisonMP And a Health Minister has put out a pre-prepared (focus group tested no doubt) joint press release that mentions the economy, jobs and livelihoods a dozen times,  mental health twice, and physical health once, in the last paragraph.  Speekss volumes to intent. $$$ before lives.",,
focus,2020-09-06 19:10:56,VerschurenFred,https://twitter.com/VerschurenFred,https://twitter.com/i/web/status/1302534737743896576,RT @Gadgets_S_J: @SimonBanksHB @OldStockRunOut @ScottMorrisonMP And a Health Minister has put out a pre-prepared (focus group tested no dou…,,
focus,2020-09-06 19:32:02,MeckeringBoy,https://twitter.com/MeckeringBoy,https://twitter.com/i/web/status/1302540049834147840,RT @Gadgets_S_J: @SimonBanksHB @OldStockRunOut @ScottMorrisonMP And a Health Minister has put out a pre-prepared (focus group tested no dou…,,
focus,2020-09-03 17:16:28,jenlhudson,https://twitter.com/jenlhudson,https://twitter.com/i/web/status/1301418767939858432,@AndrewJBaillie @TheMatilda_USyd @MacquarieUniCEH Lucky this is a draft document. So there is still time and room for improvement on the Australian National Preventive Health Strategy to include a focus on mental health. @GregHuntMP,,
focus,2020-09-06 20:06:32,akapoodlepower,https://twitter.com/akapoodlepower,https://twitter.com/i/web/status/1302548732034953216,RT @Gadgets_S_J: @SimonBanksHB @OldStockRunOut @ScottMorrisonMP And a Health Minister has put out a pre-prepared (focus group tested no dou…,,
victorian,2020-09-06 18:03:01,CharlesFig_Aus,https://twitter.com/CharlesFig_Aus,https://twitter.com/i/web/status/1302517649885155328,"@ScottMorrisonMP @GregHuntMP   6 million people are living as prisoners in Victoria now. We're spiraling into economic disaster, not to mention the dwindling mental health.  Stop hiding behind the phrase it's a matter for the Victorian Govt and f**king help. #COVID19Victoria",COVID19Victoria,COVID19Victoria
victorian,2020-09-08 14:28:00,Bron1954,https://twitter.com/Bron1954,https://twitter.com/i/web/status/1303188312631308288,"RT @Jim_Pembroke: How many Victorians is Morrison prepared to let die a lonely, painful death in order to prematurely open borders and the…",,
victorian,2020-09-07 17:27:31,Mel98795194,https://twitter.com/Mel98795194,https://twitter.com/i/web/status/1302871102029328385,"@GregHuntMP FFS STOP talking about a vaccine that isnt here and prob wont ever be! Fix this shitstorm us Victorians are living in because of fuckups on both sides of goverment. Jobs gone,business going to wall, mental health issues up, track and tracing pathetic, GET YOUR SHIT TOGETHER!",,
victorian,2020-09-06 17:27:34,MwilliamDMD,https://twitter.com/MwilliamDMD,https://twitter.com/i/web/status/1302508726255980545,@SkyNewsAust @ScottMorrisonMP please stop funding to Victoria. It's your only lever to pull. Victorians by and large (ignore the keyboard snowflakes on social media they aren't represented in real life) are over this. Mental health and loss of hope is the norm. He is chasing elimination..,,
victorian,2020-09-07 10:27:41,MwilliamDMD,https://twitter.com/MwilliamDMD,https://twitter.com/i/web/status/1302765447960354817,@australian @ScottMorrisonMP Victorians can't wait this long. We won't be opening up to the extent of NSW until at least the end of Nov. This is unsustainable. Are we Brett's mental health science experiment? Step in now.,,
victorian,2020-09-08 08:30:14,Paradoxa18,https://twitter.com/Paradoxa18,https://twitter.com/i/web/status/1303098279765262338,"@GregHuntMP last week we learned 50 Victorians died in federal care in July/August. The app- an expensive joke. You, Josh &amp; PM among the greatest threats to collective mental health right now. Please put people ahead of political point scoring. #zerocredibility #COVID19Vic",COVID19Vic,zerocredibility
victorian,2020-09-08 22:49:43,RyanLicastro,https://twitter.com/RyanLicastro,https://twitter.com/i/web/status/1303314575178121216,@MatthewGuyMP Absolutely spot on @MatthewGuyMP @GregHuntMP numerous sources say a 25% increase in mental health impacts as a result of the Victorian Labour Government's sheer incompetence and all they can say is: 'we are doing more in this area' #NoPlanDan #COVID19Vic #Disgraceful,COVID19Vic,NoPlanDan
victorian,2020-09-08 11:40:52,ditreble,https://twitter.com/ditreble,https://twitter.com/i/web/status/1303146252796715008,@GregHuntMP My mental health is being enormously affected by you and your Government's relentless criticism of Victoria and Victorians trying to do their best to bring this under control. Lockdown will never be as stressful as watching your own Government toss you under a bus. #auspol,auspol,auspol
victorian,2020-09-08 21:04:51,fileckert,https://twitter.com/fileckert,https://twitter.com/i/web/status/1303288183283736576,"@healthgovau @MJA_Editor The government's negligence in care of the most vulnerable in the community, attacks on Victorians working tirelessly to manage reduction in cases and support of divisive media companies is an abhorrent abuse of power, and intensifies pressure on mental health across the nation.",,
victorian,2020-09-07 21:53:13,grsmel,https://twitter.com/grsmel,https://twitter.com/i/web/status/1302937967569248257,Dan Andrews must go. Firstly he messed up hotel quarantine and put the victorians at risk and now he is overdoing with restrictions. He has killed mental health of victorians and the economy at both state and national levels.@DanielAndrewsMP @ScottMorrisonMP,,
recession,2020-09-02 21:09:00,AlexDevantier,https://twitter.com/AlexDevantier,https://twitter.com/i/web/status/1301114900148707328,RT @MurrayWatt: Australia is now in its worst recession since the Great Depression. And the Morrison’s own decisions are making it worse –…,,
recession,2020-09-04 10:58:00,RobThomson2528,https://twitter.com/RobThomson2528,https://twitter.com/i/web/status/1301685913928392704,"@LesStonehouse God I hope so!! Refuses scrutiny, demolishes democracy, shouts slogans but never delivers on promises and has absolutely no idea how to get us out of a recession that may very well turn into a depression...not to mention all the rorting that's happening on his watch! #auspol",auspol,auspol
recession,2020-09-02 20:38:03,sir_alex52,https://twitter.com/sir_alex52,https://twitter.com/i/web/status/1301107111376502786,RT @SenRaffCiccone: It beggars belief that the worst recession since the Great Depression has not been enough for the Morrison Government t…,,
recession,2020-09-02 22:35:18,JswannyJohn,https://twitter.com/JswannyJohn,https://twitter.com/i/web/status/1301136617311145985,RT @MurrayWatt: Australia is now in its worst recession since the Great Depression. And the Morrison’s own decisions are making it worse –…,,
recession,2020-09-02 20:12:04,Sunsplashsun,https://twitter.com/Sunsplashsun,https://twitter.com/i/web/status/1301100571605176320,RT @TwoEyeHead: 1. Josh Frydenberg's year long 'back in black' budget celebrations ends in the worst recession since the Great Depression.…,,
recession,2020-09-02 20:12:11,Sunsplashsun,https://twitter.com/Sunsplashsun,https://twitter.com/i/web/status/1301100603897081859,RT @TwoEyeHead: 2. Perhaps no one told him about eggs baskets and chickens before the worst recession since the great depression #auspolcar…,,
guise,2020-09-08 08:28:34,dameladeedah,https://twitter.com/dameladeedah,https://twitter.com/i/web/status/1303097856744542208,RT @kathryntherese2: @JohnRHewson Another pile on from @GregHuntMP now on @abcnews Relentless attacks under the guise of caring for our men…,,
guise,2020-09-08 13:33:56,Gadgets_S_J,https://twitter.com/Gadgets_S_J,https://twitter.com/i/web/status/1303174707848470528,RT @kathryntherese2: @JohnRHewson Another pile on from @GregHuntMP now on @abcnews Relentless attacks under the guise of caring for our men…,,
guise,2020-09-08 13:00:42,carolyn95447388,https://twitter.com/carolyn95447388,https://twitter.com/i/web/status/1303166341680111616,RT @kathryntherese2: @JohnRHewson Another pile on from @GregHuntMP now on @abcnews Relentless attacks under the guise of caring for our men…,,
guise,2020-09-08 08:33:42,wendoureeswans,https://twitter.com/wendoureeswans,https://twitter.com/i/web/status/1303099148946649088,RT @kathryntherese2: @JohnRHewson Another pile on from @GregHuntMP now on @abcnews Relentless attacks under the guise of caring for our men…,,
guise,2020-09-08 17:42:26,WJGunning,https://twitter.com/WJGunning,https://twitter.com/i/web/status/1303237241993441280,RT @kathryntherese2: @JohnRHewson Another pile on from @GregHuntMP now on @abcnews Relentless attacks under the guise of caring for our men…,,
guise,2020-09-08 18:40:17,peggymel2001,https://twitter.com/peggymel2001,https://twitter.com/i/web/status/1303251803664838661,RT @kathryntherese2: @JohnRHewson Another pile on from @GregHuntMP now on @abcnews Relentless attacks under the guise of caring for our men…,,
guise,2020-09-08 17:36:22,LizBuff46,https://twitter.com/LizBuff46,https://twitter.com/i/web/status/1303235717930205184,RT @kathryntherese2: @JohnRHewson Another pile on from @GregHuntMP now on @abcnews Relentless attacks under the guise of caring for our men…,,
guise,2020-09-08 12:26:14,voiceau,https://twitter.com/voiceau,https://twitter.com/i/web/status/1303157671273480192,RT @kathryntherese2: @JohnRHewson Another pile on from @GregHuntMP now on @abcnews Relentless attacks under the guise of caring for our men…,,
stimulus,2020-09-02 10:54:31,AlexDevantier,https://twitter.com/AlexDevantier,https://twitter.com/i/web/status/1300960259226304512,"FFS it wasn't induced by the virus, we were already in it, the depression coming will be because of under spending and moron government, 314 billion promised in stimulus and only 85 billion handed out, is also a major issue https://t.co/eEF6LxyR2n",,
stimulus,2020-09-02 12:15:22,CarolRi29641054,https://twitter.com/CarolRi29641054,https://twitter.com/i/web/status/1300980607392952320,RT @TheKouk: Bizarre that fiscal stimulus is being wound back given the depth of the current 2020 COVID Depression. Bizarre also RBA is ref…,,
stimulus,2020-09-02 23:41:02,sir_alex52,https://twitter.com/sir_alex52,https://twitter.com/i/web/status/1301153160791121920,RT @TheKouk: Bizarre that fiscal stimulus is being wound back given the depth of the current 2020 COVID Depression. Bizarre also RBA is ref…,,
morrison,2020-09-06 18:03:01,CharlesFig_Aus,https://twitter.com/CharlesFig_Aus,https://twitter.com/i/web/status/1302517649885155328,"@ScottMorrisonMP @GregHuntMP   6 million people are living as prisoners in Victoria now. We're spiraling into economic disaster, not to mention the dwindling mental health.  Stop hiding behind the phrase it's a matter for the Victorian Govt and f**king help. #COVID19Victoria",COVID19Victoria,COVID19Victoria
morrison,2020-09-02 12:55:19,tedthorne,https://twitter.com/tedthorne,https://twitter.com/i/web/status/1300990660313399296,"Mental Health: helps having someone who will LISTEN, but to do so you have to be SILENT  Say NO to suicide  Hey Morrison, how's that Minister for Men going? Guess you prefer to accept Male suicide - much easier @beyondblue @MensLine_Aus @ScottMorrisonMP https://t.co/GdN7yV009B",,
morrison,2020-09-08 14:28:00,Bron1954,https://twitter.com/Bron1954,https://twitter.com/i/web/status/1303188312631308288,"RT @Jim_Pembroke: How many Victorians is Morrison prepared to let die a lonely, painful death in order to prematurely open borders and the…",,
morrison,2020-09-03 08:06:12,BONHAPPYEAT,https://twitter.com/BONHAPPYEAT,https://twitter.com/i/web/status/1301280289327468549,"@KevinHoganMP @GladysB @AnnastaciaMP @ScottMorrisonMP @JohnBarilaroMP   People are losing their livelihoods. Sick are being denied basic human rights. The mental health of children is in decline. Qld defines a hotspot as having a lot of cases, it should be classified properly!!",,
morrison,2020-09-02 21:09:00,AlexDevantier,https://twitter.com/AlexDevantier,https://twitter.com/i/web/status/1301114900148707328,RT @MurrayWatt: Australia is now in its worst recession since the Great Depression. And the Morrison’s own decisions are making it worse –…,,
morrison,2020-09-04 15:12:50,richwal94842899,https://twitter.com/richwal94842899,https://twitter.com/i/web/status/1301750042168930304,RT @ozhomeschool: @richwal94842899 @JonathanLea10 @ScottMorrisonMP Scomo will lose voters. He's let the Premiers do what ever they like and…,,
morrison,2020-09-07 19:21:36,TheSexyYeti_,https://twitter.com/TheSexyYeti_,https://twitter.com/i/web/status/1302899810685444096,@ScottMorrisonMP might be time for the Gov to catch up with the rest of the world &amp; legalize something which is proven to help Mental health along with other aspects of health &amp; proven to boost the economy. Instead of police raiding places which currently will have a worse effect,,
morrison,2020-09-08 19:50:54,sreeura,https://twitter.com/sreeura,https://twitter.com/i/web/status/1303269573660086277,RT @meghapabathi: @ScottMorrisonMP #LiftTheTravelBan  My mental health will soon be beyond repair if my mum is not exempted to travel 🙏 @Au…,LiftTheTravelBan,LiftTheTravelBan
morrison,2020-09-06 18:21:13,Gadgets_S_J,https://twitter.com/Gadgets_S_J,https://twitter.com/i/web/status/1302522229553418240,"@SimonBanksHB @OldStockRunOut @ScottMorrisonMP And a Health Minister has put out a pre-prepared (focus group tested no doubt) joint press release that mentions the economy, jobs and livelihoods a dozen times,  mental health twice, and physical health once, in the last paragraph.  Speekss volumes to intent. $$$ before lives.",,
morrison,2020-09-08 21:45:11,GrumpyOleDave,https://twitter.com/GrumpyOleDave,https://twitter.com/i/web/status/1303298331523776512,@LucasBSdetector @ScoobydaDog @VictoriaPolice @DanielAndrewsMP @ScottMorrisonMP I have both family and business in Melbourne. Also in NSW and SA and Qld. Don't give me shit about how all of a sudden you care about mental health.,,
ankle,2020-09-02 16:08:23,sreeura,https://twitter.com/sreeura,https://twitter.com/i/web/status/1301039247047057409,"RT @jazzbby91: Rather than utilise ankle monitors &amp; innovative technology, you cause mental and emotional distress to people entering Austr…",,
ankle,2020-09-02 15:51:02,jazzbby91,https://twitter.com/jazzbby91,https://twitter.com/i/web/status/1301034880977874944,"Rather than utilise ankle monitors &amp; innovative technology, you cause mental and emotional distress to people entering Australia - most of which are Australians? https://t.co/Hh9FR52sIV  @ScottMorrisonMP @PeterDutton_MP @AlboMP @AdamBandt @NickMcKim @zalisteggall @KKeneally",,
ankle,2020-09-03 08:01:53,koukli86,https://twitter.com/koukli86,https://twitter.com/i/web/status/1301279204042997764,"RT @jazzbby91: Rather than utilise ankle monitors &amp; innovative technology, you cause mental and emotional distress to people entering Austr…",,
ankle,2020-09-02 16:10:04,nicola38381851,https://twitter.com/nicola38381851,https://twitter.com/i/web/status/1301039672819200000,"RT @jazzbby91: Rather than utilise ankle monitors &amp; innovative technology, you cause mental and emotional distress to people entering Austr…",,
start,2020-09-02 16:11:44,nicola38381851,https://twitter.com/nicola38381851,https://twitter.com/i/web/status/1301040089926000640,"RT @AnnieFuller09: It started off keeping us safe until they knew more, now its about egos &amp; proving to the world they can do better. It's…",,
start,2020-09-04 02:51:07,lucilcka,https://twitter.com/lucilcka,https://twitter.com/i/web/status/1301563386744975361,"@adventure_ali_ 🤦‍♀️😭🤦‍♀️😭?  I’m sorry but wtf happened to this government ? They lock them overseas, they make them payd when they have nothing left and now they threaten them ? Where is the consideration for the mental health ? Is that the good start for 2021 ? 😨 @ScottMorrisonMP",,
start,2020-09-03 07:30:58,heidiypi1,https://twitter.com/heidiypi1,https://twitter.com/i/web/status/1301271424749858816,@ScottMorrisonMP @BradHazzard @GladysB what about spending the money on building the new Katoomba hospital and Mental Health Facility this is something that is really needed!... where are the plans for it? You say building is a great way to employment please start this now!,,
start,2020-09-04 10:37:18,JayHabzz,https://twitter.com/JayHabzz,https://twitter.com/i/web/status/1301680703319371776,"@JonathanLea10 @ScottMorrisonMP Start having daily briefings on the negative impact the lockdowns and border closures are having on the mental, physical and economic health of the nation",,
support,2020-09-02 09:54:50,AnaGasparis,https://twitter.com/AnaGasparis,https://twitter.com/i/web/status/1300945241235574784,RT @FLMirabelli: People seeking mental health support need options. 44% of recent consultations were through Telehealth. Come on  @GregHunt…,,
support,2020-09-02 11:24:03,copland_aila,https://twitter.com/copland_aila,https://twitter.com/i/web/status/1300967692820606976,RT @FLMirabelli: People seeking mental health support need options. 44% of recent consultations were through Telehealth. Come on  @GregHunt…,,
support,2020-09-06 20:16:21,FedUpWithTheLot,https://twitter.com/FedUpWithTheLot,https://twitter.com/i/web/status/1302551201817395201,"@GregHuntMP You, sir, are supposed to be a rep of Vic. And here you are throwing turds at us when we’ve been given some of the hardest news that could have been delivered.   Where’s the encouragement &amp; support? The mental health affects are made so much worse by you Feds playing these games.",,
support,2020-09-08 12:46:39,OAustralian,https://twitter.com/OAustralian,https://twitter.com/i/web/status/1303162806938693632,@GregHuntMP 1. How's your contact tracing app going? 2. Where's the data for your March decisions? 3. You know what helps mental health - support You sir are a hypocrite.  We see you.,,
support,2020-09-06 08:54:25,blackcatcanvas,https://twitter.com/blackcatcanvas,https://twitter.com/i/web/status/1302379588907970560,"@GregHuntMP What of the thousands of fathers who have lost children to transgender ideology while as Health Minister you support the affirmation model of care. Any adolescent with mental health problems can receive puberty blockers, hormones and then free surgeries under your government.",,
support,2020-09-08 21:04:51,fileckert,https://twitter.com/fileckert,https://twitter.com/i/web/status/1303288183283736576,"@healthgovau @MJA_Editor The government's negligence in care of the most vulnerable in the community, attacks on Victorians working tirelessly to manage reduction in cases and support of divisive media companies is an abhorrent abuse of power, and intensifies pressure on mental health across the nation.",,
support,2020-09-02 08:21:39,ben_buchanan,https://twitter.com/ben_buchanan,https://twitter.com/i/web/status/1300921789556514816,RT @FLMirabelli: People seeking mental health support need options. 44% of recent consultations were through Telehealth. Come on  @GregHunt…,,
cause,2020-09-02 10:54:31,AlexDevantier,https://twitter.com/AlexDevantier,https://twitter.com/i/web/status/1300960259226304512,"FFS it wasn't induced by the virus, we were already in it, the depression coming will be because of under spending and moron government, 314 billion promised in stimulus and only 85 billion handed out, is also a major issue https://t.co/eEF6LxyR2n",,
cause,2020-09-02 16:08:23,sreeura,https://twitter.com/sreeura,https://twitter.com/i/web/status/1301039247047057409,"RT @jazzbby91: Rather than utilise ankle monitors &amp; innovative technology, you cause mental and emotional distress to people entering Austr…",,
cause,2020-09-07 17:27:31,Mel98795194,https://twitter.com/Mel98795194,https://twitter.com/i/web/status/1302871102029328385,"@GregHuntMP FFS STOP talking about a vaccine that isnt here and prob wont ever be! Fix this shitstorm us Victorians are living in because of fuckups on both sides of goverment. Jobs gone,business going to wall, mental health issues up, track and tracing pathetic, GET YOUR SHIT TOGETHER!",,
cause,2020-09-02 15:51:02,jazzbby91,https://twitter.com/jazzbby91,https://twitter.com/i/web/status/1301034880977874944,"Rather than utilise ankle monitors &amp; innovative technology, you cause mental and emotional distress to people entering Australia - most of which are Australians? https://t.co/Hh9FR52sIV  @ScottMorrisonMP @PeterDutton_MP @AlboMP @AdamBandt @NickMcKim @zalisteggall @KKeneally",,
cause,2020-09-03 08:01:53,koukli86,https://twitter.com/koukli86,https://twitter.com/i/web/status/1301279204042997764,"RT @jazzbby91: Rather than utilise ankle monitors &amp; innovative technology, you cause mental and emotional distress to people entering Austr…",,
cause,2020-09-02 05:02:12,DulcieRueben64,https://twitter.com/DulcieRueben64,https://twitter.com/i/web/status/1300871597071327232,RT @RealDeniseWelch: Living with depression for so many years I can’t bear to see fear cause extreme anxiety leading to often irreversible…,,
cause,2020-09-02 16:10:04,nicola38381851,https://twitter.com/nicola38381851,https://twitter.com/i/web/status/1301039672819200000,"RT @jazzbby91: Rather than utilise ankle monitors &amp; innovative technology, you cause mental and emotional distress to people entering Austr…",,
cause,2020-09-07 18:45:59,michaelpurvis64,https://twitter.com/michaelpurvis64,https://twitter.com/i/web/status/1302890850066677762,Betting Greg Sheridan also believes @ScottMorrisonMP is doing a Great Job just like Trump🤮🤮🤮 Greg needs a a Mental Health Checkup because he is clearly Delusional! #TheDrum,TheDrum,TheDrum
cause,2020-09-08 08:16:32,Tessacate,https://twitter.com/Tessacate,https://twitter.com/i/web/status/1303094831359565824,@mjrowland68 @BreakfastNews @GregHuntMP You’ve made my mental health get worse because of fed govt abandonment!,,
cause,2020-09-04 09:02:27,paul_digs,https://twitter.com/paul_digs,https://twitter.com/i/web/status/1301656834273542144,"@healthgovau Make mental health a priority? You might want to have a chat to @DanielAndrewsMP then. Destroying the lives, livelihoods and mental health of so many in Victoria because of his own mistakes.",,
australian,2020-09-05 00:18:32,sreeura,https://twitter.com/sreeura,https://twitter.com/i/web/status/1301887375962861568,"RT @adventure_ali_: The chaos for more than 20,000 Australians stranded around the world looks set to extend to well after Christmas. Thi…",,
australian,2020-09-07 10:27:41,MwilliamDMD,https://twitter.com/MwilliamDMD,https://twitter.com/i/web/status/1302765447960354817,@australian @ScottMorrisonMP Victorians can't wait this long. We won't be opening up to the extent of NSW until at least the end of Nov. This is unsustainable. Are we Brett's mental health science experiment? Step in now.,,
australian,2020-09-02 15:51:02,jazzbby91,https://twitter.com/jazzbby91,https://twitter.com/i/web/status/1301034880977874944,"Rather than utilise ankle monitors &amp; innovative technology, you cause mental and emotional distress to people entering Australia - most of which are Australians? https://t.co/Hh9FR52sIV  @ScottMorrisonMP @PeterDutton_MP @AlboMP @AdamBandt @NickMcKim @zalisteggall @KKeneally",,
australian,2020-09-08 19:19:33,meghapabathi,https://twitter.com/meghapabathi,https://twitter.com/i/web/status/1303261683394068481,@ScottMorrisonMP #LiftTheTravelBan  My mental health will soon be beyond repair if my mum is not exempted to travel 🙏 @AusHCIndia @HighCourtofAus @9NewsAUS @Aust_Parliament @LiberalAus @SenatorWong @KKeneally  @AboutTheHouse @AustralianLabor @AuSenate @UN #loveisnotourism https://t.co/oLGBMT1Sbe,LiftTheTravelBan,loveisnotourism
australian,2020-09-02 19:27:38,RichForrest2,https://twitter.com/RichForrest2,https://twitter.com/i/web/status/1301089389129293825,"RT @SenKatyG: We are in the worst economic downturn since the Great Depression.   A million Australians are unemployed.   400,000 more are…",,
australian,2020-09-03 17:16:28,jenlhudson,https://twitter.com/jenlhudson,https://twitter.com/i/web/status/1301418767939858432,@AndrewJBaillie @TheMatilda_USyd @MacquarieUniCEH Lucky this is a draft document. So there is still time and room for improvement on the Australian National Preventive Health Strategy to include a focus on mental health. @GregHuntMP,,
australian,2020-09-08 16:17:54,ian_hickie,https://twitter.com/ian_hickie,https://twitter.com/i/web/status/1303215969725067264,"@lanai_scarr @AnthDeCeglie @JoshFrydenberg @JEChalmers @AlboMP @ScottMorrisonMP @westaustralian @DeloitteNewsAU @sunriseon7 @TimWilsonMP If no serious new mental health investments - in children and young people, suicide prevention and smart 21st C  care, then modeling @BrainMind_Usyd @CSART_world predicts disastrous long-term outcomes @PatsKarvelas @PatMcGorry @GregHuntMP @SabraLane @sammostyn @LindaMottram",,
australian,2020-09-08 20:24:26,AnnieFuller09,https://twitter.com/AnnieFuller09,https://twitter.com/i/web/status/1303278014097096705,@MatthewGuyMP And so is the mental health of the thousands of Australians stranded overseas or those not able to leave to be with family or whatever their personal reason is.  @LiberalAus are no better. #LiftAustTravelBan #Freedom4Australia @ScottMorrisonMP @GregHuntMP @Bowenchris @AlboMP,Freedom4Australia,LiftAustTravelBan
australian,2020-09-03 10:05:37,DocProdigi,https://twitter.com/DocProdigi,https://twitter.com/i/web/status/1301310341209415680,"@healthgovau So when is the Australian Govt going to allow counsellors and psychotherapists to be included in the Medicare system?  Social workers, nurses, etc are in.  But frontline mental health service providers are excluded.",,
lockdown,2020-09-08 11:48:08,CharlesFig_Aus,https://twitter.com/CharlesFig_Aus,https://twitter.com/i/web/status/1303148080007581696,"@DanielAndrewsMP   Where's your daily reporting case numbers of people driven to depression, suicides/attempts, lost livelihoods &amp; homes, poverty, shortened life expectancy &amp; long term health damage resulting from your lockdowns?  #victorialockdown #COVID19 #ResignDanielAndrews",COVID19,victorialockdown
lockdown,2020-09-08 08:40:11,melindadwight,https://twitter.com/melindadwight,https://twitter.com/i/web/status/1303100780073771010,Living in Melbourne of course our mental health is challenged. Do you have any compassion @GregHuntMP for us ?  We are in lockdown and curfew with no hope and abandoned by federal politicians. Where are you ? https://t.co/oh8TJSJX1o,,
lockdown,2020-09-08 11:40:52,ditreble,https://twitter.com/ditreble,https://twitter.com/i/web/status/1303146252796715008,@GregHuntMP My mental health is being enormously affected by you and your Government's relentless criticism of Victoria and Victorians trying to do their best to bring this under control. Lockdown will never be as stressful as watching your own Government toss you under a bus. #auspol,auspol,auspol
lockdown,2020-09-04 11:21:50,ozhomeschool,https://twitter.com/ozhomeschool,https://twitter.com/i/web/status/1301691910189232128,@richwal94842899 @JonathanLea10 @ScottMorrisonMP Scomo will lose voters. He's let the Premiers do what ever they like and Andrews is destroying Victoria and will pull all of Australia down. Some very large businesses are profiting from the lockdown but many medium/small businesses are going to the wall. Suicides &amp; Mental Health,,
lockdown,2020-09-04 10:37:18,JayHabzz,https://twitter.com/JayHabzz,https://twitter.com/i/web/status/1301680703319371776,"@JonathanLea10 @ScottMorrisonMP Start having daily briefings on the negative impact the lockdowns and border closures are having on the mental, physical and economic health of the nation",,
criminal,2020-09-02 21:38:29,travellator2,https://twitter.com/travellator2,https://twitter.com/i/web/status/1301122320422100994,RT @sasmoa4doctors: As we leave to go home tonight there are 41 (yes 41) mental health patients in the metro SA EDs. This is criminal. The…,,
criminal,2020-09-02 20:10:26,sasmoa4doctors,https://twitter.com/sasmoa4doctors,https://twitter.com/i/web/status/1301100160055877632,As we leave to go home tonight there are 41 (yes 41) mental health patients in the metro SA EDs. This is criminal. The EDs themselves are over capacity. Another shocker. What is the health bureaucracy doing. @AusHumanRights @marshall_steven @GregHuntMP,,
criminal,2020-09-02 21:32:39,PictonChris,https://twitter.com/PictonChris,https://twitter.com/i/web/status/1301120850263855106,RT @sasmoa4doctors: As we leave to go home tonight there are 41 (yes 41) mental health patients in the metro SA EDs. This is criminal. The…,,
criminal,2020-09-02 21:55:01,HelenSm76464997,https://twitter.com/HelenSm76464997,https://twitter.com/i/web/status/1301126481058254853,RT @sasmoa4doctors: As we leave to go home tonight there are 41 (yes 41) mental health patients in the metro SA EDs. This is criminal. The…,,
criminal,2020-09-02 20:10:56,aeasa1981,https://twitter.com/aeasa1981,https://twitter.com/i/web/status/1301100285700444160,RT @sasmoa4doctors: As we leave to go home tonight there are 41 (yes 41) mental health patients in the metro SA EDs. This is criminal. The…,,
criminal,2020-09-03 04:43:25,WgarNews,https://twitter.com/WgarNews,https://twitter.com/i/web/status/1301229256920367104,RT @sasmoa4doctors: As we leave to go home tonight there are 41 (yes 41) mental health patients in the metro SA EDs. This is criminal. The…,,
criminal,2020-09-02 22:14:25,JswannyJohn,https://twitter.com/JswannyJohn,https://twitter.com/i/web/status/1301131361302896640,RT @sasmoa4doctors: As we leave to go home tonight there are 41 (yes 41) mental health patients in the metro SA EDs. This is criminal. The…,,
criminal,2020-09-02 21:39:49,dolarhyde_uc,https://twitter.com/dolarhyde_uc,https://twitter.com/i/web/status/1301122655219675136,RT @sasmoa4doctors: As we leave to go home tonight there are 41 (yes 41) mental health patients in the metro SA EDs. This is criminal. The…,,
relentless,2020-09-08 08:28:34,dameladeedah,https://twitter.com/dameladeedah,https://twitter.com/i/web/status/1303097856744542208,RT @kathryntherese2: @JohnRHewson Another pile on from @GregHuntMP now on @abcnews Relentless attacks under the guise of caring for our men…,,
relentless,2020-09-08 13:33:56,Gadgets_S_J,https://twitter.com/Gadgets_S_J,https://twitter.com/i/web/status/1303174707848470528,RT @kathryntherese2: @JohnRHewson Another pile on from @GregHuntMP now on @abcnews Relentless attacks under the guise of caring for our men…,,
relentless,2020-09-08 13:00:42,carolyn95447388,https://twitter.com/carolyn95447388,https://twitter.com/i/web/status/1303166341680111616,RT @kathryntherese2: @JohnRHewson Another pile on from @GregHuntMP now on @abcnews Relentless attacks under the guise of caring for our men…,,
relentless,2020-09-08 11:40:52,ditreble,https://twitter.com/ditreble,https://twitter.com/i/web/status/1303146252796715008,@GregHuntMP My mental health is being enormously affected by you and your Government's relentless criticism of Victoria and Victorians trying to do their best to bring this under control. Lockdown will never be as stressful as watching your own Government toss you under a bus. #auspol,auspol,auspol
relentless,2020-09-08 08:33:42,wendoureeswans,https://twitter.com/wendoureeswans,https://twitter.com/i/web/status/1303099148946649088,RT @kathryntherese2: @JohnRHewson Another pile on from @GregHuntMP now on @abcnews Relentless attacks under the guise of caring for our men…,,
relentless,2020-09-08 17:42:26,WJGunning,https://twitter.com/WJGunning,https://twitter.com/i/web/status/1303237241993441280,RT @kathryntherese2: @JohnRHewson Another pile on from @GregHuntMP now on @abcnews Relentless attacks under the guise of caring for our men…,,
relentless,2020-09-08 18:40:17,peggymel2001,https://twitter.com/peggymel2001,https://twitter.com/i/web/status/1303251803664838661,RT @kathryntherese2: @JohnRHewson Another pile on from @GregHuntMP now on @abcnews Relentless attacks under the guise of caring for our men…,,
relentless,2020-09-08 17:36:22,LizBuff46,https://twitter.com/LizBuff46,https://twitter.com/i/web/status/1303235717930205184,RT @kathryntherese2: @JohnRHewson Another pile on from @GregHuntMP now on @abcnews Relentless attacks under the guise of caring for our men…,,
relentless,2020-09-08 12:26:14,voiceau,https://twitter.com/voiceau,https://twitter.com/i/web/status/1303157671273480192,RT @kathryntherese2: @JohnRHewson Another pile on from @GregHuntMP now on @abcnews Relentless attacks under the guise of caring for our men…,,
please,2020-09-06 21:00:47,Justloo85230955,https://twitter.com/Justloo85230955,https://twitter.com/i/web/status/1302562384565862400,@JoshFrydenberg  @GregHuntMP  Please do more than just keep paying our country into a disastrous depression. Andrews has to go https://t.co/gpgKClMJwy,,
please,2020-09-02 16:14:41,sreeura,https://twitter.com/sreeura,https://twitter.com/i/web/status/1301040832544342017,"RT @ManjotD57047569: Its been 5 months, we have not seen our families, we all going through severe depression. Please #letuscomehome #Reuni…",letuscomehome,letuscomehome
please,2020-09-06 17:27:34,MwilliamDMD,https://twitter.com/MwilliamDMD,https://twitter.com/i/web/status/1302508726255980545,@SkyNewsAust @ScottMorrisonMP please stop funding to Victoria. It's your only lever to pull. Victorians by and large (ignore the keyboard snowflakes on social media they aren't represented in real life) are over this. Mental health and loss of hope is the norm. He is chasing elimination..,,
please,2020-09-08 08:30:14,Paradoxa18,https://twitter.com/Paradoxa18,https://twitter.com/i/web/status/1303098279765262338,"@GregHuntMP last week we learned 50 Victorians died in federal care in July/August. The app- an expensive joke. You, Josh &amp; PM among the greatest threats to collective mental health right now. Please put people ahead of political point scoring. #zerocredibility #COVID19Vic",COVID19Vic,zerocredibility
please,2020-09-05 07:51:22,Samoskal,https://twitter.com/Samoskal,https://twitter.com/i/web/status/1302001332748980226,"RT @JKSteinberger: Hi could someone please hire @EricHolthaus, like right now. I don't think my anxiety levels can cope with the best clima…",,
please,2020-09-05 00:50:48,4c7f21ac5bb74b0,https://twitter.com/4c7f21ac5bb74b0,https://twitter.com/i/web/status/1301895492079501312,"RT @auntanxiety: I can’t do midnight releases anymore. I am old. can we do a 1 in the afternoon release, please. PLEASE. like an after lunc…",,
please,2020-09-03 07:30:58,heidiypi1,https://twitter.com/heidiypi1,https://twitter.com/i/web/status/1301271424749858816,@ScottMorrisonMP @BradHazzard @GladysB what about spending the money on building the new Katoomba hospital and Mental Health Facility this is something that is really needed!... where are the plans for it? You say building is a great way to employment please start this now!,,
belief,2020-09-04 22:26:52,SKReid1,https://twitter.com/SKReid1,https://twitter.com/i/web/status/1301859270154047488,"@MargotPRMatters I know! Omg I could not believe it!!! Just so selfish and self centred. Clearly don’t know much about how hard our health professionals work, and other frontline personnel. And nothing of War or Great Depression Beggars belief. And yet at the same time completely predictable.",,
belief,2020-09-02 20:38:03,sir_alex52,https://twitter.com/sir_alex52,https://twitter.com/i/web/status/1301107111376502786,RT @SenRaffCiccone: It beggars belief that the worst recession since the Great Depression has not been enough for the Morrison Government t…,,
government,2020-09-02 10:54:31,AlexDevantier,https://twitter.com/AlexDevantier,https://twitter.com/i/web/status/1300960259226304512,"FFS it wasn't induced by the virus, we were already in it, the depression coming will be because of under spending and moron government, 314 billion promised in stimulus and only 85 billion handed out, is also a major issue https://t.co/eEF6LxyR2n",,
government,2020-09-04 02:51:07,lucilcka,https://twitter.com/lucilcka,https://twitter.com/i/web/status/1301563386744975361,"@adventure_ali_ 🤦‍♀️😭🤦‍♀️😭?  I’m sorry but wtf happened to this government ? They lock them overseas, they make them payd when they have nothing left and now they threaten them ? Where is the consideration for the mental health ? Is that the good start for 2021 ? 😨 @ScottMorrisonMP",,
government,2020-09-08 22:49:43,RyanLicastro,https://twitter.com/RyanLicastro,https://twitter.com/i/web/status/1303314575178121216,@MatthewGuyMP Absolutely spot on @MatthewGuyMP @GregHuntMP numerous sources say a 25% increase in mental health impacts as a result of the Victorian Labour Government's sheer incompetence and all they can say is: 'we are doing more in this area' #NoPlanDan #COVID19Vic #Disgraceful,COVID19Vic,NoPlanDan
government,2020-09-06 22:25:18,orgelhaus,https://twitter.com/orgelhaus,https://twitter.com/i/web/status/1302583655005519872,"@JoshFrydenberg @ScottMorrisonMP @GregHuntMP C’mon Josh. As one of your constituents I feel your hyperbole is not helping. Sure the $ is helpful, but the mental health toll is too great. Money doesn’t fix mental health. Hope does. It’s carnage here and we need some positive Fed government leadership to instal a caretaker!",,
government,2020-09-06 08:54:25,blackcatcanvas,https://twitter.com/blackcatcanvas,https://twitter.com/i/web/status/1302379588907970560,"@GregHuntMP What of the thousands of fathers who have lost children to transgender ideology while as Health Minister you support the affirmation model of care. Any adolescent with mental health problems can receive puberty blockers, hormones and then free surgeries under your government.",,
government,2020-09-08 11:40:52,ditreble,https://twitter.com/ditreble,https://twitter.com/i/web/status/1303146252796715008,@GregHuntMP My mental health is being enormously affected by you and your Government's relentless criticism of Victoria and Victorians trying to do their best to bring this under control. Lockdown will never be as stressful as watching your own Government toss you under a bus. #auspol,auspol,auspol
government,2020-09-02 20:38:03,sir_alex52,https://twitter.com/sir_alex52,https://twitter.com/i/web/status/1301107111376502786,RT @SenRaffCiccone: It beggars belief that the worst recession since the Great Depression has not been enough for the Morrison Government t…,,
government,2020-09-08 21:04:51,fileckert,https://twitter.com/fileckert,https://twitter.com/i/web/status/1303288183283736576,"@healthgovau @MJA_Editor The government's negligence in care of the most vulnerable in the community, attacks on Victorians working tirelessly to manage reduction in cases and support of divisive media companies is an abhorrent abuse of power, and intensifies pressure on mental health across the nation.",,
government,2020-09-07 20:37:38,JswannyJohn,https://twitter.com/JswannyJohn,https://twitter.com/i/web/status/1302918947893772289,"RT @TheKouk: With Australia's economic depression set to extend into 2021, it is incredible the Morrison government is not only failing to…",,
building,2020-09-02 19:01:03,insatiable6699,https://twitter.com/insatiable6699,https://twitter.com/i/web/status/1301082699075956736,@healthgovau So eating well and staying active is good for mental health? What aren’t you promoting building up our immunity to fight a deadly virus??? 🙄🙄 instead of pushing a bullshit vaccine?,,
building,2020-09-03 07:30:58,heidiypi1,https://twitter.com/heidiypi1,https://twitter.com/i/web/status/1301271424749858816,@ScottMorrisonMP @BradHazzard @GladysB what about spending the money on building the new Katoomba hospital and Mental Health Facility this is something that is really needed!... where are the plans for it? You say building is a great way to employment please start this now!,,
test,2020-09-06 18:21:13,Gadgets_S_J,https://twitter.com/Gadgets_S_J,https://twitter.com/i/web/status/1302522229553418240,"@SimonBanksHB @OldStockRunOut @ScottMorrisonMP And a Health Minister has put out a pre-prepared (focus group tested no doubt) joint press release that mentions the economy, jobs and livelihoods a dozen times,  mental health twice, and physical health once, in the last paragraph.  Speekss volumes to intent. $$$ before lives.",,
test,2020-09-02 12:37:58,MariaLockwood19,https://twitter.com/MariaLockwood19,https://twitter.com/i/web/status/1300986295745798146,RT @WRBatt: Reasons I think people with good intentions don't get tested:  1) Anxiety about addressing health concerns generally 2) No acce…,,
test,2020-09-06 19:10:56,VerschurenFred,https://twitter.com/VerschurenFred,https://twitter.com/i/web/status/1302534737743896576,RT @Gadgets_S_J: @SimonBanksHB @OldStockRunOut @ScottMorrisonMP And a Health Minister has put out a pre-prepared (focus group tested no dou…,,
test,2020-09-08 08:30:14,Paradoxa18,https://twitter.com/Paradoxa18,https://twitter.com/i/web/status/1303098279765262338,"@GregHuntMP last week we learned 50 Victorians died in federal care in July/August. The app- an expensive joke. You, Josh &amp; PM among the greatest threats to collective mental health right now. Please put people ahead of political point scoring. #zerocredibility #COVID19Vic",COVID19Vic,zerocredibility
test,2020-09-06 19:32:02,MeckeringBoy,https://twitter.com/MeckeringBoy,https://twitter.com/i/web/status/1302540049834147840,RT @Gadgets_S_J: @SimonBanksHB @OldStockRunOut @ScottMorrisonMP And a Health Minister has put out a pre-prepared (focus group tested no dou…,,
test,2020-09-06 20:06:32,akapoodlepower,https://twitter.com/akapoodlepower,https://twitter.com/i/web/status/1302548732034953216,RT @Gadgets_S_J: @SimonBanksHB @OldStockRunOut @ScottMorrisonMP And a Health Minister has put out a pre-prepared (focus group tested no dou…,,
australia,2020-09-07 09:00:48,dgstones,https://twitter.com/dgstones,https://twitter.com/i/web/status/1302743584169275393,"@GregHuntMP So, why don't we have a Minister for Mental Health in Australia, Greg? Also, where is the plan to improve Aged Care in Australia? Is it fair for you and your party to have two weeks to have all that sorted out?",,
australia,2020-09-02 21:09:00,AlexDevantier,https://twitter.com/AlexDevantier,https://twitter.com/i/web/status/1301114900148707328,RT @MurrayWatt: Australia is now in its worst recession since the Great Depression. And the Morrison’s own decisions are making it worse –…,,
australia,2020-09-05 00:18:32,sreeura,https://twitter.com/sreeura,https://twitter.com/i/web/status/1301887375962861568,"RT @adventure_ali_: The chaos for more than 20,000 Australians stranded around the world looks set to extend to well after Christmas. Thi…",,
australia,2020-09-07 10:27:41,MwilliamDMD,https://twitter.com/MwilliamDMD,https://twitter.com/i/web/status/1302765447960354817,@australian @ScottMorrisonMP Victorians can't wait this long. We won't be opening up to the extent of NSW until at least the end of Nov. This is unsustainable. Are we Brett's mental health science experiment? Step in now.,,
australia,2020-09-02 15:51:02,jazzbby91,https://twitter.com/jazzbby91,https://twitter.com/i/web/status/1301034880977874944,"Rather than utilise ankle monitors &amp; innovative technology, you cause mental and emotional distress to people entering Australia - most of which are Australians? https://t.co/Hh9FR52sIV  @ScottMorrisonMP @PeterDutton_MP @AlboMP @AdamBandt @NickMcKim @zalisteggall @KKeneally",,
australia,2020-09-08 19:19:33,meghapabathi,https://twitter.com/meghapabathi,https://twitter.com/i/web/status/1303261683394068481,@ScottMorrisonMP #LiftTheTravelBan  My mental health will soon be beyond repair if my mum is not exempted to travel 🙏 @AusHCIndia @HighCourtofAus @9NewsAUS @Aust_Parliament @LiberalAus @SenatorWong @KKeneally  @AboutTheHouse @AustralianLabor @AuSenate @UN #loveisnotourism https://t.co/oLGBMT1Sbe,LiftTheTravelBan,loveisnotourism
australia,2020-09-02 19:27:38,RichForrest2,https://twitter.com/RichForrest2,https://twitter.com/i/web/status/1301089389129293825,"RT @SenKatyG: We are in the worst economic downturn since the Great Depression.   A million Australians are unemployed.   400,000 more are…",,
australia,2020-09-03 17:16:28,jenlhudson,https://twitter.com/jenlhudson,https://twitter.com/i/web/status/1301418767939858432,@AndrewJBaillie @TheMatilda_USyd @MacquarieUniCEH Lucky this is a draft document. So there is still time and room for improvement on the Australian National Preventive Health Strategy to include a focus on mental health. @GregHuntMP,,
australia,2020-09-08 16:17:54,ian_hickie,https://twitter.com/ian_hickie,https://twitter.com/i/web/status/1303215969725067264,"@lanai_scarr @AnthDeCeglie @JoshFrydenberg @JEChalmers @AlboMP @ScottMorrisonMP @westaustralian @DeloitteNewsAU @sunriseon7 @TimWilsonMP If no serious new mental health investments - in children and young people, suicide prevention and smart 21st C  care, then modeling @BrainMind_Usyd @CSART_world predicts disastrous long-term outcomes @PatsKarvelas @PatMcGorry @GregHuntMP @SabraLane @sammostyn @LindaMottram",,
australia,2020-09-02 22:35:18,JswannyJohn,https://twitter.com/JswannyJohn,https://twitter.com/i/web/status/1301136617311145985,RT @MurrayWatt: Australia is now in its worst recession since the Great Depression. And the Morrison’s own decisions are making it worse –…,,
great,2020-09-02 21:09:00,AlexDevantier,https://twitter.com/AlexDevantier,https://twitter.com/i/web/status/1301114900148707328,RT @MurrayWatt: Australia is now in its worst recession since the Great Depression. And the Morrison’s own decisions are making it worse –…,,
great,2020-09-08 08:30:14,Paradoxa18,https://twitter.com/Paradoxa18,https://twitter.com/i/web/status/1303098279765262338,"@GregHuntMP last week we learned 50 Victorians died in federal care in July/August. The app- an expensive joke. You, Josh &amp; PM among the greatest threats to collective mental health right now. Please put people ahead of political point scoring. #zerocredibility #COVID19Vic",COVID19Vic,zerocredibility
great,2020-09-06 22:25:18,orgelhaus,https://twitter.com/orgelhaus,https://twitter.com/i/web/status/1302583655005519872,"@JoshFrydenberg @ScottMorrisonMP @GregHuntMP C’mon Josh. As one of your constituents I feel your hyperbole is not helping. Sure the $ is helpful, but the mental health toll is too great. Money doesn’t fix mental health. Hope does. It’s carnage here and we need some positive Fed government leadership to instal a caretaker!",,
great,2020-09-02 17:24:31,treacl,https://twitter.com/treacl,https://twitter.com/i/web/status/1301058406849998849,It’s coming back everywhere ... #greatdepression! https://t.co/vXdEm3pAsk,greatdepression,greatdepression
great,2020-09-07 19:00:16,suthernx,https://twitter.com/suthernx,https://twitter.com/i/web/status/1302894444740452354,RT @michaelpurvis64: Betting Greg Sheridan also believes @ScottMorrisonMP is doing a Great Job just like Trump🤮🤮🤮 Greg needs a a Mental Hea…,,
great,2020-09-04 22:26:52,SKReid1,https://twitter.com/SKReid1,https://twitter.com/i/web/status/1301859270154047488,"@MargotPRMatters I know! Omg I could not believe it!!! Just so selfish and self centred. Clearly don’t know much about how hard our health professionals work, and other frontline personnel. And nothing of War or Great Depression Beggars belief. And yet at the same time completely predictable.",,
great,2020-09-02 19:27:38,RichForrest2,https://twitter.com/RichForrest2,https://twitter.com/i/web/status/1301089389129293825,"RT @SenKatyG: We are in the worst economic downturn since the Great Depression.   A million Australians are unemployed.   400,000 more are…",,
great,2020-09-07 18:45:59,michaelpurvis64,https://twitter.com/michaelpurvis64,https://twitter.com/i/web/status/1302890850066677762,Betting Greg Sheridan also believes @ScottMorrisonMP is doing a Great Job just like Trump🤮🤮🤮 Greg needs a a Mental Health Checkup because he is clearly Delusional! #TheDrum,TheDrum,TheDrum
great,2020-09-02 20:38:03,sir_alex52,https://twitter.com/sir_alex52,https://twitter.com/i/web/status/1301107111376502786,RT @SenRaffCiccone: It beggars belief that the worst recession since the Great Depression has not been enough for the Morrison Government t…,,
great,2020-09-03 07:30:58,heidiypi1,https://twitter.com/heidiypi1,https://twitter.com/i/web/status/1301271424749858816,@ScottMorrisonMP @BradHazzard @GladysB what about spending the money on building the new Katoomba hospital and Mental Health Facility this is something that is really needed!... where are the plans for it? You say building is a great way to employment please start this now!,,
group,2020-09-06 18:21:13,Gadgets_S_J,https://twitter.com/Gadgets_S_J,https://twitter.com/i/web/status/1302522229553418240,"@SimonBanksHB @OldStockRunOut @ScottMorrisonMP And a Health Minister has put out a pre-prepared (focus group tested no doubt) joint press release that mentions the economy, jobs and livelihoods a dozen times,  mental health twice, and physical health once, in the last paragraph.  Speekss volumes to intent. $$$ before lives.",,
group,2020-09-06 19:10:56,VerschurenFred,https://twitter.com/VerschurenFred,https://twitter.com/i/web/status/1302534737743896576,RT @Gadgets_S_J: @SimonBanksHB @OldStockRunOut @ScottMorrisonMP And a Health Minister has put out a pre-prepared (focus group tested no dou…,,
group,2020-09-06 19:32:02,MeckeringBoy,https://twitter.com/MeckeringBoy,https://twitter.com/i/web/status/1302540049834147840,RT @Gadgets_S_J: @SimonBanksHB @OldStockRunOut @ScottMorrisonMP And a Health Minister has put out a pre-prepared (focus group tested no dou…,,
group,2020-09-06 20:06:32,akapoodlepower,https://twitter.com/akapoodlepower,https://twitter.com/i/web/status/1302548732034953216,RT @Gadgets_S_J: @SimonBanksHB @OldStockRunOut @ScottMorrisonMP And a Health Minister has put out a pre-prepared (focus group tested no dou…,,
metro,2020-09-02 21:38:29,travellator2,https://twitter.com/travellator2,https://twitter.com/i/web/status/1301122320422100994,RT @sasmoa4doctors: As we leave to go home tonight there are 41 (yes 41) mental health patients in the metro SA EDs. This is criminal. The…,,
metro,2020-09-02 20:10:26,sasmoa4doctors,https://twitter.com/sasmoa4doctors,https://twitter.com/i/web/status/1301100160055877632,As we leave to go home tonight there are 41 (yes 41) mental health patients in the metro SA EDs. This is criminal. The EDs themselves are over capacity. Another shocker. What is the health bureaucracy doing. @AusHumanRights @marshall_steven @GregHuntMP,,
metro,2020-09-02 21:32:39,PictonChris,https://twitter.com/PictonChris,https://twitter.com/i/web/status/1301120850263855106,RT @sasmoa4doctors: As we leave to go home tonight there are 41 (yes 41) mental health patients in the metro SA EDs. This is criminal. The…,,
metro,2020-09-02 21:55:01,HelenSm76464997,https://twitter.com/HelenSm76464997,https://twitter.com/i/web/status/1301126481058254853,RT @sasmoa4doctors: As we leave to go home tonight there are 41 (yes 41) mental health patients in the metro SA EDs. This is criminal. The…,,
metro,2020-09-02 20:10:56,aeasa1981,https://twitter.com/aeasa1981,https://twitter.com/i/web/status/1301100285700444160,RT @sasmoa4doctors: As we leave to go home tonight there are 41 (yes 41) mental health patients in the metro SA EDs. This is criminal. The…,,
metro,2020-09-03 04:43:25,WgarNews,https://twitter.com/WgarNews,https://twitter.com/i/web/status/1301229256920367104,RT @sasmoa4doctors: As we leave to go home tonight there are 41 (yes 41) mental health patients in the metro SA EDs. This is criminal. The…,,
metro,2020-09-02 22:14:25,JswannyJohn,https://twitter.com/JswannyJohn,https://twitter.com/i/web/status/1301131361302896640,RT @sasmoa4doctors: As we leave to go home tonight there are 41 (yes 41) mental health patients in the metro SA EDs. This is criminal. The…,,
metro,2020-09-02 21:39:49,dolarhyde_uc,https://twitter.com/dolarhyde_uc,https://twitter.com/i/web/status/1301122655219675136,RT @sasmoa4doctors: As we leave to go home tonight there are 41 (yes 41) mental health patients in the metro SA EDs. This is criminal. The…,,
covid,2020-09-06 18:03:01,CharlesFig_Aus,https://twitter.com/CharlesFig_Aus,https://twitter.com/i/web/status/1302517649885155328,"@ScottMorrisonMP @GregHuntMP   6 million people are living as prisoners in Victoria now. We're spiraling into economic disaster, not to mention the dwindling mental health.  Stop hiding behind the phrase it's a matter for the Victorian Govt and f**king help. #COVID19Victoria",COVID19Victoria,COVID19Victoria
covid,2020-09-03 20:23:59,sreeura,https://twitter.com/sreeura,https://twitter.com/i/web/status/1301465959803232256,"RT @Danni2827: What is the bigger threat to humanity? COVID19 or what it is doing to mental health, children, economy and people that are w…",,
covid,2020-09-06 15:59:48,CowboyKissing,https://twitter.com/CowboyKissing,https://twitter.com/i/web/status/1302486637557948417,"@FinancialReview Really ??!! @ScottMorrisonMP it’s terrible being SME in Vic - law, inquiries on inquiries, and premier making hollow apologies that mean zero for those he has wiped out. Then thinks dealing with mental health is the answer omg - I’ve been calling for “HECS covid loans” help bus",,
covid,2020-09-02 12:15:22,CarolRi29641054,https://twitter.com/CarolRi29641054,https://twitter.com/i/web/status/1300980607392952320,RT @TheKouk: Bizarre that fiscal stimulus is being wound back given the depth of the current 2020 COVID Depression. Bizarre also RBA is ref…,,
covid,2020-09-08 11:48:08,CharlesFig_Aus,https://twitter.com/CharlesFig_Aus,https://twitter.com/i/web/status/1303148080007581696,"@DanielAndrewsMP   Where's your daily reporting case numbers of people driven to depression, suicides/attempts, lost livelihoods &amp; homes, poverty, shortened life expectancy &amp; long term health damage resulting from your lockdowns?  #victorialockdown #COVID19 #ResignDanielAndrews",COVID19,victorialockdown
covid,2020-09-08 08:30:14,Paradoxa18,https://twitter.com/Paradoxa18,https://twitter.com/i/web/status/1303098279765262338,"@GregHuntMP last week we learned 50 Victorians died in federal care in July/August. The app- an expensive joke. You, Josh &amp; PM among the greatest threats to collective mental health right now. Please put people ahead of political point scoring. #zerocredibility #COVID19Vic",COVID19Vic,zerocredibility
covid,2020-09-08 22:49:43,RyanLicastro,https://twitter.com/RyanLicastro,https://twitter.com/i/web/status/1303314575178121216,@MatthewGuyMP Absolutely spot on @MatthewGuyMP @GregHuntMP numerous sources say a 25% increase in mental health impacts as a result of the Victorian Labour Government's sheer incompetence and all they can say is: 'we are doing more in this area' #NoPlanDan #COVID19Vic #Disgraceful,COVID19Vic,NoPlanDan
covid,2020-09-02 23:41:02,sir_alex52,https://twitter.com/sir_alex52,https://twitter.com/i/web/status/1301153160791121920,RT @TheKouk: Bizarre that fiscal stimulus is being wound back given the depth of the current 2020 COVID Depression. Bizarre also RBA is ref…,,
patient,2020-09-02 21:38:29,travellator2,https://twitter.com/travellator2,https://twitter.com/i/web/status/1301122320422100994,RT @sasmoa4doctors: As we leave to go home tonight there are 41 (yes 41) mental health patients in the metro SA EDs. This is criminal. The…,,
patient,2020-09-02 20:10:26,sasmoa4doctors,https://twitter.com/sasmoa4doctors,https://twitter.com/i/web/status/1301100160055877632,As we leave to go home tonight there are 41 (yes 41) mental health patients in the metro SA EDs. This is criminal. The EDs themselves are over capacity. Another shocker. What is the health bureaucracy doing. @AusHumanRights @marshall_steven @GregHuntMP,,
patient,2020-09-02 21:32:39,PictonChris,https://twitter.com/PictonChris,https://twitter.com/i/web/status/1301120850263855106,RT @sasmoa4doctors: As we leave to go home tonight there are 41 (yes 41) mental health patients in the metro SA EDs. This is criminal. The…,,
patient,2020-09-02 21:55:01,HelenSm76464997,https://twitter.com/HelenSm76464997,https://twitter.com/i/web/status/1301126481058254853,RT @sasmoa4doctors: As we leave to go home tonight there are 41 (yes 41) mental health patients in the metro SA EDs. This is criminal. The…,,
patient,2020-09-02 20:10:56,aeasa1981,https://twitter.com/aeasa1981,https://twitter.com/i/web/status/1301100285700444160,RT @sasmoa4doctors: As we leave to go home tonight there are 41 (yes 41) mental health patients in the metro SA EDs. This is criminal. The…,,
patient,2020-09-03 04:43:25,WgarNews,https://twitter.com/WgarNews,https://twitter.com/i/web/status/1301229256920367104,RT @sasmoa4doctors: As we leave to go home tonight there are 41 (yes 41) mental health patients in the metro SA EDs. This is criminal. The…,,
patient,2020-09-02 22:14:25,JswannyJohn,https://twitter.com/JswannyJohn,https://twitter.com/i/web/status/1301131361302896640,RT @sasmoa4doctors: As we leave to go home tonight there are 41 (yes 41) mental health patients in the metro SA EDs. This is criminal. The…,,
patient,2020-09-02 21:39:49,dolarhyde_uc,https://twitter.com/dolarhyde_uc,https://twitter.com/i/web/status/1301122655219675136,RT @sasmoa4doctors: As we leave to go home tonight there are 41 (yes 41) mental health patients in the metro SA EDs. This is criminal. The…,,
playing,2020-09-06 20:16:21,FedUpWithTheLot,https://twitter.com/FedUpWithTheLot,https://twitter.com/i/web/status/1302551201817395201,"@GregHuntMP You, sir, are supposed to be a rep of Vic. And here you are throwing turds at us when we’ve been given some of the hardest news that could have been delivered.   Where’s the encouragement &amp; support? The mental health affects are made so much worse by you Feds playing these games.",,
playing,2020-09-07 21:21:07,BooksNorthern,https://twitter.com/BooksNorthern,https://twitter.com/i/web/status/1302929888819556352,"@GMegalogenis It’s a problem when the mental health of Victorians, already on edge, is so affected by @ScottMorrisonMP and @JoshFrydenberg ‘s pathetic &amp; transparent political game playing. If only they could learn to read the room and get a bit clever about their political play. #notthatclever",notthatclever,notthatclever
playing,2020-09-06 18:11:03,ms_macca,https://twitter.com/ms_macca,https://twitter.com/i/web/status/1302519669459283968,@jkmccrann @ScottMorrisonMP Scomo already knew about it. He’s just playing political games &amp; playing with our mental health. Also he needs to take responsibility for the private aged care sector.,,
release,2020-09-06 18:21:13,Gadgets_S_J,https://twitter.com/Gadgets_S_J,https://twitter.com/i/web/status/1302522229553418240,"@SimonBanksHB @OldStockRunOut @ScottMorrisonMP And a Health Minister has put out a pre-prepared (focus group tested no doubt) joint press release that mentions the economy, jobs and livelihoods a dozen times,  mental health twice, and physical health once, in the last paragraph.  Speekss volumes to intent. $$$ before lives.",,
release,2020-09-05 00:50:48,4c7f21ac5bb74b0,https://twitter.com/4c7f21ac5bb74b0,https://twitter.com/i/web/status/1301895492079501312,"RT @auntanxiety: I can’t do midnight releases anymore. I am old. can we do a 1 in the afternoon release, please. PLEASE. like an after lunc…",,
release,2020-09-06 18:00:05,drpete00,https://twitter.com/drpete00,https://twitter.com/i/web/status/1302516911511539712,"Joint press release about VIC from @ScottMorrisonMP, @JoshFrydenberg &amp; @GregHuntMP today.  Here’s the first 3 paragraphs: - Economy/cost is mentioned 4 times,  - Mental health once (at the end), - Loss of life or health impacts aren’t.   What should our priorities be?  #AusPol https://t.co/dAy8YFw7aV",AusPol,AusPol
