Topic,word1,word2,word3,word4,word5,word6,word7,word8,word9,word10
Topic 1,support,important,medium,announce,victorian,release,stage,restriction,additional,assist
Topic 2,anxiety,australia,depression,life,aussie,bloke,twice,lady,pre-covid,annual
Topic 3,impact,coronavirus,tough,people,pandemic,increase,live,create,#disability,intellectual
Topic 4,people,physical,session,particularly,concern,deeply,number,situation,australian,psychology
Topic 5,suicide,session,medicare,subsidise,support,extra,therapy,covid,lockdown,australia
