Topic,word1,word2,word3,word4,word5,word6,word7,word8,word9,word10
Topic 1,support,anxiety,service,australian,need,welcome,phone,wellbeing,depression,address
Topic 2,support,resource,include,particularly,available,#covid19aus,load,valuable,line,access
Topic 3,beyond,support,people,connect,story,kindness,share,working,wellbeing,impact
Topic 4,pandemic,together,training,online,great,treat,interest,experience,design,hearing
Topic 5,session,restriction,medicare,stress,anxiety,welcome,subsidise,#covid19vic,receive,extension
