Topic,word1,word2,word3,word4,word5,word6,word7,word8,word9,word10
Topic 1,depression,great,australia,bizarre,government,covid,suicide,belief,prove,stimulus
Topic 2,victorian,depression,please,test,minister,andrew,release,pre-prepared,group,focus
Topic 3,government,victorian,start,support,playing,building,australian,need,lockdown,overseas
Topic 4,leave,tonight,metro,patient,criminal,depression,recession,worst,great,morrison
Topic 5,people,depression,another,relentless,attack,caring,guise,cause,emotional,ankle
