Topic,word1,word2,word3,word4,word5,word6,word7,word8,word9,word10
Topic 1,family,issue,nurse,suffer,surroundings,strong,child,#afairgoforlove,right,important
Topic 2,additional,suicide,provide,priority,remain,prevention,medicare,subsidise,#removethecap,#afairgoforlove
Topic 3,covid,government,tough,restriction,extend,telehealt,morrison,australian,people,famili
Topic 4,impact,stress,coronavirus,depression,anxiety,anxious,isolation,overwhelm,outbreak,restriction
Topic 5,sector,disability,going,indigenous,following,australia,lockdown,anxious,family,melbourne
