Topic,word1,word2,word3,word4,word5,word6,word7,word8,word9,word10
Topic 1,nurse,access,youth,support,today,australia,report,release,service,system
Topic 2,coronavirus,funding,difficult,surge,pandemic,system,australia,increase,expose,state
Topic 3,anxiety,government,depression,victoria,time,disability,service,program,million,carers
Topic 4,include,funding,receive,share,beyond,outside,several,company,australia,please
Topic 5,family,speak,brave,tonight,australia,country,across,monday,people,month
