Topic,word1,word2,word3,word4,word5,word6,word7,word8,word9,word10
Topic 1,start,enough,medicare,session,add,depression,anxiety,people,government,increase
Topic 2,service,million,struggle,victorian,request,try,additional,announce,social,child
Topic 3,issue,border,pandemic,stress,solution,sustain,fight,close,government,anxiety
Topic 4,going,month,damage,suicide,depression,australian,thing,seeing,break,fiancé
Topic 5,system,productive,significantly,drain,deteriorate,medical,australia,nurse,better,love
