keyword,created_at_local_time,screen_name,user_URL,tweet_URL,tweet_text,hashtag1,hashtag2
general,2020-08-25 07:34:57,RNRos,https://twitter.com/RNRos,https://twitter.com/i/web/status/1298010937245331457,Upskill general practice nurses in mental health and give specialist mental health nurses access to the MBS please Minister @GregHuntMP The Australian community really need our help @acn_tweet @ACMHN https://t.co/99oLxcnUj0,,
general,2020-08-25 12:15:06,AussieNurse2,https://twitter.com/AussieNurse2,https://twitter.com/i/web/status/1298081435832614912,RT @RNRos: Upskill general practice nurses in mental health and give specialist mental health nurses access to the MBS please Minister @Gre…,,
general,2020-08-25 07:47:43,Sian_NP,https://twitter.com/Sian_NP,https://twitter.com/i/web/status/1298014148056346624,RT @RNRos: Upskill general practice nurses in mental health and give specialist mental health nurses access to the MBS please Minister @Gre…,,
general,2020-08-25 21:27:33,LizHalcomb,https://twitter.com/LizHalcomb,https://twitter.com/i/web/status/1298220466906136576,RT @RNRos: Upskill general practice nurses in mental health and give specialist mental health nurses access to the MBS please Minister @Gre…,,
general,2020-08-25 08:09:50,SkinnyKathNot,https://twitter.com/SkinnyKathNot,https://twitter.com/i/web/status/1298019714644484097,RT @RNRos: Upskill general practice nurses in mental health and give specialist mental health nurses access to the MBS please Minister @Gre…,,
medical,2020-08-24 14:00:54,drhelenedwards,https://twitter.com/drhelenedwards,https://twitter.com/i/web/status/1297745676189630464,"@AnnaWhateley @mightystickbug 🥺 no surprise..CL rejected my DSP. Said I could work ZERO-7 hrs per week, put me on jobseeker, no mutual obligations for a year, 'temporary' medical grounds.. in a year my type 1 diabetes, gut paralysis, anxiety, ADHD, PTSD &amp; now apparently bipolar 2, will magically disappear",,
medical,2020-08-20 07:09:41,Songheart,https://twitter.com/Songheart,https://twitter.com/i/web/status/1296192636018073600,"@SkyNewsAust @ScottMorrisonMP It's illegal, people have the right to refuse medical treatment. I know right wingers want us all to be puppets of the regime, for our own good but forced medical care is illegal for people capable of decision making. In mental health and Aged care it may be different",,
claim,2020-08-24 07:20:32,KathyJandM1,https://twitter.com/KathyJandM1,https://twitter.com/i/web/status/1297644919117365250,"RT @RealMattCouch: Trump Claims Biden Win Will Cause Depression, ‘Biggest Headwind’ to Economy in History https://t.co/PBW6lZeTFN",,
claim,2020-08-21 19:58:36,melissa__eaton,https://twitter.com/melissa__eaton,https://twitter.com/i/web/status/1296748529591791616,"He shares this information with his 2.6M followers including advice such as - a “heavy metal detox cleanse” to “heal” schizophrenia, #depression and other mood related disorder 👇; the dangers of “food combining”; &amp; claiming berries are “medicine for the liver” /2 https://t.co/dQjc0Rv5hc",depression,depression
claim,2020-08-21 20:28:06,melissa__eaton,https://twitter.com/melissa__eaton,https://twitter.com/i/web/status/1296755954763980802,"He shares this information with his 2.6M followers including advice such as - a “heavy metal detox cleanse” to “heal” #schizophrenia, #depression and other #mood related disorder 👇; the dangers of “food combining”; &amp; claiming berries are “#medicine for the liver” /2 https://t.co/PSMDDItSkB",depression,schizophrenia
claim,2020-08-21 11:57:26,Ingot54,https://twitter.com/Ingot54,https://twitter.com/i/web/status/1296627440458989568,@DrRonBaumann @BreakfastNews @TheTodayShow @sunriseon7 @ScottMorrisonMP @PeterDutton_MP @GregHuntMP as Minister For Health has direct responsibility for their health.  Says Morrison is compassionate.  Kirilly Dutton is Director at Mental Health Foundation of Australia. No qual. in mental health. Claims she focuses on those from NESB.  How twee! All in the family.,,
depression,2020-08-21 10:57:22,SophieSocialist,https://twitter.com/SophieSocialist,https://twitter.com/i/web/status/1296612325462437889,@healthgovau The LNP Govt has created Anxiety and Depression on a wide scale esp in Disabled and Carers sector. Huge #fail on many levels for many citizens. #LNPfail triggers me every time #NotMyPM speaks. #MyPoorAustralia,fail,NotMyPM
depression,2020-08-20 22:13:00,sreeura,https://twitter.com/sreeura,https://twitter.com/i/web/status/1296419966460276737,RT @JoelyTuray: FML. this is my depression right here in one app. Look @ScottMorrisonMP  #grantoffshorepartnervisasnow #LoveIsNotTourism ht…,grantoffshorepartnervisasnow,LoveIsNotTourism
depression,2020-08-20 22:01:16,hiba_akmal,https://twitter.com/hiba_akmal,https://twitter.com/i/web/status/1296417010314870785,RT @JoelyTuray: FML. this is my depression right here in one app. Look @ScottMorrisonMP  #grantoffshorepartnervisasnow #LoveIsNotTourism ht…,grantoffshorepartnervisasnow,LoveIsNotTourism
depression,2020-08-22 12:19:51,virginatrio,https://twitter.com/virginatrio,https://twitter.com/i/web/status/1296995467914403840,RT @ninjashoes: The Cabal are killing small business in favor or corporations just like they killed the small banks during the depression.,,
depression,2020-08-20 00:58:08,lealovinglifea1,https://twitter.com/lealovinglifea1,https://twitter.com/i/web/status/1296099135037341696,"RT @Georgia12086181: This is my reality. Anxiety, depression, panic attacks... Do you care yet @marcomendicino ?! Do you get it yet?! Is th…",,
depression,2020-08-21 05:33:02,lealovinglifea1,https://twitter.com/lealovinglifea1,https://twitter.com/i/web/status/1296530703077855234,RT @JoelyTuray: FML. this is my depression right here in one app. Look @ScottMorrisonMP  #grantoffshorepartnervisasnow #LoveIsNotTourism ht…,grantoffshorepartnervisasnow,LoveIsNotTourism
depression,2020-08-23 15:46:31,lealovinglifea1,https://twitter.com/lealovinglifea1,https://twitter.com/i/web/status/1297409866357710849,RT @brownieloverr: I don’t even feel like I want to wakeup this morning I wish to sleep all day long symptoms of depression? Is what my doc…,,
depression,2020-08-24 22:38:14,sch_p77,https://twitter.com/sch_p77,https://twitter.com/i/web/status/1297875864135168001,"How the numbers should be reported. 5.647mil tests. 99.56% neg, 0.44% positive. How many of those positives were actually sick? Stuff all. How many suicides, businesses closed, livelihoods destroyed, kids anxiety/depression? This is not a pandemic. @AnnastaciaMP @StevenJMiles https://t.co/k7P9rcWuJh",,
depression,2020-08-24 07:20:32,KathyJandM1,https://twitter.com/KathyJandM1,https://twitter.com/i/web/status/1297644919117365250,"RT @RealMattCouch: Trump Claims Biden Win Will Cause Depression, ‘Biggest Headwind’ to Economy in History https://t.co/PBW6lZeTFN",,
depression,2020-08-24 16:49:11,marco67_bello,https://twitter.com/marco67_bello,https://twitter.com/i/web/status/1297788023996735488,@jeff_kennett Jeff we need you back this government is now worst than the Kirner and Cain Government. The despair and anxiety this government is causing in the community is beyond description.The liberals need to wake up and start defending our democracy and help us avoid a depression.,,
watching,2020-08-25 07:47:35,Sian_NP,https://twitter.com/Sian_NP,https://twitter.com/i/web/status/1298014114371887104,RT @LornaMoxham: Watching Q&amp;A. Not enough mental health services for ppl to access. Give mental health nurses access to MBS immediately ple…,,
watching,2020-08-25 22:53:40,mrspeckish,https://twitter.com/mrspeckish,https://twitter.com/i/web/status/1298242139436904448,RT @LornaMoxham: Watching Q&amp;A. Not enough mental health services for ppl to access. Give mental health nurses access to MBS immediately ple…,,
watching,2020-08-24 21:55:37,LornaMoxham,https://twitter.com/LornaMoxham,https://twitter.com/i/web/status/1297865142684680193,Watching Q&amp;A. Not enough mental health services for ppl to access. Give mental health nurses access to MBS immediately please minister. Australians need help and there are trained mental health professional ready @GregHuntMP,,
watching,2020-08-22 21:22:37,Demonchessa,https://twitter.com/Demonchessa,https://twitter.com/i/web/status/1297132060134367232,RT @deniseshrivell: Watching a report on California fires - &amp; can feel anxiety rising. Awful #auspol,auspol,auspol
watching,2020-08-25 16:18:45,tuppsmiles,https://twitter.com/tuppsmiles,https://twitter.com/i/web/status/1298142752257929216,RT @LornaMoxham: Watching Q&amp;A. Not enough mental health services for ppl to access. Give mental health nurses access to MBS immediately ple…,,
watching,2020-08-25 08:01:13,AccessAbleMH,https://twitter.com/AccessAbleMH,https://twitter.com/i/web/status/1298017543743922176,RT @LornaMoxham: Watching Q&amp;A. Not enough mental health services for ppl to access. Give mental health nurses access to MBS immediately ple…,,
australia,2020-08-23 10:30:54,mitchhutchins1,https://twitter.com/mitchhutchins1,https://twitter.com/i/web/status/1297330437916774400,RT @autumn_daze00: @healthgovau Our mental health would be a lot better if Australia would just let loved ones reunite in a COVID-safe way.…,,
australia,2020-08-24 20:46:13,ian_hickie,https://twitter.com/ian_hickie,https://twitter.com/i/web/status/1297847674696167425,@AustralianStory @greg_inglis Great to see such a personal and honest story where high quality mental health care is life-changing; something every young Australian in real trouble needs @PatMcGorry @RANZCP @GregHuntMP @Bowenchris @JasonTrethowan @headspace_aus @ScottMorrisonMP @BrainMind_Usyd @bronnietaylor,,
australia,2020-08-20 05:17:20,AlexMonson21,https://twitter.com/AlexMonson21,https://twitter.com/i/web/status/1296164363506610176,@healthgovau You know what would help mental health? Financial security. Why is welfare dropping 300$ when there’s still a pandemic in Australia?,,
australia,2020-08-24 10:02:28,arnottchris,https://twitter.com/arnottchris,https://twitter.com/i/web/status/1297685672409481216,"1 in 5 Australians will experience some form of mental health (https://t.co/fip9glkuDx), and doctors before the crisis said 50% of cases were psychological (https://t.co/VtVPGTgLsE). Yet we still have a broken mental health system. We need to do better than this #auspol https://t.co/BP6GZTjDDb",auspol,auspol
australia,2020-08-21 10:54:56,SophieSocialist,https://twitter.com/SophieSocialist,https://twitter.com/i/web/status/1296611711735042049,RT @earthma23: @healthgovau Then sack the QAnon science denying Prime Minister; SQott is harming Australian's mental health evry day .,,
australia,2020-08-21 10:57:22,SophieSocialist,https://twitter.com/SophieSocialist,https://twitter.com/i/web/status/1296612325462437889,@healthgovau The LNP Govt has created Anxiety and Depression on a wide scale esp in Disabled and Carers sector. Huge #fail on many levels for many citizens. #LNPfail triggers me every time #NotMyPM speaks. #MyPoorAustralia,fail,NotMyPM
australia,2020-08-25 07:34:57,RNRos,https://twitter.com/RNRos,https://twitter.com/i/web/status/1298010937245331457,Upskill general practice nurses in mental health and give specialist mental health nurses access to the MBS please Minister @GregHuntMP The Australian community really need our help @acn_tweet @ACMHN https://t.co/99oLxcnUj0,,
australia,2020-08-23 09:30:13,2093Arts,https://twitter.com/2093Arts,https://twitter.com/i/web/status/1297315166384607232,"@chefsami_la @V31Jay @ScottMorrisonMP @NickMcKim @zalisteggall @KKeneally @PeterDutton_MP @AusBorderForce @Qantas @GregHuntMP @7NewsAustralia @ABCaustralia @AusHumanRights Apart from the mental pain I’m going through, I have to work twice as before to be able to pay the rent and bills my husband and I used to share before. I have serious health issues now and I DO NEED his support. #LetThemComeHome #LoveIsNotTourismaustralia",LetThemComeHome,LoveIsNotTourismaustralia
australia,2020-08-20 07:30:33,autumn_daze00,https://twitter.com/autumn_daze00,https://twitter.com/i/web/status/1296197888918183942,My partner asked me what I'm going to do if I can't come to Australia to see him by the end of the year. Do you really think my anxiety has an answer to that--🥺 #LoveIsNotTourism #AFairGoForLove,AFairGoForLove,LoveIsNotTourism
australia,2020-08-22 11:18:20,Lisa_Adams__,https://twitter.com/Lisa_Adams__,https://twitter.com/i/web/status/1296979989556944898,"@Kon__K @ScottMorrisonMP So while DV is in the spotlight, receiving funding, the exacerbating factors of economic stress, poverty, addiction &amp; mental health are ignored by the gov. Charities are fundamental to Australians, especially during this epidemic. #auspol",auspol,auspol
specialist,2020-08-25 07:34:57,RNRos,https://twitter.com/RNRos,https://twitter.com/i/web/status/1298010937245331457,Upskill general practice nurses in mental health and give specialist mental health nurses access to the MBS please Minister @GregHuntMP The Australian community really need our help @acn_tweet @ACMHN https://t.co/99oLxcnUj0,,
specialist,2020-08-25 12:15:06,AussieNurse2,https://twitter.com/AussieNurse2,https://twitter.com/i/web/status/1298081435832614912,RT @RNRos: Upskill general practice nurses in mental health and give specialist mental health nurses access to the MBS please Minister @Gre…,,
specialist,2020-08-25 07:47:43,Sian_NP,https://twitter.com/Sian_NP,https://twitter.com/i/web/status/1298014148056346624,RT @RNRos: Upskill general practice nurses in mental health and give specialist mental health nurses access to the MBS please Minister @Gre…,,
specialist,2020-08-25 21:27:33,LizHalcomb,https://twitter.com/LizHalcomb,https://twitter.com/i/web/status/1298220466906136576,RT @RNRos: Upskill general practice nurses in mental health and give specialist mental health nurses access to the MBS please Minister @Gre…,,
specialist,2020-08-25 08:09:50,SkinnyKathNot,https://twitter.com/SkinnyKathNot,https://twitter.com/i/web/status/1298019714644484097,RT @RNRos: Upskill general practice nurses in mental health and give specialist mental health nurses access to the MBS please Minister @Gre…,,
enough,2020-08-25 07:47:35,Sian_NP,https://twitter.com/Sian_NP,https://twitter.com/i/web/status/1298014114371887104,RT @LornaMoxham: Watching Q&amp;A. Not enough mental health services for ppl to access. Give mental health nurses access to MBS immediately ple…,,
enough,2020-08-25 22:53:40,mrspeckish,https://twitter.com/mrspeckish,https://twitter.com/i/web/status/1298242139436904448,RT @LornaMoxham: Watching Q&amp;A. Not enough mental health services for ppl to access. Give mental health nurses access to MBS immediately ple…,,
enough,2020-08-21 14:08:44,AnnabelRamsay,https://twitter.com/AnnabelRamsay,https://twitter.com/i/web/status/1296660483953442816,"RT @ian_hickie: Adding more Medicare mental health sessions is a start, but it's far from enough https://t.co/XBWWXhP2uz via @canberratimes…",,
enough,2020-08-24 21:55:37,LornaMoxham,https://twitter.com/LornaMoxham,https://twitter.com/i/web/status/1297865142684680193,Watching Q&amp;A. Not enough mental health services for ppl to access. Give mental health nurses access to MBS immediately please minister. Australians need help and there are trained mental health professional ready @GregHuntMP,,
enough,2020-08-22 16:37:09,Demonchessa,https://twitter.com/Demonchessa,https://twitter.com/i/web/status/1297060219852267521,"@newbury3186 @DanielAndrewsMP Enough. Stop undermining @DanielAndrewsMP Why don’t u ask for more $$ / staff for mental health programs 4 all or ask @ScottMorrisonMP to release $$ into economy 4 business by extending #Jobseeker #Jobkeeper to casuals, the Arts, international students. Be constructive. Sept 13",Jobkeeper,Jobseeker
enough,2020-08-20 23:01:11,benrfairless,https://twitter.com/benrfairless,https://twitter.com/i/web/status/1296432090599297025,I found out today that I can get another 10 Medicare covered psychology appointments under a new COVID policy.... unless I’m in WA. 10 sessions isn’t enough @GregHuntMP.  We need to find mental health more #nentalhealth #auspol @Bowenchris,auspol,nentalhealth
enough,2020-08-25 16:18:45,tuppsmiles,https://twitter.com/tuppsmiles,https://twitter.com/i/web/status/1298142752257929216,RT @LornaMoxham: Watching Q&amp;A. Not enough mental health services for ppl to access. Give mental health nurses access to MBS immediately ple…,,
enough,2020-08-25 08:01:13,AccessAbleMH,https://twitter.com/AccessAbleMH,https://twitter.com/i/web/status/1298017543743922176,RT @LornaMoxham: Watching Q&amp;A. Not enough mental health services for ppl to access. Give mental health nurses access to MBS immediately ple…,,
apart,2020-08-19 12:08:37,sreeura,https://twitter.com/sreeura,https://twitter.com/i/web/status/1295905476865953793,RT @Nawal63389780: These border restrictions are tearing my partner and my mental health apart. Why is the government doing this to us? We…,,
apart,2020-08-23 09:30:13,2093Arts,https://twitter.com/2093Arts,https://twitter.com/i/web/status/1297315166384607232,"@chefsami_la @V31Jay @ScottMorrisonMP @NickMcKim @zalisteggall @KKeneally @PeterDutton_MP @AusBorderForce @Qantas @GregHuntMP @7NewsAustralia @ABCaustralia @AusHumanRights Apart from the mental pain I’m going through, I have to work twice as before to be able to pay the rent and bills my husband and I used to share before. I have serious health issues now and I DO NEED his support. #LetThemComeHome #LoveIsNotTourismaustralia",LetThemComeHome,LoveIsNotTourismaustralia
apart,2020-08-20 06:57:34,nicola38381851,https://twitter.com/nicola38381851,https://twitter.com/i/web/status/1296189589833445377,"RT @amjaeyoung: Been waiting for 24 months now for my PMV 300, and its tearing my partner and my mental health apart. Haven’t met my partne…",,
apart,2020-08-19 15:11:58,saranoghani,https://twitter.com/saranoghani,https://twitter.com/i/web/status/1295951621021560837,"RT @amjaeyoung: Been waiting for 24 months now for my PMV 300, and its tearing my partner and my mental health apart. Haven’t met my partne…",,
apart,2020-08-20 23:32:16,Hoda______,https://twitter.com/Hoda______,https://twitter.com/i/web/status/1296439912212897793,"RT @amjaeyoung: Been waiting for 24 months now for my PMV 300, and its tearing my partner and my mental health apart. Haven’t met my partne…",,
please,2020-08-23 07:20:34,ncoleman4,https://twitter.com/ncoleman4,https://twitter.com/i/web/status/1297282539552411648,@ScottMorrisonMP please help us aussie citizens abroad. You told us if we had jobs abroad to stay put which we did but that was back in March. 6mths later so much has changed. Even just from a mental health perspective being continuously bumped off flights has been crushing.,,
please,2020-08-20 15:20:48,mollyfud,https://twitter.com/mollyfud,https://twitter.com/i/web/status/1296316229393592321,"@sexenheimer I want to start a gofundme to buy whoever called the police in on him for a health check a beer! But in all seriousness, if you are having issues during the lockdown, please call someone for help. https://t.co/um6YuvUGt3",,
please,2020-08-21 11:23:38,mollyfud,https://twitter.com/mollyfud,https://twitter.com/i/web/status/1296618935140286464,"@realscienceeee @VicGovDHHS Fills me with sadness to think of everyone doing it hard through lockdowns. (If you are doing it hard through this time, or ever, please reachout to someone https://t.co/um6YuvUGt3). 1/1",,
please,2020-08-25 07:34:57,RNRos,https://twitter.com/RNRos,https://twitter.com/i/web/status/1298010937245331457,Upskill general practice nurses in mental health and give specialist mental health nurses access to the MBS please Minister @GregHuntMP The Australian community really need our help @acn_tweet @ACMHN https://t.co/99oLxcnUj0,,
please,2020-08-20 00:27:56,sreeura,https://twitter.com/sreeura,https://twitter.com/i/web/status/1296091533230235648,RT @SamreetKaur8: Please think about us and our families. It causes us a mental and health issues @ScottMorrisonMP @7NewsSydney @7NewsAustr…,,
please,2020-08-25 12:15:06,AussieNurse2,https://twitter.com/AussieNurse2,https://twitter.com/i/web/status/1298081435832614912,RT @RNRos: Upskill general practice nurses in mental health and give specialist mental health nurses access to the MBS please Minister @Gre…,,
please,2020-08-25 05:23:46,koukli86,https://twitter.com/koukli86,https://twitter.com/i/web/status/1297977923501268992,"RT @Lucie_Dcklv: I’m having anxiety attacks for the last couple months. Please tell, me that everything will calm down. I’m so scared what…",,
please,2020-08-24 21:22:25,marco67_bello,https://twitter.com/marco67_bello,https://twitter.com/i/web/status/1297856784326041601,@TimSmithMP Please Tim can you the minor parties try and put a block to Andrews please use what legal authorities you have to stop Victoria going into a depression  We need the liberal party and everyone against this dictator to stand up for this is not a joke anymore.,,
please,2020-08-24 21:24:47,marco67_bello,https://twitter.com/marco67_bello,https://twitter.com/i/web/status/1297857382265970689,"@7NewsMelbourne @paul_dowsley People came to our country to make a fresh start......we can't have this wrecked overnight by a Dictator. Can the media, the liberal party,minor parties, big business and everyone in this democracy please get the premier to stop Victoria going into a depression",,
please,2020-08-24 21:39:41,marco67_bello,https://twitter.com/marco67_bello,https://twitter.com/i/web/status/1297861129696239617,@theage Agree can the media please stop this dictator Andrews causing the worst depression in our history,,
government,2020-08-25 09:57:15,sasmoa4doctors,https://twitter.com/sasmoa4doctors,https://twitter.com/i/web/status/1298046747021676544,"The health system and Government is letting down mental health patients, clinicians and the community. Why don’t we fund mental health services properly. 39 mental health patients waiting in our EDs. Where is Human Rights for all patients.  @AusHumanRights @GregHuntMP @EOCSA",,
government,2020-08-25 10:01:47,AdlEmergStatus,https://twitter.com/AdlEmergStatus,https://twitter.com/i/web/status/1298047885037015041,"RT @sasmoa4doctors: The health system and Government is letting down mental health patients, clinicians and the community. Why don’t we fun…",,
government,2020-08-19 12:08:37,sreeura,https://twitter.com/sreeura,https://twitter.com/i/web/status/1295905476865953793,RT @Nawal63389780: These border restrictions are tearing my partner and my mental health apart. Why is the government doing this to us? We…,,
government,2020-08-25 09:57:55,PictonChris,https://twitter.com/PictonChris,https://twitter.com/i/web/status/1298046913313308672,"RT @sasmoa4doctors: The health system and Government is letting down mental health patients, clinicians and the community. Why don’t we fun…",,
government,2020-08-24 22:11:04,TaodeHaas,https://twitter.com/TaodeHaas,https://twitter.com/i/web/status/1297869029546143744,RT @ChrisCourtney4: @TaodeHaas good on you for pointing out the obvious on #qanda...  The federal Government hasn't an idea of the need in…,qanda,qanda
government,2020-08-21 14:01:09,marco67_bello,https://twitter.com/marco67_bello,https://twitter.com/i/web/status/1296658572135153666,@anmf_federal @BernardKeane @ScottMorrisonMP @GregHuntMP @gedkearney @SenKatyG @billshortenmp If only the Victorian government had done its job with quarantine responsibilities we would not have had as many age care residents die in the first place and hundreds of people losing mental health battle as well.,,
government,2020-08-24 16:49:11,marco67_bello,https://twitter.com/marco67_bello,https://twitter.com/i/web/status/1297788023996735488,@jeff_kennett Jeff we need you back this government is now worst than the Kirner and Cain Government. The despair and anxiety this government is causing in the community is beyond description.The liberals need to wake up and start defending our democracy and help us avoid a depression.,,
government,2020-08-25 10:08:17,IamNo_33,https://twitter.com/IamNo_33,https://twitter.com/i/web/status/1298049520987549702,"RT @sasmoa4doctors: The health system and Government is letting down mental health patients, clinicians and the community. Why don’t we fun…",,
government,2020-08-24 21:13:33,ChrisCourtney4,https://twitter.com/ChrisCourtney4,https://twitter.com/i/web/status/1297854556374630400,@beyondblue @RonniSalt @GregHuntMP @Bowenchris @JuliaGillard @georgie_harman @ian_hickie @PatMcGorry It would be good if you could fund a Pyschologist in the community who would accept the Governments Medicare Funded items numbers...  Not much point GP's creating Mental Health Plans for patients who can't access a Pyschologist as part of the 4/6=10 consults.  Goes nowhere?,,
government,2020-08-24 22:03:20,ChrisCourtney4,https://twitter.com/ChrisCourtney4,https://twitter.com/i/web/status/1297867082143428609,@TaodeHaas good on you for pointing out the obvious on #qanda...  The federal Government hasn't an idea of the need in rural Australia.  @GregHuntMP there is no point GP Mental Health plans in rural areas if there isn't the Mental Health Professionals to refer to on Medicare?,qanda,qanda
partner,2020-08-19 12:08:37,sreeura,https://twitter.com/sreeura,https://twitter.com/i/web/status/1295905476865953793,RT @Nawal63389780: These border restrictions are tearing my partner and my mental health apart. Why is the government doing this to us? We…,,
partner,2020-08-20 22:13:00,sreeura,https://twitter.com/sreeura,https://twitter.com/i/web/status/1296419966460276737,RT @JoelyTuray: FML. this is my depression right here in one app. Look @ScottMorrisonMP  #grantoffshorepartnervisasnow #LoveIsNotTourism ht…,grantoffshorepartnervisasnow,LoveIsNotTourism
partner,2020-08-20 22:01:16,hiba_akmal,https://twitter.com/hiba_akmal,https://twitter.com/i/web/status/1296417010314870785,RT @JoelyTuray: FML. this is my depression right here in one app. Look @ScottMorrisonMP  #grantoffshorepartnervisasnow #LoveIsNotTourism ht…,grantoffshorepartnervisasnow,LoveIsNotTourism
partner,2020-08-21 05:33:02,lealovinglifea1,https://twitter.com/lealovinglifea1,https://twitter.com/i/web/status/1296530703077855234,RT @JoelyTuray: FML. this is my depression right here in one app. Look @ScottMorrisonMP  #grantoffshorepartnervisasnow #LoveIsNotTourism ht…,grantoffshorepartnervisasnow,LoveIsNotTourism
partner,2020-08-20 07:30:33,autumn_daze00,https://twitter.com/autumn_daze00,https://twitter.com/i/web/status/1296197888918183942,My partner asked me what I'm going to do if I can't come to Australia to see him by the end of the year. Do you really think my anxiety has an answer to that--🥺 #LoveIsNotTourism #AFairGoForLove,AFairGoForLove,LoveIsNotTourism
partner,2020-08-20 06:57:34,nicola38381851,https://twitter.com/nicola38381851,https://twitter.com/i/web/status/1296189589833445377,"RT @amjaeyoung: Been waiting for 24 months now for my PMV 300, and its tearing my partner and my mental health apart. Haven’t met my partne…",,
partner,2020-08-19 15:11:58,saranoghani,https://twitter.com/saranoghani,https://twitter.com/i/web/status/1295951621021560837,"RT @amjaeyoung: Been waiting for 24 months now for my PMV 300, and its tearing my partner and my mental health apart. Haven’t met my partne…",,
partner,2020-08-25 17:44:03,afairgoforlove,https://twitter.com/afairgoforlove,https://twitter.com/i/web/status/1298164219586568192,@GregHuntMP So if you can get it right like other countries have managed to do will you acknowledge the stranded Australians and those with partners overseas that are suffering with depression and anxiety from your ridiculous flight caps?? When a vaccine comes is not a plan.,,
partner,2020-08-20 23:32:16,Hoda______,https://twitter.com/Hoda______,https://twitter.com/i/web/status/1296439912212897793,"RT @amjaeyoung: Been waiting for 24 months now for my PMV 300, and its tearing my partner and my mental health apart. Haven’t met my partne…",,
partne,2020-08-19 12:08:37,sreeura,https://twitter.com/sreeura,https://twitter.com/i/web/status/1295905476865953793,RT @Nawal63389780: These border restrictions are tearing my partner and my mental health apart. Why is the government doing this to us? We…,,
partne,2020-08-20 22:13:00,sreeura,https://twitter.com/sreeura,https://twitter.com/i/web/status/1296419966460276737,RT @JoelyTuray: FML. this is my depression right here in one app. Look @ScottMorrisonMP  #grantoffshorepartnervisasnow #LoveIsNotTourism ht…,grantoffshorepartnervisasnow,LoveIsNotTourism
partne,2020-08-20 22:01:16,hiba_akmal,https://twitter.com/hiba_akmal,https://twitter.com/i/web/status/1296417010314870785,RT @JoelyTuray: FML. this is my depression right here in one app. Look @ScottMorrisonMP  #grantoffshorepartnervisasnow #LoveIsNotTourism ht…,grantoffshorepartnervisasnow,LoveIsNotTourism
partne,2020-08-21 05:33:02,lealovinglifea1,https://twitter.com/lealovinglifea1,https://twitter.com/i/web/status/1296530703077855234,RT @JoelyTuray: FML. this is my depression right here in one app. Look @ScottMorrisonMP  #grantoffshorepartnervisasnow #LoveIsNotTourism ht…,grantoffshorepartnervisasnow,LoveIsNotTourism
partne,2020-08-20 07:30:33,autumn_daze00,https://twitter.com/autumn_daze00,https://twitter.com/i/web/status/1296197888918183942,My partner asked me what I'm going to do if I can't come to Australia to see him by the end of the year. Do you really think my anxiety has an answer to that--🥺 #LoveIsNotTourism #AFairGoForLove,AFairGoForLove,LoveIsNotTourism
partne,2020-08-20 06:57:34,nicola38381851,https://twitter.com/nicola38381851,https://twitter.com/i/web/status/1296189589833445377,"RT @amjaeyoung: Been waiting for 24 months now for my PMV 300, and its tearing my partner and my mental health apart. Haven’t met my partne…",,
partne,2020-08-19 15:11:58,saranoghani,https://twitter.com/saranoghani,https://twitter.com/i/web/status/1295951621021560837,"RT @amjaeyoung: Been waiting for 24 months now for my PMV 300, and its tearing my partner and my mental health apart. Haven’t met my partne…",,
partne,2020-08-25 17:44:03,afairgoforlove,https://twitter.com/afairgoforlove,https://twitter.com/i/web/status/1298164219586568192,@GregHuntMP So if you can get it right like other countries have managed to do will you acknowledge the stranded Australians and those with partners overseas that are suffering with depression and anxiety from your ridiculous flight caps?? When a vaccine comes is not a plan.,,
partne,2020-08-20 23:32:16,Hoda______,https://twitter.com/Hoda______,https://twitter.com/i/web/status/1296439912212897793,"RT @amjaeyoung: Been waiting for 24 months now for my PMV 300, and its tearing my partner and my mental health apart. Haven’t met my partne…",,
think,2020-08-21 19:16:52,NursesPAQ,https://twitter.com/NursesPAQ,https://twitter.com/i/web/status/1296738025032957952,"RT @NMSupportAU: #Selfcare is often the first thing that gets sacrificed when life is busy and stressful, and people often think that takin…",Selfcare,Selfcare
think,2020-08-23 11:57:20,FostKim,https://twitter.com/FostKim,https://twitter.com/i/web/status/1297352192261681152,"RT @NMSupportAU: #Selfcare is often the first thing that gets sacrificed when life is busy and stressful, and people often think that takin…",Selfcare,Selfcare
think,2020-08-23 08:19:10,NWMHgrads,https://twitter.com/NWMHgrads,https://twitter.com/i/web/status/1297297286079197185,"RT @NMSupportAU: #Selfcare is often the first thing that gets sacrificed when life is busy and stressful, and people often think that takin…",Selfcare,Selfcare
think,2020-08-21 11:23:38,mollyfud,https://twitter.com/mollyfud,https://twitter.com/i/web/status/1296618935140286464,"@realscienceeee @VicGovDHHS Fills me with sadness to think of everyone doing it hard through lockdowns. (If you are doing it hard through this time, or ever, please reachout to someone https://t.co/um6YuvUGt3). 1/1",,
think,2020-08-21 19:42:18,AccessAbleMH,https://twitter.com/AccessAbleMH,https://twitter.com/i/web/status/1296744427302424576,"RT @NMSupportAU: #Selfcare is often the first thing that gets sacrificed when life is busy and stressful, and people often think that takin…",Selfcare,Selfcare
think,2020-08-20 00:27:56,sreeura,https://twitter.com/sreeura,https://twitter.com/i/web/status/1296091533230235648,RT @SamreetKaur8: Please think about us and our families. It causes us a mental and health issues @ScottMorrisonMP @7NewsSydney @7NewsAustr…,,
think,2020-08-20 07:30:33,autumn_daze00,https://twitter.com/autumn_daze00,https://twitter.com/i/web/status/1296197888918183942,My partner asked me what I'm going to do if I can't come to Australia to see him by the end of the year. Do you really think my anxiety has an answer to that--🥺 #LoveIsNotTourism #AFairGoForLove,AFairGoForLove,LoveIsNotTourism
think,2020-08-20 05:44:58,Kurzman17,https://twitter.com/Kurzman17,https://twitter.com/i/web/status/1296171318455365632,"This is a joke S.A. It’s about time you stop thinking about your job, think about all Australians your keeping from their families and their mental health.doing everyone no favours @GregHuntMP @ScottMorrisonMP @SkyNewsAust @TheTodayShow @7NewsAustralia @9NewsAUS @marshall_steven https://t.co/nPeknyCxHv",,
think,2020-08-24 13:03:20,Ingot54,https://twitter.com/Ingot54,https://twitter.com/i/web/status/1297731187234836480,@colonelhogans @ScottMorrisonMP @ScottMorrisonMP what do your girls think of your wonderful cooking of the refugee laws to keep children behind razor wire?  These girls will grow up with mental health issues while your girls will grow up with guilt issues because of what you have done to these infant children. https://t.co/srHRY5bHWP,,
right,2020-08-25 09:57:15,sasmoa4doctors,https://twitter.com/sasmoa4doctors,https://twitter.com/i/web/status/1298046747021676544,"The health system and Government is letting down mental health patients, clinicians and the community. Why don’t we fund mental health services properly. 39 mental health patients waiting in our EDs. Where is Human Rights for all patients.  @AusHumanRights @GregHuntMP @EOCSA",,
right,2020-08-20 22:13:00,sreeura,https://twitter.com/sreeura,https://twitter.com/i/web/status/1296419966460276737,RT @JoelyTuray: FML. this is my depression right here in one app. Look @ScottMorrisonMP  #grantoffshorepartnervisasnow #LoveIsNotTourism ht…,grantoffshorepartnervisasnow,LoveIsNotTourism
right,2020-08-20 22:01:16,hiba_akmal,https://twitter.com/hiba_akmal,https://twitter.com/i/web/status/1296417010314870785,RT @JoelyTuray: FML. this is my depression right here in one app. Look @ScottMorrisonMP  #grantoffshorepartnervisasnow #LoveIsNotTourism ht…,grantoffshorepartnervisasnow,LoveIsNotTourism
right,2020-08-23 09:30:13,2093Arts,https://twitter.com/2093Arts,https://twitter.com/i/web/status/1297315166384607232,"@chefsami_la @V31Jay @ScottMorrisonMP @NickMcKim @zalisteggall @KKeneally @PeterDutton_MP @AusBorderForce @Qantas @GregHuntMP @7NewsAustralia @ABCaustralia @AusHumanRights Apart from the mental pain I’m going through, I have to work twice as before to be able to pay the rent and bills my husband and I used to share before. I have serious health issues now and I DO NEED his support. #LetThemComeHome #LoveIsNotTourismaustralia",LetThemComeHome,LoveIsNotTourismaustralia
right,2020-08-21 05:33:02,lealovinglifea1,https://twitter.com/lealovinglifea1,https://twitter.com/i/web/status/1296530703077855234,RT @JoelyTuray: FML. this is my depression right here in one app. Look @ScottMorrisonMP  #grantoffshorepartnervisasnow #LoveIsNotTourism ht…,grantoffshorepartnervisasnow,LoveIsNotTourism
right,2020-08-20 07:09:41,Songheart,https://twitter.com/Songheart,https://twitter.com/i/web/status/1296192636018073600,"@SkyNewsAust @ScottMorrisonMP It's illegal, people have the right to refuse medical treatment. I know right wingers want us all to be puppets of the regime, for our own good but forced medical care is illegal for people capable of decision making. In mental health and Aged care it may be different",,
right,2020-08-22 02:46:12,Ingot54,https://twitter.com/Ingot54,https://twitter.com/i/web/status/1296851105377214466,@motorcymick @mjrowland68 @ScottMorrisonMP @BreakfastNews The Mental Health Foundation of Australia should be lobbying hard to provide effective intervention in this and similar problems right throughout Australia.  Directors of this Foundation are well paid to sit on the Board ... let's see what they can do for the money they are paid.,,
right,2020-08-21 11:47:57,RobertM94357343,https://twitter.com/RobertM94357343,https://twitter.com/i/web/status/1296625052067065856,@DrRonBaumann @BreakfastNews @TheTodayShow @sunriseon7 @ScottMorrisonMP @PeterDutton_MP This situation is so unbelievable that it must end.  Surely the Biloela Community can put pressure on their Fed representative to have this family Rtd  The Mental health of the children should be paramount + the Parents  The children were born in Aust &amp; have No Rights Why Not?,,
right,2020-08-25 17:44:03,afairgoforlove,https://twitter.com/afairgoforlove,https://twitter.com/i/web/status/1298164219586568192,@GregHuntMP So if you can get it right like other countries have managed to do will you acknowledge the stranded Australians and those with partners overseas that are suffering with depression and anxiety from your ridiculous flight caps?? When a vaccine comes is not a plan.,,
people,2020-08-21 19:16:52,NursesPAQ,https://twitter.com/NursesPAQ,https://twitter.com/i/web/status/1296738025032957952,"RT @NMSupportAU: #Selfcare is often the first thing that gets sacrificed when life is busy and stressful, and people often think that takin…",Selfcare,Selfcare
people,2020-08-23 11:57:20,FostKim,https://twitter.com/FostKim,https://twitter.com/i/web/status/1297352192261681152,"RT @NMSupportAU: #Selfcare is often the first thing that gets sacrificed when life is busy and stressful, and people often think that takin…",Selfcare,Selfcare
people,2020-08-23 08:19:10,NWMHgrads,https://twitter.com/NWMHgrads,https://twitter.com/i/web/status/1297297286079197185,"RT @NMSupportAU: #Selfcare is often the first thing that gets sacrificed when life is busy and stressful, and people often think that takin…",Selfcare,Selfcare
people,2020-08-22 19:28:22,BeerscotchR6,https://twitter.com/BeerscotchR6,https://twitter.com/i/web/status/1297103309614886912,"@polowaga @ThyJebusBeDone @Hottubr6 @SmackaR6 @Zeckie101 @SkyfireAcademy What do you hope to achieve by being hateful, spiteful and racist?  The fact you go straight to personal insults and death threats over a video game is honestly concerning.  https://t.co/2FSz3ZSTOi  1800 650 890  If you're struggling, there are people who can help.",,
people,2020-08-21 19:42:18,AccessAbleMH,https://twitter.com/AccessAbleMH,https://twitter.com/i/web/status/1296744427302424576,"RT @NMSupportAU: #Selfcare is often the first thing that gets sacrificed when life is busy and stressful, and people often think that takin…",Selfcare,Selfcare
people,2020-08-25 13:38:48,candhoneday,https://twitter.com/candhoneday,https://twitter.com/i/web/status/1298102501896384513,@ScottMorrisonMP To Scott Morrison you need to step in and stop Daniel Andrew from stuffing up Victoria. If he is left to do what he is planning there is going to be a lot more people with mental health problems.  He needs to be Stopped now be for its to late.,,
people,2020-08-21 14:01:09,marco67_bello,https://twitter.com/marco67_bello,https://twitter.com/i/web/status/1296658572135153666,@anmf_federal @BernardKeane @ScottMorrisonMP @GregHuntMP @gedkearney @SenKatyG @billshortenmp If only the Victorian government had done its job with quarantine responsibilities we would not have had as many age care residents die in the first place and hundreds of people losing mental health battle as well.,,
people,2020-08-24 21:24:47,marco67_bello,https://twitter.com/marco67_bello,https://twitter.com/i/web/status/1297857382265970689,"@7NewsMelbourne @paul_dowsley People came to our country to make a fresh start......we can't have this wrecked overnight by a Dictator. Can the media, the liberal party,minor parties, big business and everyone in this democracy please get the premier to stop Victoria going into a depression",,
people,2020-08-20 07:09:41,Songheart,https://twitter.com/Songheart,https://twitter.com/i/web/status/1296192636018073600,"@SkyNewsAust @ScottMorrisonMP It's illegal, people have the right to refuse medical treatment. I know right wingers want us all to be puppets of the regime, for our own good but forced medical care is illegal for people capable of decision making. In mental health and Aged care it may be different",,
people,2020-08-24 21:54:27,meekjulie,https://twitter.com/meekjulie,https://twitter.com/i/web/status/1297864846168297472,.@4corners very upsetting presentation help the many people who suffer from acute mental health symptoms before many more tragedies happen human cost is high @NSWHealth @ScottMorrisonMP @BradHazzard @GladysB,,
tearing,2020-08-19 12:08:37,sreeura,https://twitter.com/sreeura,https://twitter.com/i/web/status/1295905476865953793,RT @Nawal63389780: These border restrictions are tearing my partner and my mental health apart. Why is the government doing this to us? We…,,
tearing,2020-08-20 06:57:34,nicola38381851,https://twitter.com/nicola38381851,https://twitter.com/i/web/status/1296189589833445377,"RT @amjaeyoung: Been waiting for 24 months now for my PMV 300, and its tearing my partner and my mental health apart. Haven’t met my partne…",,
tearing,2020-08-19 15:11:58,saranoghani,https://twitter.com/saranoghani,https://twitter.com/i/web/status/1295951621021560837,"RT @amjaeyoung: Been waiting for 24 months now for my PMV 300, and its tearing my partner and my mental health apart. Haven’t met my partne…",,
tearing,2020-08-20 23:32:16,Hoda______,https://twitter.com/Hoda______,https://twitter.com/i/web/status/1296439912212897793,"RT @amjaeyoung: Been waiting for 24 months now for my PMV 300, and its tearing my partner and my mental health apart. Haven’t met my partne…",,
workforce,2020-08-23 17:11:47,Sian_NP,https://twitter.com/Sian_NP,https://twitter.com/i/web/status/1297431324903395330,@PatMcGorry How’s about allowing a very skilled workforce access to MBS? Gee now that would be amazing @GregHuntMP What you reckon? Fancy Mental Health Nurses and Nurse Practitioner with Masters Degrees and PHD’s access to MBS @RhondaWilsonMHN @SteveHainesCMHN @ACMHN @PetaMarks @ProffMac,,
workforce,2020-08-23 17:13:56,Sian_NP,https://twitter.com/Sian_NP,https://twitter.com/i/web/status/1297431866283155456,@PatMcGorry God help me I will scream if I see one more post not acknowledging in the #yearofthenurseandmidwife mental health #nurses and #nursepractitioners a ready workforce denied and discriminated against by @GregHuntMP arghh @johno0910 @strictlykaren @debraejackson @acnp_national https://t.co/lSv2EDE9J5,nursepractitioners,yearofthenurseandmidwife
workforce,2020-08-25 15:00:07,Sian_NP,https://twitter.com/Sian_NP,https://twitter.com/i/web/status/1298122966815784960,"@PatMcGorry We could help expand the workforce tomorrow Pat if Cred mental health nurses and nurse practitioners were immediately given access to MBS numbers associated with MHTP’s. Could you whisper, or yell, in @GregHuntMP ear lease for me he seems to not see me tagging him 🥴 @johno0910",,
anxiety,2020-08-19 08:09:40,drhelenedwards,https://twitter.com/drhelenedwards,https://twitter.com/i/web/status/1295845346849914880,"When your agent, who's a psychologist, diagnoses you with #bipolar/#cyclothymia after reading memoir chapters &amp; you go, 'Oh yeah that makes a lot of sense...have thought it about myself... I get me now.' #justaddanotherlabeltothelist #type1diabetes #gastroparesis #anxiety #ADHD",ADHD,type1diabetes
anxiety,2020-08-24 14:00:54,drhelenedwards,https://twitter.com/drhelenedwards,https://twitter.com/i/web/status/1297745676189630464,"@AnnaWhateley @mightystickbug 🥺 no surprise..CL rejected my DSP. Said I could work ZERO-7 hrs per week, put me on jobseeker, no mutual obligations for a year, 'temporary' medical grounds.. in a year my type 1 diabetes, gut paralysis, anxiety, ADHD, PTSD &amp; now apparently bipolar 2, will magically disappear",,
anxiety,2020-08-25 01:57:41,acatqween,https://twitter.com/acatqween,https://twitter.com/i/web/status/1297926057501196288,I suck at sleeping on my own these days. It’s because of how safe it feels with David that when he’s not here it’s crap. I know it’s a stupid thing to say out loud but hugging is scientifically proven to lower stress and anxiety so 😳,,
anxiety,2020-08-22 11:25:44,AmyinSydney,https://twitter.com/AmyinSydney,https://twitter.com/i/web/status/1296981849567162369,"@tabily25 Well, I'm too paranoid to do anything yet anyway! So hopefully when your foot is ready, my anxiety will be too!",,
anxiety,2020-08-25 11:12:23,AmyinSydney,https://twitter.com/AmyinSydney,https://twitter.com/i/web/status/1298065655627837441,I’m getting my hair done today. It’s the first time since February. I’m a mess! Both hair wise and anxiety wise! 😂😂😂 😷  #idontgoout #clawingbacksomelife,clawingbacksomelife,idontgoout
anxiety,2020-08-22 21:18:37,MsSFairchild,https://twitter.com/MsSFairchild,https://twitter.com/i/web/status/1297131052100497408,RT @RachaelKJones: The first rule of Social Anxiety Club is you apologize for being in Social Anxiety Club,,
anxiety,2020-08-24 03:06:34,MsSFairchild,https://twitter.com/MsSFairchild,https://twitter.com/i/web/status/1297581006006833152,I’m so tired but I’m also a ball of anxiety so I’m awake at 3am. Fun times.,,
anxiety,2020-08-19 17:15:44,Dpeters1977,https://twitter.com/Dpeters1977,https://twitter.com/i/web/status/1295982768866775041,"RT @CydaAu: Paraphrasing Tim Chan: I haven't been sleeping well and I've been having trouble with my anxiety, which means I'm having seizur…",,
anxiety,2020-08-21 10:57:22,SophieSocialist,https://twitter.com/SophieSocialist,https://twitter.com/i/web/status/1296612325462437889,@healthgovau The LNP Govt has created Anxiety and Depression on a wide scale esp in Disabled and Carers sector. Huge #fail on many levels for many citizens. #LNPfail triggers me every time #NotMyPM speaks. #MyPoorAustralia,fail,NotMyPM
anxiety,2020-08-19 13:01:01,sreeura,https://twitter.com/sreeura,https://twitter.com/i/web/status/1295918664101683200,"RT @SkyNewsAust: There are so-called leaders in this country who have done nothing but ignite fear, alarmism and anxiety at a time when Aus…",,
access,2020-08-25 07:34:57,RNRos,https://twitter.com/RNRos,https://twitter.com/i/web/status/1298010937245331457,Upskill general practice nurses in mental health and give specialist mental health nurses access to the MBS please Minister @GregHuntMP The Australian community really need our help @acn_tweet @ACMHN https://t.co/99oLxcnUj0,,
access,2020-08-25 12:15:06,AussieNurse2,https://twitter.com/AussieNurse2,https://twitter.com/i/web/status/1298081435832614912,RT @RNRos: Upskill general practice nurses in mental health and give specialist mental health nurses access to the MBS please Minister @Gre…,,
access,2020-08-23 17:11:47,Sian_NP,https://twitter.com/Sian_NP,https://twitter.com/i/web/status/1297431324903395330,@PatMcGorry How’s about allowing a very skilled workforce access to MBS? Gee now that would be amazing @GregHuntMP What you reckon? Fancy Mental Health Nurses and Nurse Practitioner with Masters Degrees and PHD’s access to MBS @RhondaWilsonMHN @SteveHainesCMHN @ACMHN @PetaMarks @ProffMac,,
access,2020-08-25 07:47:35,Sian_NP,https://twitter.com/Sian_NP,https://twitter.com/i/web/status/1298014114371887104,RT @LornaMoxham: Watching Q&amp;A. Not enough mental health services for ppl to access. Give mental health nurses access to MBS immediately ple…,,
access,2020-08-25 07:47:43,Sian_NP,https://twitter.com/Sian_NP,https://twitter.com/i/web/status/1298014148056346624,RT @RNRos: Upskill general practice nurses in mental health and give specialist mental health nurses access to the MBS please Minister @Gre…,,
access,2020-08-25 15:00:07,Sian_NP,https://twitter.com/Sian_NP,https://twitter.com/i/web/status/1298122966815784960,"@PatMcGorry We could help expand the workforce tomorrow Pat if Cred mental health nurses and nurse practitioners were immediately given access to MBS numbers associated with MHTP’s. Could you whisper, or yell, in @GregHuntMP ear lease for me he seems to not see me tagging him 🥴 @johno0910",,
access,2020-08-25 22:53:40,mrspeckish,https://twitter.com/mrspeckish,https://twitter.com/i/web/status/1298242139436904448,RT @LornaMoxham: Watching Q&amp;A. Not enough mental health services for ppl to access. Give mental health nurses access to MBS immediately ple…,,
access,2020-08-24 21:55:37,LornaMoxham,https://twitter.com/LornaMoxham,https://twitter.com/i/web/status/1297865142684680193,Watching Q&amp;A. Not enough mental health services for ppl to access. Give mental health nurses access to MBS immediately please minister. Australians need help and there are trained mental health professional ready @GregHuntMP,,
access,2020-08-25 21:27:33,LizHalcomb,https://twitter.com/LizHalcomb,https://twitter.com/i/web/status/1298220466906136576,RT @RNRos: Upskill general practice nurses in mental health and give specialist mental health nurses access to the MBS please Minister @Gre…,,
access,2020-08-24 21:13:33,ChrisCourtney4,https://twitter.com/ChrisCourtney4,https://twitter.com/i/web/status/1297854556374630400,@beyondblue @RonniSalt @GregHuntMP @Bowenchris @JuliaGillard @georgie_harman @ian_hickie @PatMcGorry It would be good if you could fund a Pyschologist in the community who would accept the Governments Medicare Funded items numbers...  Not much point GP's creating Mental Health Plans for patients who can't access a Pyschologist as part of the 4/6=10 consults.  Goes nowhere?,,
upskill,2020-08-25 07:34:57,RNRos,https://twitter.com/RNRos,https://twitter.com/i/web/status/1298010937245331457,Upskill general practice nurses in mental health and give specialist mental health nurses access to the MBS please Minister @GregHuntMP The Australian community really need our help @acn_tweet @ACMHN https://t.co/99oLxcnUj0,,
upskill,2020-08-25 12:15:06,AussieNurse2,https://twitter.com/AussieNurse2,https://twitter.com/i/web/status/1298081435832614912,RT @RNRos: Upskill general practice nurses in mental health and give specialist mental health nurses access to the MBS please Minister @Gre…,,
upskill,2020-08-25 07:47:43,Sian_NP,https://twitter.com/Sian_NP,https://twitter.com/i/web/status/1298014148056346624,RT @RNRos: Upskill general practice nurses in mental health and give specialist mental health nurses access to the MBS please Minister @Gre…,,
upskill,2020-08-25 21:27:33,LizHalcomb,https://twitter.com/LizHalcomb,https://twitter.com/i/web/status/1298220466906136576,RT @RNRos: Upskill general practice nurses in mental health and give specialist mental health nurses access to the MBS please Minister @Gre…,,
upskill,2020-08-25 08:09:50,SkinnyKathNot,https://twitter.com/SkinnyKathNot,https://twitter.com/i/web/status/1298019714644484097,RT @RNRos: Upskill general practice nurses in mental health and give specialist mental health nurses access to the MBS please Minister @Gre…,,
upskill,2020-08-20 06:31:26,angelo_virgona,https://twitter.com/angelo_virgona,https://twitter.com/i/web/status/1296183009486364672,"@CaringConcern @SusanGColmer1 @ian_hickie @canberratimes @GregHuntMP @PatMcGorry @PatsKarvelas @smh @SpectatorOz @australian Basic psych training readies you for milder anxiety and depressive disorders; doesn’t train you up in these therapies, which require further courses, supervision. Simply adding more sessions provided by those who are not upskilled won’t fix the problem.",,
minister,2020-08-21 10:54:56,SophieSocialist,https://twitter.com/SophieSocialist,https://twitter.com/i/web/status/1296611711735042049,RT @earthma23: @healthgovau Then sack the QAnon science denying Prime Minister; SQott is harming Australian's mental health evry day .,,
minister,2020-08-25 07:34:57,RNRos,https://twitter.com/RNRos,https://twitter.com/i/web/status/1298010937245331457,Upskill general practice nurses in mental health and give specialist mental health nurses access to the MBS please Minister @GregHuntMP The Australian community really need our help @acn_tweet @ACMHN https://t.co/99oLxcnUj0,,
minister,2020-08-25 12:15:06,AussieNurse2,https://twitter.com/AussieNurse2,https://twitter.com/i/web/status/1298081435832614912,RT @RNRos: Upskill general practice nurses in mental health and give specialist mental health nurses access to the MBS please Minister @Gre…,,
minister,2020-08-25 07:47:43,Sian_NP,https://twitter.com/Sian_NP,https://twitter.com/i/web/status/1298014148056346624,RT @RNRos: Upskill general practice nurses in mental health and give specialist mental health nurses access to the MBS please Minister @Gre…,,
minister,2020-08-24 21:55:37,LornaMoxham,https://twitter.com/LornaMoxham,https://twitter.com/i/web/status/1297865142684680193,Watching Q&amp;A. Not enough mental health services for ppl to access. Give mental health nurses access to MBS immediately please minister. Australians need help and there are trained mental health professional ready @GregHuntMP,,
minister,2020-08-21 08:47:13,earthma23,https://twitter.com/earthma23,https://twitter.com/i/web/status/1296579570691215360,@healthgovau Then sack the QAnon science denying Prime Minister; SQott is harming Australian's mental health evry day .,,
minister,2020-08-21 10:46:43,Ingot54,https://twitter.com/Ingot54,https://twitter.com/i/web/status/1296609643578286080,"@GregHuntMP  But I know Scott, and his style is deep compassion. He is deeply compassionate.”  Compassion? Beg to differ: * Tamil family including 2 infants, are behind razor wire * The minister for health is presiding over their declining mental health.  https://t.co/tHox92eh7c",,
minister,2020-08-21 11:57:26,Ingot54,https://twitter.com/Ingot54,https://twitter.com/i/web/status/1296627440458989568,@DrRonBaumann @BreakfastNews @TheTodayShow @sunriseon7 @ScottMorrisonMP @PeterDutton_MP @GregHuntMP as Minister For Health has direct responsibility for their health.  Says Morrison is compassionate.  Kirilly Dutton is Director at Mental Health Foundation of Australia. No qual. in mental health. Claims she focuses on those from NESB.  How twee! All in the family.,,
minister,2020-08-25 21:27:33,LizHalcomb,https://twitter.com/LizHalcomb,https://twitter.com/i/web/status/1298220466906136576,RT @RNRos: Upskill general practice nurses in mental health and give specialist mental health nurses access to the MBS please Minister @Gre…,,
minister,2020-08-25 08:09:50,SkinnyKathNot,https://twitter.com/SkinnyKathNot,https://twitter.com/i/web/status/1298019714644484097,RT @RNRos: Upskill general practice nurses in mental health and give specialist mental health nurses access to the MBS please Minister @Gre…,,
month,2020-08-25 05:23:46,koukli86,https://twitter.com/koukli86,https://twitter.com/i/web/status/1297977923501268992,"RT @Lucie_Dcklv: I’m having anxiety attacks for the last couple months. Please tell, me that everything will calm down. I’m so scared what…",,
month,2020-08-20 06:57:34,nicola38381851,https://twitter.com/nicola38381851,https://twitter.com/i/web/status/1296189589833445377,"RT @amjaeyoung: Been waiting for 24 months now for my PMV 300, and its tearing my partner and my mental health apart. Haven’t met my partne…",,
month,2020-08-19 15:11:58,saranoghani,https://twitter.com/saranoghani,https://twitter.com/i/web/status/1295951621021560837,"RT @amjaeyoung: Been waiting for 24 months now for my PMV 300, and its tearing my partner and my mental health apart. Haven’t met my partne…",,
month,2020-08-20 23:32:16,Hoda______,https://twitter.com/Hoda______,https://twitter.com/i/web/status/1296439912212897793,"RT @amjaeyoung: Been waiting for 24 months now for my PMV 300, and its tearing my partner and my mental health apart. Haven’t met my partne…",,
community,2020-08-25 09:57:15,sasmoa4doctors,https://twitter.com/sasmoa4doctors,https://twitter.com/i/web/status/1298046747021676544,"The health system and Government is letting down mental health patients, clinicians and the community. Why don’t we fund mental health services properly. 39 mental health patients waiting in our EDs. Where is Human Rights for all patients.  @AusHumanRights @GregHuntMP @EOCSA",,
community,2020-08-25 07:34:57,RNRos,https://twitter.com/RNRos,https://twitter.com/i/web/status/1298010937245331457,Upskill general practice nurses in mental health and give specialist mental health nurses access to the MBS please Minister @GregHuntMP The Australian community really need our help @acn_tweet @ACMHN https://t.co/99oLxcnUj0,,
community,2020-08-25 10:01:47,AdlEmergStatus,https://twitter.com/AdlEmergStatus,https://twitter.com/i/web/status/1298047885037015041,"RT @sasmoa4doctors: The health system and Government is letting down mental health patients, clinicians and the community. Why don’t we fun…",,
community,2020-08-25 09:57:55,PictonChris,https://twitter.com/PictonChris,https://twitter.com/i/web/status/1298046913313308672,"RT @sasmoa4doctors: The health system and Government is letting down mental health patients, clinicians and the community. Why don’t we fun…",,
community,2020-08-24 16:49:11,marco67_bello,https://twitter.com/marco67_bello,https://twitter.com/i/web/status/1297788023996735488,@jeff_kennett Jeff we need you back this government is now worst than the Kirner and Cain Government. The despair and anxiety this government is causing in the community is beyond description.The liberals need to wake up and start defending our democracy and help us avoid a depression.,,
community,2020-08-25 10:08:17,IamNo_33,https://twitter.com/IamNo_33,https://twitter.com/i/web/status/1298049520987549702,"RT @sasmoa4doctors: The health system and Government is letting down mental health patients, clinicians and the community. Why don’t we fun…",,
community,2020-08-24 21:13:33,ChrisCourtney4,https://twitter.com/ChrisCourtney4,https://twitter.com/i/web/status/1297854556374630400,@beyondblue @RonniSalt @GregHuntMP @Bowenchris @JuliaGillard @georgie_harman @ian_hickie @PatMcGorry It would be good if you could fund a Pyschologist in the community who would accept the Governments Medicare Funded items numbers...  Not much point GP's creating Mental Health Plans for patients who can't access a Pyschologist as part of the 4/6=10 consults.  Goes nowhere?,,
community,2020-08-21 11:47:57,RobertM94357343,https://twitter.com/RobertM94357343,https://twitter.com/i/web/status/1296625052067065856,@DrRonBaumann @BreakfastNews @TheTodayShow @sunriseon7 @ScottMorrisonMP @PeterDutton_MP This situation is so unbelievable that it must end.  Surely the Biloela Community can put pressure on their Fed representative to have this family Rtd  The Mental health of the children should be paramount + the Parents  The children were born in Aust &amp; have No Rights Why Not?,,
community,2020-08-19 02:08:24,Dpeters1977,https://twitter.com/Dpeters1977,https://twitter.com/i/web/status/1295754427899363328,RT @Sian_NP: @AdamMcGrath89 @PatMcGorry And the community still can’t access mental health nurses and mental health nurse practitioners wit…,,
waiting,2020-08-25 09:57:15,sasmoa4doctors,https://twitter.com/sasmoa4doctors,https://twitter.com/i/web/status/1298046747021676544,"The health system and Government is letting down mental health patients, clinicians and the community. Why don’t we fund mental health services properly. 39 mental health patients waiting in our EDs. Where is Human Rights for all patients.  @AusHumanRights @GregHuntMP @EOCSA",,
waiting,2020-08-20 06:57:34,nicola38381851,https://twitter.com/nicola38381851,https://twitter.com/i/web/status/1296189589833445377,"RT @amjaeyoung: Been waiting for 24 months now for my PMV 300, and its tearing my partner and my mental health apart. Haven’t met my partne…",,
waiting,2020-08-19 15:11:58,saranoghani,https://twitter.com/saranoghani,https://twitter.com/i/web/status/1295951621021560837,"RT @amjaeyoung: Been waiting for 24 months now for my PMV 300, and its tearing my partner and my mental health apart. Haven’t met my partne…",,
waiting,2020-08-20 23:32:16,Hoda______,https://twitter.com/Hoda______,https://twitter.com/i/web/status/1296439912212897793,"RT @amjaeyoung: Been waiting for 24 months now for my PMV 300, and its tearing my partner and my mental health apart. Haven’t met my partne…",,
patient,2020-08-25 09:57:15,sasmoa4doctors,https://twitter.com/sasmoa4doctors,https://twitter.com/i/web/status/1298046747021676544,"The health system and Government is letting down mental health patients, clinicians and the community. Why don’t we fund mental health services properly. 39 mental health patients waiting in our EDs. Where is Human Rights for all patients.  @AusHumanRights @GregHuntMP @EOCSA",,
patient,2020-08-25 10:01:47,AdlEmergStatus,https://twitter.com/AdlEmergStatus,https://twitter.com/i/web/status/1298047885037015041,"RT @sasmoa4doctors: The health system and Government is letting down mental health patients, clinicians and the community. Why don’t we fun…",,
patient,2020-08-25 09:57:55,PictonChris,https://twitter.com/PictonChris,https://twitter.com/i/web/status/1298046913313308672,"RT @sasmoa4doctors: The health system and Government is letting down mental health patients, clinicians and the community. Why don’t we fun…",,
patient,2020-08-25 10:08:17,IamNo_33,https://twitter.com/IamNo_33,https://twitter.com/i/web/status/1298049520987549702,"RT @sasmoa4doctors: The health system and Government is letting down mental health patients, clinicians and the community. Why don’t we fun…",,
patient,2020-08-24 21:13:33,ChrisCourtney4,https://twitter.com/ChrisCourtney4,https://twitter.com/i/web/status/1297854556374630400,@beyondblue @RonniSalt @GregHuntMP @Bowenchris @JuliaGillard @georgie_harman @ian_hickie @PatMcGorry It would be good if you could fund a Pyschologist in the community who would accept the Governments Medicare Funded items numbers...  Not much point GP's creating Mental Health Plans for patients who can't access a Pyschologist as part of the 4/6=10 consults.  Goes nowhere?,,
#depression,2020-08-21 19:58:36,melissa__eaton,https://twitter.com/melissa__eaton,https://twitter.com/i/web/status/1296748529591791616,"He shares this information with his 2.6M followers including advice such as - a “heavy metal detox cleanse” to “heal” schizophrenia, #depression and other mood related disorder 👇; the dangers of “food combining”; &amp; claiming berries are “medicine for the liver” /2 https://t.co/dQjc0Rv5hc",depression,depression
#depression,2020-08-21 20:28:06,melissa__eaton,https://twitter.com/melissa__eaton,https://twitter.com/i/web/status/1296755954763980802,"He shares this information with his 2.6M followers including advice such as - a “heavy metal detox cleanse” to “heal” #schizophrenia, #depression and other #mood related disorder 👇; the dangers of “food combining”; &amp; claiming berries are “#medicine for the liver” /2 https://t.co/PSMDDItSkB",depression,schizophrenia
#depression,2020-08-25 16:19:12,Friendcare61,https://twitter.com/Friendcare61,https://twitter.com/i/web/status/1298142866061946881,RT @TrainingMindful: “Why Do I Feel Depressed Every Once in a While for No Reason?” https://t.co/fDhhhSJlfM #depression #depressed mindfuln…,depressed,depression
service,2020-08-25 09:57:15,sasmoa4doctors,https://twitter.com/sasmoa4doctors,https://twitter.com/i/web/status/1298046747021676544,"The health system and Government is letting down mental health patients, clinicians and the community. Why don’t we fund mental health services properly. 39 mental health patients waiting in our EDs. Where is Human Rights for all patients.  @AusHumanRights @GregHuntMP @EOCSA",,
service,2020-08-25 07:47:35,Sian_NP,https://twitter.com/Sian_NP,https://twitter.com/i/web/status/1298014114371887104,RT @LornaMoxham: Watching Q&amp;A. Not enough mental health services for ppl to access. Give mental health nurses access to MBS immediately ple…,,
service,2020-08-25 22:53:40,mrspeckish,https://twitter.com/mrspeckish,https://twitter.com/i/web/status/1298242139436904448,RT @LornaMoxham: Watching Q&amp;A. Not enough mental health services for ppl to access. Give mental health nurses access to MBS immediately ple…,,
service,2020-08-20 00:38:20,sarr_flare07,https://twitter.com/sarr_flare07,https://twitter.com/i/web/status/1296094149800689666,@PeterWMurphy1 @jaci_wiley This is nepotism @PeterDutton_MP @ScottMorrisonMP why is Ms Dutton working in a role with no qualifications or expertise? During a time when the publics mental health is fragile. Would you let someone with no formal training build your house or service your car? @RogerCookMLA?!,,
service,2020-08-24 21:55:37,LornaMoxham,https://twitter.com/LornaMoxham,https://twitter.com/i/web/status/1297865142684680193,Watching Q&amp;A. Not enough mental health services for ppl to access. Give mental health nurses access to MBS immediately please minister. Australians need help and there are trained mental health professional ready @GregHuntMP,,
service,2020-08-25 16:18:45,tuppsmiles,https://twitter.com/tuppsmiles,https://twitter.com/i/web/status/1298142752257929216,RT @LornaMoxham: Watching Q&amp;A. Not enough mental health services for ppl to access. Give mental health nurses access to MBS immediately ple…,,
service,2020-08-25 08:01:13,AccessAbleMH,https://twitter.com/AccessAbleMH,https://twitter.com/i/web/status/1298017543743922176,RT @LornaMoxham: Watching Q&amp;A. Not enough mental health services for ppl to access. Give mental health nurses access to MBS immediately ple…,,
service,2020-08-19 14:09:08,LMStrategy,https://twitter.com/LMStrategy,https://twitter.com/i/web/status/1295935805857308672,"@ian_hickie @canberratimes @GregHuntMP @PatMcGorry @PatsKarvelas Where are the effective, affordable Mental Health Services? Call centres are merely a front line. Where are the accessible mental health professionals providing evidence based, integrated services and being held accountable for outcomes?",,
victim,2020-08-23 12:20:55,HowardB20,https://twitter.com/HowardB20,https://twitter.com/i/web/status/1297358126681698304,"@MensLine_Aus @1800RESPECT #fakenews Mensline does not help male victims of DV. It is based on the false, unscientific, unjust &amp; blatantly offensive premise that men are innately violent &amp; abusive toward women, making all women victims of men. Males victims are treated as liars to further abuse women.",fakenews,fakenews
often,2020-08-21 19:16:52,NursesPAQ,https://twitter.com/NursesPAQ,https://twitter.com/i/web/status/1296738025032957952,"RT @NMSupportAU: #Selfcare is often the first thing that gets sacrificed when life is busy and stressful, and people often think that takin…",Selfcare,Selfcare
often,2020-08-23 11:57:20,FostKim,https://twitter.com/FostKim,https://twitter.com/i/web/status/1297352192261681152,"RT @NMSupportAU: #Selfcare is often the first thing that gets sacrificed when life is busy and stressful, and people often think that takin…",Selfcare,Selfcare
often,2020-08-23 08:19:10,NWMHgrads,https://twitter.com/NWMHgrads,https://twitter.com/i/web/status/1297297286079197185,"RT @NMSupportAU: #Selfcare is often the first thing that gets sacrificed when life is busy and stressful, and people often think that takin…",Selfcare,Selfcare
often,2020-08-21 01:50:21,cubbieberry,https://twitter.com/cubbieberry,https://twitter.com/i/web/status/1296474660541005825,"RT @pantographpunch: I often feel lonely, or like the lone Pacific voice for any given thing at any given time. @lana_lopesi  https://t.c…",,
often,2020-08-21 19:42:18,AccessAbleMH,https://twitter.com/AccessAbleMH,https://twitter.com/i/web/status/1296744427302424576,"RT @NMSupportAU: #Selfcare is often the first thing that gets sacrificed when life is busy and stressful, and people often think that takin…",Selfcare,Selfcare
often,2020-08-19 09:14:20,Ria_Hopkins,https://twitter.com/Ria_Hopkins,https://twitter.com/i/web/status/1295861619793129472,RT @maxblackhole: Satire is indistinguishable from real news in 2020  And I find it more often than not anxiety inducing rather than funny…,,
practice,2020-08-25 07:34:57,RNRos,https://twitter.com/RNRos,https://twitter.com/i/web/status/1298010937245331457,Upskill general practice nurses in mental health and give specialist mental health nurses access to the MBS please Minister @GregHuntMP The Australian community really need our help @acn_tweet @ACMHN https://t.co/99oLxcnUj0,,
practice,2020-08-25 12:15:06,AussieNurse2,https://twitter.com/AussieNurse2,https://twitter.com/i/web/status/1298081435832614912,RT @RNRos: Upskill general practice nurses in mental health and give specialist mental health nurses access to the MBS please Minister @Gre…,,
practice,2020-08-25 07:47:43,Sian_NP,https://twitter.com/Sian_NP,https://twitter.com/i/web/status/1298014148056346624,RT @RNRos: Upskill general practice nurses in mental health and give specialist mental health nurses access to the MBS please Minister @Gre…,,
practice,2020-08-25 21:27:33,LizHalcomb,https://twitter.com/LizHalcomb,https://twitter.com/i/web/status/1298220466906136576,RT @RNRos: Upskill general practice nurses in mental health and give specialist mental health nurses access to the MBS please Minister @Gre…,,
practice,2020-08-25 08:09:50,SkinnyKathNot,https://twitter.com/SkinnyKathNot,https://twitter.com/i/web/status/1298019714644484097,RT @RNRos: Upskill general practice nurses in mental health and give specialist mental health nurses access to the MBS please Minister @Gre…,,
thing,2020-08-24 20:46:13,ian_hickie,https://twitter.com/ian_hickie,https://twitter.com/i/web/status/1297847674696167425,@AustralianStory @greg_inglis Great to see such a personal and honest story where high quality mental health care is life-changing; something every young Australian in real trouble needs @PatMcGorry @RANZCP @GregHuntMP @Bowenchris @JasonTrethowan @headspace_aus @ScottMorrisonMP @BrainMind_Usyd @bronnietaylor,,
thing,2020-08-25 01:57:41,acatqween,https://twitter.com/acatqween,https://twitter.com/i/web/status/1297926057501196288,I suck at sleeping on my own these days. It’s because of how safe it feels with David that when he’s not here it’s crap. I know it’s a stupid thing to say out loud but hugging is scientifically proven to lower stress and anxiety so 😳,,
thing,2020-08-22 11:25:44,AmyinSydney,https://twitter.com/AmyinSydney,https://twitter.com/i/web/status/1296981849567162369,"@tabily25 Well, I'm too paranoid to do anything yet anyway! So hopefully when your foot is ready, my anxiety will be too!",,
thing,2020-08-21 19:16:52,NursesPAQ,https://twitter.com/NursesPAQ,https://twitter.com/i/web/status/1296738025032957952,"RT @NMSupportAU: #Selfcare is often the first thing that gets sacrificed when life is busy and stressful, and people often think that takin…",Selfcare,Selfcare
thing,2020-08-23 11:57:20,FostKim,https://twitter.com/FostKim,https://twitter.com/i/web/status/1297352192261681152,"RT @NMSupportAU: #Selfcare is often the first thing that gets sacrificed when life is busy and stressful, and people often think that takin…",Selfcare,Selfcare
thing,2020-08-23 08:19:10,NWMHgrads,https://twitter.com/NWMHgrads,https://twitter.com/i/web/status/1297297286079197185,"RT @NMSupportAU: #Selfcare is often the first thing that gets sacrificed when life is busy and stressful, and people often think that takin…",Selfcare,Selfcare
thing,2020-08-21 01:50:21,cubbieberry,https://twitter.com/cubbieberry,https://twitter.com/i/web/status/1296474660541005825,"RT @pantographpunch: I often feel lonely, or like the lone Pacific voice for any given thing at any given time. @lana_lopesi  https://t.c…",,
thing,2020-08-21 18:49:41,mollyfud,https://twitter.com/mollyfud,https://twitter.com/i/web/status/1296731185557561344,"@newbury3186 @DanielAndrewsMP For those need help here are some options! If James cares so much about mental health, I'm sure he'll hit the retweet button. If he doesn't, you know he's full of shit!  @beyondblue https://t.co/um6YuvUGt3 (even has an online chat feature if that is more your thing)",,
thing,2020-08-21 19:42:18,AccessAbleMH,https://twitter.com/AccessAbleMH,https://twitter.com/i/web/status/1296744427302424576,"RT @NMSupportAU: #Selfcare is often the first thing that gets sacrificed when life is busy and stressful, and people often think that takin…",Selfcare,Selfcare
thing,2020-08-19 13:01:01,sreeura,https://twitter.com/sreeura,https://twitter.com/i/web/status/1295918664101683200,"RT @SkyNewsAust: There are so-called leaders in this country who have done nothing but ignite fear, alarmism and anxiety at a time when Aus…",,
disorder,2020-08-21 19:58:36,melissa__eaton,https://twitter.com/melissa__eaton,https://twitter.com/i/web/status/1296748529591791616,"He shares this information with his 2.6M followers including advice such as - a “heavy metal detox cleanse” to “heal” schizophrenia, #depression and other mood related disorder 👇; the dangers of “food combining”; &amp; claiming berries are “medicine for the liver” /2 https://t.co/dQjc0Rv5hc",depression,depression
disorder,2020-08-21 20:28:06,melissa__eaton,https://twitter.com/melissa__eaton,https://twitter.com/i/web/status/1296755954763980802,"He shares this information with his 2.6M followers including advice such as - a “heavy metal detox cleanse” to “heal” #schizophrenia, #depression and other #mood related disorder 👇; the dangers of “food combining”; &amp; claiming berries are “#medicine for the liver” /2 https://t.co/PSMDDItSkB",depression,schizophrenia
disorder,2020-08-20 06:31:26,angelo_virgona,https://twitter.com/angelo_virgona,https://twitter.com/i/web/status/1296183009486364672,"@CaringConcern @SusanGColmer1 @ian_hickie @canberratimes @GregHuntMP @PatMcGorry @PatsKarvelas @smh @SpectatorOz @australian Basic psych training readies you for milder anxiety and depressive disorders; doesn’t train you up in these therapies, which require further courses, supervision. Simply adding more sessions provided by those who are not upskilled won’t fix the problem.",,
immediately,2020-08-25 07:47:35,Sian_NP,https://twitter.com/Sian_NP,https://twitter.com/i/web/status/1298014114371887104,RT @LornaMoxham: Watching Q&amp;A. Not enough mental health services for ppl to access. Give mental health nurses access to MBS immediately ple…,,
immediately,2020-08-25 15:00:07,Sian_NP,https://twitter.com/Sian_NP,https://twitter.com/i/web/status/1298122966815784960,"@PatMcGorry We could help expand the workforce tomorrow Pat if Cred mental health nurses and nurse practitioners were immediately given access to MBS numbers associated with MHTP’s. Could you whisper, or yell, in @GregHuntMP ear lease for me he seems to not see me tagging him 🥴 @johno0910",,
immediately,2020-08-25 22:53:40,mrspeckish,https://twitter.com/mrspeckish,https://twitter.com/i/web/status/1298242139436904448,RT @LornaMoxham: Watching Q&amp;A. Not enough mental health services for ppl to access. Give mental health nurses access to MBS immediately ple…,,
immediately,2020-08-24 21:55:37,LornaMoxham,https://twitter.com/LornaMoxham,https://twitter.com/i/web/status/1297865142684680193,Watching Q&amp;A. Not enough mental health services for ppl to access. Give mental health nurses access to MBS immediately please minister. Australians need help and there are trained mental health professional ready @GregHuntMP,,
immediately,2020-08-25 16:18:45,tuppsmiles,https://twitter.com/tuppsmiles,https://twitter.com/i/web/status/1298142752257929216,RT @LornaMoxham: Watching Q&amp;A. Not enough mental health services for ppl to access. Give mental health nurses access to MBS immediately ple…,,
immediately,2020-08-25 08:01:13,AccessAbleMH,https://twitter.com/AccessAbleMH,https://twitter.com/i/web/status/1298017543743922176,RT @LornaMoxham: Watching Q&amp;A. Not enough mental health services for ppl to access. Give mental health nurses access to MBS immediately ple…,,
#auspol,2020-08-24 10:02:28,arnottchris,https://twitter.com/arnottchris,https://twitter.com/i/web/status/1297685672409481216,"1 in 5 Australians will experience some form of mental health (https://t.co/fip9glkuDx), and doctors before the crisis said 50% of cases were psychological (https://t.co/VtVPGTgLsE). Yet we still have a broken mental health system. We need to do better than this #auspol https://t.co/BP6GZTjDDb",auspol,auspol
#auspol,2020-08-21 13:21:07,MariaLockwood19,https://twitter.com/MariaLockwood19,https://twitter.com/i/web/status/1296648500315189249,RT @Ingot54: @DrRonBaumann @mjrowland68 @ScottMorrisonMP @BreakfastNews #auspol Ask him why he is creating mental health problems for two T…,auspol,auspol
#auspol,2020-08-22 11:18:20,Lisa_Adams__,https://twitter.com/Lisa_Adams__,https://twitter.com/i/web/status/1296979989556944898,"@Kon__K @ScottMorrisonMP So while DV is in the spotlight, receiving funding, the exacerbating factors of economic stress, poverty, addiction &amp; mental health are ignored by the gov. Charities are fundamental to Australians, especially during this epidemic. #auspol",auspol,auspol
#auspol,2020-08-22 21:22:37,Demonchessa,https://twitter.com/Demonchessa,https://twitter.com/i/web/status/1297132060134367232,RT @deniseshrivell: Watching a report on California fires - &amp; can feel anxiety rising. Awful #auspol,auspol,auspol
#auspol,2020-08-19 12:12:10,RTE49,https://twitter.com/RTE49,https://twitter.com/i/web/status/1295906372836446208,"@SkyNewsAust @DanielAndrewsMP Never forget - the brunt started with Dan Andrews govt's mismanagement &amp; incompetence of hotel quarantine &amp; is why Victoria is in this position of stage 4 lockdown. Economy, jobs, families and people's mental health devastated @VictorianCHO @VicGovernor @ScottMorrisonMP #auspol",auspol,auspol
#auspol,2020-08-20 23:01:11,benrfairless,https://twitter.com/benrfairless,https://twitter.com/i/web/status/1296432090599297025,I found out today that I can get another 10 Medicare covered psychology appointments under a new COVID policy.... unless I’m in WA. 10 sessions isn’t enough @GregHuntMP.  We need to find mental health more #nentalhealth #auspol @Bowenchris,auspol,nentalhealth
#auspol,2020-08-21 20:12:59,Oldmainbrewery,https://twitter.com/Oldmainbrewery,https://twitter.com/i/web/status/1296752150098280450,Today was a milestone for the mental health of Victoria. We got into the 100’s. Our effort is paying off. Why hasn’t @ScottMorrisonMP made a big deal over this so we feel our PM is with us on this journey?@AlboMP did. Leadership is a problem for our PM #auspol #COVID19Victoria,auspol,COVID19Victoria
nurse,2020-08-25 07:34:57,RNRos,https://twitter.com/RNRos,https://twitter.com/i/web/status/1298010937245331457,Upskill general practice nurses in mental health and give specialist mental health nurses access to the MBS please Minister @GregHuntMP The Australian community really need our help @acn_tweet @ACMHN https://t.co/99oLxcnUj0,,
nurse,2020-08-25 12:15:06,AussieNurse2,https://twitter.com/AussieNurse2,https://twitter.com/i/web/status/1298081435832614912,RT @RNRos: Upskill general practice nurses in mental health and give specialist mental health nurses access to the MBS please Minister @Gre…,,
nurse,2020-08-23 13:04:14,doreenmaree,https://twitter.com/doreenmaree,https://twitter.com/i/web/status/1297369028185296896,"@MentalHealthVic @GregHuntMP What do you do when you are at a crisis point? Still get the run around. Mental health triage, go to hospital. Sorry you have to wait until your pyschatrist is back on Tuesday. “I’m a mental health nurse you’ll have to see your doctor about your medication and suicidal thoughts.",,
nurse,2020-08-23 13:39:08,Sian_NP,https://twitter.com/Sian_NP,https://twitter.com/i/web/status/1297377810756116481,"@johno0910 @LRussellWolpe @ian_hickie @RosenbergSeb Yes and the Mental Health Nurse Incentive Program evaluated 5 times. Each time great clinical outcomes, decreased hospital admissions, when admitted decreased days in hospital. What does the @GregHuntMP Gov do? Shut it down https://t.co/zsfno4yer4",,
nurse,2020-08-23 17:11:47,Sian_NP,https://twitter.com/Sian_NP,https://twitter.com/i/web/status/1297431324903395330,@PatMcGorry How’s about allowing a very skilled workforce access to MBS? Gee now that would be amazing @GregHuntMP What you reckon? Fancy Mental Health Nurses and Nurse Practitioner with Masters Degrees and PHD’s access to MBS @RhondaWilsonMHN @SteveHainesCMHN @ACMHN @PetaMarks @ProffMac,,
nurse,2020-08-23 17:13:56,Sian_NP,https://twitter.com/Sian_NP,https://twitter.com/i/web/status/1297431866283155456,@PatMcGorry God help me I will scream if I see one more post not acknowledging in the #yearofthenurseandmidwife mental health #nurses and #nursepractitioners a ready workforce denied and discriminated against by @GregHuntMP arghh @johno0910 @strictlykaren @debraejackson @acnp_national https://t.co/lSv2EDE9J5,nursepractitioners,yearofthenurseandmidwife
nurse,2020-08-25 07:47:35,Sian_NP,https://twitter.com/Sian_NP,https://twitter.com/i/web/status/1298014114371887104,RT @LornaMoxham: Watching Q&amp;A. Not enough mental health services for ppl to access. Give mental health nurses access to MBS immediately ple…,,
nurse,2020-08-25 07:47:43,Sian_NP,https://twitter.com/Sian_NP,https://twitter.com/i/web/status/1298014148056346624,RT @RNRos: Upskill general practice nurses in mental health and give specialist mental health nurses access to the MBS please Minister @Gre…,,
nurse,2020-08-25 14:56:47,Sian_NP,https://twitter.com/Sian_NP,https://twitter.com/i/web/status/1298122127929827328,@WendyNorthey @LMStrategy @PatMcGorry And for mental health nurses non existent and nurse practitioners are the lowest rebated health professional of all @Leanne_Boase @RhondaWilsonMHN @SteveHainesCMHN @StephanieDNP @acnp_national  @GregHuntMP,,
nurse,2020-08-25 15:00:07,Sian_NP,https://twitter.com/Sian_NP,https://twitter.com/i/web/status/1298122966815784960,"@PatMcGorry We could help expand the workforce tomorrow Pat if Cred mental health nurses and nurse practitioners were immediately given access to MBS numbers associated with MHTP’s. Could you whisper, or yell, in @GregHuntMP ear lease for me he seems to not see me tagging him 🥴 @johno0910",,
scream,2020-08-23 13:48:13,Mickholloways,https://twitter.com/Mickholloways,https://twitter.com/i/web/status/1297380094713815040,@Sian_NP @johno0910 @LRussellWolpe @ian_hickie @RosenbergSeb @GregHuntMP Scream all you like - they are not listening !! Disgraceful neglect of Mental Health Clients during a pandemic! Just another example of stigma getting in the way of funding. @auspol_aus,,
scream,2020-08-23 15:01:21,Sian_NP,https://twitter.com/Sian_NP,https://twitter.com/i/web/status/1297398498355056640,RT @Mickholloways: @Sian_NP @johno0910 @LRussellWolpe @ian_hickie @RosenbergSeb @GregHuntMP Scream all you like - they are not listening !!…,,
scream,2020-08-23 17:13:56,Sian_NP,https://twitter.com/Sian_NP,https://twitter.com/i/web/status/1297431866283155456,@PatMcGorry God help me I will scream if I see one more post not acknowledging in the #yearofthenurseandmidwife mental health #nurses and #nursepractitioners a ready workforce denied and discriminated against by @GregHuntMP arghh @johno0910 @strictlykaren @debraejackson @acnp_national https://t.co/lSv2EDE9J5,nursepractitioners,yearofthenurseandmidwife
scream,2020-08-23 14:31:52,Dpeters1977,https://twitter.com/Dpeters1977,https://twitter.com/i/web/status/1297391079298236417,RT @Mickholloways: @Sian_NP @johno0910 @LRussellWolpe @ian_hickie @RosenbergSeb @GregHuntMP Scream all you like - they are not listening !!…,,
scream,2020-08-23 14:18:19,johno0910,https://twitter.com/johno0910,https://twitter.com/i/web/status/1297387672114089985,RT @Mickholloways: @Sian_NP @johno0910 @LRussellWolpe @ian_hickie @RosenbergSeb @GregHuntMP Scream all you like - they are not listening !!…,,
problem,2020-08-21 13:21:07,MariaLockwood19,https://twitter.com/MariaLockwood19,https://twitter.com/i/web/status/1296648500315189249,RT @Ingot54: @DrRonBaumann @mjrowland68 @ScottMorrisonMP @BreakfastNews #auspol Ask him why he is creating mental health problems for two T…,auspol,auspol
problem,2020-08-25 13:38:48,candhoneday,https://twitter.com/candhoneday,https://twitter.com/i/web/status/1298102501896384513,@ScottMorrisonMP To Scott Morrison you need to step in and stop Daniel Andrew from stuffing up Victoria. If he is left to do what he is planning there is going to be a lot more people with mental health problems.  He needs to be Stopped now be for its to late.,,
problem,2020-08-24 11:17:26,AA63er,https://twitter.com/AA63er,https://twitter.com/i/web/status/1297704538866987008,@healthgovau Get the cretinous little man running Victoria to get his boot off our throats and we'll take care of our own bloody mental health without you lot pissing away millions on a problem that should never have existed to begin with.,,
problem,2020-08-22 02:46:12,Ingot54,https://twitter.com/Ingot54,https://twitter.com/i/web/status/1296851105377214466,@motorcymick @mjrowland68 @ScottMorrisonMP @BreakfastNews The Mental Health Foundation of Australia should be lobbying hard to provide effective intervention in this and similar problems right throughout Australia.  Directors of this Foundation are well paid to sit on the Board ... let's see what they can do for the money they are paid.,,
problem,2020-08-20 06:31:26,angelo_virgona,https://twitter.com/angelo_virgona,https://twitter.com/i/web/status/1296183009486364672,"@CaringConcern @SusanGColmer1 @ian_hickie @canberratimes @GregHuntMP @PatMcGorry @PatsKarvelas @smh @SpectatorOz @australian Basic psych training readies you for milder anxiety and depressive disorders; doesn’t train you up in these therapies, which require further courses, supervision. Simply adding more sessions provided by those who are not upskilled won’t fix the problem.",,
problem,2020-08-21 20:12:59,Oldmainbrewery,https://twitter.com/Oldmainbrewery,https://twitter.com/i/web/status/1296752150098280450,Today was a milestone for the mental health of Victoria. We got into the 100’s. Our effort is paying off. Why hasn’t @ScottMorrisonMP made a big deal over this so we feel our PM is with us on this journey?@AlboMP did. Leadership is a problem for our PM #auspol #COVID19Victoria,auspol,COVID19Victoria
first,2020-08-25 11:12:23,AmyinSydney,https://twitter.com/AmyinSydney,https://twitter.com/i/web/status/1298065655627837441,I’m getting my hair done today. It’s the first time since February. I’m a mess! Both hair wise and anxiety wise! 😂😂😂 😷  #idontgoout #clawingbacksomelife,clawingbacksomelife,idontgoout
first,2020-08-21 19:16:52,NursesPAQ,https://twitter.com/NursesPAQ,https://twitter.com/i/web/status/1296738025032957952,"RT @NMSupportAU: #Selfcare is often the first thing that gets sacrificed when life is busy and stressful, and people often think that takin…",Selfcare,Selfcare
first,2020-08-23 11:57:20,FostKim,https://twitter.com/FostKim,https://twitter.com/i/web/status/1297352192261681152,"RT @NMSupportAU: #Selfcare is often the first thing that gets sacrificed when life is busy and stressful, and people often think that takin…",Selfcare,Selfcare
first,2020-08-23 08:19:10,NWMHgrads,https://twitter.com/NWMHgrads,https://twitter.com/i/web/status/1297297286079197185,"RT @NMSupportAU: #Selfcare is often the first thing that gets sacrificed when life is busy and stressful, and people often think that takin…",Selfcare,Selfcare
first,2020-08-22 21:18:37,MsSFairchild,https://twitter.com/MsSFairchild,https://twitter.com/i/web/status/1297131052100497408,RT @RachaelKJones: The first rule of Social Anxiety Club is you apologize for being in Social Anxiety Club,,
first,2020-08-21 19:42:18,AccessAbleMH,https://twitter.com/AccessAbleMH,https://twitter.com/i/web/status/1296744427302424576,"RT @NMSupportAU: #Selfcare is often the first thing that gets sacrificed when life is busy and stressful, and people often think that takin…",Selfcare,Selfcare
first,2020-08-21 14:01:09,marco67_bello,https://twitter.com/marco67_bello,https://twitter.com/i/web/status/1296658572135153666,@anmf_federal @BernardKeane @ScottMorrisonMP @GregHuntMP @gedkearney @SenKatyG @billshortenmp If only the Victorian government had done its job with quarantine responsibilities we would not have had as many age care residents die in the first place and hundreds of people losing mental health battle as well.,,
first,2020-08-25 12:46:23,marco67_bello,https://twitter.com/marco67_bello,https://twitter.com/i/web/status/1298089311514976256,@MrKRudd @BeverleyMaxwe15 What about accountability in Victoria and the fact your labour mate is causing possibly the first depression in nearly 100 years Thank god we don’t have Shorten in the lodge all we would be already in a depression.,,
first,2020-08-24 07:52:01,Sian_NP,https://twitter.com/Sian_NP,https://twitter.com/i/web/status/1297652842266681345,@wendyburn I can’t believe you were prescribed this for anxiety in the first place. In Australia for neuropathic pain (unless off label of course) and sadly the most trafficked drug in prisons now next to Quetiapine. Has a place but I can’t see it’s place in psychiatry  @AlcoholDrugFdn,,
first,2020-08-25 08:50:09,digimaze50,https://twitter.com/digimaze50,https://twitter.com/i/web/status/1298029858576953344,"@jkalbrechtsen @ScottMorrisonMP @PeterDutton_MP Firstly the majority of AFL, NRL players are in a bubble, they have regular virus checks and just imagine the increase in mental health issues in our sports loving  country if there was NO AFL  NO NRL and God forbid NO CRICKET!!  Let some parts of life continue please 🙄",,
place,2020-08-23 08:00:08,DrAsthaTomar,https://twitter.com/DrAsthaTomar,https://twitter.com/i/web/status/1297292495315861505,RT @ElzahabyNardine: There is a risk of minimising doctors' concerns about their safety at the workplace&amp; labelling it as anxiety. That m…,,
place,2020-08-21 14:01:09,marco67_bello,https://twitter.com/marco67_bello,https://twitter.com/i/web/status/1296658572135153666,@anmf_federal @BernardKeane @ScottMorrisonMP @GregHuntMP @gedkearney @SenKatyG @billshortenmp If only the Victorian government had done its job with quarantine responsibilities we would not have had as many age care residents die in the first place and hundreds of people losing mental health battle as well.,,
place,2020-08-24 07:52:01,Sian_NP,https://twitter.com/Sian_NP,https://twitter.com/i/web/status/1297652842266681345,@wendyburn I can’t believe you were prescribed this for anxiety in the first place. In Australia for neuropathic pain (unless off label of course) and sadly the most trafficked drug in prisons now next to Quetiapine. Has a place but I can’t see it’s place in psychiatry  @AlcoholDrugFdn,,
place,2020-08-19 22:01:33,YallopDiana,https://twitter.com/YallopDiana,https://twitter.com/i/web/status/1296054695002218496,@albericie 2/3 I had a few workplace episodes pre retirement as I was boat rocker fearless in calling out toxic management &amp; can lead 2 anxiety&amp; stress related issues Hope u hv garden 2 plant stuff wh will flourish &amp; bloom when u r thru this horrid time,,
