Topic,word1,word2,word3,word4,word5,word6,word7,word8,word9,word10
Topic 1,impact,coronavirus,family,stress,anxiety,violence,1800respect,someone,domestic,sexual
Topic 2,covid,anyone,pandemic,tough,together,lockdown,government,restriction,morrison,telehealt
Topic 3,coronavirus,support,service,wellbeing,hotline,victorian,suicide,additional,provide,remain
Topic 4,family,violence,someone,experience,domestic,suspect,worrying,feeling,relationship,suicide
Topic 5,experience,australia,online,partner,sexual,woman,#violence,physical,violence,stress
