Topic,word1,word2,word3,word4,word5,word6,word7,word8,word9,word10
Topic 1,important,frontline,parent,message,intervention,welcome,evidence-based,reduce,announcement,people
Topic 2,clinic,victoria,across,#mentalhealth,welcome,#covid19vic,today,life,additional,expand
Topic 3,support,right,base,critical,visit,community,keeping,succes,nurse,dozen
Topic 4,information,emotionally,remain,socially,connect,important,anxiety,#covid19,support,need
Topic 5,service,#mentalhealth,pandemic,impact,people,demand,increase,greatly,hugely,support
