Topic,word1,word2,word3,word4,word5,word6,word7,word8,word9,word10
Topic 1,worker,border,country,sweetheart,week,denmark,lift,follow,show,especially
Topic 2,depression,#mentalhealth,anxiety,impact,covid,suicide,pandemic,restriction,service,continue
Topic 3,impact,support,additional,important,tough,announce,medium,coronavirus,assist,release
Topic 4,#covid19,australia,program,anxiety,rural,telehealth,federal,better,people,medicare
Topic 5,extra,support,overwhelm,time,information,understandable,uncertain,people,australia,response
