Topic,word1,word2,word3,word4,word5,word6,word7,word8,word9,word10
Topic 1,thread,online,provide,support,coping,forum,dedicate,publish,resource,curve
Topic 2,service,support,people,important,covid,coronavirus,website,wellbeing,available,experience
Topic 3,support,beyond,time,wellbeing,people,lifeline,information,asking,test,weakness
Topic 4,continue,community,dedicate,support,another,coping,member,pandemic,online,forum
Topic 5,lifeline,reminder,people,struggle,alone,timely,australian,welcome,always,difficult
