Topic,word1,word2,word3,word4,word5,word6,word7,word8,word9,word10
Topic 1,people,anxiety,support,connect,young,#mentalhealth,important,australian,covid,impact
Topic 2,australian,impact,anxiety,medical,system,deteriorate,significantly,drain,productive,experience
Topic 3,support,service,reach,experience,people,available,visit,respect,danger,immediate
Topic 4,clinic,service,suicide,victorian,support,please,session,medicare,start,enough
Topic 5,support,australia,feeling,wellbeing,people,anxiety,worry,community,pandemic,issue
