Topic,word1,word2,word3,word4,word5,word6,word7,word8,word9,word10
Topic 1,coronavirus,support,package,anxiety,victoria,million,response,surge,timely,predict
Topic 2,professional,people,wellbeing,experience,support,place,hospital,difficult,sometimes,#hw2020
Topic 3,support,covid,pandemic,victorian,great,need,australia,provide,government,australian
Topic 4,announcement,announce,additional,service,today,million,funding,#auspol,minister,#7news
Topic 5,funding,continue,thankful,covid,additional,young,support,people,impact,orygen
