Topic,word1,word2,word3,word4,word5,word6,word7,word8,word9,word10
Topic 1,social,important,#covid19,pandemic,medium,ongoing,inform,coronavirus,telehealth,defence
Topic 2,parent,important,family,suicide,engage,bird,friend,partner,#mentalhealth,australia
Topic 3,covid,australia,aussie,child,shock,struggle,suicide,call,thousand,month
Topic 4,people,issue,something,consider,actually,eroding,think,government,solution,anxiety
Topic 5,covid,depression,anxiety,highlight,cost,out-of-pocket,importantly,insuran,support,please
