keyword,created_at_local_time,screen_name,user_URL,tweet_URL,tweet_text,hashtag1,hashtag2
humiliation,2020-09-17 12:07:21,WomensLegalVic,https://twitter.com/WomensLegalVic,https://twitter.com/i/web/status/1306414406306131969,"RT @1800RESPECT: What does #financialabuse feel like? Shame and humiliation and feelings of hopelessness and helplessness, these are reall…",financialabuse,financialabuse
humiliation,2020-09-18 07:08:27,ASDVConference,https://twitter.com/ASDVConference,https://twitter.com/i/web/status/1306701574723350528,"RT @1800RESPECT: What does #financialabuse feel like? Shame and humiliation and feelings of hopelessness and helplessness, these are reall…",financialabuse,financialabuse
humiliation,2020-09-18 01:11:45,loisjervis,https://twitter.com/loisjervis,https://twitter.com/i/web/status/1306611809432944640,"RT @1800RESPECT: What does #financialabuse feel like? Shame and humiliation and feelings of hopelessness and helplessness, these are reall…",financialabuse,financialabuse
humiliation,2020-09-17 13:14:59,ausbanking,https://twitter.com/ausbanking,https://twitter.com/i/web/status/1306431427387351040,"RT @1800RESPECT: What does #financialabuse feel like? Shame and humiliation and feelings of hopelessness and helplessness, these are reall…",financialabuse,financialabuse
humiliation,2020-09-18 07:29:24,WIS_Adelaide,https://twitter.com/WIS_Adelaide,https://twitter.com/i/web/status/1306706848431521792,"RT @1800RESPECT: What does #financialabuse feel like? Shame and humiliation and feelings of hopelessness and helplessness, these are reall…",financialabuse,financialabuse
humiliation,2020-09-19 10:27:14,MikeGuillesser,https://twitter.com/MikeGuillesser,https://twitter.com/i/web/status/1307113986748559362,"RT @1800RESPECT: What does #financialabuse feel like? Shame and humiliation and feelings of hopelessness and helplessness, these are reall…",financialabuse,financialabuse
scott,2020-09-17 20:11:12,sreeura,https://twitter.com/sreeura,https://twitter.com/i/web/status/1306536171942494208,RT @Skarthi75372886: @AusHCIndia @ruokday @ScottMorrisonMP @SBSNews - with due respect we state that WE ARE NOT OK. Celebration caption mak…,,
scott,2020-09-22 17:09:56,LorraineBranna2,https://twitter.com/LorraineBranna2,https://twitter.com/i/web/status/1308302493764313089,"@ScottMorrisonMP @JoshFrydenberg What r u doing to help the inequity in Australia? What r u doing to improve childrens lives, with 1 in 5 living below the poverty line? What r u doing to improve the Mental Health Pandemic, with peak bodies showing a direct correlation to poverty? https://t.co/uwtNfrvvkT",,
scott,2020-09-17 15:48:45,jupiteracending,https://twitter.com/jupiteracending,https://twitter.com/i/web/status/1306470126925918208,"@ScottMorrisonMP @PatMcGorry @orygen_aus Hi Scott , I know mental health only to well thx to these Animals and those who help them get away with their crimes, you know the funy thing is that the one strangling me “claims “ he was off his medication for mental health, subsequently he passed on his disease to me 🧐⚖️🇦🇺 https://t.co/3lCmqsusPd",,
scott,2020-09-16 19:44:36,MwilliamDMD,https://twitter.com/MwilliamDMD,https://twitter.com/i/web/status/1306167091179839488,@ScottMorrisonMP @PatMcGorry @orygen_aus You know what would help Victorians mental health more? If you and Greg Hunt followed through on your announcement to review Victoria's modelling and roadmap. @GregHuntMP @ScottMorrisonMP,,
scott,2020-09-18 05:00:04,WaditwarP,https://twitter.com/WaditwarP,https://twitter.com/i/web/status/1306669266846973952,"@ScottMorrisonMP @PatMcGorry @orygen_aus If you really care for the mental health of Aussies, please do something for people stranded overseas. No action from you to reduce the impact of your poor leadership on their mental health. Increase the capping  by 2000 won’t help.",,
scott,2020-09-17 00:57:52,ParnisPatrick,https://twitter.com/ParnisPatrick,https://twitter.com/i/web/status/1306245925619212290,"@ScottMorrisonMP @PatMcGorry @orygen_aus Scott for goodness sake step in an help Victoria. Show some leadership and take over before its to late. The mental health of people here is at breaking point, along with the economy.",,
scott,2020-09-16 19:36:20,Nutsack_II,https://twitter.com/Nutsack_II,https://twitter.com/i/web/status/1306165011572719618,@ScottMorrisonMP @PatMcGorry @orygen_aus If you guys genuinely care about mental health then end the lockdowns immediately and put everyone on UBI,,
scott,2020-09-17 20:36:03,nir_7in,https://twitter.com/nir_7in,https://twitter.com/i/web/status/1306542424743989249,RT @Skarthi75372886: @AusHCIndia @ruokday @ScottMorrisonMP @SBSNews - with due respect we state that WE ARE NOT OK. Celebration caption mak…,,
scott,2020-09-16 17:21:28,WarConspiracies,https://twitter.com/WarConspiracies,https://twitter.com/i/web/status/1306131070841102339,"RT @virgotweet: YET ANOTHER SCOTT MORRISON LIBERAL RORT! Taxpayers stumping up $85,000 a year for best friend of PM’s ‘sad &amp; lonely’ wife t…",,
scott,2020-09-16 13:01:03,jaquix173,https://twitter.com/jaquix173,https://twitter.com/i/web/status/1306065532710387714,RT @iMusing: more like Scott Morrison’s “high unemployment-economy destroying-deep and extended depression-climate change acceleration-rich…,,
cruel,2020-09-17 20:11:17,sreeura,https://twitter.com/sreeura,https://twitter.com/i/web/status/1306536192393895936,"RT @Aashish48691419: We aren’t a criminal, haven't done anything wrong to anyone! Why is the govt being cruel to me? My mental health will…",,
cruel,2020-09-16 00:07:46,nir_7in,https://twitter.com/nir_7in,https://twitter.com/i/web/status/1305870931743703042,"RT @ShresthaPrameel: @ScottMorrisonMP We aren’t a criminal, haven't done anything wrong to anyone! Why is the govt being cruel to me? My me…",,
cruel,2020-09-17 20:29:56,nir_7in,https://twitter.com/nir_7in,https://twitter.com/i/web/status/1306540888685006848,"RT @Aashish48691419: We aren’t a criminal, haven't done anything wrong to anyone! Why is the govt being cruel to me? My mental health will…",,
death,2020-09-17 21:27:34,Erewhon_Tramp,https://twitter.com/Erewhon_Tramp,https://twitter.com/i/web/status/1306555391011106816,"@KKeneally @AusHCUK @ScottMorrisonMP @AusHouseLondon Lift the CAPS on returning Citizens and PR's  People cant take any more stress, depression and anxiety.   People will commit suicide. Who is to blame for those deaths if it happens. GET US HOME This is getting to be a life or death situation",,
death,2020-09-17 21:28:51,Erewhon_Tramp,https://twitter.com/Erewhon_Tramp,https://twitter.com/i/web/status/1306555713972563968,"Lift the CAPS on returning Citizens and PR's People cant take any more stress, depression and anxiety.   People will commit suicide. Who is to blame for those deaths if it happens. #bringushome  This is getting to be a life or death situation",bringushome,bringushome
death,2020-09-19 04:06:31,Erewhon_Tramp,https://twitter.com/Erewhon_Tramp,https://twitter.com/i/web/status/1307018177587679232,"@AnnastaciaMP Lift the CAPS on returning Citizens and PR's People cant take any more stress, depression and anxiety.   People will commit suicide. Who is to blame for those deaths if it happens. #bringushome  This is getting to be a life or death situation",bringushome,bringushome
death,2020-09-19 04:14:49,Erewhon_Tramp,https://twitter.com/Erewhon_Tramp,https://twitter.com/i/web/status/1307020265717665792,"@AusHCUK @JustJacqs59 @AusHouseLondon REMOVE the CAPS on returning Citizens and PR's People cant take any more stress, depression and anxiety.   People will commit suicide. Who is to blame for those deaths if it happens. #bringushome  This is getting to be a life or death situation",bringushome,bringushome
death,2020-09-19 04:17:59,Erewhon_Tramp,https://twitter.com/Erewhon_Tramp,https://twitter.com/i/web/status/1307021064199958533,"@AnnastaciaMP REMOVE the CAPS on returning Citizens and PR's People cant take any more stress, depression and anxiety.   People will commit suicide. Who is to blame for those deaths if it happens. #bringushome  This is getting to be a life or death situation",bringushome,bringushome
anxiety,2020-09-18 18:18:01,spiritwane_,https://twitter.com/spiritwane_,https://twitter.com/i/web/status/1306870078554517505,I’m so over anxiety controlling my whole life,,
anxiety,2020-09-17 23:24:46,greenspace01,https://twitter.com/greenspace01,https://twitter.com/i/web/status/1306584886640164864,"RT @DorsDomina: @silverswansong What the actual hell. When I have been in crisis I can't speak on the phone, and if I do the anxiety gets s…",,
anxiety,2020-09-21 21:44:50,sonalewsr,https://twitter.com/sonalewsr,https://twitter.com/i/web/status/1308009286111354881,"RT @jack_turban: #Psychiatry fact of the day: Anti-depressants (SSRIs, SNRIs, etc.) take a month or more to start working for #anxiety or #…",anxiety,Psychiatry
anxiety,2020-09-19 03:07:48,xskinn,https://twitter.com/xskinn,https://twitter.com/i/web/status/1307003400609906688,"@snag_sanga It can be bloody taxing alright,anxiety is a bloody shocking thing,I hate it!.. Ian",,
anxiety,2020-09-16 10:45:05,hcornea,https://twitter.com/hcornea,https://twitter.com/i/web/status/1306031316106801152,@BillyBassHarri1 @everyday_vet @mickt74t @Gadgets_S_J You are deluded Billy.  She *chose* to video this.  She *chose* to oppose a reasonable request.  That’s not what people with anxiety disorders do. Anxiety.  Pfft.  Ridiculous apologist.  I picked it just reading your gambit.,,
anxiety,2020-09-17 14:30:03,ecbell86,https://twitter.com/ecbell86,https://twitter.com/i/web/status/1306450321439428613,Nostalgia notifications on social media apps are making pandemic‑era #anxiety worse https://t.co/DRBG97RNwH by Ramya Mohanakrishnan via @TheSwaddle #Mentalhealth #MentalHealthMatters https://t.co/4xTk3BoZgw,anxiety,MentalHealthMatters
anxiety,2020-09-20 21:59:02,ecbell86,https://twitter.com/ecbell86,https://twitter.com/i/web/status/1307650474225655809,Why talking to people is so awkward right now and how to re-learn those social skills https://t.co/vBvGiWmmsS by @allieevolpe via @forgemag #anxiety #socialanxiety #mentalhealth https://t.co/5nPVk9ZIgv,anxiety,socialanxiety
anxiety,2020-09-18 19:08:46,nickystevo,https://twitter.com/nickystevo,https://twitter.com/i/web/status/1306882848134238209,RT @maya_elkhoury: TUNE OUT negativity   TUNE OUT doubts   TUNE OUT noise  TUNE OUT worries   TUNE OUT anxiety   TUNE OUT everything &amp; ever…,,
anxiety,2020-09-17 21:48:51,Gunsinaustralia,https://twitter.com/Gunsinaustralia,https://twitter.com/i/web/status/1306560748429082624,@Vic_Rollison I couldn’t agree more. Living under a State Labor government is causing me huge anxiety.,,
anxiety,2020-09-19 17:29:25,gramazzy4,https://twitter.com/gramazzy4,https://twitter.com/i/web/status/1307220235850665984,@NickPonticello @AdvocatePlanet I feel your anxiety.2020 has not been a good year for anyone but the s*$#-))storm of the Trump administration has given you a double whammy.Australia has its own rubbish government so here in solidarity with you.,,
cause,2020-09-16 13:37:15,pearlparky,https://twitter.com/pearlparky,https://twitter.com/i/web/status/1306074643413958656,@MissJanie1 @RobPeffer @cassandragoldie @AlanKohler @ACOSS @D_AccessEcon It’s like they’re deliberately vague about it because they want people to live in anxiety.,,
cause,2020-09-17 17:10:50,InfectedBloodAu,https://twitter.com/InfectedBloodAu,https://twitter.com/i/web/status/1306490782220603392,"@GregHuntMP Where is the mental health support for #contaminatedblood victims?  We heard #petacredlin recently saying you were on top of your profolio, she is in for a shock because you have ruined victims of our worst medical scandal.    We are seeking justice for what you have done.",contaminatedblood,petacredlin
cause,2020-09-17 04:01:54,Erewhon_Tramp,https://twitter.com/Erewhon_Tramp,https://twitter.com/i/web/status/1306292239082164224,RT @sophie_walsh9: And @ScottMorrisonMP what are you doing about the thousands of Aussies locked out of their own country? Because I can as…,,
cause,2020-09-18 15:12:54,danielsoffner,https://twitter.com/danielsoffner,https://twitter.com/i/web/status/1306823491598000128,"@GregHuntMP Useless since mental health treatments are only available virtually, not face to face. What if working virtually 12 hours a day is the cause for the mental health problems ?",,
cause,2020-09-17 01:46:15,removethecaps,https://twitter.com/removethecaps,https://twitter.com/i/web/status/1306258101436387329,RT @sophie_walsh9: And @ScottMorrisonMP what are you doing about the thousands of Aussies locked out of their own country? Because I can as…,,
cause,2020-09-17 19:27:04,croke_david,https://twitter.com/croke_david,https://twitter.com/i/web/status/1306525068189560833,RT @4goodgovt: @phlogga There is no doubt that the LNP led campaign has caused considerable stress and anxiety. They have prolonged our rec…,,
cause,2020-09-16 19:55:50,GolrizGozari,https://twitter.com/GolrizGozari,https://twitter.com/i/web/status/1306169917528444929,@ScottMorrisonMP @PatMcGorry @orygen_aus What is happening in our universities is so disappointing. Very high profile professors are being shattered by redundancy. They are educational resources to Australia. They deserve more respect and job stability. This causes   the society more mental health issues.,,
cause,2020-09-17 11:38:50,tassie_JR,https://twitter.com/tassie_JR,https://twitter.com/i/web/status/1306407231269658624,RT @DanielBleakley: One of the biggest causes of mental health problems in young people is anxiety about the lack of serious action on the…,,
cause,2020-09-16 19:38:16,JulianBrownNote,https://twitter.com/JulianBrownNote,https://twitter.com/i/web/status/1306165498338447360,"@ScottMorrisonMP @PatMcGorry @orygen_aus Nothing will have a more detrimental impact on the mental health of Australians than your governments economic failure for the last 6 years &amp; the incredible pressure that puts on our mental health, with economic hardship you caused being the number 1 worry https://t.co/PfxjJmcdWY",,
cause,2020-09-22 06:04:03,HumanLike_U,https://twitter.com/HumanLike_U,https://twitter.com/i/web/status/1308134918178758656,"@removethecaps @KKeneally @SenatorWong @ScottMorrisonMP This is Australia being unashamed even to their own citizens; denying citizens of right to be with their loved ones in times of a crisis. Decimating the economy is not enough, decimating the mental health of its people is its objective because the leaders are weak #auspol",auspol,auspol
lonely,2020-09-16 17:21:28,WarConspiracies,https://twitter.com/WarConspiracies,https://twitter.com/i/web/status/1306131070841102339,"RT @virgotweet: YET ANOTHER SCOTT MORRISON LIBERAL RORT! Taxpayers stumping up $85,000 a year for best friend of PM’s ‘sad &amp; lonely’ wife t…",,
lonely,2020-09-16 09:36:13,kooribrian,https://twitter.com/kooribrian,https://twitter.com/i/web/status/1306013984911429632,also has his mother and mother in law feeding off the tax payers at kirribilli House she must be very sad and lonely . https://t.co/lh77vpmvc5,,
lonely,2020-09-20 15:39:54,JennyForster7,https://twitter.com/JennyForster7,https://twitter.com/i/web/status/1307555059727695872,RT @MeaningfulB: @PhillipAdams_1 Some poor lonely male animal masturbated on a tree and the rest is history.,,
lonely,2020-09-16 18:33:52,yndrig,https://twitter.com/yndrig,https://twitter.com/i/web/status/1306149290016817152,RT @yoginnnnnn: lonely https://t.co/Z3LW7wFVDs,,
lonely,2020-09-17 17:18:05,Dpeters1977,https://twitter.com/Dpeters1977,https://twitter.com/i/web/status/1306492605006454785,"RT @EndLonelinessAU: Loneliness threatens our physical health. Lonely people are more likely to die earlier, and have higher morbidity of p…",,
lonely,2020-09-17 12:47:55,PanzerThiefZer0,https://twitter.com/PanzerThiefZer0,https://twitter.com/i/web/status/1306424617003708416,@TogeReturns @LonelyGoomba @Akfamilyhome Say what you want about SwSh but the fact that haters would go as far as to fake glitches and issues with the game while adding shit like 999x Master Balls was just incredibly petty.,,
lonely,2020-09-18 14:22:23,Amanda05597148,https://twitter.com/Amanda05597148,https://twitter.com/i/web/status/1306810777827901441,"RT @drvictoriafox: I feel so much sadness for my son, &amp; so helpless as a mother &amp; scientist I can’t do anything about it. He’s lonely worki…",,
lonely,2020-09-18 13:24:30,AlecWilmot,https://twitter.com/AlecWilmot,https://twitter.com/i/web/status/1306796209332346880,"This kind of Aussie chauvinism makes me furious. Int. students are trying to make a go of it and it's not easy. It can be very challenging to culturally/socially integrate, many students are lonely, especially under these conditions. Then the host nation will not even offer beds. https://t.co/oYwO9urnR4",,
lonely,2020-09-16 23:29:24,jazzbby91,https://twitter.com/jazzbby91,https://twitter.com/i/web/status/1306223663407013891,"@shanaynayyyyyy @sebg11111 @_EMazing @J3sika01 We love to see it!!! I don’t actually think they’ve got a partner, I’m pretty sure it’s a lonely basement dweller 😂",,
lonely,2020-09-16 16:16:14,cajeffrey14,https://twitter.com/cajeffrey14,https://twitter.com/i/web/status/1306114653966053377,"RT @virgotweet: YET ANOTHER SCOTT MORRISON LIBERAL RORT! Taxpayers stumping up $85,000 a year for best friend of PM’s ‘sad &amp; lonely’ wife t…",,
#strandedaussies,2020-09-22 15:49:44,neetasalaria,https://twitter.com/neetasalaria,https://twitter.com/i/web/status/1308282311541100544,"@AnnieFuller09 @ScottMorrisonMP So true feelings are changing from desperation to depression  ,missing home and family.  abandoned by Australian Government #auspol . Only my faith in God and family keeps me going .@AusHCIndia ever announcing anything to comfort #strandedAussies .",auspol,strandedAussies
#strandedaussies,2020-09-19 17:37:05,RammyJangra,https://twitter.com/RammyJangra,https://twitter.com/i/web/status/1307222161866649600,@healthgovau How about engaging some real person to listen to the plight of #StrandedAussies mental health?,StrandedAussies,StrandedAussies
#strandedaussies,2020-09-21 12:03:00,nicoligee,https://twitter.com/nicoligee,https://twitter.com/i/web/status/1307862865055866881,"@KKeneally @ScottMorrisonMP The Ministers of Mental Health, need to act on the damage happening to #StrandedAussies. Abandonment, uncertainty, doubt of citizenship value.  @GregHuntMP @bronnietaylor @ShaneRattenbury @natashafyles @jeremyrockliff @MartinFoleyMP @StephenWadeMLC @rogercookmla",StrandedAussies,StrandedAussies
#strandedaussies,2020-09-21 18:34:13,KaneBriggs,https://twitter.com/KaneBriggs,https://twitter.com/i/web/status/1307961317467328512,"RT @nicoligee: @KKeneally @ScottMorrisonMP The Ministers of Mental Health, need to act on the damage happening to #StrandedAussies. Abandon…",StrandedAussies,StrandedAussies
#strandedaussies,2020-09-21 17:48:17,tall_rach,https://twitter.com/tall_rach,https://twitter.com/i/web/status/1307949757961297921,"RT @nicoligee: @KKeneally @ScottMorrisonMP The Ministers of Mental Health, need to act on the damage happening to #StrandedAussies. Abandon…",StrandedAussies,StrandedAussies
#strandedaussies,2020-09-21 15:55:22,janesuzy,https://twitter.com/janesuzy,https://twitter.com/i/web/status/1307921339966091264,"RT @nicoligee: @KKeneally @ScottMorrisonMP The Ministers of Mental Health, need to act on the damage happening to #StrandedAussies. Abandon…",StrandedAussies,StrandedAussies
#strandedaussies,2020-09-21 17:49:35,marlinpaz,https://twitter.com/marlinpaz,https://twitter.com/i/web/status/1307950084928176130,"RT @nicoligee: @KKeneally @ScottMorrisonMP The Ministers of Mental Health, need to act on the damage happening to #StrandedAussies. Abandon…",StrandedAussies,StrandedAussies
citizen,2020-09-22 10:45:21,sreeura,https://twitter.com/sreeura,https://twitter.com/i/web/status/1308205711957004288,RT @HumanLike_U: @removethecaps @KKeneally @SenatorWong @ScottMorrisonMP This is Australia being unashamed even to their own citizens; deny…,,
citizen,2020-09-17 21:27:34,Erewhon_Tramp,https://twitter.com/Erewhon_Tramp,https://twitter.com/i/web/status/1306555391011106816,"@KKeneally @AusHCUK @ScottMorrisonMP @AusHouseLondon Lift the CAPS on returning Citizens and PR's  People cant take any more stress, depression and anxiety.   People will commit suicide. Who is to blame for those deaths if it happens. GET US HOME This is getting to be a life or death situation",,
citizen,2020-09-17 21:28:51,Erewhon_Tramp,https://twitter.com/Erewhon_Tramp,https://twitter.com/i/web/status/1306555713972563968,"Lift the CAPS on returning Citizens and PR's People cant take any more stress, depression and anxiety.   People will commit suicide. Who is to blame for those deaths if it happens. #bringushome  This is getting to be a life or death situation",bringushome,bringushome
citizen,2020-09-19 04:06:31,Erewhon_Tramp,https://twitter.com/Erewhon_Tramp,https://twitter.com/i/web/status/1307018177587679232,"@AnnastaciaMP Lift the CAPS on returning Citizens and PR's People cant take any more stress, depression and anxiety.   People will commit suicide. Who is to blame for those deaths if it happens. #bringushome  This is getting to be a life or death situation",bringushome,bringushome
citizen,2020-09-19 04:14:49,Erewhon_Tramp,https://twitter.com/Erewhon_Tramp,https://twitter.com/i/web/status/1307020265717665792,"@AusHCUK @JustJacqs59 @AusHouseLondon REMOVE the CAPS on returning Citizens and PR's People cant take any more stress, depression and anxiety.   People will commit suicide. Who is to blame for those deaths if it happens. #bringushome  This is getting to be a life or death situation",bringushome,bringushome
citizen,2020-09-19 04:17:59,Erewhon_Tramp,https://twitter.com/Erewhon_Tramp,https://twitter.com/i/web/status/1307021064199958533,"@AnnastaciaMP REMOVE the CAPS on returning Citizens and PR's People cant take any more stress, depression and anxiety.   People will commit suicide. Who is to blame for those deaths if it happens. #bringushome  This is getting to be a life or death situation",bringushome,bringushome
citizen,2020-09-22 12:30:01,neetasalaria,https://twitter.com/neetasalaria,https://twitter.com/i/web/status/1308232050860728323,RT @ExemptThe: @ScottMorrisonMP  I AM NOT OK! I won’t be OK till the time you won’t  let me be with my wife. Mental health of non-citizens…,,
citizen,2020-09-22 06:04:03,HumanLike_U,https://twitter.com/HumanLike_U,https://twitter.com/i/web/status/1308134918178758656,"@removethecaps @KKeneally @SenatorWong @ScottMorrisonMP This is Australia being unashamed even to their own citizens; denying citizens of right to be with their loved ones in times of a crisis. Decimating the economy is not enough, decimating the mental health of its people is its objective because the leaders are weak #auspol",auspol,auspol
citizen,2020-09-21 12:03:00,nicoligee,https://twitter.com/nicoligee,https://twitter.com/i/web/status/1307862865055866881,"@KKeneally @ScottMorrisonMP The Ministers of Mental Health, need to act on the damage happening to #StrandedAussies. Abandonment, uncertainty, doubt of citizenship value.  @GregHuntMP @bronnietaylor @ShaneRattenbury @natashafyles @jeremyrockliff @MartinFoleyMP @StephenWadeMLC @rogercookmla",StrandedAussies,StrandedAussies
worrying,2020-09-18 15:43:59,BasnetRashmita,https://twitter.com/BasnetRashmita,https://twitter.com/i/web/status/1306831313005981697,"RT @ShresthaPrameel: We are struggling, dealing with depression and worrying about our future. Ausralian government doesn't really care abo…",,
worrying,2020-09-16 21:02:47,Nilam3615,https://twitter.com/Nilam3615,https://twitter.com/i/web/status/1306186764747509760,"RT @NiramaTandan: We are struggling, dealing with depression and worrying about our future. Ausralian government doesn't really care about…",,
worrying,2020-09-16 11:22:08,nehasandhu123,https://twitter.com/nehasandhu123,https://twitter.com/i/web/status/1306040640451407874,"RT @ShresthaPrameel: We are struggling, dealing with depression and worrying about our future. Ausralian government doesn't really care abo…",,
worrying,2020-09-16 11:24:43,nehasandhu123,https://twitter.com/nehasandhu123,https://twitter.com/i/web/status/1306041292338601984,"RT @NiramaTandan: We are struggling, dealing with depression and worrying about our future. Ausralian government doesn't really care about…",,
worrying,2020-09-16 00:06:06,nir_7in,https://twitter.com/nir_7in,https://twitter.com/i/web/status/1305870509909966850,"RT @ShresthaPrameel: We are struggling, dealing with depression and worrying about our future. Ausralian government doesn't really care abo…",,
worrying,2020-09-16 00:16:20,nir_7in,https://twitter.com/nir_7in,https://twitter.com/i/web/status/1305873086701543425,"RT @NiramaTandan: We are struggling, dealing with depression and worrying about our future. Ausralian government doesn't really care about…",,
anything,2020-09-17 20:11:17,sreeura,https://twitter.com/sreeura,https://twitter.com/i/web/status/1306536192393895936,"RT @Aashish48691419: We aren’t a criminal, haven't done anything wrong to anyone! Why is the govt being cruel to me? My mental health will…",,
anything,2020-09-18 14:22:23,Amanda05597148,https://twitter.com/Amanda05597148,https://twitter.com/i/web/status/1306810777827901441,"RT @drvictoriafox: I feel so much sadness for my son, &amp; so helpless as a mother &amp; scientist I can’t do anything about it. He’s lonely worki…",,
anything,2020-09-18 10:13:32,Yieki1,https://twitter.com/Yieki1,https://twitter.com/i/web/status/1306748152779661314,@itsaboutclass @RonniSalt disability affects my everyday life. Massive deep dive. I won't know anything until early October. So nearly 3 months of pure anxiety of people telling me I won't get it. Getting the support we need is so unbelievably difficult by design. Its the continued war on vulnerable peeps,,
anything,2020-09-22 15:49:44,neetasalaria,https://twitter.com/neetasalaria,https://twitter.com/i/web/status/1308282311541100544,"@AnnieFuller09 @ScottMorrisonMP So true feelings are changing from desperation to depression  ,missing home and family.  abandoned by Australian Government #auspol . Only my faith in God and family keeps me going .@AusHCIndia ever announcing anything to comfort #strandedAussies .",auspol,strandedAussies
anything,2020-09-17 22:07:53,LRussellWolpe,https://twitter.com/LRussellWolpe,https://twitter.com/i/web/status/1306565538806546432,"@ian_hickie @johno0910 @RosenbergSeb @CMHR_ANU @BrainMind_Usyd @NMHC @AUMentalHealth @PatMcGorry @normanswan @GregHuntMP @PatsKarvelas @SabraLane @stephenjduckett @frankelly08 @LindaMottram If there is anything in the budget for mental health, it will be based on @GregHuntMP ‘s interpretation of what @ozprodcom reports says, without release of report, open consultation. And who wins in $ battle btwn Hunt and Frydenburg? Sigh!",,
anything,2020-09-16 00:07:46,nir_7in,https://twitter.com/nir_7in,https://twitter.com/i/web/status/1305870931743703042,"RT @ShresthaPrameel: @ScottMorrisonMP We aren’t a criminal, haven't done anything wrong to anyone! Why is the govt being cruel to me? My me…",,
anything,2020-09-17 20:29:56,nir_7in,https://twitter.com/nir_7in,https://twitter.com/i/web/status/1306540888685006848,"RT @Aashish48691419: We aren’t a criminal, haven't done anything wrong to anyone! Why is the govt being cruel to me? My mental health will…",,
depression,2020-09-16 13:01:03,jaquix173,https://twitter.com/jaquix173,https://twitter.com/i/web/status/1306065532710387714,RT @iMusing: more like Scott Morrison’s “high unemployment-economy destroying-deep and extended depression-climate change acceleration-rich…,,
depression,2020-09-16 21:57:27,pg0268,https://twitter.com/pg0268,https://twitter.com/i/web/status/1306200523771539456,RT @iMusing: more like Scott Morrison’s “high unemployment-economy destroying-deep and extended depression-climate change acceleration-rich…,,
depression,2020-09-17 21:27:34,Erewhon_Tramp,https://twitter.com/Erewhon_Tramp,https://twitter.com/i/web/status/1306555391011106816,"@KKeneally @AusHCUK @ScottMorrisonMP @AusHouseLondon Lift the CAPS on returning Citizens and PR's  People cant take any more stress, depression and anxiety.   People will commit suicide. Who is to blame for those deaths if it happens. GET US HOME This is getting to be a life or death situation",,
depression,2020-09-17 21:28:51,Erewhon_Tramp,https://twitter.com/Erewhon_Tramp,https://twitter.com/i/web/status/1306555713972563968,"Lift the CAPS on returning Citizens and PR's People cant take any more stress, depression and anxiety.   People will commit suicide. Who is to blame for those deaths if it happens. #bringushome  This is getting to be a life or death situation",bringushome,bringushome
depression,2020-09-19 04:06:31,Erewhon_Tramp,https://twitter.com/Erewhon_Tramp,https://twitter.com/i/web/status/1307018177587679232,"@AnnastaciaMP Lift the CAPS on returning Citizens and PR's People cant take any more stress, depression and anxiety.   People will commit suicide. Who is to blame for those deaths if it happens. #bringushome  This is getting to be a life or death situation",bringushome,bringushome
depression,2020-09-19 04:14:49,Erewhon_Tramp,https://twitter.com/Erewhon_Tramp,https://twitter.com/i/web/status/1307020265717665792,"@AusHCUK @JustJacqs59 @AusHouseLondon REMOVE the CAPS on returning Citizens and PR's People cant take any more stress, depression and anxiety.   People will commit suicide. Who is to blame for those deaths if it happens. #bringushome  This is getting to be a life or death situation",bringushome,bringushome
depression,2020-09-19 04:17:59,Erewhon_Tramp,https://twitter.com/Erewhon_Tramp,https://twitter.com/i/web/status/1307021064199958533,"@AnnastaciaMP REMOVE the CAPS on returning Citizens and PR's People cant take any more stress, depression and anxiety.   People will commit suicide. Who is to blame for those deaths if it happens. #bringushome  This is getting to be a life or death situation",bringushome,bringushome
depression,2020-09-18 15:43:59,BasnetRashmita,https://twitter.com/BasnetRashmita,https://twitter.com/i/web/status/1306831313005981697,"RT @ShresthaPrameel: We are struggling, dealing with depression and worrying about our future. Ausralian government doesn't really care abo…",,
depression,2020-09-20 02:26:40,koukli86,https://twitter.com/koukli86,https://twitter.com/i/web/status/1307355436291633157,RT @kdneeds2travel: Another day that i wake up away from the man i love. I battle with anxiety and depression everyday. No one should be go…,,
depression,2020-09-22 15:49:44,neetasalaria,https://twitter.com/neetasalaria,https://twitter.com/i/web/status/1308282311541100544,"@AnnieFuller09 @ScottMorrisonMP So true feelings are changing from desperation to depression  ,missing home and family.  abandoned by Australian Government #auspol . Only my faith in God and family keeps me going .@AusHCIndia ever announcing anything to comfort #strandedAussies .",auspol,strandedAussies
criminal,2020-09-17 20:11:17,sreeura,https://twitter.com/sreeura,https://twitter.com/i/web/status/1306536192393895936,"RT @Aashish48691419: We aren’t a criminal, haven't done anything wrong to anyone! Why is the govt being cruel to me? My mental health will…",,
criminal,2020-09-16 00:07:46,nir_7in,https://twitter.com/nir_7in,https://twitter.com/i/web/status/1305870931743703042,"RT @ShresthaPrameel: @ScottMorrisonMP We aren’t a criminal, haven't done anything wrong to anyone! Why is the govt being cruel to me? My me…",,
criminal,2020-09-17 20:29:56,nir_7in,https://twitter.com/nir_7in,https://twitter.com/i/web/status/1306540888685006848,"RT @Aashish48691419: We aren’t a criminal, haven't done anything wrong to anyone! Why is the govt being cruel to me? My mental health will…",,
look,2020-09-16 23:27:01,sreeura,https://twitter.com/sreeura,https://twitter.com/i/web/status/1306223063055253504,"RT @adventure_ali_: The chaos for more than 20,000 Australians stranded around the world looks set to extend to well after Christmas. Thi…",,
look,2020-09-21 10:45:31,amandameyerphd,https://twitter.com/amandameyerphd,https://twitter.com/i/web/status/1307843364935487488,This is what High Functioning #Anxiety looks and *feels* like https://t.co/wfohPkDteJ,Anxiety,Anxiety
look,2020-09-17 06:08:47,nir_7in,https://twitter.com/nir_7in,https://twitter.com/i/web/status/1306324171643789312,"RT @adventure_ali_: The chaos for more than 20,000 Australians stranded around the world looks set to extend to well after Christmas. Thi…",,
another,2020-09-16 17:21:28,WarConspiracies,https://twitter.com/WarConspiracies,https://twitter.com/i/web/status/1306131070841102339,"RT @virgotweet: YET ANOTHER SCOTT MORRISON LIBERAL RORT! Taxpayers stumping up $85,000 a year for best friend of PM’s ‘sad &amp; lonely’ wife t…",,
another,2020-09-20 02:26:40,koukli86,https://twitter.com/koukli86,https://twitter.com/i/web/status/1307355436291633157,RT @kdneeds2travel: Another day that i wake up away from the man i love. I battle with anxiety and depression everyday. No one should be go…,,
another,2020-09-16 16:16:14,cajeffrey14,https://twitter.com/cajeffrey14,https://twitter.com/i/web/status/1306114653966053377,"RT @virgotweet: YET ANOTHER SCOTT MORRISON LIBERAL RORT! Taxpayers stumping up $85,000 a year for best friend of PM’s ‘sad &amp; lonely’ wife t…",,
another,2020-09-16 11:00:08,KerryAnnSmith1,https://twitter.com/KerryAnnSmith1,https://twitter.com/i/web/status/1306035105350037505,"RT @virgotweet: YET ANOTHER SCOTT MORRISON LIBERAL RORT! Taxpayers stumping up $85,000 a year for best friend of PM’s ‘sad &amp; lonely’ wife t…",,
another,2020-09-16 13:00:52,RichForrest2,https://twitter.com/RichForrest2,https://twitter.com/i/web/status/1306065487218929664,"RT @virgotweet: YET ANOTHER SCOTT MORRISON LIBERAL RORT! Taxpayers stumping up $85,000 a year for best friend of PM’s ‘sad &amp; lonely’ wife t…",,
another,2020-09-16 13:02:12,RichForrest2,https://twitter.com/RichForrest2,https://twitter.com/i/web/status/1306065825539846148,"YET ANOTHER SCOTT MORRISON LIBERAL RORT! Taxpayers stumping up $85,000 a year for best friend of PM’s ‘sad &amp; lonely’ wife to hang out at Kirribilli House: https://t.co/Xat2M0DdjR",,
another,2020-09-20 21:34:58,ian_hickie,https://twitter.com/ian_hickie,https://twitter.com/i/web/status/1307644418736885760,"@JudkinsSimon As the adverse impacts of COVID19 on mental health escalate, pressure on EDs will increase - need additional capacity (e.g purchasing from private sector) and new solutions (e.g. alternative clinics) funded by FEDs on Oct 6, Budget - not put off for another year...@GregHuntMP",,
another,2020-09-16 17:36:01,johnsalmond,https://twitter.com/johnsalmond,https://twitter.com/i/web/status/1306134729758892033,"RT @virgotweet: YET ANOTHER SCOTT MORRISON LIBERAL RORT! Taxpayers stumping up $85,000 a year for best friend of PM’s ‘sad &amp; lonely’ wife t…",,
another,2020-09-20 07:36:23,tall_rach,https://twitter.com/tall_rach,https://twitter.com/i/web/status/1307433382008086529,RT @kdneeds2travel: Another day that i wake up away from the man i love. I battle with anxiety and depression everyday. No one should be go…,,
another,2020-09-16 20:04:03,Marvell_Law,https://twitter.com/Marvell_Law,https://twitter.com/i/web/status/1306171987350310912,"RT @virgotweet: YET ANOTHER SCOTT MORRISON LIBERAL RORT! Taxpayers stumping up $85,000 a year for best friend of PM’s ‘sad &amp; lonely’ wife t…",,
future,2020-09-16 19:00:03,ReachOut_AUS,https://twitter.com/ReachOut_AUS,https://twitter.com/i/web/status/1306155877674766336,"As if life as a year 12 student wasn't stressful enough, along came COVID. You might be experiencing fear of the future in the short term as well as in the distant future.  https://t.co/dlmf9r1nb3",,
future,2020-09-18 15:43:59,BasnetRashmita,https://twitter.com/BasnetRashmita,https://twitter.com/i/web/status/1306831313005981697,"RT @ShresthaPrameel: We are struggling, dealing with depression and worrying about our future. Ausralian government doesn't really care abo…",,
future,2020-09-16 21:02:47,Nilam3615,https://twitter.com/Nilam3615,https://twitter.com/i/web/status/1306186764747509760,"RT @NiramaTandan: We are struggling, dealing with depression and worrying about our future. Ausralian government doesn't really care about…",,
future,2020-09-19 13:29:23,ScallywagRay,https://twitter.com/ScallywagRay,https://twitter.com/i/web/status/1307159828507144193,"@sophieelsworth Good on Tom. They don’t make them like they use to hey.  Depressions, world wars, concentration camps, food shortages, they did it all for future generations.  #IStandWithTom",IStandWithTom,IStandWithTom
future,2020-09-16 11:22:08,nehasandhu123,https://twitter.com/nehasandhu123,https://twitter.com/i/web/status/1306040640451407874,"RT @ShresthaPrameel: We are struggling, dealing with depression and worrying about our future. Ausralian government doesn't really care abo…",,
future,2020-09-16 11:24:43,nehasandhu123,https://twitter.com/nehasandhu123,https://twitter.com/i/web/status/1306041292338601984,"RT @NiramaTandan: We are struggling, dealing with depression and worrying about our future. Ausralian government doesn't really care about…",,
future,2020-09-16 00:06:06,nir_7in,https://twitter.com/nir_7in,https://twitter.com/i/web/status/1305870509909966850,"RT @ShresthaPrameel: We are struggling, dealing with depression and worrying about our future. Ausralian government doesn't really care abo…",,
future,2020-09-16 00:16:20,nir_7in,https://twitter.com/nir_7in,https://twitter.com/i/web/status/1305873086701543425,"RT @NiramaTandan: We are struggling, dealing with depression and worrying about our future. Ausralian government doesn't really care about…",,
aussie,2020-09-18 05:00:04,WaditwarP,https://twitter.com/WaditwarP,https://twitter.com/i/web/status/1306669266846973952,"@ScottMorrisonMP @PatMcGorry @orygen_aus If you really care for the mental health of Aussies, please do something for people stranded overseas. No action from you to reduce the impact of your poor leadership on their mental health. Increase the capping  by 2000 won’t help.",,
aussie,2020-09-17 04:01:54,Erewhon_Tramp,https://twitter.com/Erewhon_Tramp,https://twitter.com/i/web/status/1306292239082164224,RT @sophie_walsh9: And @ScottMorrisonMP what are you doing about the thousands of Aussies locked out of their own country? Because I can as…,,
aussie,2020-09-18 13:24:30,AlecWilmot,https://twitter.com/AlecWilmot,https://twitter.com/i/web/status/1306796209332346880,"This kind of Aussie chauvinism makes me furious. Int. students are trying to make a go of it and it's not easy. It can be very challenging to culturally/socially integrate, many students are lonely, especially under these conditions. Then the host nation will not even offer beds. https://t.co/oYwO9urnR4",,
aussie,2020-09-22 15:49:44,neetasalaria,https://twitter.com/neetasalaria,https://twitter.com/i/web/status/1308282311541100544,"@AnnieFuller09 @ScottMorrisonMP So true feelings are changing from desperation to depression  ,missing home and family.  abandoned by Australian Government #auspol . Only my faith in God and family keeps me going .@AusHCIndia ever announcing anything to comfort #strandedAussies .",auspol,strandedAussies
aussie,2020-09-17 01:46:15,removethecaps,https://twitter.com/removethecaps,https://twitter.com/i/web/status/1306258101436387329,RT @sophie_walsh9: And @ScottMorrisonMP what are you doing about the thousands of Aussies locked out of their own country? Because I can as…,,
aussie,2020-09-19 17:37:05,RammyJangra,https://twitter.com/RammyJangra,https://twitter.com/i/web/status/1307222161866649600,@healthgovau How about engaging some real person to listen to the plight of #StrandedAussies mental health?,StrandedAussies,StrandedAussies
aussie,2020-09-21 12:03:00,nicoligee,https://twitter.com/nicoligee,https://twitter.com/i/web/status/1307862865055866881,"@KKeneally @ScottMorrisonMP The Ministers of Mental Health, need to act on the damage happening to #StrandedAussies. Abandonment, uncertainty, doubt of citizenship value.  @GregHuntMP @bronnietaylor @ShaneRattenbury @natashafyles @jeremyrockliff @MartinFoleyMP @StephenWadeMLC @rogercookmla",StrandedAussies,StrandedAussies
aussie,2020-09-17 10:31:47,CarmenHurst,https://twitter.com/CarmenHurst,https://twitter.com/i/web/status/1306390357303853056,RT @sophie_walsh9: And @ScottMorrisonMP what are you doing about the thousands of Aussies locked out of their own country? Because I can as…,,
aussie,2020-09-21 18:34:13,KaneBriggs,https://twitter.com/KaneBriggs,https://twitter.com/i/web/status/1307961317467328512,"RT @nicoligee: @KKeneally @ScottMorrisonMP The Ministers of Mental Health, need to act on the damage happening to #StrandedAussies. Abandon…",StrandedAussies,StrandedAussies
aussie,2020-09-16 23:32:37,LeithMarshall,https://twitter.com/LeithMarshall,https://twitter.com/i/web/status/1306224474748940290,RT @sophie_walsh9: And @ScottMorrisonMP what are you doing about the thousands of Aussies locked out of their own country? Because I can as…,,
think,2020-09-17 16:09:24,sreeura,https://twitter.com/sreeura,https://twitter.com/i/web/status/1306475320136982533,"RT @TaperJeanGirl: . @ScottMorrisonMP I’ve had two flights cancelled so far, after the last one I had a breakdown. I don’t think my mental…",,
think,2020-09-16 23:29:24,jazzbby91,https://twitter.com/jazzbby91,https://twitter.com/i/web/status/1306223663407013891,"@shanaynayyyyyy @sebg11111 @_EMazing @J3sika01 We love to see it!!! I don’t actually think they’ve got a partner, I’m pretty sure it’s a lonely basement dweller 😂",,
think,2020-09-17 15:07:58,neetasalaria,https://twitter.com/neetasalaria,https://twitter.com/i/web/status/1306459863216656384,"RT @TaperJeanGirl: . @ScottMorrisonMP I’ve had two flights cancelled so far, after the last one I had a breakdown. I don’t think my mental…",,
think,2020-09-16 17:22:04,Pullenvalebirds,https://twitter.com/Pullenvalebirds,https://twitter.com/i/web/status/1306131220925837312,"RT @ditreble: @healthgovau @ausgov Do you think, for the sake of our mental health, you could ask Fed Got ministers to stop treating us lik…",,
think,2020-09-16 17:19:07,ditreble,https://twitter.com/ditreble,https://twitter.com/i/web/status/1306130480035627008,"@healthgovau @ausgov Do you think, for the sake of our mental health, you could ask Fed Got ministers to stop treating us like pawns in a political game? I was doing okay with our lockdown in Melb until Frydenberg &amp; Hunt started bullying our Premier. It's causing me huge stress. #auspol #melburnians",auspol,melburnians
think,2020-09-17 10:23:32,nehasandhu123,https://twitter.com/nehasandhu123,https://twitter.com/i/web/status/1306388281324494848,"RT @TaperJeanGirl: . @ScottMorrisonMP I’ve had two flights cancelled so far, after the last one I had a breakdown. I don’t think my mental…",,
think,2020-09-17 19:25:52,rodneyholmes64,https://twitter.com/rodneyholmes64,https://twitter.com/i/web/status/1306524762391232512,"RT @gregmlarsen: Man if you think hotel quarantine is draconian, soul-destroying, and causing severe depression, wait until you find out ab…",,
think,2020-09-18 01:43:39,oldman_sam,https://twitter.com/oldman_sam,https://twitter.com/i/web/status/1306619835099443202,"RT @gregmlarsen: Man if you think hotel quarantine is draconian, soul-destroying, and causing severe depression, wait until you find out ab…",,
think,2020-09-17 07:44:34,tall_rach,https://twitter.com/tall_rach,https://twitter.com/i/web/status/1306348274836746240,"RT @TaperJeanGirl: . @ScottMorrisonMP I’ve had two flights cancelled so far, after the last one I had a breakdown. I don’t think my mental…",,
think,2020-09-17 19:35:44,DrColinTrainor,https://twitter.com/DrColinTrainor,https://twitter.com/i/web/status/1306527248871120896,"RT @gregmlarsen: Man if you think hotel quarantine is draconian, soul-destroying, and causing severe depression, wait until you find out ab…",,
people,2020-09-18 05:00:04,WaditwarP,https://twitter.com/WaditwarP,https://twitter.com/i/web/status/1306669266846973952,"@ScottMorrisonMP @PatMcGorry @orygen_aus If you really care for the mental health of Aussies, please do something for people stranded overseas. No action from you to reduce the impact of your poor leadership on their mental health. Increase the capping  by 2000 won’t help.",,
people,2020-09-17 00:57:52,ParnisPatrick,https://twitter.com/ParnisPatrick,https://twitter.com/i/web/status/1306245925619212290,"@ScottMorrisonMP @PatMcGorry @orygen_aus Scott for goodness sake step in an help Victoria. Show some leadership and take over before its to late. The mental health of people here is at breaking point, along with the economy.",,
people,2020-09-16 10:45:05,hcornea,https://twitter.com/hcornea,https://twitter.com/i/web/status/1306031316106801152,@BillyBassHarri1 @everyday_vet @mickt74t @Gadgets_S_J You are deluded Billy.  She *chose* to video this.  She *chose* to oppose a reasonable request.  That’s not what people with anxiety disorders do. Anxiety.  Pfft.  Ridiculous apologist.  I picked it just reading your gambit.,,
people,2020-09-20 21:59:02,ecbell86,https://twitter.com/ecbell86,https://twitter.com/i/web/status/1307650474225655809,Why talking to people is so awkward right now and how to re-learn those social skills https://t.co/vBvGiWmmsS by @allieevolpe via @forgemag #anxiety #socialanxiety #mentalhealth https://t.co/5nPVk9ZIgv,anxiety,socialanxiety
people,2020-09-17 17:18:05,Dpeters1977,https://twitter.com/Dpeters1977,https://twitter.com/i/web/status/1306492605006454785,"RT @EndLonelinessAU: Loneliness threatens our physical health. Lonely people are more likely to die earlier, and have higher morbidity of p…",,
people,2020-09-16 13:37:15,pearlparky,https://twitter.com/pearlparky,https://twitter.com/i/web/status/1306074643413958656,@MissJanie1 @RobPeffer @cassandragoldie @AlanKohler @ACOSS @D_AccessEcon It’s like they’re deliberately vague about it because they want people to live in anxiety.,,
people,2020-09-17 23:49:00,AmandaJ95577106,https://twitter.com/AmandaJ95577106,https://twitter.com/i/web/status/1306590984902332422,@CaringConcern @GregHuntMP  We need input from a broad spectrum of people working together for the benefit of mental health. Silos fighting over funding don't help anyone especially if special interests not declared.,,
people,2020-09-18 10:13:32,Yieki1,https://twitter.com/Yieki1,https://twitter.com/i/web/status/1306748152779661314,@itsaboutclass @RonniSalt disability affects my everyday life. Massive deep dive. I won't know anything until early October. So nearly 3 months of pure anxiety of people telling me I won't get it. Getting the support we need is so unbelievably difficult by design. Its the continued war on vulnerable peeps,,
people,2020-09-17 21:27:34,Erewhon_Tramp,https://twitter.com/Erewhon_Tramp,https://twitter.com/i/web/status/1306555391011106816,"@KKeneally @AusHCUK @ScottMorrisonMP @AusHouseLondon Lift the CAPS on returning Citizens and PR's  People cant take any more stress, depression and anxiety.   People will commit suicide. Who is to blame for those deaths if it happens. GET US HOME This is getting to be a life or death situation",,
people,2020-09-17 21:28:51,Erewhon_Tramp,https://twitter.com/Erewhon_Tramp,https://twitter.com/i/web/status/1306555713972563968,"Lift the CAPS on returning Citizens and PR's People cant take any more stress, depression and anxiety.   People will commit suicide. Who is to blame for those deaths if it happens. #bringushome  This is getting to be a life or death situation",bringushome,bringushome
feeling,2020-09-17 12:07:21,WomensLegalVic,https://twitter.com/WomensLegalVic,https://twitter.com/i/web/status/1306414406306131969,"RT @1800RESPECT: What does #financialabuse feel like? Shame and humiliation and feelings of hopelessness and helplessness, these are reall…",financialabuse,financialabuse
feeling,2020-09-18 07:08:27,ASDVConference,https://twitter.com/ASDVConference,https://twitter.com/i/web/status/1306701574723350528,"RT @1800RESPECT: What does #financialabuse feel like? Shame and humiliation and feelings of hopelessness and helplessness, these are reall…",financialabuse,financialabuse
feeling,2020-09-18 01:11:45,loisjervis,https://twitter.com/loisjervis,https://twitter.com/i/web/status/1306611809432944640,"RT @1800RESPECT: What does #financialabuse feel like? Shame and humiliation and feelings of hopelessness and helplessness, these are reall…",financialabuse,financialabuse
feeling,2020-09-17 13:14:59,ausbanking,https://twitter.com/ausbanking,https://twitter.com/i/web/status/1306431427387351040,"RT @1800RESPECT: What does #financialabuse feel like? Shame and humiliation and feelings of hopelessness and helplessness, these are reall…",financialabuse,financialabuse
feeling,2020-09-18 07:29:24,WIS_Adelaide,https://twitter.com/WIS_Adelaide,https://twitter.com/i/web/status/1306706848431521792,"RT @1800RESPECT: What does #financialabuse feel like? Shame and humiliation and feelings of hopelessness and helplessness, these are reall…",financialabuse,financialabuse
feeling,2020-09-19 10:27:14,MikeGuillesser,https://twitter.com/MikeGuillesser,https://twitter.com/i/web/status/1307113986748559362,"RT @1800RESPECT: What does #financialabuse feel like? Shame and humiliation and feelings of hopelessness and helplessness, these are reall…",financialabuse,financialabuse
feeling,2020-09-17 17:48:38,VicAusMidwife,https://twitter.com/VicAusMidwife,https://twitter.com/i/web/status/1306500293916463105,RT @Dr2NisreenAlwan: You can tell from my timeline I’m not feeling particularly calm today! It’s the level of anxiety me &amp; my public health…,,
feeling,2020-09-22 15:49:44,neetasalaria,https://twitter.com/neetasalaria,https://twitter.com/i/web/status/1308282311541100544,"@AnnieFuller09 @ScottMorrisonMP So true feelings are changing from desperation to depression  ,missing home and family.  abandoned by Australian Government #auspol . Only my faith in God and family keeps me going .@AusHCIndia ever announcing anything to comfort #strandedAussies .",auspol,strandedAussies
feeling,2020-09-20 12:41:00,AveryKaeHoward,https://twitter.com/AveryKaeHoward,https://twitter.com/i/web/status/1307510038605438976,"Feeling, yet again, completely exhausted and incredibly lonely this weekend - just want to lay in bed and do nothing all day.  Other than a rant that I might do in 12 hours, I think I'll stay off of tweeting today.  Send me a message to talk, they're open and I love chatting.",,
feeling,2020-09-17 15:13:18,NjbBari3,https://twitter.com/NjbBari3,https://twitter.com/i/web/status/1306461203137404930,RT @Dr2NisreenAlwan: You can tell from my timeline I’m not feeling particularly calm today! It’s the level of anxiety me &amp; my public health…,,
situation,2020-09-17 12:16:19,G_Woodhouse,https://twitter.com/G_Woodhouse,https://twitter.com/i/web/status/1306416666113318912,RT @nadinevoncohen: FUCK YEAH VICTORIANS IF YOU'RE STRUGGLING MENTALLY / MONEYLY / IN A HARMFUL LIVNG SITUATION PLEASE CALL A FRIEND OR THE…,,
situation,2020-09-17 12:15:50,ellecapone,https://twitter.com/ellecapone,https://twitter.com/i/web/status/1306416544365199360,RT @nadinevoncohen: FUCK YEAH VICTORIANS IF YOU'RE STRUGGLING MENTALLY / MONEYLY / IN A HARMFUL LIVNG SITUATION PLEASE CALL A FRIEND OR THE…,,
situation,2020-09-17 21:27:34,Erewhon_Tramp,https://twitter.com/Erewhon_Tramp,https://twitter.com/i/web/status/1306555391011106816,"@KKeneally @AusHCUK @ScottMorrisonMP @AusHouseLondon Lift the CAPS on returning Citizens and PR's  People cant take any more stress, depression and anxiety.   People will commit suicide. Who is to blame for those deaths if it happens. GET US HOME This is getting to be a life or death situation",,
situation,2020-09-17 21:28:51,Erewhon_Tramp,https://twitter.com/Erewhon_Tramp,https://twitter.com/i/web/status/1306555713972563968,"Lift the CAPS on returning Citizens and PR's People cant take any more stress, depression and anxiety.   People will commit suicide. Who is to blame for those deaths if it happens. #bringushome  This is getting to be a life or death situation",bringushome,bringushome
situation,2020-09-19 04:06:31,Erewhon_Tramp,https://twitter.com/Erewhon_Tramp,https://twitter.com/i/web/status/1307018177587679232,"@AnnastaciaMP Lift the CAPS on returning Citizens and PR's People cant take any more stress, depression and anxiety.   People will commit suicide. Who is to blame for those deaths if it happens. #bringushome  This is getting to be a life or death situation",bringushome,bringushome
situation,2020-09-19 04:14:49,Erewhon_Tramp,https://twitter.com/Erewhon_Tramp,https://twitter.com/i/web/status/1307020265717665792,"@AusHCUK @JustJacqs59 @AusHouseLondon REMOVE the CAPS on returning Citizens and PR's People cant take any more stress, depression and anxiety.   People will commit suicide. Who is to blame for those deaths if it happens. #bringushome  This is getting to be a life or death situation",bringushome,bringushome
situation,2020-09-19 04:17:59,Erewhon_Tramp,https://twitter.com/Erewhon_Tramp,https://twitter.com/i/web/status/1307021064199958533,"@AnnastaciaMP REMOVE the CAPS on returning Citizens and PR's People cant take any more stress, depression and anxiety.   People will commit suicide. Who is to blame for those deaths if it happens. #bringushome  This is getting to be a life or death situation",bringushome,bringushome
situation,2020-09-22 15:44:13,debwallace05,https://twitter.com/debwallace05,https://twitter.com/i/web/status/1308280923150979073,@piepaulie @DanielAndrewsMP @GregHuntMP @TimSmithMP Throwing more money at help lines isn’t the answer. Change the situation and give people some hope though is. Locking people up for 23 hours a day is detrimental to everyone’s mental health. Why aren’t more people talking about that?,,
morrison,2020-09-17 20:11:12,sreeura,https://twitter.com/sreeura,https://twitter.com/i/web/status/1306536171942494208,RT @Skarthi75372886: @AusHCIndia @ruokday @ScottMorrisonMP @SBSNews - with due respect we state that WE ARE NOT OK. Celebration caption mak…,,
morrison,2020-09-22 17:09:56,LorraineBranna2,https://twitter.com/LorraineBranna2,https://twitter.com/i/web/status/1308302493764313089,"@ScottMorrisonMP @JoshFrydenberg What r u doing to help the inequity in Australia? What r u doing to improve childrens lives, with 1 in 5 living below the poverty line? What r u doing to improve the Mental Health Pandemic, with peak bodies showing a direct correlation to poverty? https://t.co/uwtNfrvvkT",,
morrison,2020-09-17 15:48:45,jupiteracending,https://twitter.com/jupiteracending,https://twitter.com/i/web/status/1306470126925918208,"@ScottMorrisonMP @PatMcGorry @orygen_aus Hi Scott , I know mental health only to well thx to these Animals and those who help them get away with their crimes, you know the funy thing is that the one strangling me “claims “ he was off his medication for mental health, subsequently he passed on his disease to me 🧐⚖️🇦🇺 https://t.co/3lCmqsusPd",,
morrison,2020-09-16 19:44:36,MwilliamDMD,https://twitter.com/MwilliamDMD,https://twitter.com/i/web/status/1306167091179839488,@ScottMorrisonMP @PatMcGorry @orygen_aus You know what would help Victorians mental health more? If you and Greg Hunt followed through on your announcement to review Victoria's modelling and roadmap. @GregHuntMP @ScottMorrisonMP,,
morrison,2020-09-18 05:00:04,WaditwarP,https://twitter.com/WaditwarP,https://twitter.com/i/web/status/1306669266846973952,"@ScottMorrisonMP @PatMcGorry @orygen_aus If you really care for the mental health of Aussies, please do something for people stranded overseas. No action from you to reduce the impact of your poor leadership on their mental health. Increase the capping  by 2000 won’t help.",,
morrison,2020-09-17 00:57:52,ParnisPatrick,https://twitter.com/ParnisPatrick,https://twitter.com/i/web/status/1306245925619212290,"@ScottMorrisonMP @PatMcGorry @orygen_aus Scott for goodness sake step in an help Victoria. Show some leadership and take over before its to late. The mental health of people here is at breaking point, along with the economy.",,
morrison,2020-09-16 19:36:20,Nutsack_II,https://twitter.com/Nutsack_II,https://twitter.com/i/web/status/1306165011572719618,@ScottMorrisonMP @PatMcGorry @orygen_aus If you guys genuinely care about mental health then end the lockdowns immediately and put everyone on UBI,,
morrison,2020-09-17 20:36:03,nir_7in,https://twitter.com/nir_7in,https://twitter.com/i/web/status/1306542424743989249,RT @Skarthi75372886: @AusHCIndia @ruokday @ScottMorrisonMP @SBSNews - with due respect we state that WE ARE NOT OK. Celebration caption mak…,,
morrison,2020-09-16 17:21:28,WarConspiracies,https://twitter.com/WarConspiracies,https://twitter.com/i/web/status/1306131070841102339,"RT @virgotweet: YET ANOTHER SCOTT MORRISON LIBERAL RORT! Taxpayers stumping up $85,000 a year for best friend of PM’s ‘sad &amp; lonely’ wife t…",,
morrison,2020-09-16 13:01:03,jaquix173,https://twitter.com/jaquix173,https://twitter.com/i/web/status/1306065532710387714,RT @iMusing: more like Scott Morrison’s “high unemployment-economy destroying-deep and extended depression-climate change acceleration-rich…,,
#financialabuse,2020-09-17 12:07:21,WomensLegalVic,https://twitter.com/WomensLegalVic,https://twitter.com/i/web/status/1306414406306131969,"RT @1800RESPECT: What does #financialabuse feel like? Shame and humiliation and feelings of hopelessness and helplessness, these are reall…",financialabuse,financialabuse
#financialabuse,2020-09-18 07:08:27,ASDVConference,https://twitter.com/ASDVConference,https://twitter.com/i/web/status/1306701574723350528,"RT @1800RESPECT: What does #financialabuse feel like? Shame and humiliation and feelings of hopelessness and helplessness, these are reall…",financialabuse,financialabuse
#financialabuse,2020-09-18 01:11:45,loisjervis,https://twitter.com/loisjervis,https://twitter.com/i/web/status/1306611809432944640,"RT @1800RESPECT: What does #financialabuse feel like? Shame and humiliation and feelings of hopelessness and helplessness, these are reall…",financialabuse,financialabuse
#financialabuse,2020-09-17 13:14:59,ausbanking,https://twitter.com/ausbanking,https://twitter.com/i/web/status/1306431427387351040,"RT @1800RESPECT: What does #financialabuse feel like? Shame and humiliation and feelings of hopelessness and helplessness, these are reall…",financialabuse,financialabuse
#financialabuse,2020-09-18 07:29:24,WIS_Adelaide,https://twitter.com/WIS_Adelaide,https://twitter.com/i/web/status/1306706848431521792,"RT @1800RESPECT: What does #financialabuse feel like? Shame and humiliation and feelings of hopelessness and helplessness, these are reall…",financialabuse,financialabuse
#financialabuse,2020-09-19 10:27:14,MikeGuillesser,https://twitter.com/MikeGuillesser,https://twitter.com/i/web/status/1307113986748559362,"RT @1800RESPECT: What does #financialabuse feel like? Shame and humiliation and feelings of hopelessness and helplessness, these are reall…",financialabuse,financialabuse
minister,2020-09-16 17:22:04,Pullenvalebirds,https://twitter.com/Pullenvalebirds,https://twitter.com/i/web/status/1306131220925837312,"RT @ditreble: @healthgovau @ausgov Do you think, for the sake of our mental health, you could ask Fed Got ministers to stop treating us lik…",,
minister,2020-09-21 12:03:00,nicoligee,https://twitter.com/nicoligee,https://twitter.com/i/web/status/1307862865055866881,"@KKeneally @ScottMorrisonMP The Ministers of Mental Health, need to act on the damage happening to #StrandedAussies. Abandonment, uncertainty, doubt of citizenship value.  @GregHuntMP @bronnietaylor @ShaneRattenbury @natashafyles @jeremyrockliff @MartinFoleyMP @StephenWadeMLC @rogercookmla",StrandedAussies,StrandedAussies
minister,2020-09-16 17:19:07,ditreble,https://twitter.com/ditreble,https://twitter.com/i/web/status/1306130480035627008,"@healthgovau @ausgov Do you think, for the sake of our mental health, you could ask Fed Got ministers to stop treating us like pawns in a political game? I was doing okay with our lockdown in Melb until Frydenberg &amp; Hunt started bullying our Premier. It's causing me huge stress. #auspol #melburnians",auspol,melburnians
minister,2020-09-21 18:34:13,KaneBriggs,https://twitter.com/KaneBriggs,https://twitter.com/i/web/status/1307961317467328512,"RT @nicoligee: @KKeneally @ScottMorrisonMP The Ministers of Mental Health, need to act on the damage happening to #StrandedAussies. Abandon…",StrandedAussies,StrandedAussies
minister,2020-09-21 17:48:17,tall_rach,https://twitter.com/tall_rach,https://twitter.com/i/web/status/1307949757961297921,"RT @nicoligee: @KKeneally @ScottMorrisonMP The Ministers of Mental Health, need to act on the damage happening to #StrandedAussies. Abandon…",StrandedAussies,StrandedAussies
minister,2020-09-21 15:55:22,janesuzy,https://twitter.com/janesuzy,https://twitter.com/i/web/status/1307921339966091264,"RT @nicoligee: @KKeneally @ScottMorrisonMP The Ministers of Mental Health, need to act on the damage happening to #StrandedAussies. Abandon…",StrandedAussies,StrandedAussies
minister,2020-09-16 17:30:48,Zephyrdom,https://twitter.com/Zephyrdom,https://twitter.com/i/web/status/1306133418942410752,"RT @ditreble: @healthgovau @ausgov Do you think, for the sake of our mental health, you could ask Fed Got ministers to stop treating us lik…",,
minister,2020-09-21 17:49:35,marlinpaz,https://twitter.com/marlinpaz,https://twitter.com/i/web/status/1307950084928176130,"RT @nicoligee: @KKeneally @ScottMorrisonMP The Ministers of Mental Health, need to act on the damage happening to #StrandedAussies. Abandon…",StrandedAussies,StrandedAussies
going,2020-09-22 15:49:44,neetasalaria,https://twitter.com/neetasalaria,https://twitter.com/i/web/status/1308282311541100544,"@AnnieFuller09 @ScottMorrisonMP So true feelings are changing from desperation to depression  ,missing home and family.  abandoned by Australian Government #auspol . Only my faith in God and family keeps me going .@AusHCIndia ever announcing anything to comfort #strandedAussies .",auspol,strandedAussies
going,2020-09-20 09:54:21,bengibs1980,https://twitter.com/bengibs1980,https://twitter.com/i/web/status/1307468102318260224,@ScottMorrisonMP Mr Morrison when are you going to step in and get children back to school in Victoria? The mental health impact on our children is horrific. Pleas step in to deal with @DanielAndrewsMP,,
going,2020-09-17 12:43:46,AnarchoNina,https://twitter.com/AnarchoNina,https://twitter.com/i/web/status/1306423571057500162,"my hobbies include depression, dysphoria and going back a season on Deep Space 9 because i fell asleep",,
going,2020-09-22 06:38:14,AnnieFuller09,https://twitter.com/AnnieFuller09,https://twitter.com/i/web/status/1308143520306225153,"@ScottMorrisonMP keeps saying he's boosting jobs for recovery but we only read about the 1000s of job losses. In the end it won't be the virus that gets us but depression, homelessness, a broken heart being separated from loved ones, being stranded OS, families going hungry etc",,
going,2020-09-18 11:48:53,sallydmvr,https://twitter.com/sallydmvr,https://twitter.com/i/web/status/1306772146975158273,@GregHuntMP Cutting back jobkeeper and jobseeker is hardly going to be good for people's mental health,,
causing,2020-09-17 21:48:51,Gunsinaustralia,https://twitter.com/Gunsinaustralia,https://twitter.com/i/web/status/1306560748429082624,@Vic_Rollison I couldn’t agree more. Living under a State Labor government is causing me huge anxiety.,,
causing,2020-09-19 14:06:41,666Tweet,https://twitter.com/666Tweet,https://twitter.com/i/web/status/1307169214965444609,"76 times the #Fiberals were told #Robodebt was illegal. Yet they still persued the debts, causing anxiety, mental health issues and worse 😥 #auspol https://t.co/wap3MJHM76",auspol,Robodebt
causing,2020-09-16 17:19:07,ditreble,https://twitter.com/ditreble,https://twitter.com/i/web/status/1306130480035627008,"@healthgovau @ausgov Do you think, for the sake of our mental health, you could ask Fed Got ministers to stop treating us like pawns in a political game? I was doing okay with our lockdown in Melb until Frydenberg &amp; Hunt started bullying our Premier. It's causing me huge stress. #auspol #melburnians",auspol,melburnians
causing,2020-09-17 19:25:52,rodneyholmes64,https://twitter.com/rodneyholmes64,https://twitter.com/i/web/status/1306524762391232512,"RT @gregmlarsen: Man if you think hotel quarantine is draconian, soul-destroying, and causing severe depression, wait until you find out ab…",,
causing,2020-09-18 01:43:39,oldman_sam,https://twitter.com/oldman_sam,https://twitter.com/i/web/status/1306619835099443202,"RT @gregmlarsen: Man if you think hotel quarantine is draconian, soul-destroying, and causing severe depression, wait until you find out ab…",,
causing,2020-09-17 19:35:44,DrColinTrainor,https://twitter.com/DrColinTrainor,https://twitter.com/i/web/status/1306527248871120896,"RT @gregmlarsen: Man if you think hotel quarantine is draconian, soul-destroying, and causing severe depression, wait until you find out ab…",,
really,2020-09-18 05:00:04,WaditwarP,https://twitter.com/WaditwarP,https://twitter.com/i/web/status/1306669266846973952,"@ScottMorrisonMP @PatMcGorry @orygen_aus If you really care for the mental health of Aussies, please do something for people stranded overseas. No action from you to reduce the impact of your poor leadership on their mental health. Increase the capping  by 2000 won’t help.",,
really,2020-09-18 15:43:59,BasnetRashmita,https://twitter.com/BasnetRashmita,https://twitter.com/i/web/status/1306831313005981697,"RT @ShresthaPrameel: We are struggling, dealing with depression and worrying about our future. Ausralian government doesn't really care abo…",,
really,2020-09-16 21:02:47,Nilam3615,https://twitter.com/Nilam3615,https://twitter.com/i/web/status/1306186764747509760,"RT @NiramaTandan: We are struggling, dealing with depression and worrying about our future. Ausralian government doesn't really care about…",,
really,2020-09-16 11:22:08,nehasandhu123,https://twitter.com/nehasandhu123,https://twitter.com/i/web/status/1306040640451407874,"RT @ShresthaPrameel: We are struggling, dealing with depression and worrying about our future. Ausralian government doesn't really care abo…",,
really,2020-09-16 11:24:43,nehasandhu123,https://twitter.com/nehasandhu123,https://twitter.com/i/web/status/1306041292338601984,"RT @NiramaTandan: We are struggling, dealing with depression and worrying about our future. Ausralian government doesn't really care about…",,
really,2020-09-16 00:06:06,nir_7in,https://twitter.com/nir_7in,https://twitter.com/i/web/status/1305870509909966850,"RT @ShresthaPrameel: We are struggling, dealing with depression and worrying about our future. Ausralian government doesn't really care abo…",,
really,2020-09-16 00:16:20,nir_7in,https://twitter.com/nir_7in,https://twitter.com/i/web/status/1305873086701543425,"RT @NiramaTandan: We are struggling, dealing with depression and worrying about our future. Ausralian government doesn't really care about…",,
anyone,2020-09-19 17:29:25,gramazzy4,https://twitter.com/gramazzy4,https://twitter.com/i/web/status/1307220235850665984,@NickPonticello @AdvocatePlanet I feel your anxiety.2020 has not been a good year for anyone but the s*$#-))storm of the Trump administration has given you a double whammy.Australia has its own rubbish government so here in solidarity with you.,,
anyone,2020-09-17 23:49:00,AmandaJ95577106,https://twitter.com/AmandaJ95577106,https://twitter.com/i/web/status/1306590984902332422,@CaringConcern @GregHuntMP  We need input from a broad spectrum of people working together for the benefit of mental health. Silos fighting over funding don't help anyone especially if special interests not declared.,,
anyone,2020-09-17 20:11:17,sreeura,https://twitter.com/sreeura,https://twitter.com/i/web/status/1306536192393895936,"RT @Aashish48691419: We aren’t a criminal, haven't done anything wrong to anyone! Why is the govt being cruel to me? My mental health will…",,
anyone,2020-09-16 00:07:46,nir_7in,https://twitter.com/nir_7in,https://twitter.com/i/web/status/1305870931743703042,"RT @ShresthaPrameel: @ScottMorrisonMP We aren’t a criminal, haven't done anything wrong to anyone! Why is the govt being cruel to me? My me…",,
anyone,2020-09-17 20:29:56,nir_7in,https://twitter.com/nir_7in,https://twitter.com/i/web/status/1306540888685006848,"RT @Aashish48691419: We aren’t a criminal, haven't done anything wrong to anyone! Why is the govt being cruel to me? My mental health will…",,
wrong,2020-09-17 20:11:17,sreeura,https://twitter.com/sreeura,https://twitter.com/i/web/status/1306536192393895936,"RT @Aashish48691419: We aren’t a criminal, haven't done anything wrong to anyone! Why is the govt being cruel to me? My mental health will…",,
wrong,2020-09-16 00:07:46,nir_7in,https://twitter.com/nir_7in,https://twitter.com/i/web/status/1305870931743703042,"RT @ShresthaPrameel: @ScottMorrisonMP We aren’t a criminal, haven't done anything wrong to anyone! Why is the govt being cruel to me? My me…",,
wrong,2020-09-17 20:29:56,nir_7in,https://twitter.com/nir_7in,https://twitter.com/i/web/status/1306540888685006848,"RT @Aashish48691419: We aren’t a criminal, haven't done anything wrong to anyone! Why is the govt being cruel to me? My mental health will…",,
hopelessness,2020-09-17 12:07:21,WomensLegalVic,https://twitter.com/WomensLegalVic,https://twitter.com/i/web/status/1306414406306131969,"RT @1800RESPECT: What does #financialabuse feel like? Shame and humiliation and feelings of hopelessness and helplessness, these are reall…",financialabuse,financialabuse
hopelessness,2020-09-18 07:08:27,ASDVConference,https://twitter.com/ASDVConference,https://twitter.com/i/web/status/1306701574723350528,"RT @1800RESPECT: What does #financialabuse feel like? Shame and humiliation and feelings of hopelessness and helplessness, these are reall…",financialabuse,financialabuse
hopelessness,2020-09-18 01:11:45,loisjervis,https://twitter.com/loisjervis,https://twitter.com/i/web/status/1306611809432944640,"RT @1800RESPECT: What does #financialabuse feel like? Shame and humiliation and feelings of hopelessness and helplessness, these are reall…",financialabuse,financialabuse
hopelessness,2020-09-17 13:14:59,ausbanking,https://twitter.com/ausbanking,https://twitter.com/i/web/status/1306431427387351040,"RT @1800RESPECT: What does #financialabuse feel like? Shame and humiliation and feelings of hopelessness and helplessness, these are reall…",financialabuse,financialabuse
hopelessness,2020-09-18 07:29:24,WIS_Adelaide,https://twitter.com/WIS_Adelaide,https://twitter.com/i/web/status/1306706848431521792,"RT @1800RESPECT: What does #financialabuse feel like? Shame and humiliation and feelings of hopelessness and helplessness, these are reall…",financialabuse,financialabuse
hopelessness,2020-09-19 10:27:14,MikeGuillesser,https://twitter.com/MikeGuillesser,https://twitter.com/i/web/status/1307113986748559362,"RT @1800RESPECT: What does #financialabuse feel like? Shame and humiliation and feelings of hopelessness and helplessness, these are reall…",financialabuse,financialabuse
friend,2020-09-16 17:21:28,WarConspiracies,https://twitter.com/WarConspiracies,https://twitter.com/i/web/status/1306131070841102339,"RT @virgotweet: YET ANOTHER SCOTT MORRISON LIBERAL RORT! Taxpayers stumping up $85,000 a year for best friend of PM’s ‘sad &amp; lonely’ wife t…",,
friend,2020-09-17 12:16:19,G_Woodhouse,https://twitter.com/G_Woodhouse,https://twitter.com/i/web/status/1306416666113318912,RT @nadinevoncohen: FUCK YEAH VICTORIANS IF YOU'RE STRUGGLING MENTALLY / MONEYLY / IN A HARMFUL LIVNG SITUATION PLEASE CALL A FRIEND OR THE…,,
friend,2020-09-17 12:15:50,ellecapone,https://twitter.com/ellecapone,https://twitter.com/i/web/status/1306416544365199360,RT @nadinevoncohen: FUCK YEAH VICTORIANS IF YOU'RE STRUGGLING MENTALLY / MONEYLY / IN A HARMFUL LIVNG SITUATION PLEASE CALL A FRIEND OR THE…,,
friend,2020-09-16 16:16:14,cajeffrey14,https://twitter.com/cajeffrey14,https://twitter.com/i/web/status/1306114653966053377,"RT @virgotweet: YET ANOTHER SCOTT MORRISON LIBERAL RORT! Taxpayers stumping up $85,000 a year for best friend of PM’s ‘sad &amp; lonely’ wife t…",,
friend,2020-09-18 01:19:51,HittingAlice,https://twitter.com/HittingAlice,https://twitter.com/i/web/status/1306613845285240832,"RT @Shedfieldlodge: Sadly, we don’t always know the depths of someone’s depression until it is too late. May we get 2 friends to copy and r…",,
friend,2020-09-16 11:00:08,KerryAnnSmith1,https://twitter.com/KerryAnnSmith1,https://twitter.com/i/web/status/1306035105350037505,"RT @virgotweet: YET ANOTHER SCOTT MORRISON LIBERAL RORT! Taxpayers stumping up $85,000 a year for best friend of PM’s ‘sad &amp; lonely’ wife t…",,
friend,2020-09-16 13:00:52,RichForrest2,https://twitter.com/RichForrest2,https://twitter.com/i/web/status/1306065487218929664,"RT @virgotweet: YET ANOTHER SCOTT MORRISON LIBERAL RORT! Taxpayers stumping up $85,000 a year for best friend of PM’s ‘sad &amp; lonely’ wife t…",,
friend,2020-09-16 13:02:12,RichForrest2,https://twitter.com/RichForrest2,https://twitter.com/i/web/status/1306065825539846148,"YET ANOTHER SCOTT MORRISON LIBERAL RORT! Taxpayers stumping up $85,000 a year for best friend of PM’s ‘sad &amp; lonely’ wife to hang out at Kirribilli House: https://t.co/Xat2M0DdjR",,
friend,2020-09-16 17:36:01,johnsalmond,https://twitter.com/johnsalmond,https://twitter.com/i/web/status/1306134729758892033,"RT @virgotweet: YET ANOTHER SCOTT MORRISON LIBERAL RORT! Taxpayers stumping up $85,000 a year for best friend of PM’s ‘sad &amp; lonely’ wife t…",,
friend,2020-09-16 20:04:03,Marvell_Law,https://twitter.com/Marvell_Law,https://twitter.com/i/web/status/1306171987350310912,"RT @virgotweet: YET ANOTHER SCOTT MORRISON LIBERAL RORT! Taxpayers stumping up $85,000 a year for best friend of PM’s ‘sad &amp; lonely’ wife t…",,
dealing,2020-09-18 15:43:59,BasnetRashmita,https://twitter.com/BasnetRashmita,https://twitter.com/i/web/status/1306831313005981697,"RT @ShresthaPrameel: We are struggling, dealing with depression and worrying about our future. Ausralian government doesn't really care abo…",,
dealing,2020-09-16 21:02:47,Nilam3615,https://twitter.com/Nilam3615,https://twitter.com/i/web/status/1306186764747509760,"RT @NiramaTandan: We are struggling, dealing with depression and worrying about our future. Ausralian government doesn't really care about…",,
dealing,2020-09-16 11:22:08,nehasandhu123,https://twitter.com/nehasandhu123,https://twitter.com/i/web/status/1306040640451407874,"RT @ShresthaPrameel: We are struggling, dealing with depression and worrying about our future. Ausralian government doesn't really care abo…",,
dealing,2020-09-16 11:24:43,nehasandhu123,https://twitter.com/nehasandhu123,https://twitter.com/i/web/status/1306041292338601984,"RT @NiramaTandan: We are struggling, dealing with depression and worrying about our future. Ausralian government doesn't really care about…",,
dealing,2020-09-16 00:06:06,nir_7in,https://twitter.com/nir_7in,https://twitter.com/i/web/status/1305870509909966850,"RT @ShresthaPrameel: We are struggling, dealing with depression and worrying about our future. Ausralian government doesn't really care abo…",,
dealing,2020-09-16 00:16:20,nir_7in,https://twitter.com/nir_7in,https://twitter.com/i/web/status/1305873086701543425,"RT @NiramaTandan: We are struggling, dealing with depression and worrying about our future. Ausralian government doesn't really care about…",,
happening,2020-09-16 19:55:50,GolrizGozari,https://twitter.com/GolrizGozari,https://twitter.com/i/web/status/1306169917528444929,@ScottMorrisonMP @PatMcGorry @orygen_aus What is happening in our universities is so disappointing. Very high profile professors are being shattered by redundancy. They are educational resources to Australia. They deserve more respect and job stability. This causes   the society more mental health issues.,,
happening,2020-09-21 12:03:00,nicoligee,https://twitter.com/nicoligee,https://twitter.com/i/web/status/1307862865055866881,"@KKeneally @ScottMorrisonMP The Ministers of Mental Health, need to act on the damage happening to #StrandedAussies. Abandonment, uncertainty, doubt of citizenship value.  @GregHuntMP @bronnietaylor @ShaneRattenbury @natashafyles @jeremyrockliff @MartinFoleyMP @StephenWadeMLC @rogercookmla",StrandedAussies,StrandedAussies
happening,2020-09-21 18:34:13,KaneBriggs,https://twitter.com/KaneBriggs,https://twitter.com/i/web/status/1307961317467328512,"RT @nicoligee: @KKeneally @ScottMorrisonMP The Ministers of Mental Health, need to act on the damage happening to #StrandedAussies. Abandon…",StrandedAussies,StrandedAussies
happening,2020-09-21 17:48:17,tall_rach,https://twitter.com/tall_rach,https://twitter.com/i/web/status/1307949757961297921,"RT @nicoligee: @KKeneally @ScottMorrisonMP The Ministers of Mental Health, need to act on the damage happening to #StrandedAussies. Abandon…",StrandedAussies,StrandedAussies
happening,2020-09-21 15:55:22,janesuzy,https://twitter.com/janesuzy,https://twitter.com/i/web/status/1307921339966091264,"RT @nicoligee: @KKeneally @ScottMorrisonMP The Ministers of Mental Health, need to act on the damage happening to #StrandedAussies. Abandon…",StrandedAussies,StrandedAussies
happening,2020-09-21 17:49:35,marlinpaz,https://twitter.com/marlinpaz,https://twitter.com/i/web/status/1307950084928176130,"RT @nicoligee: @KKeneally @ScottMorrisonMP The Ministers of Mental Health, need to act on the damage happening to #StrandedAussies. Abandon…",StrandedAussies,StrandedAussies
australian,2020-09-16 23:27:01,sreeura,https://twitter.com/sreeura,https://twitter.com/i/web/status/1306223063055253504,"RT @adventure_ali_: The chaos for more than 20,000 Australians stranded around the world looks set to extend to well after Christmas. Thi…",,
australian,2020-09-16 12:56:14,BasnetRashmita,https://twitter.com/BasnetRashmita,https://twitter.com/i/web/status/1306064321374384128,RT @ShresthaPrameel: Australian government cares more about making money from overseas students rather then our mental health. It's utterly…,,
australian,2020-09-22 15:49:44,neetasalaria,https://twitter.com/neetasalaria,https://twitter.com/i/web/status/1308282311541100544,"@AnnieFuller09 @ScottMorrisonMP So true feelings are changing from desperation to depression  ,missing home and family.  abandoned by Australian Government #auspol . Only my faith in God and family keeps me going .@AusHCIndia ever announcing anything to comfort #strandedAussies .",auspol,strandedAussies
australian,2020-09-16 19:38:16,JulianBrownNote,https://twitter.com/JulianBrownNote,https://twitter.com/i/web/status/1306165498338447360,"@ScottMorrisonMP @PatMcGorry @orygen_aus Nothing will have a more detrimental impact on the mental health of Australians than your governments economic failure for the last 6 years &amp; the incredible pressure that puts on our mental health, with economic hardship you caused being the number 1 worry https://t.co/PfxjJmcdWY",,
australian,2020-09-16 00:09:33,nir_7in,https://twitter.com/nir_7in,https://twitter.com/i/web/status/1305871380731367430,RT @ShresthaPrameel: Australian government cares more about making money from overseas students rather then our mental health. It's utterly…,,
australian,2020-09-17 06:08:47,nir_7in,https://twitter.com/nir_7in,https://twitter.com/i/web/status/1306324171643789312,"RT @adventure_ali_: The chaos for more than 20,000 Australians stranded around the world looks set to extend to well after Christmas. Thi…",,
government,2020-09-17 21:48:51,Gunsinaustralia,https://twitter.com/Gunsinaustralia,https://twitter.com/i/web/status/1306560748429082624,@Vic_Rollison I couldn’t agree more. Living under a State Labor government is causing me huge anxiety.,,
government,2020-09-19 17:29:25,gramazzy4,https://twitter.com/gramazzy4,https://twitter.com/i/web/status/1307220235850665984,@NickPonticello @AdvocatePlanet I feel your anxiety.2020 has not been a good year for anyone but the s*$#-))storm of the Trump administration has given you a double whammy.Australia has its own rubbish government so here in solidarity with you.,,
government,2020-09-16 23:49:32,sreeura,https://twitter.com/sreeura,https://twitter.com/i/web/status/1306228729048256512,RT @Samantha_G01: @ScottMorrisonMP (3/3) Where is the compassion from the government? And when will you start listening to what your citize…,,
government,2020-09-16 12:56:14,BasnetRashmita,https://twitter.com/BasnetRashmita,https://twitter.com/i/web/status/1306064321374384128,RT @ShresthaPrameel: Australian government cares more about making money from overseas students rather then our mental health. It's utterly…,,
government,2020-09-18 15:43:59,BasnetRashmita,https://twitter.com/BasnetRashmita,https://twitter.com/i/web/status/1306831313005981697,"RT @ShresthaPrameel: We are struggling, dealing with depression and worrying about our future. Ausralian government doesn't really care abo…",,
government,2020-09-22 15:49:44,neetasalaria,https://twitter.com/neetasalaria,https://twitter.com/i/web/status/1308282311541100544,"@AnnieFuller09 @ScottMorrisonMP So true feelings are changing from desperation to depression  ,missing home and family.  abandoned by Australian Government #auspol . Only my faith in God and family keeps me going .@AusHCIndia ever announcing anything to comfort #strandedAussies .",auspol,strandedAussies
government,2020-09-16 21:02:47,Nilam3615,https://twitter.com/Nilam3615,https://twitter.com/i/web/status/1306186764747509760,"RT @NiramaTandan: We are struggling, dealing with depression and worrying about our future. Ausralian government doesn't really care about…",,
government,2020-09-16 19:38:16,JulianBrownNote,https://twitter.com/JulianBrownNote,https://twitter.com/i/web/status/1306165498338447360,"@ScottMorrisonMP @PatMcGorry @orygen_aus Nothing will have a more detrimental impact on the mental health of Australians than your governments economic failure for the last 6 years &amp; the incredible pressure that puts on our mental health, with economic hardship you caused being the number 1 worry https://t.co/PfxjJmcdWY",,
government,2020-09-16 11:22:08,nehasandhu123,https://twitter.com/nehasandhu123,https://twitter.com/i/web/status/1306040640451407874,"RT @ShresthaPrameel: We are struggling, dealing with depression and worrying about our future. Ausralian government doesn't really care abo…",,
government,2020-09-16 11:24:43,nehasandhu123,https://twitter.com/nehasandhu123,https://twitter.com/i/web/status/1306041292338601984,"RT @NiramaTandan: We are struggling, dealing with depression and worrying about our future. Ausralian government doesn't really care about…",,
damage,2020-09-21 12:03:00,nicoligee,https://twitter.com/nicoligee,https://twitter.com/i/web/status/1307862865055866881,"@KKeneally @ScottMorrisonMP The Ministers of Mental Health, need to act on the damage happening to #StrandedAussies. Abandonment, uncertainty, doubt of citizenship value.  @GregHuntMP @bronnietaylor @ShaneRattenbury @natashafyles @jeremyrockliff @MartinFoleyMP @StephenWadeMLC @rogercookmla",StrandedAussies,StrandedAussies
damage,2020-09-21 18:34:13,KaneBriggs,https://twitter.com/KaneBriggs,https://twitter.com/i/web/status/1307961317467328512,"RT @nicoligee: @KKeneally @ScottMorrisonMP The Ministers of Mental Health, need to act on the damage happening to #StrandedAussies. Abandon…",StrandedAussies,StrandedAussies
damage,2020-09-21 17:48:17,tall_rach,https://twitter.com/tall_rach,https://twitter.com/i/web/status/1307949757961297921,"RT @nicoligee: @KKeneally @ScottMorrisonMP The Ministers of Mental Health, need to act on the damage happening to #StrandedAussies. Abandon…",StrandedAussies,StrandedAussies
damage,2020-09-21 15:55:22,janesuzy,https://twitter.com/janesuzy,https://twitter.com/i/web/status/1307921339966091264,"RT @nicoligee: @KKeneally @ScottMorrisonMP The Ministers of Mental Health, need to act on the damage happening to #StrandedAussies. Abandon…",StrandedAussies,StrandedAussies
damage,2020-09-21 17:49:35,marlinpaz,https://twitter.com/marlinpaz,https://twitter.com/i/web/status/1307950084928176130,"RT @nicoligee: @KKeneally @ScottMorrisonMP The Ministers of Mental Health, need to act on the damage happening to #StrandedAussies. Abandon…",StrandedAussies,StrandedAussies
ausralian,2020-09-18 15:43:59,BasnetRashmita,https://twitter.com/BasnetRashmita,https://twitter.com/i/web/status/1306831313005981697,"RT @ShresthaPrameel: We are struggling, dealing with depression and worrying about our future. Ausralian government doesn't really care abo…",,
ausralian,2020-09-16 21:02:47,Nilam3615,https://twitter.com/Nilam3615,https://twitter.com/i/web/status/1306186764747509760,"RT @NiramaTandan: We are struggling, dealing with depression and worrying about our future. Ausralian government doesn't really care about…",,
ausralian,2020-09-16 11:22:08,nehasandhu123,https://twitter.com/nehasandhu123,https://twitter.com/i/web/status/1306040640451407874,"RT @ShresthaPrameel: We are struggling, dealing with depression and worrying about our future. Ausralian government doesn't really care abo…",,
ausralian,2020-09-16 11:24:43,nehasandhu123,https://twitter.com/nehasandhu123,https://twitter.com/i/web/status/1306041292338601984,"RT @NiramaTandan: We are struggling, dealing with depression and worrying about our future. Ausralian government doesn't really care about…",,
ausralian,2020-09-16 00:06:06,nir_7in,https://twitter.com/nir_7in,https://twitter.com/i/web/status/1305870509909966850,"RT @ShresthaPrameel: We are struggling, dealing with depression and worrying about our future. Ausralian government doesn't really care abo…",,
ausralian,2020-09-16 00:16:20,nir_7in,https://twitter.com/nir_7in,https://twitter.com/i/web/status/1305873086701543425,"RT @NiramaTandan: We are struggling, dealing with depression and worrying about our future. Ausralian government doesn't really care about…",,
shame,2020-09-17 12:07:21,WomensLegalVic,https://twitter.com/WomensLegalVic,https://twitter.com/i/web/status/1306414406306131969,"RT @1800RESPECT: What does #financialabuse feel like? Shame and humiliation and feelings of hopelessness and helplessness, these are reall…",financialabuse,financialabuse
shame,2020-09-18 07:08:27,ASDVConference,https://twitter.com/ASDVConference,https://twitter.com/i/web/status/1306701574723350528,"RT @1800RESPECT: What does #financialabuse feel like? Shame and humiliation and feelings of hopelessness and helplessness, these are reall…",financialabuse,financialabuse
shame,2020-09-18 01:11:45,loisjervis,https://twitter.com/loisjervis,https://twitter.com/i/web/status/1306611809432944640,"RT @1800RESPECT: What does #financialabuse feel like? Shame and humiliation and feelings of hopelessness and helplessness, these are reall…",financialabuse,financialabuse
shame,2020-09-17 13:14:59,ausbanking,https://twitter.com/ausbanking,https://twitter.com/i/web/status/1306431427387351040,"RT @1800RESPECT: What does #financialabuse feel like? Shame and humiliation and feelings of hopelessness and helplessness, these are reall…",financialabuse,financialabuse
shame,2020-09-18 07:29:24,WIS_Adelaide,https://twitter.com/WIS_Adelaide,https://twitter.com/i/web/status/1306706848431521792,"RT @1800RESPECT: What does #financialabuse feel like? Shame and humiliation and feelings of hopelessness and helplessness, these are reall…",financialabuse,financialabuse
shame,2020-09-19 10:27:14,MikeGuillesser,https://twitter.com/MikeGuillesser,https://twitter.com/i/web/status/1307113986748559362,"RT @1800RESPECT: What does #financialabuse feel like? Shame and humiliation and feelings of hopelessness and helplessness, these are reall…",financialabuse,financialabuse
shame,2020-09-22 10:45:21,sreeura,https://twitter.com/sreeura,https://twitter.com/i/web/status/1308205711957004288,RT @HumanLike_U: @removethecaps @KKeneally @SenatorWong @ScottMorrisonMP This is Australia being unashamed even to their own citizens; deny…,,
shame,2020-09-22 06:04:03,HumanLike_U,https://twitter.com/HumanLike_U,https://twitter.com/i/web/status/1308134918178758656,"@removethecaps @KKeneally @SenatorWong @ScottMorrisonMP This is Australia being unashamed even to their own citizens; denying citizens of right to be with their loved ones in times of a crisis. Decimating the economy is not enough, decimating the mental health of its people is its objective because the leaders are weak #auspol",auspol,auspol
helplessness,2020-09-17 12:07:21,WomensLegalVic,https://twitter.com/WomensLegalVic,https://twitter.com/i/web/status/1306414406306131969,"RT @1800RESPECT: What does #financialabuse feel like? Shame and humiliation and feelings of hopelessness and helplessness, these are reall…",financialabuse,financialabuse
helplessness,2020-09-18 07:08:27,ASDVConference,https://twitter.com/ASDVConference,https://twitter.com/i/web/status/1306701574723350528,"RT @1800RESPECT: What does #financialabuse feel like? Shame and humiliation and feelings of hopelessness and helplessness, these are reall…",financialabuse,financialabuse
helplessness,2020-09-18 01:11:45,loisjervis,https://twitter.com/loisjervis,https://twitter.com/i/web/status/1306611809432944640,"RT @1800RESPECT: What does #financialabuse feel like? Shame and humiliation and feelings of hopelessness and helplessness, these are reall…",financialabuse,financialabuse
helplessness,2020-09-17 13:14:59,ausbanking,https://twitter.com/ausbanking,https://twitter.com/i/web/status/1306431427387351040,"RT @1800RESPECT: What does #financialabuse feel like? Shame and humiliation and feelings of hopelessness and helplessness, these are reall…",financialabuse,financialabuse
helplessness,2020-09-18 07:29:24,WIS_Adelaide,https://twitter.com/WIS_Adelaide,https://twitter.com/i/web/status/1306706848431521792,"RT @1800RESPECT: What does #financialabuse feel like? Shame and humiliation and feelings of hopelessness and helplessness, these are reall…",financialabuse,financialabuse
helplessness,2020-09-19 10:27:14,MikeGuillesser,https://twitter.com/MikeGuillesser,https://twitter.com/i/web/status/1307113986748559362,"RT @1800RESPECT: What does #financialabuse feel like? Shame and humiliation and feelings of hopelessness and helplessness, these are reall…",financialabuse,financialabuse
reall,2020-09-18 05:00:04,WaditwarP,https://twitter.com/WaditwarP,https://twitter.com/i/web/status/1306669266846973952,"@ScottMorrisonMP @PatMcGorry @orygen_aus If you really care for the mental health of Aussies, please do something for people stranded overseas. No action from you to reduce the impact of your poor leadership on their mental health. Increase the capping  by 2000 won’t help.",,
reall,2020-09-17 12:07:21,WomensLegalVic,https://twitter.com/WomensLegalVic,https://twitter.com/i/web/status/1306414406306131969,"RT @1800RESPECT: What does #financialabuse feel like? Shame and humiliation and feelings of hopelessness and helplessness, these are reall…",financialabuse,financialabuse
reall,2020-09-18 07:08:27,ASDVConference,https://twitter.com/ASDVConference,https://twitter.com/i/web/status/1306701574723350528,"RT @1800RESPECT: What does #financialabuse feel like? Shame and humiliation and feelings of hopelessness and helplessness, these are reall…",financialabuse,financialabuse
reall,2020-09-18 01:11:45,loisjervis,https://twitter.com/loisjervis,https://twitter.com/i/web/status/1306611809432944640,"RT @1800RESPECT: What does #financialabuse feel like? Shame and humiliation and feelings of hopelessness and helplessness, these are reall…",financialabuse,financialabuse
reall,2020-09-17 13:14:59,ausbanking,https://twitter.com/ausbanking,https://twitter.com/i/web/status/1306431427387351040,"RT @1800RESPECT: What does #financialabuse feel like? Shame and humiliation and feelings of hopelessness and helplessness, these are reall…",financialabuse,financialabuse
reall,2020-09-18 07:29:24,WIS_Adelaide,https://twitter.com/WIS_Adelaide,https://twitter.com/i/web/status/1306706848431521792,"RT @1800RESPECT: What does #financialabuse feel like? Shame and humiliation and feelings of hopelessness and helplessness, these are reall…",financialabuse,financialabuse
reall,2020-09-19 10:27:14,MikeGuillesser,https://twitter.com/MikeGuillesser,https://twitter.com/i/web/status/1307113986748559362,"RT @1800RESPECT: What does #financialabuse feel like? Shame and humiliation and feelings of hopelessness and helplessness, these are reall…",financialabuse,financialabuse
reall,2020-09-18 15:43:59,BasnetRashmita,https://twitter.com/BasnetRashmita,https://twitter.com/i/web/status/1306831313005981697,"RT @ShresthaPrameel: We are struggling, dealing with depression and worrying about our future. Ausralian government doesn't really care abo…",,
reall,2020-09-16 21:02:47,Nilam3615,https://twitter.com/Nilam3615,https://twitter.com/i/web/status/1306186764747509760,"RT @NiramaTandan: We are struggling, dealing with depression and worrying about our future. Ausralian government doesn't really care about…",,
reall,2020-09-16 11:22:08,nehasandhu123,https://twitter.com/nehasandhu123,https://twitter.com/i/web/status/1306040640451407874,"RT @ShresthaPrameel: We are struggling, dealing with depression and worrying about our future. Ausralian government doesn't really care abo…",,
