keyword,counts
timeline,358
designated,358
digit,358
launched,353
approved,339
research,327
keep,326
across,323
service,323
leading,318
line,318
model,314
flatten,311
funded,309
online,301
curve,301
news,301
okay,296
protesters,294
midnight,294
yoga,294
#blacklivesmatterplaza,294
#dcprotests,294
dedicated,294
must,290
free,288
designing,283
improve,277
national,273
additional,271
good,270
providing,268
$20m,264
platform,264
virtual,264
involved,252
share,248
ensure,248
link,248
academic,248
support,248
wellbeing,246
check,243
event,240
reduce,238
prevention,238
story,233
outcomes,231
confirms,229
#vaping,229
quitting,229
submit,229
100-200,229
eoi,229
#mentalhealthresearch,229
yesterday,229
young,222
centres,222
developed,220
effective,220
study,220
inequalit,220
inspiring,220
speech,220
paves,220
meets,220
adult,219
govt,217
today,216
important,215
professionals,214
method,209
follow,208
centre,208
discuss,208
provides,208
2/2,208
morning,208
information,206
conditions,202
great,202
suicide,202
using,195
piece,195
overviewing,195
status,195
a-z,195
registered,195
#youngp,195
drought,195
#covid19,194
via,194
overwhelmed,194
recovery,192
help,192
word,186
part,186
interested,185
#covid_19,185
commission,185
