Topic,word1,word2,word3,word4,word5,word6,word7,word8,word9,word10
Topic 1,depression,write,covid,stress,think,anxiety,release,going,report,mentally
Topic 2,depression,anyone,anything,cruel,criminal,wrong,attack,covid,payment,right
Topic 3,non-citizens,anxiety,australian,people,government,money,making,care,student,important
Topic 4,pressure,waiting,patient,emergency,depression,check,australian,great,million,australia
Topic 5,people,enough,first,depression,issue,australia,suffering,#auspol,poverty,social
