Topic,word1,word2,word3,word4,word5,word6,word7,word8,word9,word10
Topic 1,study,method,#vaping,confirm,effective,quit,important,reduce,inequalit,depression
Topic 2,support,information,time,extra,uncertain,overwhelm,anxiety,inspire,crisis,ensure
Topic 3,support,available,important,feeling,service,include,overwhelm,beyon,break,start
Topic 4,provide,reduce,research,funding,additional,suicide,improve,important,someone,covid
Topic 5,flatten,curve,anxiety,friend,depression,australia,share,victoria,natural,trust
