Topic,word1,word2,word3,word4,word5,word6,word7,word8,word9,word10
Topic 1,nurse,central,support,practitioner,multidisciplinary,resource,healthy,team,continue,forward
Topic 2,lockdown,important,coronavirus,connect,uncertain,friend,family,check-in,article,genesis
Topic 3,struggle,advocate,talk,actor,nurse,depression,people,option,ensure,include
Topic 4,important,physical,reunion,#removethecap,possible,#afairgoforlove,need,priority,touch,active
Topic 5,depression,anxiety,isolation,covid,telehealth,listen,speak,expect,perinatal,social
