Topic,word1,word2,word3,word4,word5,word6,word7,word8,word9,word10
Topic 1,anxiety,depression,completely,facility,#anxiety,sicken,sanction,people,issue,anything
Topic 2,system-based,separate,family,increase,please,cause,impact,australia,serious,close
Topic 3,lockdown,second,fear,spark,melbourne,australian,government,suicide,pandemic,damage
Topic 4,government,support,important,month,social,depression,down,temporary,limiting,interaction
Topic 5,service,social,remote,people,notice,remove,community,essential,arnhem,indigenous
