Topic,word1,word2,word3,word4,word5,word6,word7,word8,word9,word10
Topic 1,access,service,watching,enough,australia,immediately,nurse,problem,child,tearing
Topic 2,anxiety,government,patient,depression,community,system,letting,clinician,place,point
Topic 3,nurse,minister,please,access,general,upskill,practice,specialist,people,without
Topic 4,nurse,depression,people,practitioner,anxiety,access,sleep,victoria,hospital,ready
Topic 5,government,anxiety,right,depression,australian,#loveisnottourism,please,create,people,partner
