Topic,word1,word2,word3,word4,word5,word6,word7,word8,word9,word10
Topic 1,impact,important,#covid19,discover,support,thing,work,maintain,struggle,advice
Topic 2,dedicate,support,professional,clinic,victorian,tomorrow,access,additional,celebrate,month
Topic 3,service,community,university,focus,physical,improve,student,mentor-based,exercise,fitness
Topic 4,today,victoria,announce,location,murray,region,locate,family,struggle,around
Topic 5,australia,#ruokday,support,please,nurse,friend,#mentalhealth,together,word,conversation
