Topic,word1,word2,word3,word4,word5,word6,word7,word8,word9,word10
Topic 1,funding,people,support,recognise,research,quality,depression,victorian,death,access
Topic 2,become,national,recovery,digital,generation,economic,critical,absolutely,optimize,given
Topic 3,anxiety,people,covid,lockdown,cause,financial,causing,presentation,system,problem
Topic 4,depression,sadly,seeing,government,currently,patient,consultation,notify,enormous,amount
Topic 5,leadership,quality,research,fabulous,international,recognition,people,victoria,public,support
