keyword,counts
find,256
difference,248
activity,248
works,248
physical,229
daily,229
makes,213
idea,213
time,208
taking,208
beyond,208
blue,208
dedicated,208
active,196
important,185
cor,185
take,170
especially,166
experiencing,139
ongoing,139
difficulties,139
okay,139
speak-up,139
#headtohealth,139
cope,139
#mentalhealth,134
care,132
big,130
help,121
keep,110
super,110
strong,110
anti-anxiety,110
j,110
miss,110
puerto,110
rico,110
$107,110
🌴💸🛫,110
true,110
dear,110
grandparents,110
parents,110
survived,110
wars,110
depressions,110
worked,110
guts,110
build,110
dams,110
bridges,110
roads,110
f,110
hormones,110
wellbeing,90
actually,82
thought,82
turns,82
early,82
anxiety,72
#anxiety,69
someone,69
fear,69
piece,69
matter,69
affected,69
adjusting,69
changes,69
feeling,69
🎶,69
/and,69
private,69
plunge,69
pool,69
sign,69
⛱️,69
childhood,69
dreams,69
come,69
🌳🏠✨,69
$49,69
plane,69
tickets,69
chicago,69
holidays,69
2021,69
🏙️,69
fares,69
case,69
cancel,69
👀,69
pinch,69
cute,69
retro,69
glampgrounds,69
camp,69
camping,69
🎈,69
life,66
fare,66
