keyword,counts
quality,378
research,375
support,353
fabulous,333
recognition,333
international,333
⁦⁩,330
beyond,326
blue,322
funding,322
leadership,311
dedicated,289
recognises,277
clinics,274
wellbeing,260
connected,256
knows,254
range,246
stay,246
created,246
learn,241
1800respect,241
important,240
comfor,240
affected,239
resources,237
violence,236
available,233
services,231
professionals,229
publ,229
online,224
domestic,222
stories,220
laura,220
higgins,220
closely,220
share,220
designed,220
forums,220
discussion,220
high,215
help,214
service,212
free,211
well,211
done,211
thoughts,209
announcement,209
lin,208
way,208
headtohelp,208
self-isolating,208
absolutely,208
critical,208
optimized,208
victorians,199
suicidal,198
australian,198
access,196
welcomes,195
published,195
shares,195
copin,195
needed,195
find,193
head,192
opening,185
https,185
thanks,185
digital,185
goes,185
week,179
resource,179
appropriate,179
unsettled,179
strange,179
selection,179
quotes,179
minister,179
sharing,179
gratitude,179
24,179
meditation,179
day,177
open,176
feeling,175
family,173
#covid19,170
public,166
cope,165
additional,164
option,161
fro,161
invite,161
subscribe,161
newsletter,161
updates,161
#dvsa,161
senator,161
