Topic,word1,word2,word3,word4,word5,word6,word7,word8,word9,word10
Topic 1,pretend,australian,look,around,people,extend,world,strand,christmas,20000
Topic 2,stress,covid,anxiety,suicide,australia,australian,border,better,impact,people
Topic 3,impact,suicide,people,remain,additional,provide,medicare,pandemic,priority,subsidise
Topic 4,partner,allow,reunite,student,travel,crisis,lift,overseas,nurse,covid
Topic 5,australia,#removethecap,#afairgoforlove,social,important,suicide,physical,covid,leading,develop
