Topic,word1,word2,word3,word4,word5,word6,word7,word8,word9,word10
Topic 1,anxiety,thing,lockdown,child,telehealth,necessary,support,depression,worry,thrive
Topic 2,nurse,central,practitioner,multidisciplinary,team,resource,help,depression,wonder,bearable
Topic 3,physical,important,reunion,possible,#afairgoforlove,#removethecap,support,continue,keeping,engage
Topic 4,important,connect,need,check-in,friend,uncertain,family,priority,active,touch
Topic 5,people,nurse,great,covid,challenge,track,collate,6mths,australian,15-20
