keyword,created_at_local_time,screen_name,user_URL,tweet_URL,tweet_text,hashtag1,hashtag2
family,2020-08-25 17:05:56,LorseaR,https://twitter.com/LorseaR,https://twitter.com/i/web/status/1298154626642923520,"RT @ausgov: If you're in Melbourne, you can leave your home if you need to seek safety from domestic and family violence. Contact 1800RESPE…",,
family,2020-08-25 17:09:52,HollyBu16067164,https://twitter.com/HollyBu16067164,https://twitter.com/i/web/status/1298155619820531712,"RT @ausgov: If you're in Melbourne, you can leave your home if you need to seek safety from domestic and family violence. Contact 1800RESPE…",,
family,2020-08-19 16:48:19,1keithdavis,https://twitter.com/1keithdavis,https://twitter.com/i/web/status/1295975867848384513,"RT @SBSNews: If you or someone you know is impacted by family or domestic violence, call 1800RESPECT on 1800 737 732 or visit https://t.co/…",,
family,2020-08-19 16:11:37,BroskiSnacky,https://twitter.com/BroskiSnacky,https://twitter.com/i/web/status/1295966630866849794,"RT @SBSNews: If you or someone you know is impacted by family or domestic violence, call 1800RESPECT on 1800 737 732 or visit https://t.co/…",,
family,2020-08-19 16:11:09,goremau123,https://twitter.com/goremau123,https://twitter.com/i/web/status/1295966515255107585,"RT @SBSNews: If you or someone you know is impacted by family or domestic violence, call 1800RESPECT on 1800 737 732 or visit https://t.co/…",,
family,2020-08-25 16:56:28,italiancutie82,https://twitter.com/italiancutie82,https://twitter.com/i/web/status/1298152244529885192,"RT @ausgov: If you're in Melbourne, you can leave your home if you need to seek safety from domestic and family violence. Contact 1800RESPE…",,
family,2020-08-23 19:49:57,NWMHgrads,https://twitter.com/NWMHgrads,https://twitter.com/i/web/status/1297471127095132160,"RT @MHCC_: The current COVID-19 pandemic is a source of anxiety for people across the country and your colleagues, friends or family may re…",,
family,2020-08-21 18:00:17,ONJCancerCentre,https://twitter.com/ONJCancerCentre,https://twitter.com/i/web/status/1296718753502302213,"You can still leave home to escape family violence, including after curfew or to travel more than 5km. Call 000 if you’re in danger, or contact safe steps on 1800 015 188. Men can contact MensLine Australia on 1300 789 978. Read more: https://t.co/21hOEVGSmv https://t.co/UhBuOoMzF4",,
family,2020-08-21 18:21:31,TheGreenest_,https://twitter.com/TheGreenest_,https://twitter.com/i/web/status/1296724096235970565,"RT @ONJCancerCentre: You can still leave home to escape family violence, including after curfew or to travel more than 5km. Call 000 if you…",,
family,2020-08-24 16:30:27,_SocialDemocrat,https://twitter.com/_SocialDemocrat,https://twitter.com/i/web/status/1297783309091500032,"RT @SBSNews: If you or someone you know is impacted by sexual assault, family or domestic violence, call 1800RESPECT on 1800 737 732 or vis…",,
group,2020-08-25 09:03:29,ingioz,https://twitter.com/ingioz,https://twitter.com/i/web/status/1298033213944688642,"RT @orygen_aus: FOCUS GROUP | As part of Orygen's project on inflammation in youth depression, we invite young people with lived experience…",,
group,2020-08-24 15:00:01,PatMcGorry,https://twitter.com/PatMcGorry,https://twitter.com/i/web/status/1297760550315675648,"RT @orygen_aus: FOCUS GROUP | As part of Orygen's project on inflammation in youth depression, we invite young people with lived experience…",,
group,2020-08-19 22:06:38,YallopDiana,https://twitter.com/YallopDiana,https://twitter.com/i/web/status/1296055972616495111,@albericie 3/3Beyond Blue hv commissioned notable group of practitioners 2 compile substantial booklet (150p)online now Management of Anxiety &amp; second one on Depression &amp; hve a sort of ranking system re effectiveness of strategies.Hvnt examined closely bt may be useful.,,
group,2020-08-25 07:19:21,anzmha,https://twitter.com/anzmha,https://twitter.com/i/web/status/1298007010760224768,"RT @orygen_aus: FOCUS GROUP | As part of Orygen's project on inflammation in youth depression, we invite young people with lived experience…",,
response,2020-08-24 14:40:28,RNRos,https://twitter.com/RNRos,https://twitter.com/i/web/status/1297755630120235008,"RT @ian_hickie: A focus on the (mental and physical) health and welfare of young people, should be a central focus of the national response…",,
response,2020-08-24 15:02:55,AlanJMitchell_,https://twitter.com/AlanJMitchell_,https://twitter.com/i/web/status/1297761282171367424,"RT @ian_hickie: A focus on the (mental and physical) health and welfare of young people, should be a central focus of the national response…",,
response,2020-08-24 14:49:06,gdtoogood,https://twitter.com/gdtoogood,https://twitter.com/i/web/status/1297757804397133824,"RT @ian_hickie: A focus on the (mental and physical) health and welfare of young people, should be a central focus of the national response…",,
response,2020-08-24 15:18:30,amcl2004,https://twitter.com/amcl2004,https://twitter.com/i/web/status/1297765205464608768,"RT @ian_hickie: A focus on the (mental and physical) health and welfare of young people, should be a central focus of the national response…",,
response,2020-08-21 10:13:39,peggymel2001,https://twitter.com/peggymel2001,https://twitter.com/i/web/status/1296601321445797888,"RT @ian_hickie: As 'lockdown fatigue' sets in, the toll on mental health will require an urgent response ⁦@GregHuntMP⁩ ⁦@PatMcGorry⁩ ⁦@Pats…",,
response,2020-08-24 10:29:09,ian_hickie,https://twitter.com/ian_hickie,https://twitter.com/i/web/status/1297692384638038018,"A focus on the (mental and physical) health and welfare of young people, should be a central focus of the national response to COVID19; Many of the potential adverse outcomes (including suicide) are preventable with the right choices now! @GregHuntMP @PatMcGorry @PatsKarvelas https://t.co/qZ2UTKvQd8",,
response,2020-08-24 10:30:17,AllergyWhispers,https://twitter.com/AllergyWhispers,https://twitter.com/i/web/status/1297692670576345088,"RT @ian_hickie: A focus on the (mental and physical) health and welfare of young people, should be a central focus of the national response…",,
response,2020-08-24 11:34:13,MJA_Editor,https://twitter.com/MJA_Editor,https://twitter.com/i/web/status/1297708760425627649,"RT @ian_hickie: A focus on the (mental and physical) health and welfare of young people, should be a central focus of the national response…",,
response,2020-08-24 14:59:26,pauline_mh1,https://twitter.com/pauline_mh1,https://twitter.com/i/web/status/1297760404693688321,"RT @ian_hickie: A focus on the (mental and physical) health and welfare of young people, should be a central focus of the national response…",,
response,2020-08-24 11:40:32,LMStrategy,https://twitter.com/LMStrategy,https://twitter.com/i/web/status/1297710350234656769,"RT @ian_hickie: A focus on the (mental and physical) health and welfare of young people, should be a central focus of the national response…",,
australia,2020-08-19 01:10:27,sreeura,https://twitter.com/sreeura,https://twitter.com/i/web/status/1295739846745444353,RT @nehasandhu123: Always felt pride that Australia cares the most about the mental health issues. What about the mental health of the #Aus…,,
australia,2020-08-21 20:43:58,sreeura,https://twitter.com/sreeura,https://twitter.com/i/web/status/1296759947946909696,"RT @Samizzle_Songz: 🇦🇺❤🇬🇭@ScottMorrisonMP yes Australia is not like other countries, but other countries appear to care more about families…",,
australia,2020-08-21 20:45:08,lealovinglifea1,https://twitter.com/lealovinglifea1,https://twitter.com/i/web/status/1296760240797560834,"RT @Samizzle_Songz: 🇦🇺❤🇬🇭@ScottMorrisonMP yes Australia is not like other countries, but other countries appear to care more about families…",,
australia,2020-08-23 10:22:37,Nucleon39642876,https://twitter.com/Nucleon39642876,https://twitter.com/i/web/status/1297328352718516224,"RT @Samizzle_Songz: 🇦🇺❤🇬🇭@ScottMorrisonMP yes Australia is not like other countries, but other countries appear to care more about families…",,
australia,2020-08-23 10:25:56,autumn_daze00,https://twitter.com/autumn_daze00,https://twitter.com/i/web/status/1297329186978140161,"RT @Samizzle_Songz: 🇦🇺❤🇬🇭@ScottMorrisonMP yes Australia is not like other countries, but other countries appear to care more about families…",,
australia,2020-08-21 20:33:42,afairgoforlove,https://twitter.com/afairgoforlove,https://twitter.com/i/web/status/1296757362699599872,"RT @Samizzle_Songz: 🇦🇺❤🇬🇭@ScottMorrisonMP yes Australia is not like other countries, but other countries appear to care more about families…",,
australia,2020-08-21 11:35:27,JaneSimmons19,https://twitter.com/JaneSimmons19,https://twitter.com/i/web/status/1296621905529548800,RT @NSWEducation: What is healthy versus unhealthy stress? ⚖️ https://t.co/ZuzNYKRvWW Australia help us see how we can use stress to kick g…,,
australia,2020-08-20 21:40:19,Naomi55505271,https://twitter.com/Naomi55505271,https://twitter.com/i/web/status/1296411740528357377,RT @MensLine_Aus: MensLine Australia is a free online and phone counselling service for men with emotional health and relationship concerns…,,
australia,2020-08-25 15:47:57,fincapau,https://twitter.com/fincapau,https://twitter.com/i/web/status/1298135004854157313,RT @beyondblue: Many people in Australia have found themselves out of work as a result of the COVID-19 outbreak. If you have lost your job…,,
australia,2020-08-21 09:48:41,FutureMindsAcc,https://twitter.com/FutureMindsAcc,https://twitter.com/i/web/status/1296595038818848768,RT @NSWEducation: What is healthy versus unhealthy stress? ⚖️ https://t.co/ZuzNYKRvWW Australia help us see how we can use stress to kick g…,,
abuse,2020-08-21 07:47:45,SabrinFarooqui,https://twitter.com/SabrinFarooqui,https://twitter.com/i/web/status/1296564603611045889,"RT @1800RESPECT: Physically, mentally, emotionally, and verbally abused. I would say all of those abuses are the cage and #financialabuse…",financialabuse,financialabuse
abuse,2020-08-20 16:03:19,upperhumepcp,https://twitter.com/upperhumepcp,https://twitter.com/i/web/status/1296326931743309824,"RT @1800RESPECT: Physically, mentally, emotionally, and verbally abused. I would say all of those abuses are the cage and #financialabuse…",financialabuse,financialabuse
abuse,2020-08-21 12:12:20,VictorianPCPs,https://twitter.com/VictorianPCPs,https://twitter.com/i/web/status/1296631189755682818,"RT @1800RESPECT: Physically, mentally, emotionally, and verbally abused. I would say all of those abuses are the cage and #financialabuse…",financialabuse,financialabuse
abuse,2020-08-20 15:22:26,pwncess_peach,https://twitter.com/pwncess_peach,https://twitter.com/i/web/status/1296316641504931840,"RT @1800RESPECT: Physically, mentally, emotionally, and verbally abused. I would say all of those abuses are the cage and #financialabuse…",financialabuse,financialabuse
abuse,2020-08-20 15:05:03,1800RESPECT,https://twitter.com/1800RESPECT,https://twitter.com/i/web/status/1296312266367926272,"Physically, mentally, emotionally, and verbally abused. I would say all of those abuses are the cage and #financialabuse is the padlock.  The Financial Abuse Support Toolkit provides information about financial abuse and how to reach out for support. https://t.co/xtkP3EroA3 https://t.co/M6h0hRffjN",financialabuse,financialabuse
abuse,2020-08-20 17:29:47,OurWatchCEO,https://twitter.com/OurWatchCEO,https://twitter.com/i/web/status/1296348691427540992,"RT @1800RESPECT: Physically, mentally, emotionally, and verbally abused. I would say all of those abuses are the cage and #financialabuse…",financialabuse,financialabuse
abuse,2020-08-20 16:54:06,MikeGuillesser,https://twitter.com/MikeGuillesser,https://twitter.com/i/web/status/1296339712009891840,"RT @1800RESPECT: Physically, mentally, emotionally, and verbally abused. I would say all of those abuses are the cage and #financialabuse…",financialabuse,financialabuse
issue,2020-08-19 01:10:27,sreeura,https://twitter.com/sreeura,https://twitter.com/i/web/status/1295739846745444353,RT @nehasandhu123: Always felt pride that Australia cares the most about the mental health issues. What about the mental health of the #Aus…,,
issue,2020-08-24 22:35:09,AndrewW89846090,https://twitter.com/AndrewW89846090,https://twitter.com/i/web/status/1297875091145940993,RT @xskinn: Get immediate help for depression and anxiety - Beyond Blue. If tonight’s 4Corners story has raised any issues remember orgs li…,,
issue,2020-08-24 22:53:29,MargMcCrohon,https://twitter.com/MargMcCrohon,https://twitter.com/i/web/status/1297879702019874816,RT @xskinn: Get immediate help for depression and anxiety - Beyond Blue. If tonight’s 4Corners story has raised any issues remember orgs li…,,
issue,2020-08-24 23:29:08,GayleWilliams53,https://twitter.com/GayleWilliams53,https://twitter.com/i/web/status/1297888673946431494,RT @xskinn: Get immediate help for depression and anxiety - Beyond Blue. If tonight’s 4Corners story has raised any issues remember orgs li…,,
issue,2020-08-24 22:41:36,igfbss,https://twitter.com/igfbss,https://twitter.com/i/web/status/1297876714123456514,RT @xskinn: Get immediate help for depression and anxiety - Beyond Blue. If tonight’s 4Corners story has raised any issues remember orgs li…,,
issue,2020-08-24 22:40:32,jmacontheloose,https://twitter.com/jmacontheloose,https://twitter.com/i/web/status/1297876444123553792,RT @xskinn: Get immediate help for depression and anxiety - Beyond Blue. If tonight’s 4Corners story has raised any issues remember orgs li…,,
issue,2020-08-24 23:27:15,BirrellSb,https://twitter.com/BirrellSb,https://twitter.com/i/web/status/1297888202246610944,RT @xskinn: Get immediate help for depression and anxiety - Beyond Blue. If tonight’s 4Corners story has raised any issues remember orgs li…,,
issue,2020-08-24 22:47:16,stanleywaite1,https://twitter.com/stanleywaite1,https://twitter.com/i/web/status/1297878137372475393,RT @xskinn: Get immediate help for depression and anxiety - Beyond Blue. If tonight’s 4Corners story has raised any issues remember orgs li…,,
issue,2020-08-21 18:03:36,PatMcGorry,https://twitter.com/PatMcGorry,https://twitter.com/i/web/status/1296719586675445760,RT @RANZCP: Times of heightened stress and anxiety can exacerbate existing mental health issues. If you’re worried about yourself or someon…,,
issue,2020-08-25 09:05:09,mishyloan,https://twitter.com/mishyloan,https://twitter.com/i/web/status/1298033635224719360,RT @xskinn: Get immediate help for depression and anxiety - Beyond Blue. If tonight’s 4Corners story has raised any issues remember orgs li…,,
pandemic,2020-08-24 23:55:23,25MMCC,https://twitter.com/25MMCC,https://twitter.com/i/web/status/1297895282810658817,RT @JuliaGillard: Let’s take care of our mental health as we work together to beat the pandemic. You can read more about mental health and…,,
pandemic,2020-08-19 22:06:28,collectables66,https://twitter.com/collectables66,https://twitter.com/i/web/status/1296055931965337600,RT @JuliaGillard: Let’s take care of our mental health as we work together to beat the pandemic. You can read more about mental health and…,,
pandemic,2020-08-20 22:15:06,collectables66,https://twitter.com/collectables66,https://twitter.com/i/web/status/1296420494816813056,RT @JuliaGillard: Let’s take care of our mental health as we work together to beat the pandemic. You can read more about mental health and…,,
pandemic,2020-08-21 22:43:45,collectables66,https://twitter.com/collectables66,https://twitter.com/i/web/status/1296790091340197889,RT @JuliaGillard: Let’s take care of our mental health as we work together to beat the pandemic. You can read more about mental health and…,,
pandemic,2020-08-22 21:55:13,collectables66,https://twitter.com/collectables66,https://twitter.com/i/web/status/1297140264394305537,RT @JuliaGillard: Let’s take care of our mental health as we work together to beat the pandemic. You can read more about mental health and…,,
pandemic,2020-08-23 21:38:38,collectables66,https://twitter.com/collectables66,https://twitter.com/i/web/status/1297498478222819328,RT @JuliaGillard: Let’s take care of our mental health as we work together to beat the pandemic. You can read more about mental health and…,,
pandemic,2020-08-24 22:45:37,collectables66,https://twitter.com/collectables66,https://twitter.com/i/web/status/1297877723776290816,RT @JuliaGillard: Let’s take care of our mental health as we work together to beat the pandemic. You can read more about mental health and…,,
pandemic,2020-08-23 19:49:57,NWMHgrads,https://twitter.com/NWMHgrads,https://twitter.com/i/web/status/1297471127095132160,"RT @MHCC_: The current COVID-19 pandemic is a source of anxiety for people across the country and your colleagues, friends or family may re…",,
pandemic,2020-08-19 10:53:57,livinginthehat,https://twitter.com/livinginthehat,https://twitter.com/i/web/status/1295886686556045312,@For_Australia_ @chickybabe_71 Completely agree. This is being overlooked. It was a huge problem before the pandemic among men and I assume it has worsened.   If anyone out there is struggling and needs help:   https://t.co/2nPwyxYpJB,,
pandemic,2020-08-25 00:05:39,Ausshot3Dave,https://twitter.com/Ausshot3Dave,https://twitter.com/i/web/status/1297897863255429122,RT @JuliaGillard: Let’s take care of our mental health as we work together to beat the pandemic. You can read more about mental health and…,,
increase,2020-08-19 15:05:02,1800RESPECT,https://twitter.com/1800RESPECT,https://twitter.com/i/web/status/1295949874152853505,"Safety apps may help to increase your #safety when using devices like mobile phones, iPads and tablets. Each app has different information and services. See our website for a list of apps, including 1800RESPECT Sunny and Daisy apps.  https://t.co/8EPR8U9kEt",safety,safety
increase,2020-08-20 16:17:21,HandyAndyPandy,https://twitter.com/HandyAndyPandy,https://twitter.com/i/web/status/1296330463099772929,@darthwookiee89 @DJTh3Gooner @adzz75 @DamoPelham On top of: Increased calls to domestic violence helplines including a 26% increase in calls to Mensline. Google reported a 75% increase in internet searches relating to support for domestic violence. https://t.co/DABIeguNJH,,
increase,2020-08-22 12:16:41,NaskingKing,https://twitter.com/NaskingKing,https://twitter.com/i/web/status/1296994672586285056,RT @SFredericksCEO: The increase in #telehealth services are likely here to stay as an integrated part of mental healthcare in a post-COVID…,telehealth,telehealth
increase,2020-08-19 20:26:59,MikeGuillesser,https://twitter.com/MikeGuillesser,https://twitter.com/i/web/status/1296030897121107972,"RT @1800RESPECT: Safety apps may help to increase your #safety when using devices like mobile phones, iPads and tablets. Each app has diffe…",safety,safety
increase,2020-08-25 01:06:03,koukli86,https://twitter.com/koukli86,https://twitter.com/i/web/status/1297913065850249219,"RT @chocolatexdutch: Separation of a cohabiting relationship is associated with increased rates of DEPRESSION, SUICIDAL behaviour, and tot…",,
partner,2020-08-19 12:30:00,sreeura,https://twitter.com/sreeura,https://twitter.com/i/web/status/1295910861639282688,RT @Danni2827: The mental health of Australians left without their partners with no end in sight. #AFairGoForLove   @ScottMorrisonMP @Peter…,AFairGoForLove,AFairGoForLove
partner,2020-08-19 14:15:47,sreeura,https://twitter.com/sreeura,https://twitter.com/i/web/status/1295937481330679810,"RT @JoelyTuray: Only those people that are seperated by their partners can understand the pain, the depression, the sadness and loneliness…",,
partner,2020-08-20 10:50:59,sreeura,https://twitter.com/sreeura,https://twitter.com/i/web/status/1296248330255622144,RT @nicola38381851: The mental health of Australians is important too &amp; not knowing when we will see our partners again is impacting our me…,,
partner,2020-08-21 22:35:38,sreeura,https://twitter.com/sreeura,https://twitter.com/i/web/status/1296788046189178881,RT @Nawal63389780: How about the mental health of people being split apart from their other half? #bringourpartnershome  #LoveIsNotTourisma…,bringourpartnershome,bringourpartnershome
partner,2020-08-19 18:20:05,hiba_akmal,https://twitter.com/hiba_akmal,https://twitter.com/i/web/status/1295998962160164864,"RT @JoelyTuray: Only those people that are seperated by their partners can understand the pain, the depression, the sadness and loneliness…",,
partner,2020-08-19 14:32:28,lovepre91961313,https://twitter.com/lovepre91961313,https://twitter.com/i/web/status/1295941680462348289,"RT @JoelyTuray: Only those people that are seperated by their partners can understand the pain, the depression, the sadness and loneliness…",,
partner,2020-08-20 11:57:35,lovepre91961313,https://twitter.com/lovepre91961313,https://twitter.com/i/web/status/1296265088425287680,RT @nicola38381851: The mental health of Australians is important too &amp; not knowing when we will see our partners again is impacting our me…,,
partner,2020-08-21 23:01:08,lovepre91961313,https://twitter.com/lovepre91961313,https://twitter.com/i/web/status/1296794466078978050,RT @Nawal63389780: How about the mental health of people being split apart from their other half? #bringourpartnershome  #LoveIsNotTourisma…,bringourpartnershome,bringourpartnershome
partner,2020-08-20 05:53:41,koukli86,https://twitter.com/koukli86,https://twitter.com/i/web/status/1296173510788866048,"RT @JoelyTuray: Only those people that are seperated by their partners can understand the pain, the depression, the sadness and loneliness…",,
partner,2020-08-20 11:41:02,wintertriangel,https://twitter.com/wintertriangel,https://twitter.com/i/web/status/1296260923477209090,"RT @JoelyTuray: Only those people that are seperated by their partners can understand the pain, the depression, the sadness and loneliness…",,
sadness,2020-08-19 14:15:47,sreeura,https://twitter.com/sreeura,https://twitter.com/i/web/status/1295937481330679810,"RT @JoelyTuray: Only those people that are seperated by their partners can understand the pain, the depression, the sadness and loneliness…",,
sadness,2020-08-19 18:20:05,hiba_akmal,https://twitter.com/hiba_akmal,https://twitter.com/i/web/status/1295998962160164864,"RT @JoelyTuray: Only those people that are seperated by their partners can understand the pain, the depression, the sadness and loneliness…",,
sadness,2020-08-19 14:32:28,lovepre91961313,https://twitter.com/lovepre91961313,https://twitter.com/i/web/status/1295941680462348289,"RT @JoelyTuray: Only those people that are seperated by their partners can understand the pain, the depression, the sadness and loneliness…",,
sadness,2020-08-20 05:53:41,koukli86,https://twitter.com/koukli86,https://twitter.com/i/web/status/1296173510788866048,"RT @JoelyTuray: Only those people that are seperated by their partners can understand the pain, the depression, the sadness and loneliness…",,
sadness,2020-08-20 11:41:02,wintertriangel,https://twitter.com/wintertriangel,https://twitter.com/i/web/status/1296260923477209090,"RT @JoelyTuray: Only those people that are seperated by their partners can understand the pain, the depression, the sadness and loneliness…",,
sadness,2020-08-19 15:32:33,nicola38381851,https://twitter.com/nicola38381851,https://twitter.com/i/web/status/1295956798088704001,"RT @JoelyTuray: Only those people that are seperated by their partners can understand the pain, the depression, the sadness and loneliness…",,
people,2020-08-22 21:13:00,NatInsurBrokers,https://twitter.com/NatInsurBrokers,https://twitter.com/i/web/status/1297129641933598725,🔷Mental Health is real 🔷Sucide rates are increasing  🔷Only action can help 🔷Stop talking 🔷Open the borders 🔷Our Aussie farmers rely on it @ScottMorrisonMP @GladysB @DanielAndrewsMP #farmersfirst #Mentalhealth #CommonSense #peoplefirst #AgTwitter @nswdpi @VicGovDHHS https://t.co/zc9u2tB6BL,AgTwitter,peoplefirst
people,2020-08-25 15:47:57,fincapau,https://twitter.com/fincapau,https://twitter.com/i/web/status/1298135004854157313,RT @beyondblue: Many people in Australia have found themselves out of work as a result of the COVID-19 outbreak. If you have lost your job…,,
people,2020-08-25 15:37:24,beyondblue,https://twitter.com/beyondblue,https://twitter.com/i/web/status/1298132347548663810,"Many people in Australia have found themselves out of work as a result of the COVID-19 outbreak. If you have lost your job recently, there are steps you can take to restructure your finances. Head to https://t.co/rBYp3u223k for more information.",,
people,2020-08-25 16:06:33,Qld_MHC,https://twitter.com/Qld_MHC,https://twitter.com/i/web/status/1298139685001113600,RT @beyondblue: Many people in Australia have found themselves out of work as a result of the COVID-19 outbreak. If you have lost your job…,,
people,2020-08-23 19:49:57,NWMHgrads,https://twitter.com/NWMHgrads,https://twitter.com/i/web/status/1297471127095132160,"RT @MHCC_: The current COVID-19 pandemic is a source of anxiety for people across the country and your colleagues, friends or family may re…",,
people,2020-08-25 16:54:05,rhimcgee,https://twitter.com/rhimcgee,https://twitter.com/i/web/status/1298151644127870981,RT @beyondblue: Many people in Australia have found themselves out of work as a result of the COVID-19 outbreak. If you have lost your job…,,
people,2020-08-25 15:57:32,buzzed25,https://twitter.com/buzzed25,https://twitter.com/i/web/status/1298137414100086784,RT @beyondblue: Many people in Australia have found themselves out of work as a result of the COVID-19 outbreak. If you have lost your job…,,
people,2020-08-24 14:58:51,INW_PCP,https://twitter.com/INW_PCP,https://twitter.com/i/web/status/1297760260229218305,"RT @ACU_ICPS: .@NYCInquiryAU Interim Report mental health chapter tells a sad story: Anxiety, stress &amp; depression high in #youngpeople. Imp…",youngpeople,youngpeople
people,2020-08-24 17:36:03,Friendcare61,https://twitter.com/Friendcare61,https://twitter.com/i/web/status/1297799819952447491,RT @AnxietyUK: As the country is starting to return to work it’s understandable that people may feel #anxious about this. Anxiety UK can pr…,anxious,anxious
people,2020-08-24 13:39:03,ACU_ICPS,https://twitter.com/ACU_ICPS,https://twitter.com/i/web/status/1297740176152616960,".@NYCInquiryAU Interim Report mental health chapter tells a sad story: Anxiety, stress &amp; depression high in #youngpeople. Impact of COVID-19 will last for years. Early intervention is impt but a complex service system makes access difficult https://t.co/SIf1S0CW8A https://t.co/ABAJDghiiX",youngpeople,youngpeople
friend,2020-08-19 09:14:45,KateSimkovic,https://twitter.com/KateSimkovic,https://twitter.com/i/web/status/1295861724684251139,"RT @ACSEP_: Our friends at THIS WAY UP have likened the experience of COVID-19 to a marathon. We're not close to the finish line yet, but w…",,
friend,2020-08-23 19:49:57,NWMHgrads,https://twitter.com/NWMHgrads,https://twitter.com/i/web/status/1297471127095132160,"RT @MHCC_: The current COVID-19 pandemic is a source of anxiety for people across the country and your colleagues, friends or family may re…",,
friend,2020-08-19 22:35:01,Judetomyfriends,https://twitter.com/Judetomyfriends,https://twitter.com/i/web/status/1296063117789556736,"@SZKeene @lachlanmccall @Asher_Wolf @friendlyjordies @AusUnemployment Hey Suzanne, ditto here re: female/age, low serotonin(+major depression, anxiety disorder, ptsd &amp; fm ), on Newstart for years b4 granted DSP and I can promise you Jordan is NOT criticising unwitting 'members' of AUWU. He is exposing the exec's/hierachy only.",,
friend,2020-08-24 09:31:28,ARNA_Tweets,https://twitter.com/ARNA_Tweets,https://twitter.com/i/web/status/1297677870979059715,"RT @healthgovau: When we can’t see our friends &amp; family regularly, it can be hard to keep on top of things. It's normal to feel anxious, ov…",,
friend,2020-08-24 20:06:26,ozvascdoc,https://twitter.com/ozvascdoc,https://twitter.com/i/web/status/1297837666017267713,"RT @healthgovau: When we can’t see our friends &amp; family regularly, it can be hard to keep on top of things. It's normal to feel anxious, ov…",,
friend,2020-08-24 14:26:17,AusEmbAfg,https://twitter.com/AusEmbAfg,https://twitter.com/i/web/status/1297752061740802049,"RT @healthgovau: When we can’t see our friends &amp; family regularly, it can be hard to keep on top of things. It's normal to feel anxious, ov…",,
friend,2020-08-25 17:22:18,NRHAlliance,https://twitter.com/NRHAlliance,https://twitter.com/i/web/status/1298158747009744898,"RT @healthgovau: When we can’t see our friends &amp; family regularly, it can be hard to keep on top of things. It's normal to feel anxious, ov…",,
friend,2020-08-25 16:54:25,IAHA_National,https://twitter.com/IAHA_National,https://twitter.com/i/web/status/1298151730685739008,"RT @healthgovau: When we can’t see our friends &amp; family regularly, it can be hard to keep on top of things. It's normal to feel anxious, ov…",,
tonight,2020-08-24 22:35:09,AndrewW89846090,https://twitter.com/AndrewW89846090,https://twitter.com/i/web/status/1297875091145940993,RT @xskinn: Get immediate help for depression and anxiety - Beyond Blue. If tonight’s 4Corners story has raised any issues remember orgs li…,,
tonight,2020-08-24 07:34:23,UpperBayStreet,https://twitter.com/UpperBayStreet,https://twitter.com/i/web/status/1297648403103457280,ABC Four Corners tonight.      🌐 Beyond Blue         📞 1300 22 4636     🌐 Lifeline         📞 13 11 14     🌐 Suicide Call Back Service         📞 1300 659 467  https://t.co/yuGRW1M8YD  #mentalhealth,mentalhealth,mentalhealth
tonight,2020-08-24 22:53:29,MargMcCrohon,https://twitter.com/MargMcCrohon,https://twitter.com/i/web/status/1297879702019874816,RT @xskinn: Get immediate help for depression and anxiety - Beyond Blue. If tonight’s 4Corners story has raised any issues remember orgs li…,,
tonight,2020-08-24 23:29:08,GayleWilliams53,https://twitter.com/GayleWilliams53,https://twitter.com/i/web/status/1297888673946431494,RT @xskinn: Get immediate help for depression and anxiety - Beyond Blue. If tonight’s 4Corners story has raised any issues remember orgs li…,,
tonight,2020-08-24 22:41:36,igfbss,https://twitter.com/igfbss,https://twitter.com/i/web/status/1297876714123456514,RT @xskinn: Get immediate help for depression and anxiety - Beyond Blue. If tonight’s 4Corners story has raised any issues remember orgs li…,,
tonight,2020-08-24 22:40:32,jmacontheloose,https://twitter.com/jmacontheloose,https://twitter.com/i/web/status/1297876444123553792,RT @xskinn: Get immediate help for depression and anxiety - Beyond Blue. If tonight’s 4Corners story has raised any issues remember orgs li…,,
tonight,2020-08-24 23:27:15,BirrellSb,https://twitter.com/BirrellSb,https://twitter.com/i/web/status/1297888202246610944,RT @xskinn: Get immediate help for depression and anxiety - Beyond Blue. If tonight’s 4Corners story has raised any issues remember orgs li…,,
tonight,2020-08-24 22:47:16,stanleywaite1,https://twitter.com/stanleywaite1,https://twitter.com/i/web/status/1297878137372475393,RT @xskinn: Get immediate help for depression and anxiety - Beyond Blue. If tonight’s 4Corners story has raised any issues remember orgs li…,,
tonight,2020-08-25 09:05:09,mishyloan,https://twitter.com/mishyloan,https://twitter.com/i/web/status/1298033635224719360,RT @xskinn: Get immediate help for depression and anxiety - Beyond Blue. If tonight’s 4Corners story has raised any issues remember orgs li…,,
tonight,2020-08-24 23:23:00,wooldorsockbatt,https://twitter.com/wooldorsockbatt,https://twitter.com/i/web/status/1297887133600866305,RT @xskinn: Get immediate help for depression and anxiety - Beyond Blue. If tonight’s 4Corners story has raised any issues remember orgs li…,,
essential,2020-08-24 09:03:46,figstuff,https://twitter.com/figstuff,https://twitter.com/i/web/status/1297670900288909313,Masked show essential? Buying a yatch in Greece essential? Feeding cattle over NSWBorder ESSENTIAL  Doctors Nurses Carers ESSENTIAL  Trucks carrying food stock ESSENTIAL  Football  essential @ScottMorrisonMP Pay rise essential?  Compassion Empathy Love Mental health ESSENTIAL YES https://t.co/62K0xqcwPt,,
essential,2020-08-25 16:16:18,afairgoforlove,https://twitter.com/afairgoforlove,https://twitter.com/i/web/status/1298142137876221953,@AlanTudgeMP @3AWNeilMitchell #LoveIsNotTourism #LoveIsEssential #afairgoforlove Can we look at the depression and suicide rates for being kept from our partners for an indefinite amount of time? 💔 https://t.co/Pc3yTctL56,afairgoforlove,LoveIsNotTourism
anxiety,2020-08-24 22:35:09,AndrewW89846090,https://twitter.com/AndrewW89846090,https://twitter.com/i/web/status/1297875091145940993,RT @xskinn: Get immediate help for depression and anxiety - Beyond Blue. If tonight’s 4Corners story has raised any issues remember orgs li…,,
anxiety,2020-08-19 10:01:59,IPCHealth_au,https://twitter.com/IPCHealth_au,https://twitter.com/i/web/status/1295873610498752513,RT @Child_Adversity: Struggling to talk to your young ones about #masks for #coronavirus? Noticing #anxiety and fear? @RCN_AUS has develope…,anxiety,masks
anxiety,2020-08-24 14:43:43,FutureMindsAcc,https://twitter.com/FutureMindsAcc,https://twitter.com/i/web/status/1297756448378634241,"RT @TED_ED: Math tends to inspire groans, moans, and a fair amount of anxiety. But is there any way to make math enjoyable? Or, dare we say…",,
anxiety,2020-08-21 11:44:03,autumn_daze00,https://twitter.com/autumn_daze00,https://twitter.com/i/web/status/1296624072931987456,RT @chefsami_la: 162 days without him. 162 days of tears and heartache. Anxiety and depression. Wonder. Hope. Fear. Uncertainty. Disbelief.…,,
anxiety,2020-08-24 22:53:29,MargMcCrohon,https://twitter.com/MargMcCrohon,https://twitter.com/i/web/status/1297879702019874816,RT @xskinn: Get immediate help for depression and anxiety - Beyond Blue. If tonight’s 4Corners story has raised any issues remember orgs li…,,
anxiety,2020-08-25 15:04:40,BroskiSnacky,https://twitter.com/BroskiSnacky,https://twitter.com/i/web/status/1298124111533600768,I'm not letting my anxiety or my depression stop me  I'm not a cry baby,,
anxiety,2020-08-25 16:38:37,BroskiSnacky,https://twitter.com/BroskiSnacky,https://twitter.com/i/web/status/1298147754741362689,RT @BroskiSnacky: I'm not letting my anxiety or my depression stop me  I'm not a cry baby,,
anxiety,2020-08-24 23:29:08,GayleWilliams53,https://twitter.com/GayleWilliams53,https://twitter.com/i/web/status/1297888673946431494,RT @xskinn: Get immediate help for depression and anxiety - Beyond Blue. If tonight’s 4Corners story has raised any issues remember orgs li…,,
anxiety,2020-08-19 18:38:04,ausrotaryhealth,https://twitter.com/ausrotaryhealth,https://twitter.com/i/web/status/1296003485738164224,This statistic is more than twice as high (46%) among those who consider their workplace mentally unhealthy.  Donate to mental health research today: https://t.co/mynEZTSXPT  #Liftthelidonmentalillness #workplace #mentalhealth #research #stress #depression #anxiety #workstress https://t.co/nyZCdSXgzG,anxiety,workstress
anxiety,2020-08-19 14:57:58,EveryAustralian,https://twitter.com/EveryAustralian,https://twitter.com/i/web/status/1295948095843373057,RT @PWDAustralia: Mr Chan is worried because his mother is at high risk of COVID due to her age. He has had high levels of anxiety and trou…,,
access,2020-08-21 10:09:19,lensville,https://twitter.com/lensville,https://twitter.com/i/web/status/1296600229811089408,RT @VicGovDHHS: This is a difficult and uncertain time for many. If you are feeling worried or wanting support you can access the Coronavir…,,
access,2020-08-21 10:01:47,UpperBayStreet,https://twitter.com/UpperBayStreet,https://twitter.com/i/web/status/1296598335629873152,RT @VicGovDHHS: This is a difficult and uncertain time for many. If you are feeling worried or wanting support you can access the Coronavir…,,
access,2020-08-21 10:03:37,Obsqur,https://twitter.com/Obsqur,https://twitter.com/i/web/status/1296598797003317248,RT @VicGovDHHS: This is a difficult and uncertain time for many. If you are feeling worried or wanting support you can access the Coronavir…,,
access,2020-08-22 17:27:59,priv8hospitals,https://twitter.com/priv8hospitals,https://twitter.com/i/web/status/1297073015029563392,"RT @healthgovau: The changing environment can have an impact on your mental health, so it’s important to access support when you need it. F…",,
access,2020-08-21 11:04:14,lizzie_p1,https://twitter.com/lizzie_p1,https://twitter.com/i/web/status/1296614051233984513,RT @VicGovDHHS: This is a difficult and uncertain time for many. If you are feeling worried or wanting support you can access the Coronavir…,,
access,2020-08-21 10:03:33,paul_yole,https://twitter.com/paul_yole,https://twitter.com/i/web/status/1296598779135574016,RT @VicGovDHHS: This is a difficult and uncertain time for many. If you are feeling worried or wanting support you can access the Coronavir…,,
access,2020-08-21 12:27:18,severs_jeanette,https://twitter.com/severs_jeanette,https://twitter.com/i/web/status/1296634954026070016,RT @VicGovDHHS: This is a difficult and uncertain time for many. If you are feeling worried or wanting support you can access the Coronavir…,,
access,2020-08-21 12:23:50,vicemergency,https://twitter.com/vicemergency,https://twitter.com/i/web/status/1296634085461200896,RT @VicGovDHHS: This is a difficult and uncertain time for many. If you are feeling worried or wanting support you can access the Coronavir…,,
access,2020-08-21 12:29:49,Pgc04,https://twitter.com/Pgc04,https://twitter.com/i/web/status/1296635589421232130,RT @VicGovDHHS: This is a difficult and uncertain time for many. If you are feeling worried or wanting support you can access the Coronavir…,,
access,2020-08-21 14:33:17,zqnneil,https://twitter.com/zqnneil,https://twitter.com/i/web/status/1296666659319496704,RT @VicGovDHHS: This is a difficult and uncertain time for many. If you are feeling worried or wanting support you can access the Coronavir…,,
difficult,2020-08-21 10:09:19,lensville,https://twitter.com/lensville,https://twitter.com/i/web/status/1296600229811089408,RT @VicGovDHHS: This is a difficult and uncertain time for many. If you are feeling worried or wanting support you can access the Coronavir…,,
difficult,2020-08-21 10:01:47,UpperBayStreet,https://twitter.com/UpperBayStreet,https://twitter.com/i/web/status/1296598335629873152,RT @VicGovDHHS: This is a difficult and uncertain time for many. If you are feeling worried or wanting support you can access the Coronavir…,,
difficult,2020-08-21 10:03:37,Obsqur,https://twitter.com/Obsqur,https://twitter.com/i/web/status/1296598797003317248,RT @VicGovDHHS: This is a difficult and uncertain time for many. If you are feeling worried or wanting support you can access the Coronavir…,,
difficult,2020-08-21 11:04:14,lizzie_p1,https://twitter.com/lizzie_p1,https://twitter.com/i/web/status/1296614051233984513,RT @VicGovDHHS: This is a difficult and uncertain time for many. If you are feeling worried or wanting support you can access the Coronavir…,,
difficult,2020-08-21 10:03:33,paul_yole,https://twitter.com/paul_yole,https://twitter.com/i/web/status/1296598779135574016,RT @VicGovDHHS: This is a difficult and uncertain time for many. If you are feeling worried or wanting support you can access the Coronavir…,,
difficult,2020-08-21 12:27:18,severs_jeanette,https://twitter.com/severs_jeanette,https://twitter.com/i/web/status/1296634954026070016,RT @VicGovDHHS: This is a difficult and uncertain time for many. If you are feeling worried or wanting support you can access the Coronavir…,,
difficult,2020-08-21 12:23:50,vicemergency,https://twitter.com/vicemergency,https://twitter.com/i/web/status/1296634085461200896,RT @VicGovDHHS: This is a difficult and uncertain time for many. If you are feeling worried or wanting support you can access the Coronavir…,,
difficult,2020-08-21 12:29:49,Pgc04,https://twitter.com/Pgc04,https://twitter.com/i/web/status/1296635589421232130,RT @VicGovDHHS: This is a difficult and uncertain time for many. If you are feeling worried or wanting support you can access the Coronavir…,,
difficult,2020-08-21 14:33:17,zqnneil,https://twitter.com/zqnneil,https://twitter.com/i/web/status/1296666659319496704,RT @VicGovDHHS: This is a difficult and uncertain time for many. If you are feeling worried or wanting support you can access the Coronavir…,,
difficult,2020-08-21 10:17:26,ironchefshellie,https://twitter.com/ironchefshellie,https://twitter.com/i/web/status/1296602273175334913,RT @VicGovDHHS: This is a difficult and uncertain time for many. If you are feeling worried or wanting support you can access the Coronavir…,,
loneliness,2020-08-19 14:15:47,sreeura,https://twitter.com/sreeura,https://twitter.com/i/web/status/1295937481330679810,"RT @JoelyTuray: Only those people that are seperated by their partners can understand the pain, the depression, the sadness and loneliness…",,
loneliness,2020-08-19 18:20:05,hiba_akmal,https://twitter.com/hiba_akmal,https://twitter.com/i/web/status/1295998962160164864,"RT @JoelyTuray: Only those people that are seperated by their partners can understand the pain, the depression, the sadness and loneliness…",,
loneliness,2020-08-19 14:32:28,lovepre91961313,https://twitter.com/lovepre91961313,https://twitter.com/i/web/status/1295941680462348289,"RT @JoelyTuray: Only those people that are seperated by their partners can understand the pain, the depression, the sadness and loneliness…",,
loneliness,2020-08-20 05:53:41,koukli86,https://twitter.com/koukli86,https://twitter.com/i/web/status/1296173510788866048,"RT @JoelyTuray: Only those people that are seperated by their partners can understand the pain, the depression, the sadness and loneliness…",,
loneliness,2020-08-20 11:41:02,wintertriangel,https://twitter.com/wintertriangel,https://twitter.com/i/web/status/1296260923477209090,"RT @JoelyTuray: Only those people that are seperated by their partners can understand the pain, the depression, the sadness and loneliness…",,
loneliness,2020-08-19 15:32:33,nicola38381851,https://twitter.com/nicola38381851,https://twitter.com/i/web/status/1295956798088704001,"RT @JoelyTuray: Only those people that are seperated by their partners can understand the pain, the depression, the sadness and loneliness…",,
story,2020-08-24 22:35:09,AndrewW89846090,https://twitter.com/AndrewW89846090,https://twitter.com/i/web/status/1297875091145940993,RT @xskinn: Get immediate help for depression and anxiety - Beyond Blue. If tonight’s 4Corners story has raised any issues remember orgs li…,,
story,2020-08-24 22:53:29,MargMcCrohon,https://twitter.com/MargMcCrohon,https://twitter.com/i/web/status/1297879702019874816,RT @xskinn: Get immediate help for depression and anxiety - Beyond Blue. If tonight’s 4Corners story has raised any issues remember orgs li…,,
story,2020-08-24 23:29:08,GayleWilliams53,https://twitter.com/GayleWilliams53,https://twitter.com/i/web/status/1297888673946431494,RT @xskinn: Get immediate help for depression and anxiety - Beyond Blue. If tonight’s 4Corners story has raised any issues remember orgs li…,,
story,2020-08-24 22:41:36,igfbss,https://twitter.com/igfbss,https://twitter.com/i/web/status/1297876714123456514,RT @xskinn: Get immediate help for depression and anxiety - Beyond Blue. If tonight’s 4Corners story has raised any issues remember orgs li…,,
story,2020-08-24 22:40:32,jmacontheloose,https://twitter.com/jmacontheloose,https://twitter.com/i/web/status/1297876444123553792,RT @xskinn: Get immediate help for depression and anxiety - Beyond Blue. If tonight’s 4Corners story has raised any issues remember orgs li…,,
story,2020-08-24 23:27:15,BirrellSb,https://twitter.com/BirrellSb,https://twitter.com/i/web/status/1297888202246610944,RT @xskinn: Get immediate help for depression and anxiety - Beyond Blue. If tonight’s 4Corners story has raised any issues remember orgs li…,,
story,2020-08-24 22:47:16,stanleywaite1,https://twitter.com/stanleywaite1,https://twitter.com/i/web/status/1297878137372475393,RT @xskinn: Get immediate help for depression and anxiety - Beyond Blue. If tonight’s 4Corners story has raised any issues remember orgs li…,,
story,2020-08-24 14:58:51,INW_PCP,https://twitter.com/INW_PCP,https://twitter.com/i/web/status/1297760260229218305,"RT @ACU_ICPS: .@NYCInquiryAU Interim Report mental health chapter tells a sad story: Anxiety, stress &amp; depression high in #youngpeople. Imp…",youngpeople,youngpeople
story,2020-08-25 09:05:09,mishyloan,https://twitter.com/mishyloan,https://twitter.com/i/web/status/1298033635224719360,RT @xskinn: Get immediate help for depression and anxiety - Beyond Blue. If tonight’s 4Corners story has raised any issues remember orgs li…,,
story,2020-08-24 23:23:00,wooldorsockbatt,https://twitter.com/wooldorsockbatt,https://twitter.com/i/web/status/1297887133600866305,RT @xskinn: Get immediate help for depression and anxiety - Beyond Blue. If tonight’s 4Corners story has raised any issues remember orgs li…,,
violence,2020-08-25 17:05:56,LorseaR,https://twitter.com/LorseaR,https://twitter.com/i/web/status/1298154626642923520,"RT @ausgov: If you're in Melbourne, you can leave your home if you need to seek safety from domestic and family violence. Contact 1800RESPE…",,
violence,2020-08-25 17:09:52,HollyBu16067164,https://twitter.com/HollyBu16067164,https://twitter.com/i/web/status/1298155619820531712,"RT @ausgov: If you're in Melbourne, you can leave your home if you need to seek safety from domestic and family violence. Contact 1800RESPE…",,
violence,2020-08-19 16:48:19,1keithdavis,https://twitter.com/1keithdavis,https://twitter.com/i/web/status/1295975867848384513,"RT @SBSNews: If you or someone you know is impacted by family or domestic violence, call 1800RESPECT on 1800 737 732 or visit https://t.co/…",,
violence,2020-08-19 16:11:37,BroskiSnacky,https://twitter.com/BroskiSnacky,https://twitter.com/i/web/status/1295966630866849794,"RT @SBSNews: If you or someone you know is impacted by family or domestic violence, call 1800RESPECT on 1800 737 732 or visit https://t.co/…",,
violence,2020-08-19 16:11:09,goremau123,https://twitter.com/goremau123,https://twitter.com/i/web/status/1295966515255107585,"RT @SBSNews: If you or someone you know is impacted by family or domestic violence, call 1800RESPECT on 1800 737 732 or visit https://t.co/…",,
violence,2020-08-25 16:56:28,italiancutie82,https://twitter.com/italiancutie82,https://twitter.com/i/web/status/1298152244529885192,"RT @ausgov: If you're in Melbourne, you can leave your home if you need to seek safety from domestic and family violence. Contact 1800RESPE…",,
violence,2020-08-21 18:00:17,ONJCancerCentre,https://twitter.com/ONJCancerCentre,https://twitter.com/i/web/status/1296718753502302213,"You can still leave home to escape family violence, including after curfew or to travel more than 5km. Call 000 if you’re in danger, or contact safe steps on 1800 015 188. Men can contact MensLine Australia on 1300 789 978. Read more: https://t.co/21hOEVGSmv https://t.co/UhBuOoMzF4",,
violence,2020-08-20 13:34:47,WaratahWynyard,https://twitter.com/WaratahWynyard,https://twitter.com/i/web/status/1296289549983916032,"It’s a tough time for many, but there is no excuse for violent behaviour. If you feel like you like you are at risk of using violence, help is here. Contact @MensLine_Aus for free, confidential advice. #LGTAS https://t.co/iyWLU6X5NA",LGTAS,LGTAS
violence,2020-08-21 18:21:31,TheGreenest_,https://twitter.com/TheGreenest_,https://twitter.com/i/web/status/1296724096235970565,"RT @ONJCancerCentre: You can still leave home to escape family violence, including after curfew or to travel more than 5km. Call 000 if you…",,
violence,2020-08-24 16:30:27,_SocialDemocrat,https://twitter.com/_SocialDemocrat,https://twitter.com/i/web/status/1297783309091500032,"RT @SBSNews: If you or someone you know is impacted by sexual assault, family or domestic violence, call 1800RESPECT on 1800 737 732 or vis…",,
want,2020-08-21 10:09:19,lensville,https://twitter.com/lensville,https://twitter.com/i/web/status/1296600229811089408,RT @VicGovDHHS: This is a difficult and uncertain time for many. If you are feeling worried or wanting support you can access the Coronavir…,,
want,2020-08-21 10:01:47,UpperBayStreet,https://twitter.com/UpperBayStreet,https://twitter.com/i/web/status/1296598335629873152,RT @VicGovDHHS: This is a difficult and uncertain time for many. If you are feeling worried or wanting support you can access the Coronavir…,,
want,2020-08-21 10:03:37,Obsqur,https://twitter.com/Obsqur,https://twitter.com/i/web/status/1296598797003317248,RT @VicGovDHHS: This is a difficult and uncertain time for many. If you are feeling worried or wanting support you can access the Coronavir…,,
want,2020-08-21 11:04:14,lizzie_p1,https://twitter.com/lizzie_p1,https://twitter.com/i/web/status/1296614051233984513,RT @VicGovDHHS: This is a difficult and uncertain time for many. If you are feeling worried or wanting support you can access the Coronavir…,,
want,2020-08-21 10:03:33,paul_yole,https://twitter.com/paul_yole,https://twitter.com/i/web/status/1296598779135574016,RT @VicGovDHHS: This is a difficult and uncertain time for many. If you are feeling worried or wanting support you can access the Coronavir…,,
want,2020-08-21 12:27:18,severs_jeanette,https://twitter.com/severs_jeanette,https://twitter.com/i/web/status/1296634954026070016,RT @VicGovDHHS: This is a difficult and uncertain time for many. If you are feeling worried or wanting support you can access the Coronavir…,,
want,2020-08-21 12:23:50,vicemergency,https://twitter.com/vicemergency,https://twitter.com/i/web/status/1296634085461200896,RT @VicGovDHHS: This is a difficult and uncertain time for many. If you are feeling worried or wanting support you can access the Coronavir…,,
want,2020-08-21 12:29:49,Pgc04,https://twitter.com/Pgc04,https://twitter.com/i/web/status/1296635589421232130,RT @VicGovDHHS: This is a difficult and uncertain time for many. If you are feeling worried or wanting support you can access the Coronavir…,,
want,2020-08-21 14:33:17,zqnneil,https://twitter.com/zqnneil,https://twitter.com/i/web/status/1296666659319496704,RT @VicGovDHHS: This is a difficult and uncertain time for many. If you are feeling worried or wanting support you can access the Coronavir…,,
want,2020-08-21 10:17:26,ironchefshellie,https://twitter.com/ironchefshellie,https://twitter.com/i/web/status/1296602273175334913,RT @VicGovDHHS: This is a difficult and uncertain time for many. If you are feeling worried or wanting support you can access the Coronavir…,,
physical,2020-08-21 07:47:45,SabrinFarooqui,https://twitter.com/SabrinFarooqui,https://twitter.com/i/web/status/1296564603611045889,"RT @1800RESPECT: Physically, mentally, emotionally, and verbally abused. I would say all of those abuses are the cage and #financialabuse…",financialabuse,financialabuse
physical,2020-08-20 16:03:19,upperhumepcp,https://twitter.com/upperhumepcp,https://twitter.com/i/web/status/1296326931743309824,"RT @1800RESPECT: Physically, mentally, emotionally, and verbally abused. I would say all of those abuses are the cage and #financialabuse…",financialabuse,financialabuse
physical,2020-08-21 12:12:20,VictorianPCPs,https://twitter.com/VictorianPCPs,https://twitter.com/i/web/status/1296631189755682818,"RT @1800RESPECT: Physically, mentally, emotionally, and verbally abused. I would say all of those abuses are the cage and #financialabuse…",financialabuse,financialabuse
physical,2020-08-20 15:22:26,pwncess_peach,https://twitter.com/pwncess_peach,https://twitter.com/i/web/status/1296316641504931840,"RT @1800RESPECT: Physically, mentally, emotionally, and verbally abused. I would say all of those abuses are the cage and #financialabuse…",financialabuse,financialabuse
physical,2020-08-20 15:05:03,1800RESPECT,https://twitter.com/1800RESPECT,https://twitter.com/i/web/status/1296312266367926272,"Physically, mentally, emotionally, and verbally abused. I would say all of those abuses are the cage and #financialabuse is the padlock.  The Financial Abuse Support Toolkit provides information about financial abuse and how to reach out for support. https://t.co/xtkP3EroA3 https://t.co/M6h0hRffjN",financialabuse,financialabuse
physical,2020-08-20 17:29:47,OurWatchCEO,https://twitter.com/OurWatchCEO,https://twitter.com/i/web/status/1296348691427540992,"RT @1800RESPECT: Physically, mentally, emotionally, and verbally abused. I would say all of those abuses are the cage and #financialabuse…",financialabuse,financialabuse
physical,2020-08-20 16:54:06,MikeGuillesser,https://twitter.com/MikeGuillesser,https://twitter.com/i/web/status/1296339712009891840,"RT @1800RESPECT: Physically, mentally, emotionally, and verbally abused. I would say all of those abuses are the cage and #financialabuse…",financialabuse,financialabuse
physical,2020-08-24 14:40:28,RNRos,https://twitter.com/RNRos,https://twitter.com/i/web/status/1297755630120235008,"RT @ian_hickie: A focus on the (mental and physical) health and welfare of young people, should be a central focus of the national response…",,
physical,2020-08-22 16:19:07,sreeura,https://twitter.com/sreeura,https://twitter.com/i/web/status/1297055683653730305,RT @coach_marcela: Public health is not just about physical health... What about the mental health? 💔   @ScottMorrisonMP @ausgov @dfat @DFA…,,
physical,2020-08-22 20:34:04,lovepre91961313,https://twitter.com/lovepre91961313,https://twitter.com/i/web/status/1297119841686454273,RT @coach_marcela: Public health is not just about physical health... What about the mental health? 💔   @ScottMorrisonMP @ausgov @dfat @DFA…,,
uncertain,2020-08-21 10:09:19,lensville,https://twitter.com/lensville,https://twitter.com/i/web/status/1296600229811089408,RT @VicGovDHHS: This is a difficult and uncertain time for many. If you are feeling worried or wanting support you can access the Coronavir…,,
uncertain,2020-08-21 10:01:47,UpperBayStreet,https://twitter.com/UpperBayStreet,https://twitter.com/i/web/status/1296598335629873152,RT @VicGovDHHS: This is a difficult and uncertain time for many. If you are feeling worried or wanting support you can access the Coronavir…,,
uncertain,2020-08-21 10:03:37,Obsqur,https://twitter.com/Obsqur,https://twitter.com/i/web/status/1296598797003317248,RT @VicGovDHHS: This is a difficult and uncertain time for many. If you are feeling worried or wanting support you can access the Coronavir…,,
uncertain,2020-08-21 11:44:03,autumn_daze00,https://twitter.com/autumn_daze00,https://twitter.com/i/web/status/1296624072931987456,RT @chefsami_la: 162 days without him. 162 days of tears and heartache. Anxiety and depression. Wonder. Hope. Fear. Uncertainty. Disbelief.…,,
uncertain,2020-08-21 11:04:14,lizzie_p1,https://twitter.com/lizzie_p1,https://twitter.com/i/web/status/1296614051233984513,RT @VicGovDHHS: This is a difficult and uncertain time for many. If you are feeling worried or wanting support you can access the Coronavir…,,
uncertain,2020-08-21 10:03:33,paul_yole,https://twitter.com/paul_yole,https://twitter.com/i/web/status/1296598779135574016,RT @VicGovDHHS: This is a difficult and uncertain time for many. If you are feeling worried or wanting support you can access the Coronavir…,,
uncertain,2020-08-21 12:27:18,severs_jeanette,https://twitter.com/severs_jeanette,https://twitter.com/i/web/status/1296634954026070016,RT @VicGovDHHS: This is a difficult and uncertain time for many. If you are feeling worried or wanting support you can access the Coronavir…,,
uncertain,2020-08-21 12:23:50,vicemergency,https://twitter.com/vicemergency,https://twitter.com/i/web/status/1296634085461200896,RT @VicGovDHHS: This is a difficult and uncertain time for many. If you are feeling worried or wanting support you can access the Coronavir…,,
uncertain,2020-08-21 12:29:49,Pgc04,https://twitter.com/Pgc04,https://twitter.com/i/web/status/1296635589421232130,RT @VicGovDHHS: This is a difficult and uncertain time for many. If you are feeling worried or wanting support you can access the Coronavir…,,
uncertain,2020-08-21 14:33:17,zqnneil,https://twitter.com/zqnneil,https://twitter.com/i/web/status/1296666659319496704,RT @VicGovDHHS: This is a difficult and uncertain time for many. If you are feeling worried or wanting support you can access the Coronavir…,,
coronavir,2020-08-21 10:09:19,lensville,https://twitter.com/lensville,https://twitter.com/i/web/status/1296600229811089408,RT @VicGovDHHS: This is a difficult and uncertain time for many. If you are feeling worried or wanting support you can access the Coronavir…,,
coronavir,2020-08-21 10:01:47,UpperBayStreet,https://twitter.com/UpperBayStreet,https://twitter.com/i/web/status/1296598335629873152,RT @VicGovDHHS: This is a difficult and uncertain time for many. If you are feeling worried or wanting support you can access the Coronavir…,,
coronavir,2020-08-19 10:01:59,IPCHealth_au,https://twitter.com/IPCHealth_au,https://twitter.com/i/web/status/1295873610498752513,RT @Child_Adversity: Struggling to talk to your young ones about #masks for #coronavirus? Noticing #anxiety and fear? @RCN_AUS has develope…,anxiety,masks
coronavir,2020-08-21 10:03:37,Obsqur,https://twitter.com/Obsqur,https://twitter.com/i/web/status/1296598797003317248,RT @VicGovDHHS: This is a difficult and uncertain time for many. If you are feeling worried or wanting support you can access the Coronavir…,,
coronavir,2020-08-19 07:49:19,rural_remote,https://twitter.com/rural_remote,https://twitter.com/i/web/status/1295840225323896842,The Coronavirus Mental Well-being Support Service is available if you need someone to talk to.  https://t.co/3UfcQcCNVl,,
coronavir,2020-08-20 17:00:32,healthgovau,https://twitter.com/healthgovau,https://twitter.com/i/web/status/1296341330902228997,"RT @BetterHealthGov: Did you know there’s a new @beyondblue Coronavirus Mental Wellbeing Support Service?   If you’re struggling a bit, or…",,
coronavir,2020-08-21 11:04:14,lizzie_p1,https://twitter.com/lizzie_p1,https://twitter.com/i/web/status/1296614051233984513,RT @VicGovDHHS: This is a difficult and uncertain time for many. If you are feeling worried or wanting support you can access the Coronavir…,,
coronavir,2020-08-21 10:03:33,paul_yole,https://twitter.com/paul_yole,https://twitter.com/i/web/status/1296598779135574016,RT @VicGovDHHS: This is a difficult and uncertain time for many. If you are feeling worried or wanting support you can access the Coronavir…,,
coronavir,2020-08-21 12:27:18,severs_jeanette,https://twitter.com/severs_jeanette,https://twitter.com/i/web/status/1296634954026070016,RT @VicGovDHHS: This is a difficult and uncertain time for many. If you are feeling worried or wanting support you can access the Coronavir…,,
coronavir,2020-08-21 12:23:50,vicemergency,https://twitter.com/vicemergency,https://twitter.com/i/web/status/1296634085461200896,RT @VicGovDHHS: This is a difficult and uncertain time for many. If you are feeling worried or wanting support you can access the Coronavir…,,
support,2020-08-21 10:09:19,lensville,https://twitter.com/lensville,https://twitter.com/i/web/status/1296600229811089408,RT @VicGovDHHS: This is a difficult and uncertain time for many. If you are feeling worried or wanting support you can access the Coronavir…,,
support,2020-08-23 10:51:57,ChinookJo,https://twitter.com/ChinookJo,https://twitter.com/i/web/status/1297335735670857731,"RT @SoManyEarrings: @sacdefromage ...  Longer term, you can seek free support from https://t.co/cg9MvDsvH9 - they can help assess you and p…",,
support,2020-08-21 10:01:47,UpperBayStreet,https://twitter.com/UpperBayStreet,https://twitter.com/i/web/status/1296598335629873152,RT @VicGovDHHS: This is a difficult and uncertain time for many. If you are feeling worried or wanting support you can access the Coronavir…,,
support,2020-08-21 10:03:37,Obsqur,https://twitter.com/Obsqur,https://twitter.com/i/web/status/1296598797003317248,RT @VicGovDHHS: This is a difficult and uncertain time for many. If you are feeling worried or wanting support you can access the Coronavir…,,
support,2020-08-19 07:49:19,rural_remote,https://twitter.com/rural_remote,https://twitter.com/i/web/status/1295840225323896842,The Coronavirus Mental Well-being Support Service is available if you need someone to talk to.  https://t.co/3UfcQcCNVl,,
support,2020-08-20 17:00:32,healthgovau,https://twitter.com/healthgovau,https://twitter.com/i/web/status/1296341330902228997,"RT @BetterHealthGov: Did you know there’s a new @beyondblue Coronavirus Mental Wellbeing Support Service?   If you’re struggling a bit, or…",,
support,2020-08-24 11:13:40,AnonnDownnUnder,https://twitter.com/AnonnDownnUnder,https://twitter.com/i/web/status/1297703590681690113,RT @ABCIndigenous: You can also check out Headspace: Yarn Safe (https://t.co/oSRYYXFD2m) or call Beyond Blue for support: 1300 22 4636 (htt…,,
support,2020-08-22 17:27:59,priv8hospitals,https://twitter.com/priv8hospitals,https://twitter.com/i/web/status/1297073015029563392,"RT @healthgovau: The changing environment can have an impact on your mental health, so it’s important to access support when you need it. F…",,
support,2020-08-21 11:04:14,lizzie_p1,https://twitter.com/lizzie_p1,https://twitter.com/i/web/status/1296614051233984513,RT @VicGovDHHS: This is a difficult and uncertain time for many. If you are feeling worried or wanting support you can access the Coronavir…,,
support,2020-08-21 10:03:33,paul_yole,https://twitter.com/paul_yole,https://twitter.com/i/web/status/1296598779135574016,RT @VicGovDHHS: This is a difficult and uncertain time for many. If you are feeling worried or wanting support you can access the Coronavir…,,
focus,2020-08-24 14:40:28,RNRos,https://twitter.com/RNRos,https://twitter.com/i/web/status/1297755630120235008,"RT @ian_hickie: A focus on the (mental and physical) health and welfare of young people, should be a central focus of the national response…",,
focus,2020-08-25 09:03:29,ingioz,https://twitter.com/ingioz,https://twitter.com/i/web/status/1298033213944688642,"RT @orygen_aus: FOCUS GROUP | As part of Orygen's project on inflammation in youth depression, we invite young people with lived experience…",,
focus,2020-08-24 15:02:55,AlanJMitchell_,https://twitter.com/AlanJMitchell_,https://twitter.com/i/web/status/1297761282171367424,"RT @ian_hickie: A focus on the (mental and physical) health and welfare of young people, should be a central focus of the national response…",,
focus,2020-08-24 14:49:06,gdtoogood,https://twitter.com/gdtoogood,https://twitter.com/i/web/status/1297757804397133824,"RT @ian_hickie: A focus on the (mental and physical) health and welfare of young people, should be a central focus of the national response…",,
focus,2020-08-24 15:18:30,amcl2004,https://twitter.com/amcl2004,https://twitter.com/i/web/status/1297765205464608768,"RT @ian_hickie: A focus on the (mental and physical) health and welfare of young people, should be a central focus of the national response…",,
focus,2020-08-24 10:29:09,ian_hickie,https://twitter.com/ian_hickie,https://twitter.com/i/web/status/1297692384638038018,"A focus on the (mental and physical) health and welfare of young people, should be a central focus of the national response to COVID19; Many of the potential adverse outcomes (including suicide) are preventable with the right choices now! @GregHuntMP @PatMcGorry @PatsKarvelas https://t.co/qZ2UTKvQd8",,
focus,2020-08-24 10:30:17,AllergyWhispers,https://twitter.com/AllergyWhispers,https://twitter.com/i/web/status/1297692670576345088,"RT @ian_hickie: A focus on the (mental and physical) health and welfare of young people, should be a central focus of the national response…",,
focus,2020-08-24 15:00:01,PatMcGorry,https://twitter.com/PatMcGorry,https://twitter.com/i/web/status/1297760550315675648,"RT @orygen_aus: FOCUS GROUP | As part of Orygen's project on inflammation in youth depression, we invite young people with lived experience…",,
focus,2020-08-24 11:34:13,MJA_Editor,https://twitter.com/MJA_Editor,https://twitter.com/i/web/status/1297708760425627649,"RT @ian_hickie: A focus on the (mental and physical) health and welfare of young people, should be a central focus of the national response…",,
focus,2020-08-24 14:59:26,pauline_mh1,https://twitter.com/pauline_mh1,https://twitter.com/i/web/status/1297760404693688321,"RT @ian_hickie: A focus on the (mental and physical) health and welfare of young people, should be a central focus of the national response…",,
tough,2020-08-19 12:01:06,footyefl,https://twitter.com/footyefl,https://twitter.com/i/web/status/1295903587596414976,ISO HEALTH TIPS | Stage 4 is going to be tough for us all.   Don't neglect your mental health and check in on others.  It's not weak to seek help.  For more help head to Beyond Blue (https://t.co/D0kXtwh5qd) or HeadSpace (https://t.co/8WmJCG4L2b) https://t.co/8fiUuFIZpB,,
tough,2020-08-20 15:00:57,footyefl,https://twitter.com/footyefl,https://twitter.com/i/web/status/1296311233512177664,ISO HEALTH TIPS | Stage 4 is going to be tough for us all.   Don't neglect your mental health and check in on others.  It's not weak to seek help.  For more help head to Beyond Blue (https://t.co/D0kXtwh5qd) or HeadSpace (https://t.co/8WmJCG4L2b) https://t.co/8k83s2GiOS,,
tough,2020-08-20 14:52:09,cozzamatic,https://twitter.com/cozzamatic,https://twitter.com/i/web/status/1296309019846430721,"RT @WaratahWynyard: It’s a tough time for many, but there is no excuse for violent behaviour. If you feel like you like you are at risk of…",,
tough,2020-08-20 13:34:47,WaratahWynyard,https://twitter.com/WaratahWynyard,https://twitter.com/i/web/status/1296289549983916032,"It’s a tough time for many, but there is no excuse for violent behaviour. If you feel like you like you are at risk of using violence, help is here. Contact @MensLine_Aus for free, confidential advice. #LGTAS https://t.co/iyWLU6X5NA",LGTAS,LGTAS
tough,2020-08-19 12:43:38,ReachOut_AUS,https://twitter.com/ReachOut_AUS,https://twitter.com/i/web/status/1295914290956836865,#Studying during #COVID is really tough. Check out our COVID Study Hub for info and resources to help.   https://t.co/sAEsxc69G6 https://t.co/I1FGrj9h09,COVID,Studying
tough,2020-08-19 12:47:36,juleseadams,https://twitter.com/juleseadams,https://twitter.com/i/web/status/1295915289863811073,RT @ReachOut_AUS: #Studying during #COVID is really tough. Check out our COVID Study Hub for info and resources to help.   https://t.co/sAE…,COVID,Studying
tough,2020-08-20 00:34:53,EmbajadaEcuAUS,https://twitter.com/EmbajadaEcuAUS,https://twitter.com/i/web/status/1296093284775759872,RT @healthgovau: The impacts of coronavirus are tough and can impact our mental health. We need to make sure we look after ourselves and se…,,
tough,2020-08-20 06:58:07,EmbajadaEcuAUS,https://twitter.com/EmbajadaEcuAUS,https://twitter.com/i/web/status/1296189725804380161,RT @healthgovau: The impacts of coronavirus are tough and can impact our mental health. We need to make sure we look after ourselves and se…,,
tough,2020-08-25 13:43:51,_PHAA_,https://twitter.com/_PHAA_,https://twitter.com/i/web/status/1298103770748878848,RT @healthgovau: The impacts of coronavirus are tough and can impact our mental health. We need to make sure we look after ourselves and se…,,
tough,2020-08-21 13:10:37,Delphicana,https://twitter.com/Delphicana,https://twitter.com/i/web/status/1296645858209878016,RT @healthgovau: The impacts of coronavirus are tough and can impact our mental health. We need to make sure we look after ourselves and se…,,
together,2020-08-24 23:55:23,25MMCC,https://twitter.com/25MMCC,https://twitter.com/i/web/status/1297895282810658817,RT @JuliaGillard: Let’s take care of our mental health as we work together to beat the pandemic. You can read more about mental health and…,,
together,2020-08-23 10:15:02,RelAustVic,https://twitter.com/RelAustVic,https://twitter.com/i/web/status/1297326446071906306,COVID-19 has made being in Year 12 pretty stressful. @ReachOut_AUS has put together some tips to help you handle fear about the future: https://t.co/PHF3lp6iDA #COVID19au #COVID19Vic,COVID19au,COVID19Vic
together,2020-08-19 22:06:28,collectables66,https://twitter.com/collectables66,https://twitter.com/i/web/status/1296055931965337600,RT @JuliaGillard: Let’s take care of our mental health as we work together to beat the pandemic. You can read more about mental health and…,,
together,2020-08-20 22:15:06,collectables66,https://twitter.com/collectables66,https://twitter.com/i/web/status/1296420494816813056,RT @JuliaGillard: Let’s take care of our mental health as we work together to beat the pandemic. You can read more about mental health and…,,
together,2020-08-21 22:43:45,collectables66,https://twitter.com/collectables66,https://twitter.com/i/web/status/1296790091340197889,RT @JuliaGillard: Let’s take care of our mental health as we work together to beat the pandemic. You can read more about mental health and…,,
together,2020-08-22 21:55:13,collectables66,https://twitter.com/collectables66,https://twitter.com/i/web/status/1297140264394305537,RT @JuliaGillard: Let’s take care of our mental health as we work together to beat the pandemic. You can read more about mental health and…,,
together,2020-08-23 21:38:38,collectables66,https://twitter.com/collectables66,https://twitter.com/i/web/status/1297498478222819328,RT @JuliaGillard: Let’s take care of our mental health as we work together to beat the pandemic. You can read more about mental health and…,,
together,2020-08-24 22:45:37,collectables66,https://twitter.com/collectables66,https://twitter.com/i/web/status/1297877723776290816,RT @JuliaGillard: Let’s take care of our mental health as we work together to beat the pandemic. You can read more about mental health and…,,
together,2020-08-25 00:05:39,Ausshot3Dave,https://twitter.com/Ausshot3Dave,https://twitter.com/i/web/status/1297897863255429122,RT @JuliaGillard: Let’s take care of our mental health as we work together to beat the pandemic. You can read more about mental health and…,,
coronavirus,2020-08-19 10:01:59,IPCHealth_au,https://twitter.com/IPCHealth_au,https://twitter.com/i/web/status/1295873610498752513,RT @Child_Adversity: Struggling to talk to your young ones about #masks for #coronavirus? Noticing #anxiety and fear? @RCN_AUS has develope…,anxiety,masks
coronavirus,2020-08-19 07:49:19,rural_remote,https://twitter.com/rural_remote,https://twitter.com/i/web/status/1295840225323896842,The Coronavirus Mental Well-being Support Service is available if you need someone to talk to.  https://t.co/3UfcQcCNVl,,
coronavirus,2020-08-20 17:00:32,healthgovau,https://twitter.com/healthgovau,https://twitter.com/i/web/status/1296341330902228997,"RT @BetterHealthGov: Did you know there’s a new @beyondblue Coronavirus Mental Wellbeing Support Service?   If you’re struggling a bit, or…",,
coronavirus,2020-08-20 17:50:48,AmyinSydney,https://twitter.com/AmyinSydney,https://twitter.com/i/web/status/1296353978414804992,"RT @BetterHealthGov: Did you know there’s a new @beyondblue Coronavirus Mental Wellbeing Support Service?   If you’re struggling a bit, or…",,
coronavirus,2020-08-19 09:49:07,ACU_ICPS,https://twitter.com/ACU_ICPS,https://twitter.com/i/web/status/1295870372563181568,RT @Child_Adversity: Struggling to talk to your young ones about #masks for #coronavirus? Noticing #anxiety and fear? @RCN_AUS has develope…,anxiety,masks
coronavirus,2020-08-25 10:50:32,geoffrey_payne,https://twitter.com/geoffrey_payne,https://twitter.com/i/web/status/1298060154101891072,RT @NatalieSuleyman: Support is available you can access the Coronavirus Mental Well-being Support Service on 1800 512 348 or visit https:/…,,
coronavirus,2020-08-20 00:34:53,EmbajadaEcuAUS,https://twitter.com/EmbajadaEcuAUS,https://twitter.com/i/web/status/1296093284775759872,RT @healthgovau: The impacts of coronavirus are tough and can impact our mental health. We need to make sure we look after ourselves and se…,,
coronavirus,2020-08-20 06:58:07,EmbajadaEcuAUS,https://twitter.com/EmbajadaEcuAUS,https://twitter.com/i/web/status/1296189725804380161,RT @healthgovau: The impacts of coronavirus are tough and can impact our mental health. We need to make sure we look after ourselves and se…,,
coronavirus,2020-08-25 13:43:51,_PHAA_,https://twitter.com/_PHAA_,https://twitter.com/i/web/status/1298103770748878848,RT @healthgovau: The impacts of coronavirus are tough and can impact our mental health. We need to make sure we look after ourselves and se…,,
coronavirus,2020-08-21 13:10:37,Delphicana,https://twitter.com/Delphicana,https://twitter.com/i/web/status/1296645858209878016,RT @healthgovau: The impacts of coronavirus are tough and can impact our mental health. We need to make sure we look after ourselves and se…,,
feeling,2020-08-21 10:09:19,lensville,https://twitter.com/lensville,https://twitter.com/i/web/status/1296600229811089408,RT @VicGovDHHS: This is a difficult and uncertain time for many. If you are feeling worried or wanting support you can access the Coronavir…,,
feeling,2020-08-21 10:01:47,UpperBayStreet,https://twitter.com/UpperBayStreet,https://twitter.com/i/web/status/1296598335629873152,RT @VicGovDHHS: This is a difficult and uncertain time for many. If you are feeling worried or wanting support you can access the Coronavir…,,
feeling,2020-08-21 10:03:37,Obsqur,https://twitter.com/Obsqur,https://twitter.com/i/web/status/1296598797003317248,RT @VicGovDHHS: This is a difficult and uncertain time for many. If you are feeling worried or wanting support you can access the Coronavir…,,
feeling,2020-08-20 11:38:45,wintertriangel,https://twitter.com/wintertriangel,https://twitter.com/i/web/status/1296260350958952452,RT @nicola38381851: Please if anyone’s having suicidal thoughts or feelings in Australia you can call ~ Suicide Call Back Service ~ 1300 22…,,
feeling,2020-08-21 11:04:14,lizzie_p1,https://twitter.com/lizzie_p1,https://twitter.com/i/web/status/1296614051233984513,RT @VicGovDHHS: This is a difficult and uncertain time for many. If you are feeling worried or wanting support you can access the Coronavir…,,
feeling,2020-08-21 10:03:33,paul_yole,https://twitter.com/paul_yole,https://twitter.com/i/web/status/1296598779135574016,RT @VicGovDHHS: This is a difficult and uncertain time for many. If you are feeling worried or wanting support you can access the Coronavir…,,
feeling,2020-08-21 12:27:18,severs_jeanette,https://twitter.com/severs_jeanette,https://twitter.com/i/web/status/1296634954026070016,RT @VicGovDHHS: This is a difficult and uncertain time for many. If you are feeling worried or wanting support you can access the Coronavir…,,
feeling,2020-08-21 12:23:50,vicemergency,https://twitter.com/vicemergency,https://twitter.com/i/web/status/1296634085461200896,RT @VicGovDHHS: This is a difficult and uncertain time for many. If you are feeling worried or wanting support you can access the Coronavir…,,
feeling,2020-08-21 12:29:49,Pgc04,https://twitter.com/Pgc04,https://twitter.com/i/web/status/1296635589421232130,RT @VicGovDHHS: This is a difficult and uncertain time for many. If you are feeling worried or wanting support you can access the Coronavir…,,
feeling,2020-08-21 14:33:17,zqnneil,https://twitter.com/zqnneil,https://twitter.com/i/web/status/1296666659319496704,RT @VicGovDHHS: This is a difficult and uncertain time for many. If you are feeling worried or wanting support you can access the Coronavir…,,
stress,2020-08-21 08:48:47,English_Aus,https://twitter.com/English_Aus,https://twitter.com/i/web/status/1296579964779794432,"RT @healthgovau: The impacts of COVID-19 can make us feel anxious, stressed or worried. Learn about how you can manage your mental wellbein…",,
stress,2020-08-21 11:35:27,JaneSimmons19,https://twitter.com/JaneSimmons19,https://twitter.com/i/web/status/1296621905529548800,RT @NSWEducation: What is healthy versus unhealthy stress? ⚖️ https://t.co/ZuzNYKRvWW Australia help us see how we can use stress to kick g…,,
stress,2020-08-20 13:09:08,AustraliaNews2U,https://twitter.com/AustraliaNews2U,https://twitter.com/i/web/status/1296283096510156801,"RT @healthgovau: If you’re experiencing relationship stress, there are tools and information available to help you cope. Mental health info…",,
stress,2020-08-21 09:48:41,FutureMindsAcc,https://twitter.com/FutureMindsAcc,https://twitter.com/i/web/status/1296595038818848768,RT @NSWEducation: What is healthy versus unhealthy stress? ⚖️ https://t.co/ZuzNYKRvWW Australia help us see how we can use stress to kick g…,,
stress,2020-08-21 07:14:56,ScottsDavidson,https://twitter.com/ScottsDavidson,https://twitter.com/i/web/status/1296556345471066113,RT @NSWEducation: What is healthy versus unhealthy stress? ⚖️ https://t.co/ZuzNYKRvWW Australia help us see how we can use stress to kick g…,,
stress,2020-08-19 18:38:04,ausrotaryhealth,https://twitter.com/ausrotaryhealth,https://twitter.com/i/web/status/1296003485738164224,This statistic is more than twice as high (46%) among those who consider their workplace mentally unhealthy.  Donate to mental health research today: https://t.co/mynEZTSXPT  #Liftthelidonmentalillness #workplace #mentalhealth #research #stress #depression #anxiety #workstress https://t.co/nyZCdSXgzG,anxiety,workstress
stress,2020-08-23 10:15:02,RelAustVic,https://twitter.com/RelAustVic,https://twitter.com/i/web/status/1297326446071906306,COVID-19 has made being in Year 12 pretty stressful. @ReachOut_AUS has put together some tips to help you handle fear about the future: https://t.co/PHF3lp6iDA #COVID19au #COVID19Vic,COVID19au,COVID19Vic
stress,2020-08-19 15:35:03,NewsAtNESA,https://twitter.com/NewsAtNESA,https://twitter.com/i/web/status/1295957428786274304,What are your go-to apps to beat exam stress? Here’s ReachOut’s top 5.  https://t.co/E9rXKKTHyG   #stayhealthyHSC #2020HSC @ReachOut_AUS https://t.co/FdjfZ5LXto,2020HSC,stayhealthyHSC
stress,2020-08-20 08:00:44,jostella19,https://twitter.com/jostella19,https://twitter.com/i/web/status/1296205483141820417,RT @NewsAtNESA: What are your go-to apps to beat exam stress? Here’s ReachOut’s top 5.  https://t.co/E9rXKKTHyG   #stayhealthyHSC #2020HSC…,2020HSC,stayhealthyHSC
stress,2020-08-19 09:53:42,WhiteRibbonAust,https://twitter.com/WhiteRibbonAust,https://twitter.com/i/web/status/1295871526370066432,RT @MensLine_Aus: Our natural reaction is to develop different ways to try and handle situations that cause the #stress. Here's how you can…,stress,stress
nurse,2020-08-24 08:58:30,RNRos,https://twitter.com/RNRos,https://twitter.com/i/web/status/1297669571902451712,RT @Sian_NP: @johno0910 @LRussellWolpe @ian_hickie @RosenbergSeb Yes and the Mental Health Nurse Incentive Program evaluated 5 times. Each…,,
nurse,2020-08-23 13:46:02,Mickholloways,https://twitter.com/Mickholloways,https://twitter.com/i/web/status/1297379547055194113,RT @Sian_NP: @johno0910 @LRussellWolpe @ian_hickie @RosenbergSeb Yes and the Mental Health Nurse Incentive Program evaluated 5 times. Each…,,
nurse,2020-08-25 22:40:35,jasonmharrison2,https://twitter.com/jasonmharrison2,https://twitter.com/i/web/status/1298238845209567232,RT @Sian_NP: @PatMcGorry We could help expand the workforce tomorrow Pat if Cred mental health nurses and nurse practitioners were immediat…,,
nurse,2020-08-24 09:03:46,figstuff,https://twitter.com/figstuff,https://twitter.com/i/web/status/1297670900288909313,Masked show essential? Buying a yatch in Greece essential? Feeding cattle over NSWBorder ESSENTIAL  Doctors Nurses Carers ESSENTIAL  Trucks carrying food stock ESSENTIAL  Football  essential @ScottMorrisonMP Pay rise essential?  Compassion Empathy Love Mental health ESSENTIAL YES https://t.co/62K0xqcwPt,,
nurse,2020-08-25 15:05:12,Sian_NP,https://twitter.com/Sian_NP,https://twitter.com/i/web/status/1298124243310264320,@JudkinsSimon @GregHuntMP @Leanne_Boase @acnp_national @ACMHN @meta4RN They are called Credentialed Mental Health Nurses and Nurse Practitioners @tuppsmiles @WestVicPHN @RhondaWilsonMHN @ProffMac @KathleenTori @ABC @9NewsAUS @anmfvic @anmf_federal @acn_tweet @APNAnurses,,
nurse,2020-08-25 18:13:47,Sian_NP,https://twitter.com/Sian_NP,https://twitter.com/i/web/status/1298171701587402753,RT @tuppsmiles: @Sian_NP @PatMcGorry @GregHuntMP @johno0910 Exactly @Sian_NP nurses are at forefront of services we need more of them we ne…,,
nurse,2020-08-25 22:21:52,LornaMoxham,https://twitter.com/LornaMoxham,https://twitter.com/i/web/status/1298234135949930497,RT @Sian_NP: @PatMcGorry We could help expand the workforce tomorrow Pat if Cred mental health nurses and nurse practitioners were immediat…,,
nurse,2020-08-25 08:20:48,suevmurray,https://twitter.com/suevmurray,https://twitter.com/i/web/status/1298022471832985600,RT @Sian_NP: @johno0910 @LRussellWolpe @ian_hickie @RosenbergSeb Yes and the Mental Health Nurse Incentive Program evaluated 5 times. Each…,,
nurse,2020-08-24 09:01:31,LRussellWolpe,https://twitter.com/LRussellWolpe,https://twitter.com/i/web/status/1297670332195540994,RT @Sian_NP: @johno0910 @LRussellWolpe @ian_hickie @RosenbergSeb Yes and the Mental Health Nurse Incentive Program evaluated 5 times. Each…,,
nurse,2020-08-23 15:48:09,tuppsmiles,https://twitter.com/tuppsmiles,https://twitter.com/i/web/status/1297410279081312256,RT @Sian_NP: @johno0910 @LRussellWolpe @ian_hickie @RosenbergSeb Yes and the Mental Health Nurse Incentive Program evaluated 5 times. Each…,,
young,2020-08-19 10:01:59,IPCHealth_au,https://twitter.com/IPCHealth_au,https://twitter.com/i/web/status/1295873610498752513,RT @Child_Adversity: Struggling to talk to your young ones about #masks for #coronavirus? Noticing #anxiety and fear? @RCN_AUS has develope…,anxiety,masks
young,2020-08-24 14:58:51,INW_PCP,https://twitter.com/INW_PCP,https://twitter.com/i/web/status/1297760260229218305,"RT @ACU_ICPS: .@NYCInquiryAU Interim Report mental health chapter tells a sad story: Anxiety, stress &amp; depression high in #youngpeople. Imp…",youngpeople,youngpeople
young,2020-08-19 09:49:07,ACU_ICPS,https://twitter.com/ACU_ICPS,https://twitter.com/i/web/status/1295870372563181568,RT @Child_Adversity: Struggling to talk to your young ones about #masks for #coronavirus? Noticing #anxiety and fear? @RCN_AUS has develope…,anxiety,masks
young,2020-08-24 13:39:03,ACU_ICPS,https://twitter.com/ACU_ICPS,https://twitter.com/i/web/status/1297740176152616960,".@NYCInquiryAU Interim Report mental health chapter tells a sad story: Anxiety, stress &amp; depression high in #youngpeople. Impact of COVID-19 will last for years. Early intervention is impt but a complex service system makes access difficult https://t.co/SIf1S0CW8A https://t.co/ABAJDghiiX",youngpeople,youngpeople
young,2020-08-24 14:40:28,RNRos,https://twitter.com/RNRos,https://twitter.com/i/web/status/1297755630120235008,"RT @ian_hickie: A focus on the (mental and physical) health and welfare of young people, should be a central focus of the national response…",,
young,2020-08-25 09:03:29,ingioz,https://twitter.com/ingioz,https://twitter.com/i/web/status/1298033213944688642,"RT @orygen_aus: FOCUS GROUP | As part of Orygen's project on inflammation in youth depression, we invite young people with lived experience…",,
young,2020-08-24 15:02:55,AlanJMitchell_,https://twitter.com/AlanJMitchell_,https://twitter.com/i/web/status/1297761282171367424,"RT @ian_hickie: A focus on the (mental and physical) health and welfare of young people, should be a central focus of the national response…",,
young,2020-08-24 14:49:06,gdtoogood,https://twitter.com/gdtoogood,https://twitter.com/i/web/status/1297757804397133824,"RT @ian_hickie: A focus on the (mental and physical) health and welfare of young people, should be a central focus of the national response…",,
young,2020-08-24 15:18:30,amcl2004,https://twitter.com/amcl2004,https://twitter.com/i/web/status/1297765205464608768,"RT @ian_hickie: A focus on the (mental and physical) health and welfare of young people, should be a central focus of the national response…",,
young,2020-08-24 10:29:09,ian_hickie,https://twitter.com/ian_hickie,https://twitter.com/i/web/status/1297692384638038018,"A focus on the (mental and physical) health and welfare of young people, should be a central focus of the national response to COVID19; Many of the potential adverse outcomes (including suicide) are preventable with the right choices now! @GregHuntMP @PatMcGorry @PatsKarvelas https://t.co/qZ2UTKvQd8",,
impact,2020-08-21 08:48:47,English_Aus,https://twitter.com/English_Aus,https://twitter.com/i/web/status/1296579964779794432,"RT @healthgovau: The impacts of COVID-19 can make us feel anxious, stressed or worried. Learn about how you can manage your mental wellbein…",,
impact,2020-08-19 16:48:19,1keithdavis,https://twitter.com/1keithdavis,https://twitter.com/i/web/status/1295975867848384513,"RT @SBSNews: If you or someone you know is impacted by family or domestic violence, call 1800RESPECT on 1800 737 732 or visit https://t.co/…",,
impact,2020-08-19 16:11:37,BroskiSnacky,https://twitter.com/BroskiSnacky,https://twitter.com/i/web/status/1295966630866849794,"RT @SBSNews: If you or someone you know is impacted by family or domestic violence, call 1800RESPECT on 1800 737 732 or visit https://t.co/…",,
impact,2020-08-22 17:27:59,priv8hospitals,https://twitter.com/priv8hospitals,https://twitter.com/i/web/status/1297073015029563392,"RT @healthgovau: The changing environment can have an impact on your mental health, so it’s important to access support when you need it. F…",,
impact,2020-08-19 16:11:09,goremau123,https://twitter.com/goremau123,https://twitter.com/i/web/status/1295966515255107585,"RT @SBSNews: If you or someone you know is impacted by family or domestic violence, call 1800RESPECT on 1800 737 732 or visit https://t.co/…",,
impact,2020-08-22 17:16:14,myotherapyassoc,https://twitter.com/myotherapyassoc,https://twitter.com/i/web/status/1297070056120049671,"RT @healthgovau: The changing environment can have an impact on your mental health, so it’s important to access support when you need it. F…",,
impact,2020-08-24 16:30:27,_SocialDemocrat,https://twitter.com/_SocialDemocrat,https://twitter.com/i/web/status/1297783309091500032,"RT @SBSNews: If you or someone you know is impacted by sexual assault, family or domestic violence, call 1800RESPECT on 1800 737 732 or vis…",,
impact,2020-08-24 20:08:08,JasonBirch0916,https://twitter.com/JasonBirch0916,https://twitter.com/i/web/status/1297838093844676609,"RT @SBSNews: If you or someone you know is impacted by sexual assault, family or domestic violence, call 1800RESPECT on 1800 737 732 or vis…",,
impact,2020-08-19 16:08:56,SBSNews,https://twitter.com/SBSNews,https://twitter.com/i/web/status/1295965954531180546,"If you or someone you know is impacted by family or domestic violence, call 1800RESPECT on 1800 737 732 or visit https://t.co/0E7xTxVmaA. In an emergency, call 000.",,
impact,2020-08-24 16:29:24,SBSNews,https://twitter.com/SBSNews,https://twitter.com/i/web/status/1297783044284137472,"If you or someone you know is impacted by sexual assault, family or domestic violence, call 1800RESPECT on 1800 737 732 or visit https://t.co/0E7xTxVmaA. In an emergency, call 000.",,
country,2020-08-23 19:49:57,NWMHgrads,https://twitter.com/NWMHgrads,https://twitter.com/i/web/status/1297471127095132160,"RT @MHCC_: The current COVID-19 pandemic is a source of anxiety for people across the country and your colleagues, friends or family may re…",,
country,2020-08-24 17:36:03,Friendcare61,https://twitter.com/Friendcare61,https://twitter.com/i/web/status/1297799819952447491,RT @AnxietyUK: As the country is starting to return to work it’s understandable that people may feel #anxious about this. Anxiety UK can pr…,anxious,anxious
seperated,2020-08-19 14:15:47,sreeura,https://twitter.com/sreeura,https://twitter.com/i/web/status/1295937481330679810,"RT @JoelyTuray: Only those people that are seperated by their partners can understand the pain, the depression, the sadness and loneliness…",,
seperated,2020-08-19 18:20:05,hiba_akmal,https://twitter.com/hiba_akmal,https://twitter.com/i/web/status/1295998962160164864,"RT @JoelyTuray: Only those people that are seperated by their partners can understand the pain, the depression, the sadness and loneliness…",,
seperated,2020-08-19 14:32:28,lovepre91961313,https://twitter.com/lovepre91961313,https://twitter.com/i/web/status/1295941680462348289,"RT @JoelyTuray: Only those people that are seperated by their partners can understand the pain, the depression, the sadness and loneliness…",,
seperated,2020-08-20 05:53:41,koukli86,https://twitter.com/koukli86,https://twitter.com/i/web/status/1296173510788866048,"RT @JoelyTuray: Only those people that are seperated by their partners can understand the pain, the depression, the sadness and loneliness…",,
seperated,2020-08-20 11:41:02,wintertriangel,https://twitter.com/wintertriangel,https://twitter.com/i/web/status/1296260923477209090,"RT @JoelyTuray: Only those people that are seperated by their partners can understand the pain, the depression, the sadness and loneliness…",,
seperated,2020-08-19 15:32:33,nicola38381851,https://twitter.com/nicola38381851,https://twitter.com/i/web/status/1295956798088704001,"RT @JoelyTuray: Only those people that are seperated by their partners can understand the pain, the depression, the sadness and loneliness…",,
depression,2020-08-24 22:35:09,AndrewW89846090,https://twitter.com/AndrewW89846090,https://twitter.com/i/web/status/1297875091145940993,RT @xskinn: Get immediate help for depression and anxiety - Beyond Blue. If tonight’s 4Corners story has raised any issues remember orgs li…,,
depression,2020-08-21 11:44:03,autumn_daze00,https://twitter.com/autumn_daze00,https://twitter.com/i/web/status/1296624072931987456,RT @chefsami_la: 162 days without him. 162 days of tears and heartache. Anxiety and depression. Wonder. Hope. Fear. Uncertainty. Disbelief.…,,
depression,2020-08-24 22:53:29,MargMcCrohon,https://twitter.com/MargMcCrohon,https://twitter.com/i/web/status/1297879702019874816,RT @xskinn: Get immediate help for depression and anxiety - Beyond Blue. If tonight’s 4Corners story has raised any issues remember orgs li…,,
depression,2020-08-25 15:04:40,BroskiSnacky,https://twitter.com/BroskiSnacky,https://twitter.com/i/web/status/1298124111533600768,I'm not letting my anxiety or my depression stop me  I'm not a cry baby,,
depression,2020-08-25 16:38:37,BroskiSnacky,https://twitter.com/BroskiSnacky,https://twitter.com/i/web/status/1298147754741362689,RT @BroskiSnacky: I'm not letting my anxiety or my depression stop me  I'm not a cry baby,,
depression,2020-08-24 23:29:08,GayleWilliams53,https://twitter.com/GayleWilliams53,https://twitter.com/i/web/status/1297888673946431494,RT @xskinn: Get immediate help for depression and anxiety - Beyond Blue. If tonight’s 4Corners story has raised any issues remember orgs li…,,
depression,2020-08-19 18:38:04,ausrotaryhealth,https://twitter.com/ausrotaryhealth,https://twitter.com/i/web/status/1296003485738164224,This statistic is more than twice as high (46%) among those who consider their workplace mentally unhealthy.  Donate to mental health research today: https://t.co/mynEZTSXPT  #Liftthelidonmentalillness #workplace #mentalhealth #research #stress #depression #anxiety #workstress https://t.co/nyZCdSXgzG,anxiety,workstress
depression,2020-08-24 22:41:36,igfbss,https://twitter.com/igfbss,https://twitter.com/i/web/status/1297876714123456514,RT @xskinn: Get immediate help for depression and anxiety - Beyond Blue. If tonight’s 4Corners story has raised any issues remember orgs li…,,
depression,2020-08-24 22:40:32,jmacontheloose,https://twitter.com/jmacontheloose,https://twitter.com/i/web/status/1297876444123553792,RT @xskinn: Get immediate help for depression and anxiety - Beyond Blue. If tonight’s 4Corners story has raised any issues remember orgs li…,,
depression,2020-08-24 23:27:15,BirrellSb,https://twitter.com/BirrellSb,https://twitter.com/i/web/status/1297888202246610944,RT @xskinn: Get immediate help for depression and anxiety - Beyond Blue. If tonight’s 4Corners story has raised any issues remember orgs li…,,
understand,2020-08-24 17:36:03,Friendcare61,https://twitter.com/Friendcare61,https://twitter.com/i/web/status/1297799819952447491,RT @AnxietyUK: As the country is starting to return to work it’s understandable that people may feel #anxious about this. Anxiety UK can pr…,anxious,anxious
understand,2020-08-19 14:15:47,sreeura,https://twitter.com/sreeura,https://twitter.com/i/web/status/1295937481330679810,"RT @JoelyTuray: Only those people that are seperated by their partners can understand the pain, the depression, the sadness and loneliness…",,
understand,2020-08-19 18:20:05,hiba_akmal,https://twitter.com/hiba_akmal,https://twitter.com/i/web/status/1295998962160164864,"RT @JoelyTuray: Only those people that are seperated by their partners can understand the pain, the depression, the sadness and loneliness…",,
understand,2020-08-19 14:32:28,lovepre91961313,https://twitter.com/lovepre91961313,https://twitter.com/i/web/status/1295941680462348289,"RT @JoelyTuray: Only those people that are seperated by their partners can understand the pain, the depression, the sadness and loneliness…",,
understand,2020-08-20 05:53:41,koukli86,https://twitter.com/koukli86,https://twitter.com/i/web/status/1296173510788866048,"RT @JoelyTuray: Only those people that are seperated by their partners can understand the pain, the depression, the sadness and loneliness…",,
understand,2020-08-20 11:41:02,wintertriangel,https://twitter.com/wintertriangel,https://twitter.com/i/web/status/1296260923477209090,"RT @JoelyTuray: Only those people that are seperated by their partners can understand the pain, the depression, the sadness and loneliness…",,
understand,2020-08-19 15:32:33,nicola38381851,https://twitter.com/nicola38381851,https://twitter.com/i/web/status/1295956798088704001,"RT @JoelyTuray: Only those people that are seperated by their partners can understand the pain, the depression, the sadness and loneliness…",,
