Topic,word1,word2,word3,word4,word5,word6,word7,word8,word9,word10
Topic 1,people,first,enough,issue,something,consider,actually,eroding,depression,family
Topic 2,australia,whole,world,sitting,occur,happen,letting,please,attack,depression
Topic 3,support,victorian,patient,waiting,pressure,access,emergency,clinic,today,victoria
Topic 4,australia,lockdown,covid,economic,financial,policy,causing,apart,emoti,insane
Topic 5,write,government,anxiety,session,telehealth,fund,suicide,medicare,extend,calling
