keyword,created_at_local_time,screen_name,user_URL,tweet_URL,tweet_text,hashtag1,hashtag2
medicare,2020-08-03 07:53:41,dana_advocacy,https://twitter.com/dana_advocacy,https://twitter.com/i/web/status/1290043118067228673,RT @IDEASAU: The Australian Government will provide 10 additional Medicare subsidised psychological therapy sessions for people subjected t…,,
medicare,2020-08-02 15:51:19,BinsQuan,https://twitter.com/BinsQuan,https://twitter.com/i/web/status/1289800930347515904,Now is the time to give EVERY Australian 40 subsidised Medicare sessions on the mental health care plan. 10 has never been enough. @GregHuntMP #COVID19Aus #COVID19Vic #MentalHealthMatters #Mentalhealth,COVID19Aus,MentalHealthMatters
medicare,2020-08-03 12:35:23,vmainard,https://twitter.com/vmainard,https://twitter.com/i/web/status/1290114007697731584,@GregHuntMP Here the thing. A time frame cannot be put on mental illness and mental health. The greatest gift you can give people with mental health issues right now. Is take the cap off medicare funded Psychologist visits so all people with mental health issues can fully heal.,,
medicare,2020-08-03 08:21:06,WWDA_AU,https://twitter.com/WWDA_AU,https://twitter.com/i/web/status/1290050015755251712,RT @IDEASAU: The Australian Government will provide 10 additional Medicare subsidised psychological therapy sessions for people subjected t…,,
medicare,2020-08-03 08:26:10,WWDA_Youth,https://twitter.com/WWDA_Youth,https://twitter.com/i/web/status/1290051290647543811,RT @IDEASAU: The Australian Government will provide 10 additional Medicare subsidised psychological therapy sessions for people subjected t…,,
medicare,2020-08-03 00:48:02,CydaAu,https://twitter.com/CydaAu,https://twitter.com/i/web/status/1289935999946985472,RT @IDEASAU: The Australian Government will provide 10 additional Medicare subsidised psychological therapy sessions for people subjected t…,,
medicare,2020-08-03 12:40:10,DrRimmer,https://twitter.com/DrRimmer,https://twitter.com/i/web/status/1290115213362991104,'We think we need more mental health support because this is a deeply stressful time.' @GregHuntMP on #COVID19 and mental health https://t.co/S8Ov1xL0U8 https://t.co/d3b8h5KHQi Says that @ScottMorrisonMP has expanded the Better Access psychological program under Medicare.,COVID19,COVID19
medicare,2020-08-02 17:47:34,EvansTanya86,https://twitter.com/EvansTanya86,https://twitter.com/i/web/status/1289830186372931586,RT @FionaMartinMP: Federal Health Minister @GregHuntMP has announced the Medicare Better Access program will be expanded to provide Victori…,,
medicare,2020-08-02 13:24:00,psychwrite,https://twitter.com/psychwrite,https://twitter.com/i/web/status/1289763856475013122,Have never understood why you can only get 10 Medicare subsidised sessions of #psychology but 50 of #psychiatry (do people even know that?!) #mentalhealthz @GregHuntMP soon to comment-  telehealth extended? treatment plan entitlement increased? https://t.co/Dvf1KJtS5M via @theage,mentalhealthz,psychology
medicare,2020-08-02 17:15:07,JamieTravers,https://twitter.com/JamieTravers,https://twitter.com/i/web/status/1289822017961603073,Health Minister @GregHuntMP announces mental health support for those in lockdown areas.  An additional 10 Medicare subsidised psychologist sessions. Double what is currently in place.   @SBSNews #auspol https://t.co/1xgZPIV2kd,auspol,auspol
depression,2020-08-04 15:22:58,AmandaLNeil,https://twitter.com/AmandaLNeil,https://twitter.com/i/web/status/1290518570514882560,"RT @RANZCP: Learn to recognize signs of stress, depression, and burnout in yourself. Reach out to colleagues for assistance and support. Sh…",,
depression,2020-08-03 09:43:50,jaquix173,https://twitter.com/jaquix173,https://twitter.com/i/web/status/1290070834774601728,"RT @TheKouk: @SenatorSurfer Because economic depressions are uncommon, there is no simple definition: But I reckon GDP -10% and labour unde…",,
depression,2020-07-31 12:57:13,Magpie1954nBird,https://twitter.com/Magpie1954nBird,https://twitter.com/i/web/status/1289032339792699395,RT @TheKouk: It's odd how people are gleeful that the 2020 COVID Depression will lower house prices - they are effectively saying I hope s…,,
depression,2020-08-03 02:18:27,MdmAbsentMinded,https://twitter.com/MdmAbsentMinded,https://twitter.com/i/web/status/1289958752959868928,"RT @angry__saint: In 1929, we called a 15% drop in GDP The Great Depression. What do we call a 33% drop in GDP?  The Worst Depression !",,
depression,2020-08-04 07:55:28,JohnMilionis,https://twitter.com/JohnMilionis,https://twitter.com/i/web/status/1290405952697425920,"@tonyreeswoods @DougCameron51 @DanielAndrewsMP No pain in the public service either. Zero job losses, and still pay rises for some. It's a private sector Depression caused by mismanagement &amp; public policy failure. Oh, &amp; I'm not a Murdoch stooge (I can't stand the bloke).",,
depression,2020-08-04 11:41:13,JohnMilionis,https://twitter.com/JohnMilionis,https://twitter.com/i/web/status/1290462767061893122,"@phlogga @AlboMP How many would have been saved if @DanielAndrewsMP inept Govt managed Hotel Quarantine right? It was the seed for this second wave. Oh, and we'd not be down the tube for 10s of billions in an economic Depression. Just sayin...",,
depression,2020-08-04 13:56:12,JohnMilionis,https://twitter.com/JohnMilionis,https://twitter.com/i/web/status/1290496732858466306,"@theoriginallau1 @sophieelsworth Hey Laura, every life is precious however their will be millions of families impacted bc of the gross mismanagement of @DanielAndrewsMP. Suicides, business failures, depression, poverty. That's a fact &amp; FFS maybe Dan's defenders might acknowledge that :)",,
depression,2020-08-04 13:29:43,psychwrite,https://twitter.com/psychwrite,https://twitter.com/i/web/status/1290490069443153922,Anxiety and depression in #COVID19 survivors: role of role of inflammatory and clinical predictors. #Mentalhealth #Psychiatry  https://t.co/HhIjDft71p,COVID19,Psychiatry
depression,2020-07-30 20:41:00,ruthryan,https://twitter.com/ruthryan,https://twitter.com/i/web/status/1288786667671715841,RT @HeilerHendrik: Brazil opens the borders 😍 5 months of anxiety and depression come to and end. I could cry! #LoveIsNotTourism   https://…,LoveIsNotTourism,LoveIsNotTourism
depression,2020-07-31 06:55:51,RJ_Howes,https://twitter.com/RJ_Howes,https://twitter.com/i/web/status/1288941398415167488,"RT @hsireland1: A summary of this meta-review paper here:  Review clarifies depression, anxiety risk among hidradenitis suppurativa patient…",,
survivor,2020-08-04 19:29:43,AmandaLNeil,https://twitter.com/AmandaLNeil,https://twitter.com/i/web/status/1290580668821323776,"RT @FZMarques: ***thread about strategies to ⬇️ anxiety during #CovidVic #melbournelockdown***   As a cancer survivor, I find that COVID-19…",CovidVic,melbournelockdown
survivor,2020-08-04 13:29:43,psychwrite,https://twitter.com/psychwrite,https://twitter.com/i/web/status/1290490069443153922,Anxiety and depression in #COVID19 survivors: role of role of inflammatory and clinical predictors. #Mentalhealth #Psychiatry  https://t.co/HhIjDft71p,COVID19,Psychiatry
education,2020-07-30 08:31:29,AlisonVerhoeven,https://twitter.com/AlisonVerhoeven,https://twitter.com/i/web/status/1288603079785328640,RT @ian_hickie: Responding to the COVID19 mental health impacts: Employment and education support are critical ⁦@GregHuntMP⁩ ⁦@BrainMind_Us…,,
education,2020-07-30 07:55:10,amcl2004,https://twitter.com/amcl2004,https://twitter.com/i/web/status/1288593940182994944,RT @ian_hickie: Responding to the COVID19 mental health impacts: Employment and education support are critical ⁦@GregHuntMP⁩ ⁦@BrainMind_Us…,,
education,2020-07-29 10:21:31,ian_hickie,https://twitter.com/ian_hickie,https://twitter.com/i/web/status/1288268382790283265,@ozprodcom So important to ongoing mental health of young people in the face of COVID19 disruptions; employment and education support to foster true participation is critical! @Sydney_Uni @BrainMind_Usyd @CSART_world @PatMcGorry @GregHuntMP @CMorgan265 @Bowenchris @SabraLane @PatsKarvelas,,
education,2020-07-30 07:43:04,ian_hickie,https://twitter.com/ian_hickie,https://twitter.com/i/web/status/1288590891825815552,Responding to the COVID19 mental health impacts: Employment and education support are critical ⁦@GregHuntMP⁩ ⁦@BrainMind_Usyd⁩ ⁦@Sydney_Uni⁩ ⁦@SabraLane⁩ ⁦@PatMcGorry⁩ ⁦@PatsKarvelas⁩ ⁦⁦⁦@CSART_world⁩  https://t.co/BU9fsfIoVs,,
education,2020-07-30 11:36:56,AusHealthcare,https://twitter.com/AusHealthcare,https://twitter.com/i/web/status/1288649749931778048,RT @ian_hickie: Responding to the COVID19 mental health impacts: Employment and education support are critical ⁦@GregHuntMP⁩ ⁦@BrainMind_Us…,,
education,2020-07-30 07:50:42,RichJWeston,https://twitter.com/RichJWeston,https://twitter.com/i/web/status/1288592815149084672,RT @ian_hickie: Responding to the COVID19 mental health impacts: Employment and education support are critical ⁦@GregHuntMP⁩ ⁦@BrainMind_Us…,,
education,2020-08-02 21:50:19,DrRimmer,https://twitter.com/DrRimmer,https://twitter.com/i/web/status/1289891274925854722,RT @DrRimmer: @TimRRead @GregHuntMP @theage Ireland's #COVID19 education recovery package included funding for mental health support for st…,COVID19,COVID19
education,2020-08-02 21:58:41,mangotree_books,https://twitter.com/mangotree_books,https://twitter.com/i/web/status/1289893380990722056,RT @DrRimmer: @TimRRead @GregHuntMP @theage Ireland's #COVID19 education recovery package included funding for mental health support for st…,COVID19,COVID19
education,2020-07-30 18:42:04,BrainMind_Usyd,https://twitter.com/BrainMind_Usyd,https://twitter.com/i/web/status/1288756737957273600,RT @ian_hickie: Responding to the COVID19 mental health impacts: Employment and education support are critical ⁦@GregHuntMP⁩ ⁦@BrainMind_Us…,,
education,2020-08-04 22:33:13,YallopDiana,https://twitter.com/YallopDiana,https://twitter.com/i/web/status/1290626846774575104,@AlexanderDalt19 2/3 kids are presenting for help younger esp anxiety.Forever there has been physical education/sport in the education curriculum so why not mental fitness as ongoing subject not just a few forums https://t.co/dfwHRjEThh strengths based approach parenting,,
people,2020-08-02 05:32:46,RoxanneAbejuel,https://twitter.com/RoxanneAbejuel,https://twitter.com/i/web/status/1289645267147350016,@ScottMorrisonMP @KKeneally @ausgov @AusHumanRights   It’s not just financing and protecting your people from the spread. It’s also taking care of their well-being and mental health.  #LoveIsNotTourism #LoveIsEssential https://t.co/k8lebtF05q,LoveIsEssential,LoveIsNotTourism
people,2020-08-03 07:53:41,dana_advocacy,https://twitter.com/dana_advocacy,https://twitter.com/i/web/status/1290043118067228673,RT @IDEASAU: The Australian Government will provide 10 additional Medicare subsidised psychological therapy sessions for people subjected t…,,
people,2020-08-03 11:35:57,MsPraxis,https://twitter.com/MsPraxis,https://twitter.com/i/web/status/1290099049907904519,RT @AliceShawLand: In order for people to survive this pandemic and to come out the other side we must focus on mental health and extra Bet…,,
people,2020-07-31 12:57:13,Magpie1954nBird,https://twitter.com/Magpie1954nBird,https://twitter.com/i/web/status/1289032339792699395,RT @TheKouk: It's odd how people are gleeful that the 2020 COVID Depression will lower house prices - they are effectively saying I hope s…,,
people,2020-08-03 12:35:23,vmainard,https://twitter.com/vmainard,https://twitter.com/i/web/status/1290114007697731584,@GregHuntMP Here the thing. A time frame cannot be put on mental illness and mental health. The greatest gift you can give people with mental health issues right now. Is take the cap off medicare funded Psychologist visits so all people with mental health issues can fully heal.,,
people,2020-08-03 08:21:06,WWDA_AU,https://twitter.com/WWDA_AU,https://twitter.com/i/web/status/1290050015755251712,RT @IDEASAU: The Australian Government will provide 10 additional Medicare subsidised psychological therapy sessions for people subjected t…,,
people,2020-08-03 08:26:10,WWDA_Youth,https://twitter.com/WWDA_Youth,https://twitter.com/i/web/status/1290051290647543811,RT @IDEASAU: The Australian Government will provide 10 additional Medicare subsidised psychological therapy sessions for people subjected t…,,
people,2020-07-29 10:21:31,ian_hickie,https://twitter.com/ian_hickie,https://twitter.com/i/web/status/1288268382790283265,@ozprodcom So important to ongoing mental health of young people in the face of COVID19 disruptions; employment and education support to foster true participation is critical! @Sydney_Uni @BrainMind_Usyd @CSART_world @PatMcGorry @GregHuntMP @CMorgan265 @Bowenchris @SabraLane @PatsKarvelas,,
people,2020-08-02 08:27:27,ian_hickie,https://twitter.com/ian_hickie,https://twitter.com/i/web/status/1289689227454627840,The problem with Frydenberg's baby boom; mental health impacts on young people and women need urgent responses ⁦@GregHuntMP⁩ ⁦@SabraLane⁩ ⁦@PatsKarvelas⁩ ⁦@PatMcGorry⁩ ⁦@Bowenchris⁩ ⁦@frankelly08⁩ ⁦@SquigglyRick⁩  https://t.co/dNtawwiE8z,,
people,2020-08-03 00:48:02,CydaAu,https://twitter.com/CydaAu,https://twitter.com/i/web/status/1289935999946985472,RT @IDEASAU: The Australian Government will provide 10 additional Medicare subsidised psychological therapy sessions for people subjected t…,,
#mentalhealth,2020-08-02 15:51:19,BinsQuan,https://twitter.com/BinsQuan,https://twitter.com/i/web/status/1289800930347515904,Now is the time to give EVERY Australian 40 subsidised Medicare sessions on the mental health care plan. 10 has never been enough. @GregHuntMP #COVID19Aus #COVID19Vic #MentalHealthMatters #Mentalhealth,COVID19Aus,MentalHealthMatters
#mentalhealth,2020-08-03 14:35:52,drpete00,https://twitter.com/drpete00,https://twitter.com/i/web/status/1290144328522727425,"If you need extra mental health support at the moment, please see your GP &amp; talk about it.  Extra help available &amp; government funding for psychology visits.  Look out for each other and reach out if needed.  #SpringSt #AusPol #MentalHealth @GregHuntMP  https://t.co/YuNOugwUGJ",AusPol,SpringSt
#mentalhealth,2020-08-02 13:24:00,psychwrite,https://twitter.com/psychwrite,https://twitter.com/i/web/status/1289763856475013122,Have never understood why you can only get 10 Medicare subsidised sessions of #psychology but 50 of #psychiatry (do people even know that?!) #mentalhealthz @GregHuntMP soon to comment-  telehealth extended? treatment plan entitlement increased? https://t.co/Dvf1KJtS5M via @theage,mentalhealthz,psychology
#mentalhealth,2020-08-04 13:29:43,psychwrite,https://twitter.com/psychwrite,https://twitter.com/i/web/status/1290490069443153922,Anxiety and depression in #COVID19 survivors: role of role of inflammatory and clinical predictors. #Mentalhealth #Psychiatry  https://t.co/HhIjDft71p,COVID19,Psychiatry
#mentalhealth,2020-08-04 16:47:28,PsychiaAdelaide,https://twitter.com/PsychiaAdelaide,https://twitter.com/i/web/status/1290539834386157568,57.8% of Older Australians in residential aged care had at least one mental health disorder. @ROSA_Project @sahmriAU #agedcare @healthgovau #Depression #Mentalhealth #Healthyageing #Psychosis  https://t.co/g0uL6NjV2M,agedcare,Psychosis
suicide,2020-08-04 13:56:12,JohnMilionis,https://twitter.com/JohnMilionis,https://twitter.com/i/web/status/1290496732858466306,"@theoriginallau1 @sophieelsworth Hey Laura, every life is precious however their will be millions of families impacted bc of the gross mismanagement of @DanielAndrewsMP. Suicides, business failures, depression, poverty. That's a fact &amp; FFS maybe Dan's defenders might acknowledge that :)",,
suicide,2020-07-29 10:04:55,YallopDiana,https://twitter.com/YallopDiana,https://twitter.com/i/web/status/1288264203099234304,"@AgedMatters @nearlynana @JulieCollinsMP @gedkearney @rC @healthgovau 2/3Millions of Govt dollars are wasted  in all sorts of service enquiries eg Mental Health.Look at millions spent on suicide prevention, &amp;research institutes like Orygen/Black Dog.Mind&amp;Brain Institute  but suicide rate still so high.$2 mill on that study",,
suicide,2020-08-02 12:27:53,YallopDiana,https://twitter.com/YallopDiana,https://twitter.com/i/web/status/1289749735151042560,@Sian_NP @tuppsmiles @PatMcGorry @Psych4Men @lizoluwi @GregFranklin19 @wendywhoru @BenMullingsPhD @JulianBurnside @IndigoDaya @TcameronTodd @RhondaWilsonMHN @ReawakenA @AccessAbleMH @ProffMac @KathleenTori @ACMHN @GregHuntMP 2/3 and your life matters and you r not alone is as crucial suicide prevention strategy as helplines/improved mental health service.The AIFS latest study The Age 30/7 reinforces adverse mental health impact on having no one enquire after yr wellbeing,,
entering,2020-08-03 12:41:44,constan10101,https://twitter.com/constan10101,https://twitter.com/i/web/status/1290115608231608321,RT @GregHuntMP: Important additional mental health support announced to assist Victorians entering stage 4 restrictions.  MEDIA RELEASE - h…,,
entering,2020-08-03 16:17:22,mirzadeh_neda,https://twitter.com/mirzadeh_neda,https://twitter.com/i/web/status/1290169872916258818,RT @GregHuntMP: Important additional mental health support announced to assist Victorians entering stage 4 restrictions.  MEDIA RELEASE - h…,,
entering,2020-08-03 13:56:16,SenSHenderson,https://twitter.com/SenSHenderson,https://twitter.com/i/web/status/1290134364211130368,RT @GregHuntMP: Important additional mental health support announced to assist Victorians entering stage 4 restrictions.  MEDIA RELEASE - h…,,
entering,2020-08-03 13:08:38,QuodGoogla,https://twitter.com/QuodGoogla,https://twitter.com/i/web/status/1290122375950815233,RT @GregHuntMP: Important additional mental health support announced to assist Victorians entering stage 4 restrictions.  MEDIA RELEASE - h…,,
entering,2020-08-03 17:07:49,Nettie486,https://twitter.com/Nettie486,https://twitter.com/i/web/status/1290182569556754444,RT @GregHuntMP: Important additional mental health support announced to assist Victorians entering stage 4 restrictions.  MEDIA RELEASE - h…,,
entering,2020-08-03 12:19:19,claire_melb,https://twitter.com/claire_melb,https://twitter.com/i/web/status/1290109967240814592,RT @GregHuntMP: Important additional mental health support announced to assist Victorians entering stage 4 restrictions.  MEDIA RELEASE - h…,,
entering,2020-08-04 02:35:06,ODonohueMLC,https://twitter.com/ODonohueMLC,https://twitter.com/i/web/status/1290325331102949380,RT @GregHuntMP: Important additional mental health support announced to assist Victorians entering stage 4 restrictions.  MEDIA RELEASE - h…,,
entering,2020-08-03 13:47:49,nephtisframe,https://twitter.com/nephtisframe,https://twitter.com/i/web/status/1290132236654669830,RT @GregHuntMP: Important additional mental health support announced to assist Victorians entering stage 4 restrictions.  MEDIA RELEASE - h…,,
entering,2020-08-03 12:21:34,political_alert,https://twitter.com/political_alert,https://twitter.com/i/web/status/1290110532440096773,RT @GregHuntMP: Important additional mental health support announced to assist Victorians entering stage 4 restrictions.  MEDIA RELEASE - h…,,
entering,2020-08-03 18:09:43,zettascaledata,https://twitter.com/zettascaledata,https://twitter.com/i/web/status/1290198144685236224,RT @GregHuntMP: Important additional mental health support announced to assist Victorians entering stage 4 restrictions.  MEDIA RELEASE - h…,,
shout,2020-08-03 19:26:11,Coral39692241,https://twitter.com/Coral39692241,https://twitter.com/i/web/status/1290217387984216068,"RT @healthgovau: Shout out to all the health and aged care workers, especially those in Victoria. Remember to look after yourselves too and…",,
shout,2020-08-03 21:51:24,TokenAtheist1,https://twitter.com/TokenAtheist1,https://twitter.com/i/web/status/1290253936801091585,"RT @healthgovau: Shout out to all the health and aged care workers, especially those in Victoria. Remember to look after yourselves too and…",,
shout,2020-08-04 10:24:12,RuralSpecialist,https://twitter.com/RuralSpecialist,https://twitter.com/i/web/status/1290443384172273666,"RT @healthgovau: Shout out to all the health and aged care workers, especially those in Victoria. Remember to look after yourselves too and…",,
shout,2020-08-03 19:18:08,Nichola61392285,https://twitter.com/Nichola61392285,https://twitter.com/i/web/status/1290215365016862722,"RT @healthgovau: Shout out to all the health and aged care workers, especially those in Victoria. Remember to look after yourselves too and…",,
strategy,2020-08-02 12:27:53,YallopDiana,https://twitter.com/YallopDiana,https://twitter.com/i/web/status/1289749735151042560,@Sian_NP @tuppsmiles @PatMcGorry @Psych4Men @lizoluwi @GregFranklin19 @wendywhoru @BenMullingsPhD @JulianBurnside @IndigoDaya @TcameronTodd @RhondaWilsonMHN @ReawakenA @AccessAbleMH @ProffMac @KathleenTori @ACMHN @GregHuntMP 2/3 and your life matters and you r not alone is as crucial suicide prevention strategy as helplines/improved mental health service.The AIFS latest study The Age 30/7 reinforces adverse mental health impact on having no one enquire after yr wellbeing,,
employment,2020-07-30 08:31:29,AlisonVerhoeven,https://twitter.com/AlisonVerhoeven,https://twitter.com/i/web/status/1288603079785328640,RT @ian_hickie: Responding to the COVID19 mental health impacts: Employment and education support are critical ⁦@GregHuntMP⁩ ⁦@BrainMind_Us…,,
employment,2020-07-30 07:55:10,amcl2004,https://twitter.com/amcl2004,https://twitter.com/i/web/status/1288593940182994944,RT @ian_hickie: Responding to the COVID19 mental health impacts: Employment and education support are critical ⁦@GregHuntMP⁩ ⁦@BrainMind_Us…,,
employment,2020-07-29 10:21:31,ian_hickie,https://twitter.com/ian_hickie,https://twitter.com/i/web/status/1288268382790283265,@ozprodcom So important to ongoing mental health of young people in the face of COVID19 disruptions; employment and education support to foster true participation is critical! @Sydney_Uni @BrainMind_Usyd @CSART_world @PatMcGorry @GregHuntMP @CMorgan265 @Bowenchris @SabraLane @PatsKarvelas,,
employment,2020-07-30 07:43:04,ian_hickie,https://twitter.com/ian_hickie,https://twitter.com/i/web/status/1288590891825815552,Responding to the COVID19 mental health impacts: Employment and education support are critical ⁦@GregHuntMP⁩ ⁦@BrainMind_Usyd⁩ ⁦@Sydney_Uni⁩ ⁦@SabraLane⁩ ⁦@PatMcGorry⁩ ⁦@PatsKarvelas⁩ ⁦⁦⁦@CSART_world⁩  https://t.co/BU9fsfIoVs,,
employment,2020-07-30 11:36:56,AusHealthcare,https://twitter.com/AusHealthcare,https://twitter.com/i/web/status/1288649749931778048,RT @ian_hickie: Responding to the COVID19 mental health impacts: Employment and education support are critical ⁦@GregHuntMP⁩ ⁦@BrainMind_Us…,,
employment,2020-07-30 07:50:42,RichJWeston,https://twitter.com/RichJWeston,https://twitter.com/i/web/status/1288592815149084672,RT @ian_hickie: Responding to the COVID19 mental health impacts: Employment and education support are critical ⁦@GregHuntMP⁩ ⁦@BrainMind_Us…,,
employment,2020-07-30 18:42:04,BrainMind_Usyd,https://twitter.com/BrainMind_Usyd,https://twitter.com/i/web/status/1288756737957273600,RT @ian_hickie: Responding to the COVID19 mental health impacts: Employment and education support are critical ⁦@GregHuntMP⁩ ⁦@BrainMind_Us…,,
employment,2020-07-29 11:08:53,pauline_mh1,https://twitter.com/pauline_mh1,https://twitter.com/i/web/status/1288280301454548992,RT @ian_hickie: @ozprodcom So important to ongoing mental health of young people in the face of COVID19 disruptions; employment and educati…,,
employment,2020-07-30 07:43:17,PatsKarvelas,https://twitter.com/PatsKarvelas,https://twitter.com/i/web/status/1288590948801245184,RT @ian_hickie: Responding to the COVID19 mental health impacts: Employment and education support are critical ⁦@GregHuntMP⁩ ⁦@BrainMind_Us…,,
pandemic,2020-07-30 01:39:52,sreeura,https://twitter.com/sreeura,https://twitter.com/i/web/status/1288499489808891904,RT @ruthryan: National Mental Health and Wellbeing Pandemic Response Plan: meet the mental health and wellbeing needs of all Australians to…,,
pandemic,2020-08-03 11:35:57,MsPraxis,https://twitter.com/MsPraxis,https://twitter.com/i/web/status/1290099049907904519,RT @AliceShawLand: In order for people to survive this pandemic and to come out the other side we must focus on mental health and extra Bet…,,
pandemic,2020-08-04 11:25:10,johno0910,https://twitter.com/johno0910,https://twitter.com/i/web/status/1290458727536103425,A few + sessions of 1-2-1 psychology are not going to be enough ⁦@GregHuntMP⁩. Need a serious mental health pandemic plan. Look to Taiwan. They have that &amp; started deploying in January. ⁦@Bowenchris⁩ ⁦@normanswan⁩ ⁦@PatsKarvelas⁩  https://t.co/sTVz2ILohd,,
subsidise,2020-08-03 07:53:41,dana_advocacy,https://twitter.com/dana_advocacy,https://twitter.com/i/web/status/1290043118067228673,RT @IDEASAU: The Australian Government will provide 10 additional Medicare subsidised psychological therapy sessions for people subjected t…,,
subsidise,2020-08-02 15:51:19,BinsQuan,https://twitter.com/BinsQuan,https://twitter.com/i/web/status/1289800930347515904,Now is the time to give EVERY Australian 40 subsidised Medicare sessions on the mental health care plan. 10 has never been enough. @GregHuntMP #COVID19Aus #COVID19Vic #MentalHealthMatters #Mentalhealth,COVID19Aus,MentalHealthMatters
subsidise,2020-08-03 08:21:06,WWDA_AU,https://twitter.com/WWDA_AU,https://twitter.com/i/web/status/1290050015755251712,RT @IDEASAU: The Australian Government will provide 10 additional Medicare subsidised psychological therapy sessions for people subjected t…,,
subsidise,2020-08-03 08:26:10,WWDA_Youth,https://twitter.com/WWDA_Youth,https://twitter.com/i/web/status/1290051290647543811,RT @IDEASAU: The Australian Government will provide 10 additional Medicare subsidised psychological therapy sessions for people subjected t…,,
subsidise,2020-08-03 00:48:02,CydaAu,https://twitter.com/CydaAu,https://twitter.com/i/web/status/1289935999946985472,RT @IDEASAU: The Australian Government will provide 10 additional Medicare subsidised psychological therapy sessions for people subjected t…,,
subsidise,2020-08-02 13:24:00,psychwrite,https://twitter.com/psychwrite,https://twitter.com/i/web/status/1289763856475013122,Have never understood why you can only get 10 Medicare subsidised sessions of #psychology but 50 of #psychiatry (do people even know that?!) #mentalhealthz @GregHuntMP soon to comment-  telehealth extended? treatment plan entitlement increased? https://t.co/Dvf1KJtS5M via @theage,mentalhealthz,psychology
subsidise,2020-08-02 17:15:07,JamieTravers,https://twitter.com/JamieTravers,https://twitter.com/i/web/status/1289822017961603073,Health Minister @GregHuntMP announces mental health support for those in lockdown areas.  An additional 10 Medicare subsidised psychologist sessions. Double what is currently in place.   @SBSNews #auspol https://t.co/1xgZPIV2kd,auspol,auspol
subsidise,2020-08-03 08:03:37,Dpeters1977,https://twitter.com/Dpeters1977,https://twitter.com/i/web/status/1290045618228846592,RT @IDEASAU: The Australian Government will provide 10 additional Medicare subsidised psychological therapy sessions for people subjected t…,,
restriction,2020-08-01 12:32:02,healthgovau,https://twitter.com/healthgovau,https://twitter.com/i/web/status/1289388391017013253,"Discussions and concerns about COVID-19 can be stressful and can impact our mental health and wellbeing. If you are feeling overwhelmed by the ongoing news and changing restrictions, we have resources available to help you. Visit: https://t.co/I5mXqpSHjS https://t.co/LUp2JWl3VE",,
restriction,2020-08-03 12:41:44,constan10101,https://twitter.com/constan10101,https://twitter.com/i/web/status/1290115608231608321,RT @GregHuntMP: Important additional mental health support announced to assist Victorians entering stage 4 restrictions.  MEDIA RELEASE - h…,,
restriction,2020-08-03 16:17:22,mirzadeh_neda,https://twitter.com/mirzadeh_neda,https://twitter.com/i/web/status/1290169872916258818,RT @GregHuntMP: Important additional mental health support announced to assist Victorians entering stage 4 restrictions.  MEDIA RELEASE - h…,,
restriction,2020-08-03 13:56:16,SenSHenderson,https://twitter.com/SenSHenderson,https://twitter.com/i/web/status/1290134364211130368,RT @GregHuntMP: Important additional mental health support announced to assist Victorians entering stage 4 restrictions.  MEDIA RELEASE - h…,,
restriction,2020-08-03 13:08:38,QuodGoogla,https://twitter.com/QuodGoogla,https://twitter.com/i/web/status/1290122375950815233,RT @GregHuntMP: Important additional mental health support announced to assist Victorians entering stage 4 restrictions.  MEDIA RELEASE - h…,,
restriction,2020-08-03 17:07:49,Nettie486,https://twitter.com/Nettie486,https://twitter.com/i/web/status/1290182569556754444,RT @GregHuntMP: Important additional mental health support announced to assist Victorians entering stage 4 restrictions.  MEDIA RELEASE - h…,,
restriction,2020-08-03 12:19:19,claire_melb,https://twitter.com/claire_melb,https://twitter.com/i/web/status/1290109967240814592,RT @GregHuntMP: Important additional mental health support announced to assist Victorians entering stage 4 restrictions.  MEDIA RELEASE - h…,,
restriction,2020-08-04 02:35:06,ODonohueMLC,https://twitter.com/ODonohueMLC,https://twitter.com/i/web/status/1290325331102949380,RT @GregHuntMP: Important additional mental health support announced to assist Victorians entering stage 4 restrictions.  MEDIA RELEASE - h…,,
restriction,2020-08-03 13:47:49,nephtisframe,https://twitter.com/nephtisframe,https://twitter.com/i/web/status/1290132236654669830,RT @GregHuntMP: Important additional mental health support announced to assist Victorians entering stage 4 restrictions.  MEDIA RELEASE - h…,,
restriction,2020-08-03 12:21:34,political_alert,https://twitter.com/political_alert,https://twitter.com/i/web/status/1290110532440096773,RT @GregHuntMP: Important additional mental health support announced to assist Victorians entering stage 4 restrictions.  MEDIA RELEASE - h…,,
important,2020-07-31 12:27:44,ausgov,https://twitter.com/ausgov,https://twitter.com/i/web/status/1289024919892762624,"RT @healthgovau: The changing environment can have an impact on your mental health, so it’s important to access support when you need it. F…",,
important,2020-07-29 16:22:29,beyondblue,https://twitter.com/beyondblue,https://twitter.com/i/web/status/1288359222539718657,"For children, this current period of uncertainty can be overwhelming and confusing, with the potential to trigger anxiety. It's important that parents are aware of what signs to look for and how they can support their children. Head to https://t.co/dlYc1kMgUo for more.",,
important,2020-07-31 15:30:16,SA_MFS,https://twitter.com/SA_MFS,https://twitter.com/i/web/status/1289070856686022656,"RT @healthgovau: The changing environment can have an impact on your mental health, so it’s important to access support when you need it. F…",,
important,2020-08-03 12:41:44,constan10101,https://twitter.com/constan10101,https://twitter.com/i/web/status/1290115608231608321,RT @GregHuntMP: Important additional mental health support announced to assist Victorians entering stage 4 restrictions.  MEDIA RELEASE - h…,,
important,2020-08-03 16:17:22,mirzadeh_neda,https://twitter.com/mirzadeh_neda,https://twitter.com/i/web/status/1290169872916258818,RT @GregHuntMP: Important additional mental health support announced to assist Victorians entering stage 4 restrictions.  MEDIA RELEASE - h…,,
important,2020-08-03 13:56:16,SenSHenderson,https://twitter.com/SenSHenderson,https://twitter.com/i/web/status/1290134364211130368,RT @GregHuntMP: Important additional mental health support announced to assist Victorians entering stage 4 restrictions.  MEDIA RELEASE - h…,,
important,2020-08-03 13:08:38,QuodGoogla,https://twitter.com/QuodGoogla,https://twitter.com/i/web/status/1290122375950815233,RT @GregHuntMP: Important additional mental health support announced to assist Victorians entering stage 4 restrictions.  MEDIA RELEASE - h…,,
important,2020-08-03 17:07:49,Nettie486,https://twitter.com/Nettie486,https://twitter.com/i/web/status/1290182569556754444,RT @GregHuntMP: Important additional mental health support announced to assist Victorians entering stage 4 restrictions.  MEDIA RELEASE - h…,,
important,2020-08-03 12:19:19,claire_melb,https://twitter.com/claire_melb,https://twitter.com/i/web/status/1290109967240814592,RT @GregHuntMP: Important additional mental health support announced to assist Victorians entering stage 4 restrictions.  MEDIA RELEASE - h…,,
important,2020-08-04 02:35:06,ODonohueMLC,https://twitter.com/ODonohueMLC,https://twitter.com/i/web/status/1290325331102949380,RT @GregHuntMP: Important additional mental health support announced to assist Victorians entering stage 4 restrictions.  MEDIA RELEASE - h…,,
rural,2020-08-04 16:40:12,RuralDoctorsAus,https://twitter.com/RuralDoctorsAus,https://twitter.com/i/web/status/1290538006953123840,Rural Aussies - don’t sit on your hands! Keep an eye on your mental health as #COVID19 continues. Also crucial that rural health professionals who are feeling overwhelmed seek help. More: https://t.co/qqxpKMBLJa @healthgovau @LifelineAust @beyondblue @VicGovDHHS @NSWHealth @ACRRM https://t.co/bNP7VtoVzC,COVID19,COVID19
rural,2020-08-04 17:15:41,robphair,https://twitter.com/robphair,https://twitter.com/i/web/status/1290546938366967811,RT @RuralDoctorsAus: Rural Aussies - don’t sit on your hands! Keep an eye on your mental health as #COVID19 continues. Also crucial that ru…,COVID19,COVID19
anxiety,2020-08-04 19:21:29,AmandaLNeil,https://twitter.com/AmandaLNeil,https://twitter.com/i/web/status/1290578595270684672,RT @ftmaestre: Over 4 months ago I was diagnosed with anxiety for the 1st time in my life. In this @nature @NatureCareers column https://t.…,,
anxiety,2020-08-04 19:29:43,AmandaLNeil,https://twitter.com/AmandaLNeil,https://twitter.com/i/web/status/1290580668821323776,"RT @FZMarques: ***thread about strategies to ⬇️ anxiety during #CovidVic #melbournelockdown***   As a cancer survivor, I find that COVID-19…",CovidVic,melbournelockdown
anxiety,2020-07-29 16:22:29,beyondblue,https://twitter.com/beyondblue,https://twitter.com/i/web/status/1288359222539718657,"For children, this current period of uncertainty can be overwhelming and confusing, with the potential to trigger anxiety. It's important that parents are aware of what signs to look for and how they can support their children. Head to https://t.co/dlYc1kMgUo for more.",,
anxiety,2020-08-01 09:15:25,natashainoz,https://twitter.com/natashainoz,https://twitter.com/i/web/status/1289338908417773568,"The Difference Between Worry, Stress and Anxiety. https://t.co/YUlMSQzmHL",,
anxiety,2020-08-03 19:50:38,MarieCo92176893,https://twitter.com/MarieCo92176893,https://twitter.com/i/web/status/1290223543989329922,"@TomorrowPension @giddeygirl @LaTrioli Perhaps stop,take a breath. You are projecting your anxiety.  There are are indeed  dreadful times facing us. I made rhe comment that today's concern about ranges of supply are not a problem when we have survived  worse.",,
anxiety,2020-07-29 02:25:26,DrstephenTeo,https://twitter.com/DrstephenTeo,https://twitter.com/i/web/status/1288148572530044928,"RT @Prof_GraceKao: Our article (with @TesslerHannah and @_Meera_Choi_ ), The Anxiety of Being Asian American: Hate Crimes and Negative Bia…",,
anxiety,2020-08-03 17:32:18,psychwrite,https://twitter.com/psychwrite,https://twitter.com/i/web/status/1290188730649591808,"@realhuntermmm It’s also a huge chunk of time out of your day. Many patients, colleagues, friends, family have noticeably less anxiety when not watching them and catching only summaries!",,
anxiety,2020-08-04 13:29:43,psychwrite,https://twitter.com/psychwrite,https://twitter.com/i/web/status/1290490069443153922,Anxiety and depression in #COVID19 survivors: role of role of inflammatory and clinical predictors. #Mentalhealth #Psychiatry  https://t.co/HhIjDft71p,COVID19,Psychiatry
anxiety,2020-07-30 20:41:00,ruthryan,https://twitter.com/ruthryan,https://twitter.com/i/web/status/1288786667671715841,RT @HeilerHendrik: Brazil opens the borders 😍 5 months of anxiety and depression come to and end. I could cry! #LoveIsNotTourism   https://…,LoveIsNotTourism,LoveIsNotTourism
anxiety,2020-08-01 14:08:48,Dpeters1977,https://twitter.com/Dpeters1977,https://twitter.com/i/web/status/1289412740944027650,"RT @IDEASAU: Self help booklets for people with intellectual #disability re #COVID19 - incls info on #anxiety #sleep , feeling down, being…",anxiety,sleep
effectively,2020-07-28 14:25:54,KarenGaunson,https://twitter.com/KarenGaunson,https://twitter.com/i/web/status/1287967492774612993,"Early &amp; sustained preparation re healthcare worker wellbeing created resources, peer networks &amp; pathways to mental health clinicians. Are initiatives being adequately resourced to effectively meet need given rising risks? #MindingCOVID #mentate @PKMAUS1 @blackdoginst @GregHuntMP https://t.co/OCtSOF2x1Y",mentate,MindingCOVID
effectively,2020-08-01 11:23:17,eboncat,https://twitter.com/eboncat,https://twitter.com/i/web/status/1289371086920933376,"@BenMullingsPhD @Dpeters1977 @tuppsmiles @GregFranklin19 @Sian_NP @PatMcGorry @Psych4Men @lizoluwi @wendywhoru @JulianBurnside @IndigoDaya @TcameronTodd @RhondaWilsonMHN @ReawakenA @AccessAbleMH @ProffMac @KathleenTori @ACMHN @GregHuntMP Would be nice if we could degentrify mental health care and regulate it more effectively instead. Would go a long way to removing stigma/distrust, and promote lived experience in the field",,
effectively,2020-07-31 12:57:13,Magpie1954nBird,https://twitter.com/Magpie1954nBird,https://twitter.com/i/web/status/1289032339792699395,RT @TheKouk: It's odd how people are gleeful that the 2020 COVID Depression will lower house prices - they are effectively saying I hope s…,,
announce,2020-08-03 12:41:44,constan10101,https://twitter.com/constan10101,https://twitter.com/i/web/status/1290115608231608321,RT @GregHuntMP: Important additional mental health support announced to assist Victorians entering stage 4 restrictions.  MEDIA RELEASE - h…,,
announce,2020-08-03 16:17:22,mirzadeh_neda,https://twitter.com/mirzadeh_neda,https://twitter.com/i/web/status/1290169872916258818,RT @GregHuntMP: Important additional mental health support announced to assist Victorians entering stage 4 restrictions.  MEDIA RELEASE - h…,,
announce,2020-08-03 13:56:16,SenSHenderson,https://twitter.com/SenSHenderson,https://twitter.com/i/web/status/1290134364211130368,RT @GregHuntMP: Important additional mental health support announced to assist Victorians entering stage 4 restrictions.  MEDIA RELEASE - h…,,
announce,2020-08-03 13:08:38,QuodGoogla,https://twitter.com/QuodGoogla,https://twitter.com/i/web/status/1290122375950815233,RT @GregHuntMP: Important additional mental health support announced to assist Victorians entering stage 4 restrictions.  MEDIA RELEASE - h…,,
announce,2020-08-03 17:07:49,Nettie486,https://twitter.com/Nettie486,https://twitter.com/i/web/status/1290182569556754444,RT @GregHuntMP: Important additional mental health support announced to assist Victorians entering stage 4 restrictions.  MEDIA RELEASE - h…,,
announce,2020-08-03 12:19:19,claire_melb,https://twitter.com/claire_melb,https://twitter.com/i/web/status/1290109967240814592,RT @GregHuntMP: Important additional mental health support announced to assist Victorians entering stage 4 restrictions.  MEDIA RELEASE - h…,,
announce,2020-08-04 02:35:06,ODonohueMLC,https://twitter.com/ODonohueMLC,https://twitter.com/i/web/status/1290325331102949380,RT @GregHuntMP: Important additional mental health support announced to assist Victorians entering stage 4 restrictions.  MEDIA RELEASE - h…,,
announce,2020-08-03 13:47:49,nephtisframe,https://twitter.com/nephtisframe,https://twitter.com/i/web/status/1290132236654669830,RT @GregHuntMP: Important additional mental health support announced to assist Victorians entering stage 4 restrictions.  MEDIA RELEASE - h…,,
announce,2020-08-03 12:21:34,political_alert,https://twitter.com/political_alert,https://twitter.com/i/web/status/1290110532440096773,RT @GregHuntMP: Important additional mental health support announced to assist Victorians entering stage 4 restrictions.  MEDIA RELEASE - h…,,
announce,2020-08-03 18:09:43,zettascaledata,https://twitter.com/zettascaledata,https://twitter.com/i/web/status/1290198144685236224,RT @GregHuntMP: Important additional mental health support announced to assist Victorians entering stage 4 restrictions.  MEDIA RELEASE - h…,,
million,2020-08-04 13:56:12,JohnMilionis,https://twitter.com/JohnMilionis,https://twitter.com/i/web/status/1290496732858466306,"@theoriginallau1 @sophieelsworth Hey Laura, every life is precious however their will be millions of families impacted bc of the gross mismanagement of @DanielAndrewsMP. Suicides, business failures, depression, poverty. That's a fact &amp; FFS maybe Dan's defenders might acknowledge that :)",,
million,2020-07-29 10:04:55,YallopDiana,https://twitter.com/YallopDiana,https://twitter.com/i/web/status/1288264203099234304,"@AgedMatters @nearlynana @JulieCollinsMP @gedkearney @rC @healthgovau 2/3Millions of Govt dollars are wasted  in all sorts of service enquiries eg Mental Health.Look at millions spent on suicide prevention, &amp;research institutes like Orygen/Black Dog.Mind&amp;Brain Institute  but suicide rate still so high.$2 mill on that study",,
live,2020-08-01 11:23:17,eboncat,https://twitter.com/eboncat,https://twitter.com/i/web/status/1289371086920933376,"@BenMullingsPhD @Dpeters1977 @tuppsmiles @GregFranklin19 @Sian_NP @PatMcGorry @Psych4Men @lizoluwi @wendywhoru @JulianBurnside @IndigoDaya @TcameronTodd @RhondaWilsonMHN @ReawakenA @AccessAbleMH @ProffMac @KathleenTori @ACMHN @GregHuntMP Would be nice if we could degentrify mental health care and regulate it more effectively instead. Would go a long way to removing stigma/distrust, and promote lived experience in the field",,
live,2020-08-02 16:14:00,YallopDiana,https://twitter.com/YallopDiana,https://twitter.com/i/web/status/1289806636710678528,"@lizoluwi @Sian_NP @tuppsmiles @PatMcGorry @Psych4Men @GregFranklin19 @wendywhoru @BenMullingsPhD @JulianBurnside @IndigoDaya @TcameronTodd @RhondaWilsonMHN @ReawakenA @AccessAbleMH @ProffMac @KathleenTori @ACMHN @GregHuntMP Bit confused. I hv been social worker 30 yrs criminal justice/ child protection here &amp; UK/ research reports/best practice guides, aged &amp; disability, etc and lived experience of mental health challenges &amp; service use since 16.Dont pick up peeps 4 my own needs",,
live,2020-08-02 10:22:10,RJ_Howes,https://twitter.com/RJ_Howes,https://twitter.com/i/web/status/1289718096119230465,"RT @tonyowright: Those who came, who lived and loved...and are gone. @SimoneFoxKoob and I look some of the rich lives behind the lonely sta…",,
worker,2020-07-28 14:25:54,KarenGaunson,https://twitter.com/KarenGaunson,https://twitter.com/i/web/status/1287967492774612993,"Early &amp; sustained preparation re healthcare worker wellbeing created resources, peer networks &amp; pathways to mental health clinicians. Are initiatives being adequately resourced to effectively meet need given rising risks? #MindingCOVID #mentate @PKMAUS1 @blackdoginst @GregHuntMP https://t.co/OCtSOF2x1Y",mentate,MindingCOVID
worker,2020-08-03 19:26:11,Coral39692241,https://twitter.com/Coral39692241,https://twitter.com/i/web/status/1290217387984216068,"RT @healthgovau: Shout out to all the health and aged care workers, especially those in Victoria. Remember to look after yourselves too and…",,
worker,2020-08-03 21:51:24,TokenAtheist1,https://twitter.com/TokenAtheist1,https://twitter.com/i/web/status/1290253936801091585,"RT @healthgovau: Shout out to all the health and aged care workers, especially those in Victoria. Remember to look after yourselves too and…",,
worker,2020-08-04 10:24:12,RuralSpecialist,https://twitter.com/RuralSpecialist,https://twitter.com/i/web/status/1290443384172273666,"RT @healthgovau: Shout out to all the health and aged care workers, especially those in Victoria. Remember to look after yourselves too and…",,
worker,2020-08-03 19:18:08,Nichola61392285,https://twitter.com/Nichola61392285,https://twitter.com/i/web/status/1290215365016862722,"RT @healthgovau: Shout out to all the health and aged care workers, especially those in Victoria. Remember to look after yourselves too and…",,
worker,2020-08-04 11:55:07,JacyntaKrakouer,https://twitter.com/JacyntaKrakouer,https://twitter.com/i/web/status/1290466262666153985,RT @AASW_: MEDIA RELEASE: Social workers welcome an increase in Medicare mental health sessions in lockdown areas: a start but not the full…,,
worker,2020-08-02 16:14:00,YallopDiana,https://twitter.com/YallopDiana,https://twitter.com/i/web/status/1289806636710678528,"@lizoluwi @Sian_NP @tuppsmiles @PatMcGorry @Psych4Men @GregFranklin19 @wendywhoru @BenMullingsPhD @JulianBurnside @IndigoDaya @TcameronTodd @RhondaWilsonMHN @ReawakenA @AccessAbleMH @ProffMac @KathleenTori @ACMHN @GregHuntMP Bit confused. I hv been social worker 30 yrs criminal justice/ child protection here &amp; UK/ research reports/best practice guides, aged &amp; disability, etc and lived experience of mental health challenges &amp; service use since 16.Dont pick up peeps 4 my own needs",,
additional,2020-08-03 12:41:44,constan10101,https://twitter.com/constan10101,https://twitter.com/i/web/status/1290115608231608321,RT @GregHuntMP: Important additional mental health support announced to assist Victorians entering stage 4 restrictions.  MEDIA RELEASE - h…,,
additional,2020-08-03 16:17:22,mirzadeh_neda,https://twitter.com/mirzadeh_neda,https://twitter.com/i/web/status/1290169872916258818,RT @GregHuntMP: Important additional mental health support announced to assist Victorians entering stage 4 restrictions.  MEDIA RELEASE - h…,,
additional,2020-08-03 13:56:16,SenSHenderson,https://twitter.com/SenSHenderson,https://twitter.com/i/web/status/1290134364211130368,RT @GregHuntMP: Important additional mental health support announced to assist Victorians entering stage 4 restrictions.  MEDIA RELEASE - h…,,
additional,2020-08-03 13:08:38,QuodGoogla,https://twitter.com/QuodGoogla,https://twitter.com/i/web/status/1290122375950815233,RT @GregHuntMP: Important additional mental health support announced to assist Victorians entering stage 4 restrictions.  MEDIA RELEASE - h…,,
additional,2020-08-03 17:07:49,Nettie486,https://twitter.com/Nettie486,https://twitter.com/i/web/status/1290182569556754444,RT @GregHuntMP: Important additional mental health support announced to assist Victorians entering stage 4 restrictions.  MEDIA RELEASE - h…,,
additional,2020-08-03 12:19:19,claire_melb,https://twitter.com/claire_melb,https://twitter.com/i/web/status/1290109967240814592,RT @GregHuntMP: Important additional mental health support announced to assist Victorians entering stage 4 restrictions.  MEDIA RELEASE - h…,,
additional,2020-08-03 07:53:41,dana_advocacy,https://twitter.com/dana_advocacy,https://twitter.com/i/web/status/1290043118067228673,RT @IDEASAU: The Australian Government will provide 10 additional Medicare subsidised psychological therapy sessions for people subjected t…,,
additional,2020-08-04 02:35:06,ODonohueMLC,https://twitter.com/ODonohueMLC,https://twitter.com/i/web/status/1290325331102949380,RT @GregHuntMP: Important additional mental health support announced to assist Victorians entering stage 4 restrictions.  MEDIA RELEASE - h…,,
additional,2020-08-03 13:47:49,nephtisframe,https://twitter.com/nephtisframe,https://twitter.com/i/web/status/1290132236654669830,RT @GregHuntMP: Important additional mental health support announced to assist Victorians entering stage 4 restrictions.  MEDIA RELEASE - h…,,
additional,2020-08-03 12:21:34,political_alert,https://twitter.com/political_alert,https://twitter.com/i/web/status/1290110532440096773,RT @GregHuntMP: Important additional mental health support announced to assist Victorians entering stage 4 restrictions.  MEDIA RELEASE - h…,,
especially,2020-08-03 19:26:11,Coral39692241,https://twitter.com/Coral39692241,https://twitter.com/i/web/status/1290217387984216068,"RT @healthgovau: Shout out to all the health and aged care workers, especially those in Victoria. Remember to look after yourselves too and…",,
especially,2020-08-03 21:51:24,TokenAtheist1,https://twitter.com/TokenAtheist1,https://twitter.com/i/web/status/1290253936801091585,"RT @healthgovau: Shout out to all the health and aged care workers, especially those in Victoria. Remember to look after yourselves too and…",,
especially,2020-08-04 10:24:12,RuralSpecialist,https://twitter.com/RuralSpecialist,https://twitter.com/i/web/status/1290443384172273666,"RT @healthgovau: Shout out to all the health and aged care workers, especially those in Victoria. Remember to look after yourselves too and…",,
especially,2020-08-03 19:18:08,Nichola61392285,https://twitter.com/Nichola61392285,https://twitter.com/i/web/status/1290215365016862722,"RT @healthgovau: Shout out to all the health and aged care workers, especially those in Victoria. Remember to look after yourselves too and…",,
covid,2020-07-28 14:25:54,KarenGaunson,https://twitter.com/KarenGaunson,https://twitter.com/i/web/status/1287967492774612993,"Early &amp; sustained preparation re healthcare worker wellbeing created resources, peer networks &amp; pathways to mental health clinicians. Are initiatives being adequately resourced to effectively meet need given rising risks? #MindingCOVID #mentate @PKMAUS1 @blackdoginst @GregHuntMP https://t.co/OCtSOF2x1Y",mentate,MindingCOVID
covid,2020-08-04 19:29:43,AmandaLNeil,https://twitter.com/AmandaLNeil,https://twitter.com/i/web/status/1290580668821323776,"RT @FZMarques: ***thread about strategies to ⬇️ anxiety during #CovidVic #melbournelockdown***   As a cancer survivor, I find that COVID-19…",CovidVic,melbournelockdown
covid,2020-08-01 13:11:07,LorseaR,https://twitter.com/LorseaR,https://twitter.com/i/web/status/1289398225602883584,RT @healthgovau: Discussions and concerns about COVID-19 can be stressful and can impact our mental health and wellbeing. If you are feelin…,,
covid,2020-08-01 12:34:03,DavidFMHadfield,https://twitter.com/DavidFMHadfield,https://twitter.com/i/web/status/1289388897009430528,RT @healthgovau: Discussions and concerns about COVID-19 can be stressful and can impact our mental health and wellbeing. If you are feelin…,,
covid,2020-08-01 12:32:02,healthgovau,https://twitter.com/healthgovau,https://twitter.com/i/web/status/1289388391017013253,"Discussions and concerns about COVID-19 can be stressful and can impact our mental health and wellbeing. If you are feeling overwhelmed by the ongoing news and changing restrictions, we have resources available to help you. Visit: https://t.co/I5mXqpSHjS https://t.co/LUp2JWl3VE",,
covid,2020-08-03 20:34:03,blkrnbow,https://twitter.com/blkrnbow,https://twitter.com/i/web/status/1290234470331629568,COVID-19 Support | Head to Health https://t.co/g51a165bPl,,
covid,2020-08-01 17:30:47,palliAGED,https://twitter.com/palliAGED,https://twitter.com/i/web/status/1289463570929815552,RT @healthgovau: Discussions and concerns about COVID-19 can be stressful and can impact our mental health and wellbeing. If you are feelin…,,
covid,2020-08-01 17:18:56,MJA_Editor,https://twitter.com/MJA_Editor,https://twitter.com/i/web/status/1289460590641991681,RT @healthgovau: Discussions and concerns about COVID-19 can be stressful and can impact our mental health and wellbeing. If you are feelin…,,
covid,2020-08-01 16:45:06,RJ_Howes,https://twitter.com/RJ_Howes,https://twitter.com/i/web/status/1289452074795560960,RT @healthgovau: Discussions and concerns about COVID-19 can be stressful and can impact our mental health and wellbeing. If you are feelin…,,
covid,2020-08-03 20:35:15,hayden_seek94,https://twitter.com/hayden_seek94,https://twitter.com/i/web/status/1290234770203451393,RT @blkrnbow: COVID-19 Support | Head to Health https://t.co/g51a165bPl,,
response,2020-07-30 01:39:52,sreeura,https://twitter.com/sreeura,https://twitter.com/i/web/status/1288499489808891904,RT @ruthryan: National Mental Health and Wellbeing Pandemic Response Plan: meet the mental health and wellbeing needs of all Australians to…,,
response,2020-08-02 08:27:27,ian_hickie,https://twitter.com/ian_hickie,https://twitter.com/i/web/status/1289689227454627840,The problem with Frydenberg's baby boom; mental health impacts on young people and women need urgent responses ⁦@GregHuntMP⁩ ⁦@SabraLane⁩ ⁦@PatsKarvelas⁩ ⁦@PatMcGorry⁩ ⁦@Bowenchris⁩ ⁦@frankelly08⁩ ⁦@SquigglyRick⁩  https://t.co/dNtawwiE8z,,
response,2020-08-04 08:03:56,ian_hickie,https://twitter.com/ian_hickie,https://twitter.com/i/web/status/1290408083638738945,"As 'lockdown fatigue' sets in, the toll on mental health will require an urgent response ⁦@GregHuntMP⁩ ⁦@PatMcGorry⁩ ⁦@PatsKarvelas⁩ ⁦@Bowenchris⁩ ⁦@NMHC⁩ ⁦@Sydney_Uni⁩ ⁦@BrainMind_Usyd⁩  https://t.co/5KHUpjqoi2",,
coronavirus,2020-07-28 18:46:16,alan_woodward1,https://twitter.com/alan_woodward1,https://twitter.com/i/web/status/1288033017299009536,RT @healthgovau: The impacts of coronavirus are tough and can impact our mental health. We need to make sure we look after ourselves and se…,,
coronavirus,2020-07-28 06:12:23,RaziaShaik1,https://twitter.com/RaziaShaik1,https://twitter.com/i/web/status/1287843295373086720,RT @healthgovau: The impacts of coronavirus are tough and can impact our mental health. We need to make sure we look after ourselves and se…,,
coronavirus,2020-07-28 16:35:56,RDANSW,https://twitter.com/RDANSW,https://twitter.com/i/web/status/1288000215937474565,RT @healthgovau: The impacts of coronavirus are tough and can impact our mental health. We need to make sure we look after ourselves and se…,,
coronavirus,2020-07-28 11:54:30,BarbyWT,https://twitter.com/BarbyWT,https://twitter.com/i/web/status/1287929392971145217,RT @healthgovau: The impacts of coronavirus are tough and can impact our mental health. We need to make sure we look after ourselves and se…,,
coronavirus,2020-07-28 08:18:27,PhilGould15,https://twitter.com/PhilGould15,https://twitter.com/i/web/status/1287875023412162560,RT @healthgovau: The impacts of coronavirus are tough and can impact our mental health. We need to make sure we look after ourselves and se…,,
coronavirus,2020-08-03 07:12:06,NoyAvril,https://twitter.com/NoyAvril,https://twitter.com/i/web/status/1290032649847705602,RT @healthgovau: The impacts of coronavirus are tough and can impact our mental health. We need to make sure we look after ourselves and se…,,
coronavirus,2020-07-29 20:38:02,maureencdavid,https://twitter.com/maureencdavid,https://twitter.com/i/web/status/1288423534180487171,RT @healthgovau: The impacts of coronavirus are tough and can impact our mental health. We need to make sure we look after ourselves and se…,,
coronavirus,2020-08-03 05:43:09,ShaneNapier8483,https://twitter.com/ShaneNapier8483,https://twitter.com/i/web/status/1290010265216356360,RT @healthgovau: The impacts of coronavirus are tough and can impact our mental health. We need to make sure we look after ourselves and se…,,
coronavirus,2020-07-29 23:25:05,KateJoveski,https://twitter.com/KateJoveski,https://twitter.com/i/web/status/1288465573395890176,RT @healthgovau: The impacts of coronavirus are tough and can impact our mental health. We need to make sure we look after ourselves and se…,,
coronavirus,2020-07-29 16:06:35,Bearwildered,https://twitter.com/Bearwildered,https://twitter.com/i/web/status/1288355217788960768,RT @healthgovau: The impacts of coronavirus are tough and can impact our mental health. We need to make sure we look after ourselves and se…,,
remember,2020-08-03 19:26:11,Coral39692241,https://twitter.com/Coral39692241,https://twitter.com/i/web/status/1290217387984216068,"RT @healthgovau: Shout out to all the health and aged care workers, especially those in Victoria. Remember to look after yourselves too and…",,
remember,2020-08-03 21:51:24,TokenAtheist1,https://twitter.com/TokenAtheist1,https://twitter.com/i/web/status/1290253936801091585,"RT @healthgovau: Shout out to all the health and aged care workers, especially those in Victoria. Remember to look after yourselves too and…",,
remember,2020-08-04 10:24:12,RuralSpecialist,https://twitter.com/RuralSpecialist,https://twitter.com/i/web/status/1290443384172273666,"RT @healthgovau: Shout out to all the health and aged care workers, especially those in Victoria. Remember to look after yourselves too and…",,
remember,2020-08-03 19:18:08,Nichola61392285,https://twitter.com/Nichola61392285,https://twitter.com/i/web/status/1290215365016862722,"RT @healthgovau: Shout out to all the health and aged care workers, especially those in Victoria. Remember to look after yourselves too and…",,
release,2020-08-03 12:41:44,constan10101,https://twitter.com/constan10101,https://twitter.com/i/web/status/1290115608231608321,RT @GregHuntMP: Important additional mental health support announced to assist Victorians entering stage 4 restrictions.  MEDIA RELEASE - h…,,
release,2020-08-03 16:17:22,mirzadeh_neda,https://twitter.com/mirzadeh_neda,https://twitter.com/i/web/status/1290169872916258818,RT @GregHuntMP: Important additional mental health support announced to assist Victorians entering stage 4 restrictions.  MEDIA RELEASE - h…,,
release,2020-08-03 13:56:16,SenSHenderson,https://twitter.com/SenSHenderson,https://twitter.com/i/web/status/1290134364211130368,RT @GregHuntMP: Important additional mental health support announced to assist Victorians entering stage 4 restrictions.  MEDIA RELEASE - h…,,
release,2020-08-03 13:08:38,QuodGoogla,https://twitter.com/QuodGoogla,https://twitter.com/i/web/status/1290122375950815233,RT @GregHuntMP: Important additional mental health support announced to assist Victorians entering stage 4 restrictions.  MEDIA RELEASE - h…,,
release,2020-08-03 17:07:49,Nettie486,https://twitter.com/Nettie486,https://twitter.com/i/web/status/1290182569556754444,RT @GregHuntMP: Important additional mental health support announced to assist Victorians entering stage 4 restrictions.  MEDIA RELEASE - h…,,
release,2020-08-03 12:19:19,claire_melb,https://twitter.com/claire_melb,https://twitter.com/i/web/status/1290109967240814592,RT @GregHuntMP: Important additional mental health support announced to assist Victorians entering stage 4 restrictions.  MEDIA RELEASE - h…,,
release,2020-08-04 02:35:06,ODonohueMLC,https://twitter.com/ODonohueMLC,https://twitter.com/i/web/status/1290325331102949380,RT @GregHuntMP: Important additional mental health support announced to assist Victorians entering stage 4 restrictions.  MEDIA RELEASE - h…,,
release,2020-08-03 13:47:49,nephtisframe,https://twitter.com/nephtisframe,https://twitter.com/i/web/status/1290132236654669830,RT @GregHuntMP: Important additional mental health support announced to assist Victorians entering stage 4 restrictions.  MEDIA RELEASE - h…,,
release,2020-08-03 12:21:34,political_alert,https://twitter.com/political_alert,https://twitter.com/i/web/status/1290110532440096773,RT @GregHuntMP: Important additional mental health support announced to assist Victorians entering stage 4 restrictions.  MEDIA RELEASE - h…,,
release,2020-08-03 18:09:43,zettascaledata,https://twitter.com/zettascaledata,https://twitter.com/i/web/status/1290198144685236224,RT @GregHuntMP: Important additional mental health support announced to assist Victorians entering stage 4 restrictions.  MEDIA RELEASE - h…,,
session,2020-08-03 07:53:41,dana_advocacy,https://twitter.com/dana_advocacy,https://twitter.com/i/web/status/1290043118067228673,RT @IDEASAU: The Australian Government will provide 10 additional Medicare subsidised psychological therapy sessions for people subjected t…,,
session,2020-08-02 15:51:19,BinsQuan,https://twitter.com/BinsQuan,https://twitter.com/i/web/status/1289800930347515904,Now is the time to give EVERY Australian 40 subsidised Medicare sessions on the mental health care plan. 10 has never been enough. @GregHuntMP #COVID19Aus #COVID19Vic #MentalHealthMatters #Mentalhealth,COVID19Aus,MentalHealthMatters
session,2020-08-03 08:21:06,WWDA_AU,https://twitter.com/WWDA_AU,https://twitter.com/i/web/status/1290050015755251712,RT @IDEASAU: The Australian Government will provide 10 additional Medicare subsidised psychological therapy sessions for people subjected t…,,
session,2020-08-03 08:26:10,WWDA_Youth,https://twitter.com/WWDA_Youth,https://twitter.com/i/web/status/1290051290647543811,RT @IDEASAU: The Australian Government will provide 10 additional Medicare subsidised psychological therapy sessions for people subjected t…,,
session,2020-08-03 00:48:02,CydaAu,https://twitter.com/CydaAu,https://twitter.com/i/web/status/1289935999946985472,RT @IDEASAU: The Australian Government will provide 10 additional Medicare subsidised psychological therapy sessions for people subjected t…,,
session,2020-08-02 13:24:00,psychwrite,https://twitter.com/psychwrite,https://twitter.com/i/web/status/1289763856475013122,Have never understood why you can only get 10 Medicare subsidised sessions of #psychology but 50 of #psychiatry (do people even know that?!) #mentalhealthz @GregHuntMP soon to comment-  telehealth extended? treatment plan entitlement increased? https://t.co/Dvf1KJtS5M via @theage,mentalhealthz,psychology
session,2020-08-02 17:15:07,JamieTravers,https://twitter.com/JamieTravers,https://twitter.com/i/web/status/1289822017961603073,Health Minister @GregHuntMP announces mental health support for those in lockdown areas.  An additional 10 Medicare subsidised psychologist sessions. Double what is currently in place.   @SBSNews #auspol https://t.co/1xgZPIV2kd,auspol,auspol
session,2020-08-04 11:55:07,JacyntaKrakouer,https://twitter.com/JacyntaKrakouer,https://twitter.com/i/web/status/1290466262666153985,RT @AASW_: MEDIA RELEASE: Social workers welcome an increase in Medicare mental health sessions in lockdown areas: a start but not the full…,,
session,2020-08-03 08:03:37,Dpeters1977,https://twitter.com/Dpeters1977,https://twitter.com/i/web/status/1290045618228846592,RT @IDEASAU: The Australian Government will provide 10 additional Medicare subsidised psychological therapy sessions for people subjected t…,,
session,2020-08-04 11:25:10,johno0910,https://twitter.com/johno0910,https://twitter.com/i/web/status/1290458727536103425,A few + sessions of 1-2-1 psychology are not going to be enough ⁦@GregHuntMP⁩. Need a serious mental health pandemic plan. Look to Taiwan. They have that &amp; started deploying in January. ⁦@Bowenchris⁩ ⁦@normanswan⁩ ⁦@PatsKarvelas⁩  https://t.co/sTVz2ILohd,,
stage,2020-08-03 12:41:44,constan10101,https://twitter.com/constan10101,https://twitter.com/i/web/status/1290115608231608321,RT @GregHuntMP: Important additional mental health support announced to assist Victorians entering stage 4 restrictions.  MEDIA RELEASE - h…,,
stage,2020-08-03 16:17:22,mirzadeh_neda,https://twitter.com/mirzadeh_neda,https://twitter.com/i/web/status/1290169872916258818,RT @GregHuntMP: Important additional mental health support announced to assist Victorians entering stage 4 restrictions.  MEDIA RELEASE - h…,,
stage,2020-08-03 13:56:16,SenSHenderson,https://twitter.com/SenSHenderson,https://twitter.com/i/web/status/1290134364211130368,RT @GregHuntMP: Important additional mental health support announced to assist Victorians entering stage 4 restrictions.  MEDIA RELEASE - h…,,
stage,2020-08-03 13:08:38,QuodGoogla,https://twitter.com/QuodGoogla,https://twitter.com/i/web/status/1290122375950815233,RT @GregHuntMP: Important additional mental health support announced to assist Victorians entering stage 4 restrictions.  MEDIA RELEASE - h…,,
stage,2020-08-03 17:07:49,Nettie486,https://twitter.com/Nettie486,https://twitter.com/i/web/status/1290182569556754444,RT @GregHuntMP: Important additional mental health support announced to assist Victorians entering stage 4 restrictions.  MEDIA RELEASE - h…,,
stage,2020-08-03 12:19:19,claire_melb,https://twitter.com/claire_melb,https://twitter.com/i/web/status/1290109967240814592,RT @GregHuntMP: Important additional mental health support announced to assist Victorians entering stage 4 restrictions.  MEDIA RELEASE - h…,,
stage,2020-08-04 02:35:06,ODonohueMLC,https://twitter.com/ODonohueMLC,https://twitter.com/i/web/status/1290325331102949380,RT @GregHuntMP: Important additional mental health support announced to assist Victorians entering stage 4 restrictions.  MEDIA RELEASE - h…,,
stage,2020-08-03 13:47:49,nephtisframe,https://twitter.com/nephtisframe,https://twitter.com/i/web/status/1290132236654669830,RT @GregHuntMP: Important additional mental health support announced to assist Victorians entering stage 4 restrictions.  MEDIA RELEASE - h…,,
stage,2020-08-03 12:21:34,political_alert,https://twitter.com/political_alert,https://twitter.com/i/web/status/1290110532440096773,RT @GregHuntMP: Important additional mental health support announced to assist Victorians entering stage 4 restrictions.  MEDIA RELEASE - h…,,
stage,2020-08-03 18:09:43,zettascaledata,https://twitter.com/zettascaledata,https://twitter.com/i/web/status/1290198144685236224,RT @GregHuntMP: Important additional mental health support announced to assist Victorians entering stage 4 restrictions.  MEDIA RELEASE - h…,,
impact,2020-07-28 18:46:16,alan_woodward1,https://twitter.com/alan_woodward1,https://twitter.com/i/web/status/1288033017299009536,RT @healthgovau: The impacts of coronavirus are tough and can impact our mental health. We need to make sure we look after ourselves and se…,,
impact,2020-07-28 06:12:23,RaziaShaik1,https://twitter.com/RaziaShaik1,https://twitter.com/i/web/status/1287843295373086720,RT @healthgovau: The impacts of coronavirus are tough and can impact our mental health. We need to make sure we look after ourselves and se…,,
impact,2020-07-28 16:35:56,RDANSW,https://twitter.com/RDANSW,https://twitter.com/i/web/status/1288000215937474565,RT @healthgovau: The impacts of coronavirus are tough and can impact our mental health. We need to make sure we look after ourselves and se…,,
impact,2020-07-28 11:54:30,BarbyWT,https://twitter.com/BarbyWT,https://twitter.com/i/web/status/1287929392971145217,RT @healthgovau: The impacts of coronavirus are tough and can impact our mental health. We need to make sure we look after ourselves and se…,,
impact,2020-07-28 08:18:27,PhilGould15,https://twitter.com/PhilGould15,https://twitter.com/i/web/status/1287875023412162560,RT @healthgovau: The impacts of coronavirus are tough and can impact our mental health. We need to make sure we look after ourselves and se…,,
impact,2020-08-01 13:11:07,LorseaR,https://twitter.com/LorseaR,https://twitter.com/i/web/status/1289398225602883584,RT @healthgovau: Discussions and concerns about COVID-19 can be stressful and can impact our mental health and wellbeing. If you are feelin…,,
impact,2020-08-01 12:34:03,DavidFMHadfield,https://twitter.com/DavidFMHadfield,https://twitter.com/i/web/status/1289388897009430528,RT @healthgovau: Discussions and concerns about COVID-19 can be stressful and can impact our mental health and wellbeing. If you are feelin…,,
impact,2020-07-31 12:27:44,ausgov,https://twitter.com/ausgov,https://twitter.com/i/web/status/1289024919892762624,"RT @healthgovau: The changing environment can have an impact on your mental health, so it’s important to access support when you need it. F…",,
impact,2020-08-01 12:32:02,healthgovau,https://twitter.com/healthgovau,https://twitter.com/i/web/status/1289388391017013253,"Discussions and concerns about COVID-19 can be stressful and can impact our mental health and wellbeing. If you are feeling overwhelmed by the ongoing news and changing restrictions, we have resources available to help you. Visit: https://t.co/I5mXqpSHjS https://t.co/LUp2JWl3VE",,
impact,2020-07-31 15:30:16,SA_MFS,https://twitter.com/SA_MFS,https://twitter.com/i/web/status/1289070856686022656,"RT @healthgovau: The changing environment can have an impact on your mental health, so it’s important to access support when you need it. F…",,
victoria,2020-08-03 19:26:11,Coral39692241,https://twitter.com/Coral39692241,https://twitter.com/i/web/status/1290217387984216068,"RT @healthgovau: Shout out to all the health and aged care workers, especially those in Victoria. Remember to look after yourselves too and…",,
victoria,2020-08-03 21:51:24,TokenAtheist1,https://twitter.com/TokenAtheist1,https://twitter.com/i/web/status/1290253936801091585,"RT @healthgovau: Shout out to all the health and aged care workers, especially those in Victoria. Remember to look after yourselves too and…",,
victoria,2020-08-04 10:24:12,RuralSpecialist,https://twitter.com/RuralSpecialist,https://twitter.com/i/web/status/1290443384172273666,"RT @healthgovau: Shout out to all the health and aged care workers, especially those in Victoria. Remember to look after yourselves too and…",,
victoria,2020-08-03 19:18:08,Nichola61392285,https://twitter.com/Nichola61392285,https://twitter.com/i/web/status/1290215365016862722,"RT @healthgovau: Shout out to all the health and aged care workers, especially those in Victoria. Remember to look after yourselves too and…",,
victoria,2020-08-03 12:41:44,constan10101,https://twitter.com/constan10101,https://twitter.com/i/web/status/1290115608231608321,RT @GregHuntMP: Important additional mental health support announced to assist Victorians entering stage 4 restrictions.  MEDIA RELEASE - h…,,
victoria,2020-08-03 16:17:22,mirzadeh_neda,https://twitter.com/mirzadeh_neda,https://twitter.com/i/web/status/1290169872916258818,RT @GregHuntMP: Important additional mental health support announced to assist Victorians entering stage 4 restrictions.  MEDIA RELEASE - h…,,
victoria,2020-08-03 13:56:16,SenSHenderson,https://twitter.com/SenSHenderson,https://twitter.com/i/web/status/1290134364211130368,RT @GregHuntMP: Important additional mental health support announced to assist Victorians entering stage 4 restrictions.  MEDIA RELEASE - h…,,
victoria,2020-08-03 13:08:38,QuodGoogla,https://twitter.com/QuodGoogla,https://twitter.com/i/web/status/1290122375950815233,RT @GregHuntMP: Important additional mental health support announced to assist Victorians entering stage 4 restrictions.  MEDIA RELEASE - h…,,
victoria,2020-08-03 17:07:49,Nettie486,https://twitter.com/Nettie486,https://twitter.com/i/web/status/1290182569556754444,RT @GregHuntMP: Important additional mental health support announced to assist Victorians entering stage 4 restrictions.  MEDIA RELEASE - h…,,
victoria,2020-08-03 12:19:19,claire_melb,https://twitter.com/claire_melb,https://twitter.com/i/web/status/1290109967240814592,RT @GregHuntMP: Important additional mental health support announced to assist Victorians entering stage 4 restrictions.  MEDIA RELEASE - h…,,
victorian,2020-08-03 12:41:44,constan10101,https://twitter.com/constan10101,https://twitter.com/i/web/status/1290115608231608321,RT @GregHuntMP: Important additional mental health support announced to assist Victorians entering stage 4 restrictions.  MEDIA RELEASE - h…,,
victorian,2020-08-03 16:17:22,mirzadeh_neda,https://twitter.com/mirzadeh_neda,https://twitter.com/i/web/status/1290169872916258818,RT @GregHuntMP: Important additional mental health support announced to assist Victorians entering stage 4 restrictions.  MEDIA RELEASE - h…,,
victorian,2020-08-03 13:56:16,SenSHenderson,https://twitter.com/SenSHenderson,https://twitter.com/i/web/status/1290134364211130368,RT @GregHuntMP: Important additional mental health support announced to assist Victorians entering stage 4 restrictions.  MEDIA RELEASE - h…,,
victorian,2020-08-03 13:08:38,QuodGoogla,https://twitter.com/QuodGoogla,https://twitter.com/i/web/status/1290122375950815233,RT @GregHuntMP: Important additional mental health support announced to assist Victorians entering stage 4 restrictions.  MEDIA RELEASE - h…,,
victorian,2020-08-03 17:07:49,Nettie486,https://twitter.com/Nettie486,https://twitter.com/i/web/status/1290182569556754444,RT @GregHuntMP: Important additional mental health support announced to assist Victorians entering stage 4 restrictions.  MEDIA RELEASE - h…,,
victorian,2020-08-03 12:19:19,claire_melb,https://twitter.com/claire_melb,https://twitter.com/i/web/status/1290109967240814592,RT @GregHuntMP: Important additional mental health support announced to assist Victorians entering stage 4 restrictions.  MEDIA RELEASE - h…,,
victorian,2020-08-04 02:35:06,ODonohueMLC,https://twitter.com/ODonohueMLC,https://twitter.com/i/web/status/1290325331102949380,RT @GregHuntMP: Important additional mental health support announced to assist Victorians entering stage 4 restrictions.  MEDIA RELEASE - h…,,
victorian,2020-08-03 13:47:49,nephtisframe,https://twitter.com/nephtisframe,https://twitter.com/i/web/status/1290132236654669830,RT @GregHuntMP: Important additional mental health support announced to assist Victorians entering stage 4 restrictions.  MEDIA RELEASE - h…,,
victorian,2020-08-03 12:21:34,political_alert,https://twitter.com/political_alert,https://twitter.com/i/web/status/1290110532440096773,RT @GregHuntMP: Important additional mental health support announced to assist Victorians entering stage 4 restrictions.  MEDIA RELEASE - h…,,
victorian,2020-08-03 18:09:43,zettascaledata,https://twitter.com/zettascaledata,https://twitter.com/i/web/status/1290198144685236224,RT @GregHuntMP: Important additional mental health support announced to assist Victorians entering stage 4 restrictions.  MEDIA RELEASE - h…,,
wellbeing,2020-07-28 14:25:54,KarenGaunson,https://twitter.com/KarenGaunson,https://twitter.com/i/web/status/1287967492774612993,"Early &amp; sustained preparation re healthcare worker wellbeing created resources, peer networks &amp; pathways to mental health clinicians. Are initiatives being adequately resourced to effectively meet need given rising risks? #MindingCOVID #mentate @PKMAUS1 @blackdoginst @GregHuntMP https://t.co/OCtSOF2x1Y",mentate,MindingCOVID
wellbeing,2020-08-01 13:11:07,LorseaR,https://twitter.com/LorseaR,https://twitter.com/i/web/status/1289398225602883584,RT @healthgovau: Discussions and concerns about COVID-19 can be stressful and can impact our mental health and wellbeing. If you are feelin…,,
wellbeing,2020-08-01 12:34:03,DavidFMHadfield,https://twitter.com/DavidFMHadfield,https://twitter.com/i/web/status/1289388897009430528,RT @healthgovau: Discussions and concerns about COVID-19 can be stressful and can impact our mental health and wellbeing. If you are feelin…,,
wellbeing,2020-08-01 12:32:02,healthgovau,https://twitter.com/healthgovau,https://twitter.com/i/web/status/1289388391017013253,"Discussions and concerns about COVID-19 can be stressful and can impact our mental health and wellbeing. If you are feeling overwhelmed by the ongoing news and changing restrictions, we have resources available to help you. Visit: https://t.co/I5mXqpSHjS https://t.co/LUp2JWl3VE",,
wellbeing,2020-08-01 17:30:47,palliAGED,https://twitter.com/palliAGED,https://twitter.com/i/web/status/1289463570929815552,RT @healthgovau: Discussions and concerns about COVID-19 can be stressful and can impact our mental health and wellbeing. If you are feelin…,,
wellbeing,2020-08-01 17:18:56,MJA_Editor,https://twitter.com/MJA_Editor,https://twitter.com/i/web/status/1289460590641991681,RT @healthgovau: Discussions and concerns about COVID-19 can be stressful and can impact our mental health and wellbeing. If you are feelin…,,
wellbeing,2020-08-01 16:45:06,RJ_Howes,https://twitter.com/RJ_Howes,https://twitter.com/i/web/status/1289452074795560960,RT @healthgovau: Discussions and concerns about COVID-19 can be stressful and can impact our mental health and wellbeing. If you are feelin…,,
wellbeing,2020-07-30 01:39:52,sreeura,https://twitter.com/sreeura,https://twitter.com/i/web/status/1288499489808891904,RT @ruthryan: National Mental Health and Wellbeing Pandemic Response Plan: meet the mental health and wellbeing needs of all Australians to…,,
wellbeing,2020-08-02 12:27:53,YallopDiana,https://twitter.com/YallopDiana,https://twitter.com/i/web/status/1289749735151042560,@Sian_NP @tuppsmiles @PatMcGorry @Psych4Men @lizoluwi @GregFranklin19 @wendywhoru @BenMullingsPhD @JulianBurnside @IndigoDaya @TcameronTodd @RhondaWilsonMHN @ReawakenA @AccessAbleMH @ProffMac @KathleenTori @ACMHN @GregHuntMP 2/3 and your life matters and you r not alone is as crucial suicide prevention strategy as helplines/improved mental health service.The AIFS latest study The Age 30/7 reinforces adverse mental health impact on having no one enquire after yr wellbeing,,
please,2020-08-04 09:02:54,berniesr,https://twitter.com/berniesr,https://twitter.com/i/web/status/1290422924285865985,RT @LornaMoxham: Victorian’s need our help. Please Give mental health nurses access to MBS so our brothers &amp; sisters in VIC can get as much…,,
please,2020-08-04 17:35:30,FostKim,https://twitter.com/FostKim,https://twitter.com/i/web/status/1290551922437419008,RT @LornaMoxham: Victorian’s need our help. Please Give mental health nurses access to MBS so our brothers &amp; sisters in VIC can get as much…,,
please,2020-08-03 14:35:52,drpete00,https://twitter.com/drpete00,https://twitter.com/i/web/status/1290144328522727425,"If you need extra mental health support at the moment, please see your GP &amp; talk about it.  Extra help available &amp; government funding for psychology visits.  Look out for each other and reach out if needed.  #SpringSt #AusPol #MentalHealth @GregHuntMP  https://t.co/YuNOugwUGJ",AusPol,SpringSt
please,2020-07-31 11:04:10,robcookienator,https://twitter.com/robcookienator,https://twitter.com/i/web/status/1289003890319306753,"@theage @ScottMorrisonMP @DanielAndrewsMP So language is very important to this situation, media should not be sensationalising this. For the mental health of every person, please choose your words carefully.",,
respond,2020-07-30 08:31:29,AlisonVerhoeven,https://twitter.com/AlisonVerhoeven,https://twitter.com/i/web/status/1288603079785328640,RT @ian_hickie: Responding to the COVID19 mental health impacts: Employment and education support are critical ⁦@GregHuntMP⁩ ⁦@BrainMind_Us…,,
respond,2020-07-30 07:55:10,amcl2004,https://twitter.com/amcl2004,https://twitter.com/i/web/status/1288593940182994944,RT @ian_hickie: Responding to the COVID19 mental health impacts: Employment and education support are critical ⁦@GregHuntMP⁩ ⁦@BrainMind_Us…,,
respond,2020-07-30 07:43:04,ian_hickie,https://twitter.com/ian_hickie,https://twitter.com/i/web/status/1288590891825815552,Responding to the COVID19 mental health impacts: Employment and education support are critical ⁦@GregHuntMP⁩ ⁦@BrainMind_Usyd⁩ ⁦@Sydney_Uni⁩ ⁦@SabraLane⁩ ⁦@PatMcGorry⁩ ⁦@PatsKarvelas⁩ ⁦⁦⁦@CSART_world⁩  https://t.co/BU9fsfIoVs,,
respond,2020-07-30 11:36:56,AusHealthcare,https://twitter.com/AusHealthcare,https://twitter.com/i/web/status/1288649749931778048,RT @ian_hickie: Responding to the COVID19 mental health impacts: Employment and education support are critical ⁦@GregHuntMP⁩ ⁦@BrainMind_Us…,,
respond,2020-07-30 07:50:42,RichJWeston,https://twitter.com/RichJWeston,https://twitter.com/i/web/status/1288592815149084672,RT @ian_hickie: Responding to the COVID19 mental health impacts: Employment and education support are critical ⁦@GregHuntMP⁩ ⁦@BrainMind_Us…,,
respond,2020-07-30 18:42:04,BrainMind_Usyd,https://twitter.com/BrainMind_Usyd,https://twitter.com/i/web/status/1288756737957273600,RT @ian_hickie: Responding to the COVID19 mental health impacts: Employment and education support are critical ⁦@GregHuntMP⁩ ⁦@BrainMind_Us…,,
respond,2020-07-30 07:43:17,PatsKarvelas,https://twitter.com/PatsKarvelas,https://twitter.com/i/web/status/1288590948801245184,RT @ian_hickie: Responding to the COVID19 mental health impacts: Employment and education support are critical ⁦@GregHuntMP⁩ ⁦@BrainMind_Us…,,
enough,2020-08-02 15:51:19,BinsQuan,https://twitter.com/BinsQuan,https://twitter.com/i/web/status/1289800930347515904,Now is the time to give EVERY Australian 40 subsidised Medicare sessions on the mental health care plan. 10 has never been enough. @GregHuntMP #COVID19Aus #COVID19Vic #MentalHealthMatters #Mentalhealth,COVID19Aus,MentalHealthMatters
enough,2020-08-04 11:25:10,johno0910,https://twitter.com/johno0910,https://twitter.com/i/web/status/1290458727536103425,A few + sessions of 1-2-1 psychology are not going to be enough ⁦@GregHuntMP⁩. Need a serious mental health pandemic plan. Look to Taiwan. They have that &amp; started deploying in January. ⁦@Bowenchris⁩ ⁦@normanswan⁩ ⁦@PatsKarvelas⁩  https://t.co/sTVz2ILohd,,
tough,2020-07-28 18:46:16,alan_woodward1,https://twitter.com/alan_woodward1,https://twitter.com/i/web/status/1288033017299009536,RT @healthgovau: The impacts of coronavirus are tough and can impact our mental health. We need to make sure we look after ourselves and se…,,
tough,2020-07-28 06:12:23,RaziaShaik1,https://twitter.com/RaziaShaik1,https://twitter.com/i/web/status/1287843295373086720,RT @healthgovau: The impacts of coronavirus are tough and can impact our mental health. We need to make sure we look after ourselves and se…,,
tough,2020-07-28 16:35:56,RDANSW,https://twitter.com/RDANSW,https://twitter.com/i/web/status/1288000215937474565,RT @healthgovau: The impacts of coronavirus are tough and can impact our mental health. We need to make sure we look after ourselves and se…,,
tough,2020-07-28 11:54:30,BarbyWT,https://twitter.com/BarbyWT,https://twitter.com/i/web/status/1287929392971145217,RT @healthgovau: The impacts of coronavirus are tough and can impact our mental health. We need to make sure we look after ourselves and se…,,
tough,2020-07-28 08:18:27,PhilGould15,https://twitter.com/PhilGould15,https://twitter.com/i/web/status/1287875023412162560,RT @healthgovau: The impacts of coronavirus are tough and can impact our mental health. We need to make sure we look after ourselves and se…,,
tough,2020-08-03 07:12:06,NoyAvril,https://twitter.com/NoyAvril,https://twitter.com/i/web/status/1290032649847705602,RT @healthgovau: The impacts of coronavirus are tough and can impact our mental health. We need to make sure we look after ourselves and se…,,
tough,2020-07-29 20:38:02,maureencdavid,https://twitter.com/maureencdavid,https://twitter.com/i/web/status/1288423534180487171,RT @healthgovau: The impacts of coronavirus are tough and can impact our mental health. We need to make sure we look after ourselves and se…,,
tough,2020-08-03 05:43:09,ShaneNapier8483,https://twitter.com/ShaneNapier8483,https://twitter.com/i/web/status/1290010265216356360,RT @healthgovau: The impacts of coronavirus are tough and can impact our mental health. We need to make sure we look after ourselves and se…,,
tough,2020-07-29 23:25:05,KateJoveski,https://twitter.com/KateJoveski,https://twitter.com/i/web/status/1288465573395890176,RT @healthgovau: The impacts of coronavirus are tough and can impact our mental health. We need to make sure we look after ourselves and se…,,
tough,2020-07-29 16:06:35,Bearwildered,https://twitter.com/Bearwildered,https://twitter.com/i/web/status/1288355217788960768,RT @healthgovau: The impacts of coronavirus are tough and can impact our mental health. We need to make sure we look after ourselves and se…,,
support,2020-07-28 20:36:20,PHLinSydney,https://twitter.com/PHLinSydney,https://twitter.com/i/web/status/1288060716608450561,RT @healthgovau: It’s understandable to feel overwhelmed in uncertain times. If you need some extra mental health information and support d…,,
support,2020-07-28 20:11:27,EvergreenPsych,https://twitter.com/EvergreenPsych,https://twitter.com/i/web/status/1288054455481430016,RT @healthgovau: It’s understandable to feel overwhelmed in uncertain times. If you need some extra mental health information and support d…,,
support,2020-07-28 19:30:12,healthgovau,https://twitter.com/healthgovau,https://twitter.com/i/web/status/1288044071907479552,"It’s understandable to feel overwhelmed in uncertain times. If you need some extra mental health information and support during this time, visit: https://t.co/I5mXqpB6sk https://t.co/cUYfAr65tq",,
support,2020-07-28 19:32:21,MontanePS,https://twitter.com/MontanePS,https://twitter.com/i/web/status/1288044615019290625,RT @healthgovau: It’s understandable to feel overwhelmed in uncertain times. If you need some extra mental health information and support d…,,
support,2020-07-29 15:03:02,Michael01855670,https://twitter.com/Michael01855670,https://twitter.com/i/web/status/1288339226992484352,RT @healthgovau: It’s understandable to feel overwhelmed in uncertain times. If you need some extra mental health information and support d…,,
support,2020-07-29 19:10:56,deptcommunities,https://twitter.com/deptcommunities,https://twitter.com/i/web/status/1288401611543347201,RT @healthgovau: It’s understandable to feel overwhelmed in uncertain times. If you need some extra mental health information and support d…,,
support,2020-07-29 19:01:02,fincapau,https://twitter.com/fincapau,https://twitter.com/i/web/status/1288399119422124033,RT @healthgovau: It’s understandable to feel overwhelmed in uncertain times. If you need some extra mental health information and support d…,,
support,2020-07-29 09:21:49,ausgov,https://twitter.com/ausgov,https://twitter.com/i/web/status/1288253356729761792,RT @healthgovau: It’s understandable to feel overwhelmed in uncertain times. If you need some extra mental health information and support d…,,
support,2020-07-31 12:27:44,ausgov,https://twitter.com/ausgov,https://twitter.com/i/web/status/1289024919892762624,"RT @healthgovau: The changing environment can have an impact on your mental health, so it’s important to access support when you need it. F…",,
support,2020-07-29 16:22:29,beyondblue,https://twitter.com/beyondblue,https://twitter.com/i/web/status/1288359222539718657,"For children, this current period of uncertainty can be overwhelming and confusing, with the potential to trigger anxiety. It's important that parents are aware of what signs to look for and how they can support their children. Head to https://t.co/dlYc1kMgUo for more.",,
critical,2020-07-30 08:31:29,AlisonVerhoeven,https://twitter.com/AlisonVerhoeven,https://twitter.com/i/web/status/1288603079785328640,RT @ian_hickie: Responding to the COVID19 mental health impacts: Employment and education support are critical ⁦@GregHuntMP⁩ ⁦@BrainMind_Us…,,
critical,2020-07-30 07:55:10,amcl2004,https://twitter.com/amcl2004,https://twitter.com/i/web/status/1288593940182994944,RT @ian_hickie: Responding to the COVID19 mental health impacts: Employment and education support are critical ⁦@GregHuntMP⁩ ⁦@BrainMind_Us…,,
critical,2020-07-29 10:21:31,ian_hickie,https://twitter.com/ian_hickie,https://twitter.com/i/web/status/1288268382790283265,@ozprodcom So important to ongoing mental health of young people in the face of COVID19 disruptions; employment and education support to foster true participation is critical! @Sydney_Uni @BrainMind_Usyd @CSART_world @PatMcGorry @GregHuntMP @CMorgan265 @Bowenchris @SabraLane @PatsKarvelas,,
critical,2020-07-30 07:43:04,ian_hickie,https://twitter.com/ian_hickie,https://twitter.com/i/web/status/1288590891825815552,Responding to the COVID19 mental health impacts: Employment and education support are critical ⁦@GregHuntMP⁩ ⁦@BrainMind_Usyd⁩ ⁦@Sydney_Uni⁩ ⁦@SabraLane⁩ ⁦@PatMcGorry⁩ ⁦@PatsKarvelas⁩ ⁦⁦⁦@CSART_world⁩  https://t.co/BU9fsfIoVs,,
critical,2020-07-30 11:36:56,AusHealthcare,https://twitter.com/AusHealthcare,https://twitter.com/i/web/status/1288649749931778048,RT @ian_hickie: Responding to the COVID19 mental health impacts: Employment and education support are critical ⁦@GregHuntMP⁩ ⁦@BrainMind_Us…,,
critical,2020-07-30 07:50:42,RichJWeston,https://twitter.com/RichJWeston,https://twitter.com/i/web/status/1288592815149084672,RT @ian_hickie: Responding to the COVID19 mental health impacts: Employment and education support are critical ⁦@GregHuntMP⁩ ⁦@BrainMind_Us…,,
critical,2020-07-30 18:42:04,BrainMind_Usyd,https://twitter.com/BrainMind_Usyd,https://twitter.com/i/web/status/1288756737957273600,RT @ian_hickie: Responding to the COVID19 mental health impacts: Employment and education support are critical ⁦@GregHuntMP⁩ ⁦@BrainMind_Us…,,
critical,2020-07-30 07:43:17,PatsKarvelas,https://twitter.com/PatsKarvelas,https://twitter.com/i/web/status/1288590948801245184,RT @ian_hickie: Responding to the COVID19 mental health impacts: Employment and education support are critical ⁦@GregHuntMP⁩ ⁦@BrainMind_Us…,,
institute,2020-07-29 10:04:55,YallopDiana,https://twitter.com/YallopDiana,https://twitter.com/i/web/status/1288264203099234304,"@AgedMatters @nearlynana @JulieCollinsMP @gedkearney @rC @healthgovau 2/3Millions of Govt dollars are wasted  in all sorts of service enquiries eg Mental Health.Look at millions spent on suicide prevention, &amp;research institutes like Orygen/Black Dog.Mind&amp;Brain Institute  but suicide rate still so high.$2 mill on that study",,
colleague,2020-08-04 15:22:58,AmandaLNeil,https://twitter.com/AmandaLNeil,https://twitter.com/i/web/status/1290518570514882560,"RT @RANZCP: Learn to recognize signs of stress, depression, and burnout in yourself. Reach out to colleagues for assistance and support. Sh…",,
colleague,2020-08-03 17:32:18,psychwrite,https://twitter.com/psychwrite,https://twitter.com/i/web/status/1290188730649591808,"@realhuntermmm It’s also a huge chunk of time out of your day. Many patients, colleagues, friends, family have noticeably less anxiety when not watching them and catching only summaries!",,
#covid19,2020-08-04 16:40:12,RuralDoctorsAus,https://twitter.com/RuralDoctorsAus,https://twitter.com/i/web/status/1290538006953123840,Rural Aussies - don’t sit on your hands! Keep an eye on your mental health as #COVID19 continues. Also crucial that rural health professionals who are feeling overwhelmed seek help. More: https://t.co/qqxpKMBLJa @healthgovau @LifelineAust @beyondblue @VicGovDHHS @NSWHealth @ACRRM https://t.co/bNP7VtoVzC,COVID19,COVID19
#covid19,2020-08-02 15:51:19,BinsQuan,https://twitter.com/BinsQuan,https://twitter.com/i/web/status/1289800930347515904,Now is the time to give EVERY Australian 40 subsidised Medicare sessions on the mental health care plan. 10 has never been enough. @GregHuntMP #COVID19Aus #COVID19Vic #MentalHealthMatters #Mentalhealth,COVID19Aus,MentalHealthMatters
#covid19,2020-08-04 17:15:41,robphair,https://twitter.com/robphair,https://twitter.com/i/web/status/1290546938366967811,RT @RuralDoctorsAus: Rural Aussies - don’t sit on your hands! Keep an eye on your mental health as #COVID19 continues. Also crucial that ru…,COVID19,COVID19
#covid19,2020-08-02 21:50:19,DrRimmer,https://twitter.com/DrRimmer,https://twitter.com/i/web/status/1289891274925854722,RT @DrRimmer: @TimRRead @GregHuntMP @theage Ireland's #COVID19 education recovery package included funding for mental health support for st…,COVID19,COVID19
#covid19,2020-08-03 12:40:10,DrRimmer,https://twitter.com/DrRimmer,https://twitter.com/i/web/status/1290115213362991104,'We think we need more mental health support because this is a deeply stressful time.' @GregHuntMP on #COVID19 and mental health https://t.co/S8Ov1xL0U8 https://t.co/d3b8h5KHQi Says that @ScottMorrisonMP has expanded the Better Access psychological program under Medicare.,COVID19,COVID19
#covid19,2020-08-03 13:33:44,DrRimmer,https://twitter.com/DrRimmer,https://twitter.com/i/web/status/1290128692845268992,RT @DrRimmer: 'We think we need more mental health support because this is a deeply stressful time.' @GregHuntMP on #COVID19 and mental hea…,COVID19,COVID19
#covid19,2020-08-04 13:29:43,psychwrite,https://twitter.com/psychwrite,https://twitter.com/i/web/status/1290490069443153922,Anxiety and depression in #COVID19 survivors: role of role of inflammatory and clinical predictors. #Mentalhealth #Psychiatry  https://t.co/HhIjDft71p,COVID19,Psychiatry
#covid19,2020-08-02 21:58:41,mangotree_books,https://twitter.com/mangotree_books,https://twitter.com/i/web/status/1289893380990722056,RT @DrRimmer: @TimRRead @GregHuntMP @theage Ireland's #COVID19 education recovery package included funding for mental health support for st…,COVID19,COVID19
#covid19,2020-08-01 14:08:48,Dpeters1977,https://twitter.com/Dpeters1977,https://twitter.com/i/web/status/1289412740944027650,"RT @IDEASAU: Self help booklets for people with intellectual #disability re #COVID19 - incls info on #anxiety #sleep , feeling down, being…",anxiety,sleep
australian,2020-07-30 01:39:52,sreeura,https://twitter.com/sreeura,https://twitter.com/i/web/status/1288499489808891904,RT @ruthryan: National Mental Health and Wellbeing Pandemic Response Plan: meet the mental health and wellbeing needs of all Australians to…,,
australian,2020-08-03 07:53:41,dana_advocacy,https://twitter.com/dana_advocacy,https://twitter.com/i/web/status/1290043118067228673,RT @IDEASAU: The Australian Government will provide 10 additional Medicare subsidised psychological therapy sessions for people subjected t…,,
australian,2020-08-02 15:51:19,BinsQuan,https://twitter.com/BinsQuan,https://twitter.com/i/web/status/1289800930347515904,Now is the time to give EVERY Australian 40 subsidised Medicare sessions on the mental health care plan. 10 has never been enough. @GregHuntMP #COVID19Aus #COVID19Vic #MentalHealthMatters #Mentalhealth,COVID19Aus,MentalHealthMatters
australian,2020-08-03 16:58:46,AlexESampson,https://twitter.com/AlexESampson,https://twitter.com/i/web/status/1290180292972437507,RT @HealthDailyAU: DAILY BRIEFS: @GregHuntMP announces mental health care boost for restricted Australians; @AusBorderForce warns against i…,,
australian,2020-08-03 08:21:06,WWDA_AU,https://twitter.com/WWDA_AU,https://twitter.com/i/web/status/1290050015755251712,RT @IDEASAU: The Australian Government will provide 10 additional Medicare subsidised psychological therapy sessions for people subjected t…,,
australian,2020-08-03 08:26:10,WWDA_Youth,https://twitter.com/WWDA_Youth,https://twitter.com/i/web/status/1290051290647543811,RT @IDEASAU: The Australian Government will provide 10 additional Medicare subsidised psychological therapy sessions for people subjected t…,,
australian,2020-08-03 00:48:02,CydaAu,https://twitter.com/CydaAu,https://twitter.com/i/web/status/1289935999946985472,RT @IDEASAU: The Australian Government will provide 10 additional Medicare subsidised psychological therapy sessions for people subjected t…,,
australian,2020-08-03 08:03:37,Dpeters1977,https://twitter.com/Dpeters1977,https://twitter.com/i/web/status/1290045618228846592,RT @IDEASAU: The Australian Government will provide 10 additional Medicare subsidised psychological therapy sessions for people subjected t…,,
australian,2020-08-04 16:47:28,PsychiaAdelaide,https://twitter.com/PsychiaAdelaide,https://twitter.com/i/web/status/1290539834386157568,57.8% of Older Australians in residential aged care had at least one mental health disorder. @ROSA_Project @sahmriAU #agedcare @healthgovau #Depression #Mentalhealth #Healthyageing #Psychosis  https://t.co/g0uL6NjV2M,agedcare,Psychosis
